date,platform,age_group,region,device,campaign_type,hour,impressions,month,click_rate,clicks,cpc,cost,conversion_rate,conversions,day,fatigue_factor,ctr,conversion_rate_actual,cpc_actual,cost_per_conversion
2025-01-01,Google,36-50,North India,Desktop,Text,8,79015,1,0.0199191824075955,1573,0.9,1415.7,0.0935518821660726,147,0,1.0,0.019907612478643297,0.09345200254291164,0.9,9.630612244897959
2025-01-02,Instagram,36-50,West India,Desktop,Video,7,90463,1,0.0427041160515666,3863,1.3,5021.900000000001,0.1405058894382506,541,1,0.99996,0.04270254137050507,0.14004659590991458,1.3,9.282624768946397
2025-01-03,Instagram,36-50,South India,Desktop,Image,9,34292,1,0.0411219599467087,1410,1.3,1833.0,0.1908216841939059,268,2,0.99992,0.04111746179867024,0.1900709219858156,1.3,6.83955223880597
2025-01-04,Instagram,26-35,North India,Mobile,Image,8,20491,1,0.0369832029967861,757,1.3,984.1,0.1547565432286676,116,3,0.99988,0.03694304816748817,0.15323645970937913,1.3,8.483620689655172
2025-01-05,Google,36-50,North India,Mobile,Video,7,58294,1,0.0769801259680848,4487,0.9,4038.3,0.1493055454991448,668,4,0.99984,0.07697190105328164,0.1488745264096278,0.9,6.045359281437126
2025-01-06,Google,18-25,North India,Mobile,Text,6,67629,1,0.0327447591947374,2214,0.9,1992.6,0.0852633533949702,187,5,0.9998,0.032737435123985276,0.08446251129177959,0.8999999999999999,10.65561497326203
2025-01-07,Google,36-50,South India,Mobile,Text,21,97544,1,0.0269230802284902,2626,0.9,2363.4,0.1328353174232453,347,6,0.99976,0.026921184286065776,0.13214013709063213,0.9,6.810951008645533
2025-01-08,Instagram,18-25,South India,Mobile,Text,23,66640,1,0.0568289138697735,3787,1.3,4923.1,0.0456095109840769,171,7,0.99972,0.056827731092436974,0.045154475838394506,1.3,28.790058479532167
2025-01-09,Instagram,36-50,West India,Mobile,Image,5,19123,1,0.0726338469945777,1388,1.3,1804.4,0.1722451475326284,238,8,0.99968,0.07258275375202636,0.17146974063400577,1.3,7.581512605042017
2025-01-10,Instagram,36-50,North India,Mobile,Image,1,93472,1,0.0621058639024864,5805,1.3,7546.5,0.1108280729154236,642,9,0.99964,0.062104159534406025,0.11059431524547804,1.3,11.754672897196262
2025-01-11,Google,18-25,South India,Desktop,Image,8,65618,1,0.0395538651137988,2595,0.9,2335.5,0.1214297299482659,314,10,0.9996,0.03954707549757688,0.1210019267822736,0.9,7.437898089171974
2025-01-12,Instagram,36-50,North India,Mobile,Image,8,84596,1,0.0951659849835074,8050,1.3,10465.0,0.0766810319307166,616,11,0.99956,0.09515816350654878,0.07652173913043478,1.3,16.988636363636363
2025-01-13,Instagram,36-50,North India,Desktop,Image,18,25288,1,0.1027818873532848,2599,1.3,3378.7000000000003,0.0384508028042886,98,12,0.99952,0.10277602024675736,0.03770681031165833,1.3,34.4765306122449
2025-01-14,Google,36-50,West India,Mobile,Text,8,90947,1,0.0250027572530699,2273,0.9,2045.7,0.041287939898684,92,13,0.99948,0.024992578094934412,0.040475142982842056,0.9,22.235869565217392
2025-01-15,Google,26-35,South India,Desktop,Video,1,46091,1,0.0476437576979801,2195,0.9,1975.5,0.101403963035327,221,14,0.99944,0.047623180230413745,0.10068337129840546,0.9,8.938914027149321
2025-01-16,Google,18-25,South India,Mobile,Text,18,79872,1,0.0498136085028341,3978,0.9,3580.2000000000003,0.1082884052645227,429,15,0.9994,0.0498046875,0.10784313725490197,0.9,8.345454545454546
2025-01-17,Google,36-50,North India,Desktop,Text,15,60216,1,0.0596717801587124,3593,0.9,3233.7000000000003,0.0417487548216129,149,16,0.99936,0.05966852663743855,0.04146952407458948,0.9,21.702684563758392
2025-01-18,Google,18-25,North India,Mobile,Image,21,78162,1,0.0824265637526698,6442,0.9,5797.8,0.1672829171888867,1076,17,0.99932,0.08241856656687394,0.167028873020801,0.9,5.388289962825279
2025-01-19,Google,18-25,West India,Mobile,Video,13,59785,1,0.0439728436662672,2628,0.9,2365.2000000000003,0.1170414115303797,306,18,0.99928,0.04395751442669566,0.11643835616438356,0.9000000000000001,7.729411764705883
2025-01-20,Google,18-25,West India,Desktop,Video,19,51997,1,0.075216159549964,3911,0.9,3519.9,0.101141335680279,394,19,0.99924,0.0752158778391061,0.10074149833802097,0.9,8.933756345177665
2025-01-21,Instagram,36-50,West India,Mobile,Text,23,70037,1,0.0693617292193513,4857,1.3,6314.1,0.0964983811064254,467,20,0.9992,0.06934905835486957,0.09614988676137533,1.3,13.520556745182013
2025-01-22,Google,36-50,West India,Mobile,Video,0,51693,1,0.0653747721035305,3379,0.9,3041.1,0.0589177474640603,198,21,0.99916,0.06536668407714778,0.05859721811186742,0.9,15.35909090909091
2025-01-23,Google,18-25,West India,Desktop,Text,12,83386,1,0.0375226435812313,3128,0.9,2815.2000000000003,0.1352036301552619,421,22,0.99912,0.037512292231309814,0.13459079283887468,0.9000000000000001,6.686935866983373
2025-01-24,Google,26-35,West India,Desktop,Text,21,36712,1,0.0449984778077296,1651,0.9,1485.9,0.0887729790901502,145,23,0.99908,0.044971671388101986,0.08782556026650515,0.9,10.247586206896552
2025-01-25,Google,18-25,North India,Mobile,Text,1,87214,1,0.0313573588979938,2734,0.9,2460.6,0.0524608182628373,142,24,0.99904,0.03134817804480932,0.05193855157278712,0.9,17.328169014084505
2025-01-26,Instagram,26-35,West India,Mobile,Text,21,16905,1,0.0688389422677346,1163,1.3,1511.9,0.0532463971045395,60,25,0.999,0.06879621413782905,0.051590713671539126,1.3,25.198333333333334
2025-01-27,Google,18-25,North India,Mobile,Image,13,2591,1,0.0266595173284046,69,0.9,62.1,0.086006929047254,4,26,0.99896,0.026630644538788113,0.057971014492753624,0.9,15.525
2025-01-28,Google,18-25,North India,Mobile,Video,0,61159,1,0.0559117448450207,3419,0.9,3077.1,0.1371087050042505,467,27,0.99892,0.05590346473944963,0.13658964609534952,0.9,6.5890792291220555
2025-01-29,Instagram,18-25,South India,Desktop,Image,14,14522,1,0.0623923639436859,906,1.3,1177.8,0.1082035021226175,97,28,0.99888,0.06238810081256025,0.10706401766004416,1.3,12.142268041237113
2025-01-30,Google,36-50,North India,Mobile,Image,17,82689,1,0.0618671925173153,5115,0.9,4603.5,0.1173740460086071,599,29,0.99884,0.061858288285019776,0.11710654936461388,0.9,7.685308848080133
2025-01-31,Instagram,26-35,North India,Mobile,Image,8,4572,1,0.0846750859890336,387,1.3,503.1,0.1318285400717994,50,30,0.9988,0.08464566929133858,0.12919896640826872,1.3,10.062000000000001
2025-02-01,Google,26-35,West India,Desktop,Text,21,62680,2,0.061905870472578,3880,0.9,3492.0,0.123070162718494,476,31,0.99876,0.06190172303765156,0.12268041237113401,0.9,7.336134453781512
2025-02-02,Google,18-25,North India,Mobile,Text,7,59537,2,0.0632358138628816,3764,0.9,3387.6,0.0776280260121314,291,32,0.99872,0.06322119018425516,0.07731137088204039,0.9,11.641237113402061
2025-02-03,Instagram,36-50,West India,Mobile,Image,6,34061,2,0.0784147337363696,2670,1.3,3471.0,0.1403804636179935,373,33,0.99868,0.07838877308358533,0.1397003745318352,1.3,9.305630026809652
2025-02-04,Instagram,36-50,West India,Mobile,Image,8,92033,2,0.0535863519428585,4931,1.3,6410.3,0.059810609449224,293,34,0.99864,0.05357860767333456,0.05941999594402758,1.3,21.87815699658703
2025-02-05,Instagram,26-35,West India,Mobile,Video,8,88778,2,0.059159708752515,5252,1.3,6827.6,0.1342001616476229,703,35,0.9986,0.059158800603753184,0.13385376999238385,1.3,9.712091038406829
2025-02-06,Google,36-50,South India,Mobile,Image,10,67874,2,0.072548806868808,4924,0.9,4431.6,0.0551672663964351,270,36,0.99856,0.0725461885257978,0.054833468724614136,0.9,16.413333333333334
2025-02-07,Google,26-35,West India,Mobile,Text,3,61542,2,0.0537844661549708,3310,0.9,2979.0,0.0630485700052554,207,37,0.99852,0.053784407396574696,0.06253776435045318,0.9,14.391304347826088
2025-02-08,Instagram,26-35,North India,Mobile,Image,6,62907,2,0.0912107021111488,5737,1.3,7458.1,0.1155638297034797,660,38,0.99848,0.09119811785651835,0.11504270524664459,1.3,11.300151515151516
2025-02-09,Google,26-35,West India,Mobile,Video,20,17151,2,0.0844516422765545,1448,0.9,1303.2,0.1723906751710426,248,39,0.99844,0.08442656404874352,0.1712707182320442,0.9,5.254838709677419
2025-02-10,Google,36-50,West India,Mobile,Video,6,93526,2,0.0718332036248583,6718,0.9,6046.2,0.0640119730493439,429,40,0.9984,0.07183029318050596,0.06385829115808277,0.9,14.093706293706294
2025-02-11,Google,26-35,West India,Mobile,Image,3,81916,2,0.0510963836520185,4185,0.9,3766.5,0.0689897785436807,287,41,0.99836,0.05108892035743933,0.06857825567502987,0.9,13.123693379790941
2025-02-12,Google,26-35,South India,Mobile,Video,11,97571,2,0.051751814670163,5049,0.9,4544.1,0.2361027900449712,1189,42,0.99832,0.05174693300263398,0.23549217666864725,0.9,3.821783010933558
2025-02-13,Instagram,18-25,North India,Mobile,Video,16,46813,2,0.0944646961086689,4422,1.3,5748.6,0.0994901598925906,438,43,0.99828,0.09446094033708585,0.09905020352781546,1.3,13.124657534246577
2025-02-14,Google,26-35,South India,Mobile,Text,19,53627,2,0.0796940387291409,4273,0.9,3845.7,0.0745809364089366,317,44,0.99824,0.07968001193428684,0.07418675403697636,0.8999999999999999,12.13154574132492
2025-02-15,Instagram,26-35,North India,Mobile,Video,2,27117,2,0.092071222220872,2496,1.3,3244.8,0.0592070318053656,146,45,0.9982,0.09204558026330346,0.058493589743589744,1.3,22.224657534246578
2025-02-16,Google,18-25,South India,Mobile,Video,8,69034,2,0.0552455361763968,3813,0.9,3431.7000000000003,0.1812069430341706,688,46,0.99816,0.05523365298258829,0.1804353527406242,0.9,4.987936046511629
2025-02-17,Google,18-25,North India,Mobile,Image,4,26483,2,0.0559468306418208,1481,0.9,1332.9,0.105597700128051,155,47,0.99812,0.05592266737152135,0.10465901417960838,0.9,8.599354838709678
2025-02-18,Google,36-50,South India,Desktop,Text,19,72264,2,0.0411972126096627,2977,0.9,2679.3,0.0580234099105447,171,48,0.99808,0.04119616960035426,0.057440376217668794,0.9,15.66842105263158
2025-02-19,Google,26-35,West India,Mobile,Video,15,57469,2,0.068250476107093,3922,0.9,3529.8,0.1543269032438604,603,49,0.99804,0.06824548887226156,0.15374808771035187,0.9,5.853731343283583
2025-02-20,Instagram,36-50,South India,Desktop,Image,7,19877,2,0.0699176534629926,1389,1.3,1805.7,0.1249670950336048,172,50,0.998,0.06987976052724254,0.1238300935925126,1.3,10.498255813953488
2025-02-21,Instagram,36-50,South India,Desktop,Image,20,63396,2,0.0981578641909615,6222,1.3,8088.6,0.1310015759021469,813,51,0.99796,0.09814499337497634,0.13066538090646093,1.3,9.949077490774908
2025-02-22,Instagram,18-25,West India,Mobile,Image,15,93239,2,0.0923052618500299,8606,1.3,11187.8,0.1792796727797648,1538,52,0.99792,0.09230043222256781,0.17871252614455033,1.2999999999999998,7.274252275682704
2025-02-23,Instagram,36-50,West India,Mobile,Image,18,4088,2,0.0507303761626419,207,1.3,269.1,0.0440057819118516,8,53,0.99788,0.05063600782778865,0.03864734299516908,1.3,33.6375
2025-02-24,Instagram,26-35,North India,Desktop,Image,15,24179,2,0.0854865927732105,2066,1.3,2685.8,0.1596912974058685,328,54,0.99784,0.08544604822366517,0.15876089060987417,1.3,8.188414634146342
2025-02-25,Instagram,18-25,North India,Mobile,Image,17,48954,2,0.0855986453531926,4190,1.3,5447.0,0.1499714712904464,626,55,0.9978,0.0855905543980063,0.14940334128878283,1.3,8.701277955271566
2025-02-26,Google,26-35,North India,Desktop,Video,14,23011,2,0.0264195341655879,607,0.9,546.3000000000001,0.1118887148157611,66,56,0.99776,0.026378688453348398,0.10873146622734761,0.9000000000000001,8.27727272727273
2025-02-27,Google,26-35,South India,Mobile,Text,23,13839,2,0.0555618785284861,768,0.9,691.2,0.1527158776912617,116,57,0.99772,0.05549533925861695,0.15104166666666666,0.9,5.958620689655173
2025-02-28,Google,18-25,North India,Mobile,Text,17,53903,2,0.0321370709010727,1732,0.9,1558.8,0.1056198484502505,181,58,0.99768,0.03213179229356437,0.10450346420323325,0.9,8.612154696132597
2025-03-01,Google,26-35,South India,Mobile,Image,13,64561,3,0.0526451053887072,3398,0.9,3058.2000000000003,0.199056655129185,674,59,0.99764,0.052632394169854865,0.1983519717480871,0.9000000000000001,4.537388724035608
2025-03-02,Google,18-25,South India,Mobile,Image,23,24625,3,0.0651893873215948,1605,0.9,1444.5,0.1491474114553769,238,60,0.9976,0.06517766497461928,0.14828660436137073,0.9,6.069327731092437
2025-03-03,Google,26-35,North India,Mobile,Text,15,19481,3,0.0584076337764278,1137,0.9,1023.3,0.0624092386555365,69,61,0.99756,0.058364560340844925,0.06068601583113457,0.8999999999999999,14.830434782608695
2025-03-04,Instagram,18-25,North India,Mobile,Video,4,98289,3,0.1089227156033918,10705,1.3,13916.5,0.1513214261841293,1614,62,0.99752,0.10891351015881737,0.15077066791219057,1.3,8.622366790582404
2025-03-05,Google,36-50,South India,Desktop,Image,7,20558,3,0.0217661994916625,447,0.9,402.3,0.0787331447993652,34,63,0.99748,0.021743360249051463,0.07606263982102908,0.9,11.83235294117647
2025-03-06,Google,26-35,West India,Desktop,Text,15,83307,3,0.0336498463546444,2803,0.9,2522.7000000000003,0.0558343757342666,155,64,0.99744,0.03364663233581812,0.05529789511237959,0.9000000000000001,16.275483870967744
2025-03-07,Google,18-25,West India,Mobile,Text,20,32104,3,0.0331844509498774,1065,0.9,958.5,0.1230166152585143,130,65,0.9974,0.033173436331921255,0.12206572769953052,0.9,7.373076923076923
2025-03-08,Google,26-35,South India,Desktop,Image,0,99602,3,0.0294329093860642,2931,0.9,2637.9,0.208902538841128,610,66,0.99736,0.029427119937350657,0.20812009553053565,0.9,4.324426229508197
2025-03-09,Instagram,26-35,North India,Desktop,Text,10,54586,3,0.0632340501748509,3451,1.3,4486.3,0.1087124174943418,373,67,0.99732,0.06322133880482175,0.10808461315560706,1.3,12.027613941018767
2025-03-10,Google,26-35,South India,Desktop,Video,10,45420,3,0.0560667505375014,2546,0.9,2291.4,0.219847710032627,557,68,0.99728,0.056054601497137826,0.2187745483110762,0.9,4.113824057450628
2025-03-11,Instagram,18-25,South India,Mobile,Text,1,5061,3,0.0786624701165941,398,1.3,517.4,0.0653827846667031,25,69,0.99724,0.07864058486465125,0.06281407035175879,1.3,20.695999999999998
2025-03-12,Instagram,36-50,North India,Desktop,Image,21,34241,3,0.1038555883976964,3556,1.3,4622.8,0.1375109765734422,486,70,0.9972,0.10385210712303963,0.13667041619797526,1.3,9.5119341563786
2025-03-13,Google,36-50,West India,Mobile,Image,18,63055,3,0.0307372225948443,1938,0.9,1744.2,0.1568785306104566,303,71,0.99716,0.030735072555705338,0.1563467492260062,0.9,5.756435643564356
2025-03-14,Google,36-50,South India,Mobile,Text,23,82697,3,0.0637019131891227,5267,0.9,4740.3,0.0471320748088628,247,72,0.99712,0.063690339431902,0.04689576609075375,0.9,19.191497975708504
2025-03-15,Instagram,18-25,West India,Desktop,Text,4,71593,3,0.0441045623346486,3157,1.3,4104.1,0.0501188091010153,157,73,0.99708,0.04409648988029556,0.04973075704783022,1.3,26.140764331210192
2025-03-16,Instagram,36-50,West India,Mobile,Image,2,45173,3,0.1049818182135451,4742,1.3,6164.6,0.1643634556013658,776,74,0.99704,0.10497421025834015,0.16364403205398567,1.3,7.944072164948454
2025-03-17,Instagram,18-25,North India,Mobile,Video,22,6289,3,0.0912351193866884,573,1.3,744.9,0.127397625767899,71,75,0.997,0.09111146446175862,0.12390924956369982,1.3,10.491549295774648
2025-03-18,Instagram,26-35,South India,Desktop,Text,7,66180,3,0.0931652585050094,6165,1.3,8014.5,0.0995396086050096,611,76,0.99696,0.09315503173164098,0.09910786699107867,1.3,13.117021276595745
2025-03-19,Google,26-35,South India,Mobile,Video,3,3221,3,0.0625048489590516,201,0.9,180.9,0.2451727316657961,48,77,0.99692,0.062402980440856876,0.23880597014925373,0.9,3.7687500000000003
2025-03-20,Google,36-50,West India,Desktop,Video,12,64137,3,0.0478183429630007,3066,0.9,2759.4,0.2361152843405503,720,78,0.99688,0.047803919734318724,0.23483365949119372,0.9,3.8325
2025-03-21,Google,18-25,West India,Desktop,Image,21,43942,3,0.0431693139470316,1896,0.9,1706.4,0.161715218683469,305,79,0.99684,0.04314778571753675,0.1608649789029536,0.9,5.594754098360656
2025-03-22,Instagram,26-35,North India,Mobile,Image,13,22635,3,0.0393386603702454,890,1.3,1157.0,0.1577564691827749,139,80,0.9968,0.03931963772918047,0.15617977528089888,1.3,8.323741007194245
2025-03-23,Instagram,18-25,West India,Mobile,Image,0,53763,3,0.0631298108251902,3394,1.3,4412.2,0.0760814336263351,257,81,0.99676,0.06312891765712479,0.07572186210960519,1.3,17.168093385214007
2025-03-24,Google,18-25,North India,Desktop,Video,4,85562,3,0.0278586141294657,2383,0.9,2144.7000000000003,0.0839070986572102,198,82,0.99672,0.027851148874500364,0.08308854385228703,0.9000000000000001,10.831818181818184
2025-03-25,Google,26-35,South India,Mobile,Image,20,52072,3,0.0990329870927935,5156,0.9,4640.400000000001,0.2145276689091932,1102,83,0.99668,0.09901674604393916,0.21373157486423583,0.9000000000000001,4.210889292196008
2025-03-26,Google,18-25,North India,Desktop,Image,6,8075,3,0.0473058089925359,381,0.9,342.90000000000003,0.1434919185283073,53,84,0.99664,0.04718266253869969,0.13910761154855644,0.9000000000000001,6.469811320754718
2025-03-27,Google,26-35,West India,Desktop,Video,22,23378,3,0.0549724191015325,1285,0.9,1156.5,0.1797039706665905,229,85,0.9966,0.05496620754555565,0.17821011673151751,0.9,5.050218340611353
2025-03-28,Instagram,26-35,South India,Mobile,Video,5,36084,3,0.1052239035992498,3796,1.3,4934.8,0.1162562907550981,439,86,0.99656,0.10519898015741048,0.11564805057955743,1.3,11.241002277904329
2025-03-29,Instagram,26-35,North India,Mobile,Video,14,51426,3,0.0768293465455556,3951,1.3,5136.3,0.2057903147874296,810,87,0.99652,0.07682884144207211,0.20501138952164008,1.3,6.341111111111111
2025-03-30,Instagram,18-25,South India,Desktop,Video,14,80217,3,0.0674633940318141,5411,1.3,7034.3,0.0671138439416532,361,88,0.99648,0.06745452958849121,0.06671594899279246,1.3,19.485595567867037
2025-03-31,Google,26-35,North India,Mobile,Text,7,32584,3,0.0548486571143107,1787,0.9,1608.3,0.0696766837781667,123,89,0.99644,0.05484286766511171,0.06883044208170118,0.9,13.075609756097561
2025-04-01,Google,18-25,West India,Mobile,Image,1,32245,4,0.0779193685310049,2512,0.9,2260.8,0.0782637424464088,195,90,0.9964,0.07790355093812994,0.07762738853503184,0.9,11.593846153846155
2025-04-02,Instagram,26-35,West India,Desktop,Text,13,59959,4,0.038684379118268,2319,1.3,3014.7000000000003,0.1423445200335691,328,91,0.99636,0.03867642889307694,0.1414402759810263,1.3,9.191158536585366
2025-04-03,Instagram,26-35,South India,Desktop,Video,15,5983,4,0.0718409138452294,429,1.3,557.7,0.2219960138691195,94,92,0.99632,0.07170315895035935,0.2191142191142191,1.3,5.932978723404256
2025-04-04,Instagram,36-50,South India,Mobile,Video,22,98785,4,0.1117596235477381,11040,1.3,14352.0,0.1819420547492038,2000,93,0.99628,0.11175785797438882,0.18115942028985507,1.3,7.176
2025-04-05,Instagram,36-50,South India,Mobile,Video,9,97927,4,0.0868900247185205,8508,1.3,11060.4,0.0645263583471373,545,94,0.99624,0.08688104404301163,0.06405735778091208,1.3,20.294311926605506
2025-04-06,Google,36-50,North India,Mobile,Video,14,31897,4,0.06264432611464,1998,0.9,1798.2,0.2220616192506745,441,95,0.9962,0.06263911966642631,0.22072072072072071,0.9,4.077551020408164
2025-04-07,Google,18-25,West India,Desktop,Video,22,41602,4,0.0660629389765445,2748,0.9,2473.2000000000003,0.2502463660116935,684,96,0.99616,0.06605451660977837,0.24890829694323144,0.9000000000000001,3.615789473684211
2025-04-08,Google,18-25,South India,Desktop,Image,3,86538,4,0.0364152232390181,3151,0.9,2835.9,0.0901873417000298,282,97,0.99612,0.03641174975155423,0.08949539828625833,0.9,10.056382978723404
2025-04-09,Google,26-35,South India,Desktop,Text,11,77034,4,0.0662472899842966,5103,0.9,4592.7,0.1771779167970997,900,98,0.99608,0.06624347690630111,0.1763668430335097,0.8999999999999999,5.103
2025-04-10,Google,26-35,South India,Mobile,Text,9,50411,4,0.0372469543324568,1877,0.9,1689.3,0.1977638358385267,369,99,0.99604,0.037233937037551325,0.19659030367607885,0.9,4.578048780487805
2025-04-11,Google,26-35,North India,Desktop,Image,1,69742,4,0.0216458519195727,1509,0.9,1358.1,0.0977850700890506,146,100,0.996,0.021636890252645466,0.09675281643472498,0.8999999999999999,9.302054794520547
2025-04-12,Instagram,26-35,South India,Desktop,Image,3,79466,4,0.080209108545316,6373,1.3,8284.9,0.086998501925014,551,101,0.99596,0.08019782045151386,0.08645849678330457,1.3,15.03611615245009
2025-04-13,Google,18-25,South India,Mobile,Image,19,76856,4,0.0626912981188639,4818,0.9,4336.2,0.2334494016200269,1119,102,0.99592,0.06268866451545747,0.23225404732254049,0.8999999999999999,3.875067024128686
2025-04-14,Google,26-35,North India,Mobile,Text,5,94550,4,0.0895943268631021,8471,0.9,7623.900000000001,0.0468647749690398,394,103,0.99588,0.0895928080380751,0.046511627906976744,0.9,19.35
2025-04-15,Instagram,26-35,North India,Desktop,Text,13,98353,4,0.0919267035893775,9041,1.3,11753.3,0.0761968206848318,685,104,0.99584,0.09192398808373918,0.07576595509346311,1.2999999999999998,17.158102189781022
2025-04-16,Google,36-50,South India,Mobile,Video,22,39126,4,0.036705131902393,1436,0.9,1292.4,0.2279124101964684,325,105,0.9958,0.036701937330675255,0.22632311977715877,0.9,3.976615384615385
2025-04-17,Google,26-35,South India,Mobile,Text,2,93288,4,0.0773862939004995,7219,0.9,6497.1,0.1418538848945684,1019,106,0.99576,0.0773840150930452,0.14115528466546612,0.9,6.375956820412169
2025-04-18,Instagram,26-35,North India,Mobile,Text,14,71043,4,0.0768839283225758,5462,1.3,7100.6,0.1316207233378246,714,107,0.99572,0.0768830145123376,0.13072134749176126,1.3,9.944817927170869
2025-04-19,Google,26-35,West India,Mobile,Image,0,56610,4,0.0588777353239439,3333,0.9,2999.7000000000003,0.1669593788015556,553,108,0.99568,0.058876523582405936,0.16591659165916592,0.9000000000000001,5.424412296564196
2025-04-20,Google,18-25,North India,Mobile,Text,18,24925,4,0.0375289469420868,935,0.9,841.5,0.131842325432857,122,109,0.99564,0.037512537612838515,0.1304812834224599,0.9,6.897540983606557
2025-04-21,Google,36-50,West India,Mobile,Video,0,37276,4,0.0695728489482402,2593,0.9,2333.7000000000003,0.1265958333947399,326,110,0.9956,0.06956218478377509,0.12572310065561126,0.9000000000000001,7.1585889570552155
2025-04-22,Google,26-35,South India,Desktop,Text,12,24689,4,0.0314357746216584,776,0.9,698.4,0.093810455595761,71,111,0.99556,0.03143100166065859,0.09149484536082474,0.9,9.836619718309858
2025-04-23,Instagram,26-35,South India,Desktop,Image,7,64942,4,0.107937661183358,7009,1.3,9111.7,0.1319806174347592,920,112,0.99552,0.1079270733885621,0.13125980881723498,1.3,9.904021739130435
2025-04-24,Instagram,36-50,West India,Desktop,Image,17,55146,4,0.0997238021196993,5499,1.3,7148.7,0.183690840764365,1005,113,0.99548,0.09971711456859972,0.18276050190943807,1.3,7.113134328358209
2025-04-25,Instagram,26-35,North India,Mobile,Video,21,16238,4,0.1184444828259192,1923,1.3,2499.9,0.2344176686902351,447,114,0.99544,0.1184259145214928,0.23244929797191888,1.3,5.59261744966443
2025-04-26,Instagram,18-25,South India,Desktop,Video,2,61424,4,0.0329270038796826,2022,1.3,2628.6,0.1643153766872411,330,115,0.9954,0.03291872883563428,0.1632047477744807,1.3,7.965454545454545
2025-04-27,Instagram,26-35,West India,Desktop,Text,22,25807,4,0.102342610204558,2641,1.3,3433.3,0.053047404394486,139,116,0.99536,0.10233657534777386,0.05263157894736842,1.3,24.700000000000003
2025-04-28,Google,18-25,North India,Mobile,Video,17,75457,4,0.0785111261101837,5924,0.9,5331.6,0.2344229349113837,1381,117,0.99532,0.07850828948937806,0.23311951384199864,0.9,3.860680666183925
2025-04-29,Instagram,18-25,West India,Mobile,Video,19,12204,4,0.0538586932937598,657,1.3,854.1,0.0738143268465302,47,118,0.99528,0.05383480825958702,0.0715372907153729,1.3,18.172340425531914
2025-04-30,Google,26-35,North India,Mobile,Image,8,66245,4,0.0805969564085258,5339,0.9,4805.1,0.0709938931979195,377,119,0.99524,0.0805947618688203,0.0706124742461135,0.9,12.745623342175067
2025-05-01,Instagram,36-50,North India,Desktop,Image,5,39567,5,0.0746286884121001,2952,1.3,3837.6,0.153401175720577,449,120,0.9952,0.07460762756842823,0.15210027100271004,1.3,8.546993318485523
2025-05-02,Instagram,18-25,North India,Mobile,Text,19,36697,5,0.1005316203035,3689,1.3,4795.7,0.0946446490050637,347,121,0.99516,0.10052592855001771,0.09406343182434264,1.3,13.820461095100864
2025-05-03,Google,36-50,North India,Desktop,Text,1,91429,5,0.0392751463549978,3590,0.9,3231.0,0.0721711746684241,257,122,0.99512,0.03926544094324558,0.07158774373259053,0.9,12.571984435797665
2025-05-04,Google,26-35,West India,Mobile,Text,3,2530,5,0.0712484621017745,180,0.9,162.0,0.1447782527030364,25,123,0.99508,0.07114624505928854,0.1388888888888889,0.9,6.48
2025-05-05,Google,18-25,West India,Mobile,Text,17,97777,5,0.0232342345342575,2271,0.9,2043.9,0.1483002602719848,334,124,0.99504,0.02322632111846344,0.14707177454865697,0.9,6.119461077844312
2025-05-06,Google,26-35,West India,Desktop,Image,6,25297,5,0.0431641173733553,1091,0.9,981.9,0.0863067771788184,93,125,0.995,0.043127643594102066,0.08524289642529789,0.9,10.558064516129033
2025-05-07,Instagram,36-50,West India,Mobile,Text,10,75838,5,0.0718606859794488,5449,1.3,7083.7,0.1373424731360684,744,126,0.99496,0.0718505234842691,0.13653881446136906,1.3,9.521102150537635
2025-05-08,Instagram,26-35,West India,Mobile,Text,4,49906,5,0.0786955847002325,3927,1.3,5105.1,0.1147449333732422,447,127,0.99492,0.0786879333146315,0.11382734912146678,1.3,11.420805369127518
2025-05-09,Google,26-35,North India,Desktop,Video,7,67251,5,0.0310719047089256,2089,0.9,1880.1,0.0894088231146661,185,128,0.99488,0.03106273512661522,0.08855911919578746,0.8999999999999999,10.162702702702703
2025-05-10,Google,18-25,South India,Desktop,Text,10,76069,5,0.040071112132971,3048,0.9,2743.2000000000003,0.1606335379526815,486,129,0.99484,0.04006888482824804,0.1594488188976378,0.9000000000000001,5.644444444444445
2025-05-11,Google,26-35,South India,Mobile,Video,23,61748,5,0.0322905229825569,1993,0.9,1793.7,0.0644551720146282,127,130,0.9948,0.03227634903154758,0.06372303060712493,0.9,14.123622047244094
2025-05-12,Google,26-35,West India,Mobile,Image,19,41295,5,0.0572958493539273,2366,0.9,2129.4,0.0845119218875742,197,131,0.99476,0.057295072042620174,0.08326289095519865,0.9,10.809137055837564
2025-05-13,Google,26-35,West India,Mobile,Text,19,53464,5,0.0768916713503497,4110,0.9,3699.0,0.0811551316750685,331,132,0.99472,0.07687415831213527,0.0805352798053528,0.9,11.175226586102719
2025-05-14,Google,18-25,South India,Desktop,Video,14,8223,5,0.0560427976872231,460,0.9,414.0,0.1804327146081187,81,133,0.99468,0.055940654262434636,0.17608695652173914,0.9,5.111111111111111
2025-05-15,Instagram,36-50,North India,Mobile,Text,23,14421,5,0.0737308752042538,1063,1.3,1381.9,0.0366448536367262,37,134,0.99464,0.07371194785382429,0.034807149576669805,1.3,37.34864864864865
2025-05-16,Google,36-50,West India,Mobile,Video,2,94232,5,0.0559515942229027,5272,0.9,4744.8,0.1974825195105185,1035,135,0.9946,0.055947024365396045,0.19632018209408195,0.9,4.584347826086956
2025-05-17,Google,26-35,North India,Mobile,Text,6,15066,5,0.0220011284878492,331,0.9,297.90000000000003,0.1068115877609205,34,136,0.99456,0.021969998672507634,0.1027190332326284,0.9000000000000001,8.761764705882355
2025-05-18,Instagram,18-25,South India,Desktop,Image,23,22576,5,0.0388483163571811,877,1.3,1140.1,0.0863535159965624,74,137,0.99452,0.03884656272147413,0.08437856328392246,1.2999999999999998,15.406756756756755
2025-05-19,Google,26-35,South India,Desktop,Image,7,83121,5,0.061885633742662,5143,0.9,4628.7,0.1453846824591986,742,138,0.99448,0.06187365407057182,0.14427377017305074,0.8999999999999999,6.238140161725068
2025-05-20,Instagram,36-50,West India,Desktop,Video,10,3140,5,0.0666645246333542,209,1.3,271.7,0.1382032185464303,27,139,0.99444,0.06656050955414013,0.1291866028708134,1.3,10.062962962962963
2025-05-21,Instagram,18-25,North India,Mobile,Video,9,60016,5,0.0572017708827548,3433,1.3,4462.900000000001,0.0992696116271459,338,140,0.9944,0.05720141295654492,0.09845616079230993,1.3000000000000003,13.203846153846156
2025-05-22,Google,36-50,West India,Desktop,Image,19,42378,5,0.0627633175128631,2659,0.9,2393.1,0.044003505856675,116,141,0.99436,0.06274482042569257,0.04362542309138774,0.8999999999999999,20.6301724137931
2025-05-23,Google,36-50,South India,Mobile,Text,8,8370,5,0.0554913161544303,464,0.9,417.6,0.1095390785425326,49,142,0.99432,0.05543608124253285,0.10560344827586207,0.9,8.522448979591838
2025-05-24,Google,18-25,North India,Mobile,Video,14,52750,5,0.0450174983756761,2374,0.9,2136.6,0.0587161697616817,138,143,0.99428,0.04500473933649289,0.05812973883740522,0.8999999999999999,15.482608695652173
2025-05-25,Google,18-25,West India,Desktop,Image,19,96052,5,0.0298390809587147,2866,0.9,2579.4,0.1534246898140164,436,144,0.99424,0.0298380044142756,0.15212840195394278,0.9,5.91605504587156
2025-05-26,Google,26-35,West India,Mobile,Video,23,13022,5,0.0475035768602027,618,0.9,556.2,0.0628723095743213,37,145,0.9942,0.047458147749961606,0.059870550161812294,0.9,15.032432432432433
2025-05-27,Instagram,26-35,West India,Mobile,Image,21,60222,5,0.0974191915752814,5866,1.3,7625.8,0.1000234985490247,582,146,0.99416,0.0974062634917472,0.09921581997954312,1.3,13.10274914089347
2025-05-28,Google,36-50,South India,Desktop,Image,4,19328,5,0.0493164129942583,953,0.9,857.7,0.1109209759955987,104,147,0.99412,0.049306705298013245,0.10912906610703044,0.9,8.247115384615386
2025-05-29,Google,18-25,West India,Mobile,Video,14,3929,5,0.0463052022242962,181,0.9,162.9,0.1414418792356676,24,148,0.99408,0.04606770170526851,0.13259668508287292,0.9,6.7875000000000005
2025-05-30,Google,18-25,North India,Mobile,Video,3,44727,5,0.0687433870534026,3074,0.9,2766.6,0.0519054592632678,158,149,0.99404,0.06872806134996758,0.05139882888744307,0.9,17.51012658227848
2025-05-31,Instagram,26-35,West India,Mobile,Image,4,69919,5,0.0885523112733854,6191,1.3,8048.3,0.0685365426553302,421,150,0.994,0.08854531672363736,0.06800193829752867,1.3,19.117102137767223
2025-06-01,Google,36-50,South India,Mobile,Text,14,53692,6,0.0427258763772992,2294,0.9,2064.6,0.0603389697369376,137,151,0.99396,0.042725173210161664,0.05972101133391456,0.8999999999999999,15.070072992700728
2025-06-02,Google,36-50,West India,Desktop,Image,16,50545,6,0.040933337740878,2068,0.9,1861.2,0.1176630917538407,241,152,0.99392,0.040914036996735584,0.1165377176015474,0.9,7.722821576763486
2025-06-03,Google,26-35,South India,Mobile,Text,22,93968,6,0.0329811201869741,3099,0.9,2789.1,0.0683143966608728,209,153,0.99388,0.03297931210624894,0.06744111003549533,0.9,13.344976076555023
2025-06-04,Instagram,18-25,South India,Desktop,Text,7,77647,6,0.0331275485977299,2572,1.3,3343.6,0.0534613668470845,136,154,0.99384,0.03312426751838449,0.05287713841368585,1.3,24.58529411764706
2025-06-05,Google,26-35,North India,Mobile,Text,18,49338,6,0.043320772114039,2137,0.9,1923.3,0.0326560740821786,68,155,0.9938,0.04331347034739957,0.031820308844174076,0.9,28.283823529411762
2025-06-06,Instagram,26-35,North India,Mobile,Video,8,60962,6,0.0892243683141705,5439,1.3,7070.7,0.1707634079250553,922,156,0.99376,0.08921951379547916,0.16951645523074094,1.3,7.668872017353579
2025-06-07,Instagram,26-35,West India,Mobile,Image,9,98435,6,0.0533644185201192,5252,1.3,6827.6,0.1672159102170711,872,157,0.99372,0.053355005841418196,0.16603198781416603,1.3,7.829816513761468
2025-06-08,Google,26-35,South India,Desktop,Image,4,24161,6,0.0320574523208326,774,0.9,696.6,0.1446872296209864,110,158,0.99368,0.03203509788502132,0.1421188630490956,0.9,6.332727272727273
2025-06-09,Instagram,18-25,South India,Mobile,Text,9,9823,6,0.1036841916429359,1018,1.3,1323.4,0.0868528536790963,87,159,0.99364,0.10363432759849334,0.08546168958742632,1.3,15.211494252873564
2025-06-10,Google,26-35,North India,Desktop,Text,21,93968,6,0.0221106005836832,2077,0.9,1869.3,0.0437886701348898,89,160,0.9936,0.02210326919802486,0.04285026480500722,0.9,21.003370786516854
2025-06-11,Instagram,18-25,North India,Mobile,Text,0,34089,6,0.0362919153438638,1237,1.3,1608.1,0.0817100732884323,100,161,0.99356,0.03628736542579718,0.08084074373484236,1.2999999999999998,16.081
2025-06-12,Instagram,26-35,West India,Desktop,Image,21,61850,6,0.0544780833829269,3369,1.3,4379.7,0.09882378920024,329,162,0.99352,0.05447049312853678,0.09765509053131494,1.3,13.312158054711245
2025-06-13,Google,36-50,South India,Desktop,Text,23,22053,6,0.0411084700555529,906,0.9,815.4,0.0877437183978238,78,163,0.99348,0.041082845871310024,0.08609271523178808,0.9,10.453846153846154
2025-06-14,Google,18-25,North India,Desktop,Image,3,18447,6,0.0390227256935596,719,0.9,647.1,0.0838986574847515,59,164,0.99344,0.03897652734862037,0.08205841446453407,0.9,10.967796610169492
2025-06-15,Instagram,36-50,West India,Desktop,Image,20,90841,6,0.0652775217919645,5929,1.3,7707.7,0.1040682101868454,612,165,0.9934,0.06526788564634911,0.10322145387080452,1.3,12.594281045751634
2025-06-16,Google,26-35,South India,Mobile,Video,4,4111,6,0.0611392543159985,251,0.9,225.9,0.0630076058748238,14,166,0.99336,0.061055704208221845,0.055776892430278883,0.9,16.135714285714286
2025-06-17,Google,26-35,South India,Desktop,Text,22,59820,6,0.0710414473623237,4249,0.9,3824.1,0.0402921245761799,169,167,0.99332,0.07102975593447007,0.03977406448576135,0.9,22.627810650887575
2025-06-18,Google,26-35,North India,Mobile,Text,6,94029,6,0.0624089649722336,5868,0.9,5281.2,0.0375541745708752,218,168,0.99328,0.062406278913952076,0.03715064758009543,0.9,24.225688073394494
2025-06-19,Instagram,18-25,West India,Mobile,Text,22,77521,6,0.1006785608609204,7804,1.3,10145.2,0.0549098281774277,425,169,0.99324,0.10066949600753344,0.054459251665812405,1.3,23.871058823529413
2025-06-20,Instagram,36-50,North India,Mobile,Video,4,69622,6,0.0386389784640173,2690,1.3,3497.0,0.0854810121519116,227,170,0.9932,0.03863721237539858,0.08438661710037175,1.3,15.405286343612335
2025-06-21,Google,18-25,West India,Mobile,Text,19,53963,6,0.0867495750836568,4681,0.9,4212.900000000001,0.0514571838919353,238,171,0.99316,0.08674462131460445,0.05084383678701132,0.9000000000000001,17.701260504201684
2025-06-22,Google,18-25,South India,Mobile,Image,7,53503,6,0.0273316460139725,1462,0.9,1315.8,0.0786554151607292,113,172,0.99312,0.027325570528755398,0.07729138166894665,0.9,11.644247787610619
2025-06-23,Google,26-35,West India,Mobile,Text,16,90000,6,0.0679795586026605,6118,0.9,5506.2,0.0533089176961603,323,173,0.99308,0.06797777777777778,0.052795031055900624,0.9,17.04705882352941
2025-06-24,Instagram,36-50,West India,Mobile,Image,0,42918,6,0.1030281214902491,4421,1.3,5747.3,0.0580488535275323,254,174,0.99304,0.10301039191015425,0.05745306491743949,1.3,22.62716535433071
2025-06-25,Google,26-35,West India,Mobile,Image,21,72868,6,0.0828890093810762,6039,0.9,5435.1,0.0769666940060793,460,175,0.993,0.08287588516221112,0.07617155158138765,0.9,11.815434782608696
2025-06-26,Instagram,18-25,West India,Mobile,Image,17,43542,6,0.0369989539600732,1611,1.3,2094.3,0.0908691797677283,144,176,0.99296,0.03699875981810666,0.0893854748603352,1.3,14.543750000000001
2025-06-27,Google,26-35,West India,Desktop,Image,11,69712,6,0.0552061970832535,3848,0.9,3463.2000000000003,0.1369874810266416,523,177,0.99292,0.055198531099380305,0.1359147609147609,0.9,6.621797323135755
2025-06-28,Instagram,36-50,North India,Desktop,Text,2,3416,6,0.034744363352473,118,1.3,153.4,0.1333086749859485,14,178,0.99288,0.03454332552693208,0.11864406779661017,1.3,10.957142857142857
2025-06-29,Google,26-35,West India,Desktop,Video,19,41436,6,0.0265552520603521,1100,0.9,990.0,0.1922668635051518,209,179,0.99284,0.026546963992663385,0.19,0.9,4.7368421052631575
2025-06-30,Google,36-50,West India,Mobile,Video,13,75187,6,0.0283986957575391,2135,0.9,1921.5,0.1215590317044897,257,180,0.9928,0.028395866306675357,0.12037470725995317,0.9,7.476653696498055
2025-07-01,Google,36-50,South India,Mobile,Image,15,11486,7,0.0284778680657331,327,0.9,294.3,0.1150471437024755,36,181,0.99276,0.028469441058680132,0.11009174311926606,0.9,8.175
2025-07-02,Instagram,26-35,West India,Desktop,Text,17,19695,7,0.0888926531802944,1750,1.3,2275.0,0.0489580495232019,84,182,0.99272,0.08885503935008886,0.048,1.3,27.083333333333332
2025-07-03,Instagram,18-25,South India,Desktop,Video,9,2229,7,0.0276558921565884,61,1.3,79.3,0.2323775753962283,13,183,0.99268,0.02736653207716465,0.21311475409836064,1.3,6.1
2025-07-04,Google,26-35,North India,Desktop,Text,22,68066,7,0.0585337543735306,3984,0.9,3585.6,0.1182290559683877,467,184,0.99264,0.058531425381247615,0.11721887550200803,0.9,7.677944325481799
2025-07-05,Instagram,18-25,North India,Mobile,Video,14,43347,7,0.0971628654127206,4211,1.3,5474.3,0.1808718943823578,755,185,0.9926,0.09714628463330796,0.17929232961291855,1.3,7.250728476821192
2025-07-06,Instagram,18-25,West India,Mobile,Image,9,2363,7,0.051460880594928,121,1.3,157.3,0.0727829131911979,7,186,0.99256,0.051206093948370716,0.05785123966942149,1.3,22.47142857142857
2025-07-07,Instagram,26-35,North India,Desktop,Image,0,83372,7,0.0844305954631885,7039,1.3,9150.7,0.0913444358819714,637,187,0.99252,0.08442882502518831,0.09049580906378747,1.3,14.365306122448981
2025-07-08,Google,18-25,West India,Mobile,Image,18,86824,7,0.0703701728496635,6109,0.9,5498.1,0.0543703145150192,329,188,0.99248,0.07036072975214226,0.05385496807988214,0.9,16.711550151975686
2025-07-09,Google,18-25,North India,Mobile,Video,1,88916,7,0.0475807599455632,4230,0.9,3807.0,0.1957537716135283,821,189,0.99244,0.04757299023797742,0.19408983451536643,0.9,4.637028014616321
2025-07-10,Google,26-35,West India,Desktop,Text,12,46869,7,0.031298284781593,1466,0.9,1319.4,0.0680136770761235,98,190,0.9924,0.031278670336469735,0.06684856753069578,0.9,13.46326530612245
2025-07-11,Instagram,26-35,West India,Desktop,Image,15,50729,7,0.044801738454602,2272,1.3,2953.6,0.1234413667288285,277,191,0.99236,0.04478700546038755,0.12191901408450705,1.3,10.662815884476535
2025-07-12,Instagram,26-35,South India,Mobile,Text,7,21303,7,0.0694772543131842,1480,1.3,1924.0,0.057325601789649,83,192,0.99232,0.06947378303525326,0.056081081081081084,1.3,23.180722891566266
2025-07-13,Instagram,18-25,South India,Mobile,Text,2,73853,7,0.0330782405413073,2442,1.3,3174.6,0.1424860821445161,344,193,0.99228,0.03306568453549619,0.14086814086814087,1.3,9.228488372093024
2025-07-14,Google,36-50,South India,Desktop,Image,20,4264,7,0.0512051334212186,218,0.9,196.2,0.0726970787586074,14,194,0.99224,0.05112570356472795,0.06422018348623854,0.8999999999999999,14.014285714285714
2025-07-15,Google,18-25,South India,Mobile,Video,18,19315,7,0.0740178066731705,1429,0.9,1286.1,0.2023742354681164,286,195,0.9922,0.0739839502976961,0.2001399580125962,0.8999999999999999,4.496853146853146
2025-07-16,Instagram,36-50,West India,Desktop,Image,13,79229,7,0.0515796723498319,4086,1.3,5311.8,0.096246756712276,389,196,0.99216,0.05157202539474182,0.09520313264806657,1.3,13.655012853470437
2025-07-17,Instagram,26-35,North India,Desktop,Image,10,83102,7,0.0434688897364807,3612,1.3,4695.6,0.1148416832038635,410,197,0.99212,0.04346465789030348,0.11351052048726468,1.3,11.452682926829269
2025-07-18,Instagram,36-50,West India,Desktop,Video,11,61521,7,0.0603298479427869,3711,1.3,4824.3,0.0933110751673334,343,198,0.99208,0.06032086604574048,0.0924279170035031,1.3,14.065014577259475
2025-07-19,Instagram,26-35,South India,Desktop,Text,10,25811,7,0.041497725183993,1071,1.3,1392.3,0.1529554381455277,161,199,0.99204,0.041493936693657744,0.1503267973856209,1.3,8.647826086956522
2025-07-20,Instagram,26-35,South India,Mobile,Video,10,34405,7,0.0433813006340482,1492,1.3,1939.6,0.1932236884243929,285,200,0.992,0.04336578985612556,0.19101876675603216,1.3,6.805614035087719
2025-07-21,Google,36-50,North India,Mobile,Video,21,53157,7,0.0794833211406123,4225,0.9,3802.5,0.1021421246470958,427,201,0.99196,0.07948153582783077,0.10106508875739645,0.9,8.905152224824356
2025-07-22,Google,26-35,South India,Mobile,Image,20,60823,7,0.0355812601217486,2164,0.9,1947.6,0.13414606263568,287,202,0.99192,0.035578646235798955,0.13262476894639558,0.8999999999999999,6.786062717770035
2025-07-23,Instagram,36-50,West India,Mobile,Video,17,20856,7,0.0389236369670163,811,1.3,1054.3,0.0696700611163105,55,203,0.99188,0.03888569236670503,0.06781750924784218,1.3,19.169090909090908
2025-07-24,Instagram,26-35,West India,Mobile,Video,9,93902,7,0.0507348521016075,4764,1.3,6193.2,0.0749593448187513,354,204,0.99184,0.05073374369023024,0.0743073047858942,1.3,17.494915254237288
2025-07-25,Google,18-25,West India,Mobile,Video,15,47970,7,0.0630591976750408,3024,0.9,2721.6,0.1376578402586491,412,205,0.9918,0.06303939962476549,0.13624338624338625,0.9,6.6058252427184465
2025-07-26,Google,18-25,West India,Desktop,Text,7,51787,7,0.0246449975013669,1276,0.9,1148.4,0.1102312532410309,138,206,0.99176,0.024639388263463805,0.10815047021943573,0.9,8.321739130434784
2025-07-27,Instagram,26-35,West India,Mobile,Text,5,77174,7,0.0347136730787598,2678,1.3,3481.4,0.1003343739337501,265,207,0.99172,0.03470080597092285,0.09895444361463779,1.3,13.137358490566038
2025-07-28,Google,26-35,North India,Mobile,Image,18,87352,7,0.032613805365931,2848,0.9,2563.2000000000003,0.1124012637170391,317,208,0.99168,0.03260371828922062,0.1113061797752809,0.9000000000000001,8.085804416403786
2025-07-29,Google,36-50,West India,Mobile,Image,12,21598,7,0.0505770907486244,1092,0.9,982.8,0.143920619726374,155,209,0.99164,0.05056023705898694,0.14194139194139194,0.8999999999999999,6.340645161290322
2025-07-30,Google,18-25,South India,Mobile,Text,14,43541,7,0.0463876982908834,2019,0.9,1817.1,0.1555251392319238,311,210,0.9916,0.04637008796306929,0.15403665180782566,0.8999999999999999,5.842765273311897
2025-07-31,Instagram,36-50,South India,Mobile,Video,12,11652,7,0.046865775946839,546,1.3,709.8000000000001,0.1244280264024595,66,211,0.99156,0.04685890834191555,0.12087912087912088,1.3,10.754545454545456
2025-08-01,Instagram,26-35,South India,Mobile,Image,0,17963,8,0.0813460474546063,1461,1.3,1899.3,0.1266877275009999,183,212,0.99152,0.08133385291989088,0.12525667351129363,1.3,10.378688524590164
2025-08-02,Google,26-35,South India,Mobile,Image,20,33223,8,0.0372527616970675,1237,0.9,1113.3,0.1815256935944336,222,213,0.99148,0.03723324203112302,0.17946645109135004,0.8999999999999999,5.014864864864864
2025-08-03,Instagram,36-50,North India,Desktop,Video,1,32024,8,0.0615505894128259,1971,1.3,2562.3,0.1196988735836201,232,214,0.99144,0.061547589308018985,0.11770674784373414,1.3,11.04439655172414
2025-08-04,Google,26-35,South India,Desktop,Video,12,4941,8,0.0195979917406752,96,0.9,86.4,0.135063527161308,11,215,0.9914,0.019429265330904676,0.11458333333333333,0.9,7.854545454545455
2025-08-05,Google,18-25,North India,Desktop,Video,1,74923,8,0.058001187388327,4345,0.9,3910.5,0.1679357073588526,722,216,0.99136,0.05799287268262082,0.1661680092059839,0.9,5.416204986149585
2025-08-06,Instagram,36-50,South India,Mobile,Video,10,75060,8,0.0681467496531868,5115,1.3,6649.5,0.2149252480687206,1089,217,0.99132,0.06814548361310951,0.2129032258064516,1.3,6.106060606060606
2025-08-07,Instagram,18-25,North India,Mobile,Video,12,42617,8,0.0685090203129171,2919,1.3,3794.7,0.163332491377684,471,218,0.99128,0.06849379355656193,0.16135662898252826,1.3,8.056687898089171
2025-08-08,Instagram,18-25,North India,Mobile,Text,9,91815,8,0.0575735239089452,5286,1.3,6871.8,0.043619062385691,227,219,0.99124,0.05757229210913249,0.042943624668936815,1.3,30.272246696035243
2025-08-09,Instagram,18-25,North India,Mobile,Video,22,55704,8,0.0652094503607392,3632,1.3,4721.6,0.1197774505571479,431,220,0.9912,0.06520178084159127,0.11866740088105728,1.3,10.954988399071926
2025-08-10,Instagram,36-50,South India,Mobile,Image,21,27025,8,0.0603251328083373,1630,1.3,2119.0,0.0766433219403652,122,221,0.99116,0.0603145235892692,0.07484662576687116,1.3,17.368852459016395
2025-08-11,Google,26-35,North India,Mobile,Text,14,84172,8,0.0386052447293964,3249,0.9,2924.1,0.0681761799615825,219,222,0.99112,0.03859953428693627,0.06740535549399815,0.9,13.352054794520548
2025-08-12,Google,18-25,West India,Desktop,Image,0,44224,8,0.0628593569988988,2779,0.9,2501.1,0.10562561646713,290,223,0.99108,0.06283918234442837,0.1043540842029507,0.9,8.624482758620688
2025-08-13,Google,18-25,West India,Mobile,Video,13,14277,8,0.0588924704824622,840,0.9,756.0,0.0852168163040388,70,224,0.99104,0.05883588989283463,0.08333333333333333,0.9,10.8
2025-08-14,Google,18-25,South India,Mobile,Image,9,49718,8,0.0743494557264553,3696,0.9,3326.4,0.1234537852973727,451,225,0.991,0.07433927350255441,0.12202380952380952,0.9,7.375609756097561
2025-08-15,Instagram,26-35,West India,Mobile,Video,17,41995,8,0.0459274264953064,1928,1.3,2506.4,0.1560703482365363,297,226,0.99096,0.045910227408024765,0.15404564315352698,1.3,8.43905723905724
2025-08-16,Google,26-35,West India,Mobile,Image,10,8539,8,0.0705659118688032,602,0.9,541.8000000000001,0.1624857667750917,96,227,0.99092,0.07050005855486591,0.15946843853820597,0.9000000000000001,5.643750000000001
2025-08-17,Instagram,36-50,West India,Desktop,Image,6,33853,8,0.060320987877205,2042,1.3,2654.6,0.0696044864993079,140,228,0.99088,0.060319617168345496,0.06856023506366307,1.3,18.96142857142857
2025-08-18,Instagram,26-35,South India,Mobile,Video,14,27811,8,0.1034517873198563,2877,1.3,3740.1,0.1101924176303538,314,229,0.99084,0.10344827586206896,0.10914146680570039,1.3,11.911146496815286
2025-08-19,Instagram,36-50,South India,Mobile,Image,2,93464,8,0.0969883041545442,9064,1.3,11783.2,0.1064932740879987,956,230,0.9908,0.09697851579217667,0.10547219770520741,1.3,12.325523012552303
2025-08-20,Google,36-50,West India,Mobile,Text,1,7909,8,0.057026993472268,451,0.9,405.9,0.0607210655876025,26,231,0.99076,0.05702364394993046,0.057649667405764965,0.8999999999999999,15.61153846153846
2025-08-21,Instagram,36-50,South India,Mobile,Image,21,94605,8,0.0512961728438953,4852,1.3,6307.6,0.095134170881994,456,232,0.99072,0.051286929866286135,0.09398186314921682,1.3,13.832456140350878
2025-08-22,Google,36-50,North India,Mobile,Text,7,54433,8,0.0580893883507535,3161,0.9,2844.9,0.1321627762768096,413,233,0.99068,0.0580713905167821,0.13065485605820942,0.9,6.888377723970945
2025-08-23,Google,36-50,West India,Desktop,Text,7,47084,8,0.0381162428117704,1794,0.9,1614.6,0.0504999202493296,89,234,0.99064,0.03810211536827797,0.049609810479375696,0.8999999999999999,18.141573033707864
2025-08-24,Instagram,18-25,South India,Desktop,Image,10,74569,8,0.0750899531684067,5599,1.3,7278.7,0.1123371294236385,622,235,0.9906,0.07508482077002508,0.11109126629755313,1.3,11.70209003215434
2025-08-25,Google,26-35,South India,Desktop,Text,15,57816,8,0.0287758395367466,1663,0.9,1496.7,0.0781055771300134,127,236,0.99056,0.02876366403763664,0.07636800962116656,0.9,11.78503937007874
2025-08-26,Google,18-25,West India,Mobile,Text,1,11748,8,0.0547716726973397,643,0.9,578.7,0.0431826018901845,26,237,0.99052,0.05473272046305754,0.04043545878693624,0.9,22.25769230769231
2025-08-27,Instagram,36-50,South India,Mobile,Image,21,71602,8,0.0967289295453067,6925,1.3,9002.5,0.0588033006891459,403,238,0.99048,0.09671517555375549,0.05819494584837545,1.3,22.338709677419356
2025-08-28,Google,26-35,West India,Mobile,Video,4,63465,8,0.0395086737171734,2507,0.9,2256.3,0.1798598252975028,445,239,0.99044,0.03950208776490979,0.17750299162345431,0.9,5.0703370786516855
2025-08-29,Instagram,18-25,South India,Desktop,Video,6,50408,8,0.0688009397632349,3468,1.3,4508.400000000001,0.2103111419566011,722,240,0.9904,0.06879860339628631,0.20818915801614762,1.3000000000000003,6.24432132963989
2025-08-30,Instagram,18-25,North India,Desktop,Text,19,12998,8,0.0389541844355171,506,1.3,657.8000000000001,0.1161161292490791,57,241,0.99036,0.03892906601015541,0.11264822134387352,1.3,11.540350877192983
2025-08-31,Instagram,36-50,West India,Desktop,Text,12,14764,8,0.0675408163306852,997,1.3,1296.1,0.098168257466191,96,242,0.99032,0.06752912489840152,0.09628886659979939,1.2999999999999998,13.501041666666666
2025-09-01,Google,18-25,North India,Mobile,Video,1,46379,9,0.047913252179069,2222,0.9,1999.8,0.1689164506371818,371,243,0.99028,0.047909614265076866,0.16696669666966696,0.9,5.390296495956873
2025-09-02,Google,18-25,West India,Mobile,Text,2,82394,9,0.0710455183858802,5853,0.9,5267.7,0.0520898751656049,301,244,0.99024,0.07103672597519237,0.05142661882795148,0.9,17.50066445182724
2025-09-03,Instagram,18-25,South India,Mobile,Video,8,60588,9,0.0960024487030299,5816,1.3,7560.8,0.1969812557901726,1133,245,0.9902,0.09599260579652737,0.19480742778541954,1.3,6.673256840247132
2025-09-04,Google,18-25,North India,Mobile,Image,9,83613,9,0.0683136768016556,5711,0.9,5139.900000000001,0.0943222040939302,532,246,0.99016,0.06830277588413285,0.09315356329889686,0.9000000000000001,9.661466165413534
2025-09-05,Instagram,18-25,South India,Mobile,Text,23,63398,9,0.0492072639385317,3119,1.3,4054.7,0.1356163034437967,417,247,0.99012,0.049197135556326696,0.13369669765950626,1.3,9.723501199040767
2025-09-06,Instagram,36-50,West India,Mobile,Image,12,76793,9,0.0388490034862646,2983,1.3,3877.9,0.071884915218761,211,248,0.99008,0.03884468636464261,0.07073416024136775,1.3,18.37867298578199
2025-09-07,Instagram,36-50,West India,Desktop,Video,20,48210,9,0.0780303050437411,3761,1.3,4889.3,0.1878672946826999,698,249,0.99004,0.07801286040240614,0.18558893911193833,1.3,7.004727793696276
2025-09-08,Google,18-25,West India,Mobile,Video,12,45560,9,0.0668328274453201,3044,0.9,2739.6,0.1434435796887832,431,250,0.99,0.06681299385425812,0.14159001314060446,0.9,6.356380510440835
2025-09-09,Google,36-50,West India,Mobile,Image,4,70201,9,0.0440927338811172,3095,0.9,2785.5,0.041027251449821,124,251,0.98996,0.04408769105853193,0.04006462035541195,0.9,22.463709677419356
2025-09-10,Instagram,36-50,West India,Mobile,Text,22,17734,9,0.1099171696960376,1949,1.3,2533.7000000000003,0.0957927930082932,184,252,0.98992,0.10990188338784256,0.0944073884043099,1.3,13.770108695652175
2025-09-11,Google,26-35,North India,Mobile,Image,6,75376,9,0.0316734820341588,2387,0.9,2148.3,0.0792671707635722,187,253,0.98988,0.03166790490341753,0.07834101382488479,0.9,11.488235294117649
2025-09-12,Google,18-25,West India,Desktop,Image,16,78598,9,0.05941948608475,4670,0.9,4203.0,0.0480502606637724,221,254,0.98984,0.059416270134100106,0.04732334047109208,0.9,19.018099547511312
2025-09-13,Instagram,36-50,South India,Mobile,Text,14,73580,9,0.0334739410656576,2463,1.3,3201.9,0.0959528251985632,233,255,0.9898,0.03347377004620821,0.09460008120178644,1.3,13.74206008583691
2025-09-14,Instagram,36-50,North India,Mobile,Video,4,3063,9,0.0789125693594551,241,1.3,313.3,0.0953106367656619,21,256,0.98976,0.07868103166829905,0.08713692946058091,1.3,14.91904761904762
2025-09-15,Instagram,18-25,South India,Desktop,Image,23,23313,9,0.0681998499441798,1589,1.3,2065.7000000000003,0.0754760852405295,117,257,0.98972,0.06815939604512504,0.0736312146003776,1.3000000000000003,17.65555555555556
2025-09-16,Instagram,26-35,West India,Mobile,Image,6,28087,9,0.0967574095616401,2717,1.3,3532.1,0.0888770803503222,238,258,0.98968,0.09673514437284153,0.08759661391240339,1.3,14.840756302521008
2025-09-17,Google,18-25,South India,Mobile,Video,1,46779,9,0.0405465094821058,1896,0.9,1706.4,0.0859914135579937,161,259,0.98964,0.0405310075033669,0.084915611814346,0.9,10.598757763975156
2025-09-18,Instagram,26-35,North India,Desktop,Image,23,41181,9,0.0600326409116926,2472,1.3,3213.6,0.0778750041160135,190,260,0.9896,0.0600276826691921,0.07686084142394822,1.3,16.913684210526316
2025-09-19,Instagram,18-25,North India,Desktop,Video,17,19205,9,0.05516928452453,1059,1.3,1376.7,0.0640073665384099,66,261,0.98956,0.05514189013277792,0.06232294617563739,1.3,20.85909090909091
2025-09-20,Google,18-25,North India,Mobile,Text,9,13464,9,0.0438749528528348,590,0.9,531.0,0.0418315383246504,23,262,0.98952,0.04382055852644088,0.03898305084745763,0.9,23.08695652173913
2025-09-21,Google,18-25,South India,Mobile,Video,0,28132,9,0.0368477078695582,1036,0.9,932.4,0.2209715900557503,225,263,0.98948,0.03682638987629745,0.2171814671814672,0.9,4.144
2025-09-22,Instagram,18-25,North India,Mobile,Video,13,51737,9,0.1010689957408634,5229,1.3,6797.7,0.1896814218784113,980,264,0.98944,0.10106886754160466,0.18741633199464525,1.3,6.936428571428571
2025-09-23,Instagram,26-35,South India,Desktop,Image,18,70285,9,0.0710434997604138,4993,1.3,6490.900000000001,0.1715128005941221,846,265,0.9894,0.07103933983068933,0.1694372120969357,1.3,7.672458628841608
2025-09-24,Instagram,26-35,West India,Mobile,Video,15,65549,9,0.1005324992626892,6589,1.3,8565.7,0.0866946897449108,564,266,0.98936,0.10052022151367679,0.08559720746699044,1.3,15.187411347517731
2025-09-25,Instagram,36-50,West India,Desktop,Video,18,36306,9,0.0581219271688532,2110,1.3,2743.0,0.1699496225244182,354,267,0.98932,0.05811711562827081,0.16777251184834124,1.3,7.748587570621469
2025-09-26,Google,18-25,South India,Desktop,Image,5,26592,9,0.0258740589924332,688,0.9,619.2,0.1348156683686531,91,268,0.98928,0.025872442839951864,0.13226744186046513,0.9,6.804395604395605
2025-09-27,Google,26-35,North India,Desktop,Video,11,84987,9,0.0518893256085301,4409,0.9,3968.1,0.0537768528237312,234,269,0.98924,0.051878522597573744,0.053073259242458606,0.9,16.95769230769231
2025-09-28,Instagram,26-35,South India,Mobile,Image,2,94794,9,0.105640197684653,10014,1.3,13018.2,0.1825362056306464,1807,270,0.9892,0.10563959744287613,0.1804473736768524,1.3,7.20431654676259
2025-09-29,Instagram,26-35,South India,Mobile,Text,6,45758,9,0.1056959121173837,4836,1.3,6286.8,0.1680358552050389,803,271,0.98916,0.10568643734428952,0.16604631927212574,1.3,7.829140722291408
2025-09-30,Instagram,18-25,South India,Mobile,Video,23,99392,9,0.0363069067198037,3608,1.3,4690.400000000001,0.183771722007088,655,272,0.98912,0.03630070830650354,0.1815410199556541,1.3,7.160916030534352
2025-10-01,Instagram,36-50,West India,Desktop,Text,2,88157,10,0.0523900080613949,4618,1.3,6003.400000000001,0.0615494300051988,280,273,0.98908,0.05238381523872183,0.060632308358596794,1.3,21.44071428571429
2025-10-02,Google,26-35,South India,Mobile,Video,16,7577,10,0.0595319051548661,451,0.9,405.9,0.1552548930031795,69,274,0.98904,0.05952223835291012,0.15299334811529933,0.8999999999999999,5.8826086956521735
2025-10-03,Google,18-25,West India,Mobile,Video,14,86230,10,0.0584241484840553,5037,0.9,4533.3,0.066375922632835,330,275,0.989,0.05841354516989447,0.06551518761167362,0.9,13.737272727272728
2025-10-04,Instagram,26-35,South India,Mobile,Text,18,9263,10,0.0557310159866698,516,1.3,670.8000000000001,0.0765101998602603,38,276,0.98896,0.05570549498002807,0.07364341085271318,1.3,17.65263157894737
2025-10-05,Instagram,26-35,West India,Mobile,Text,18,83741,10,0.0969006979879391,8114,1.3,10548.2,0.1193534663102425,957,277,0.98892,0.09689399457852187,0.11794429381316243,1.3,11.022152560083596
2025-10-06,Instagram,36-50,South India,Mobile,Image,22,9072,10,0.1117409443769226,1013,1.3,1316.9,0.0903654317507691,89,278,0.98888,0.11166225749559083,0.087857847976308,1.3,14.796629213483147
2025-10-07,Instagram,26-35,South India,Mobile,Image,10,61814,10,0.0725277163252819,4483,1.3,5827.900000000001,0.066669709343876,294,279,0.98884,0.0725240236839551,0.06558108409547178,1.3,19.82278911564626
2025-10-08,Instagram,26-35,North India,Mobile,Text,20,46306,10,0.1131017119727243,5237,1.3,6808.1,0.0331446175257061,171,280,0.9888,0.11309549518420939,0.03265228184074852,1.3,39.81345029239766
2025-10-09,Google,18-25,North India,Mobile,Video,19,6691,10,0.0392740736323845,262,0.9,235.8,0.1369732989154377,34,281,0.98876,0.03915707667015394,0.1297709923664122,0.9,6.935294117647059
2025-10-10,Google,18-25,South India,Mobile,Image,1,88649,10,0.0399417438061032,3540,0.9,3186.0,0.1931752605114736,675,282,0.98872,0.039932768559149005,0.1906779661016949,0.9,4.72
2025-10-11,Google,36-50,South India,Desktop,Video,6,2953,10,0.0585661152777415,172,0.9,154.8,0.1422677806940593,23,283,0.98868,0.05824585167626143,0.13372093023255813,0.9,6.730434782608696
2025-10-12,Instagram,18-25,South India,Desktop,Image,18,71499,10,0.0672467541462009,4808,1.3,6250.400000000001,0.076742238859685,363,284,0.98864,0.06724569574399641,0.0754991680532446,1.3,17.21873278236915
2025-10-13,Google,18-25,South India,Mobile,Image,6,94405,10,0.0485026519190008,4578,0.9,4120.2,0.1153451235383318,521,285,0.9886,0.04849319421640803,0.11380515508955875,0.8999999999999999,7.908253358925144
2025-10-14,Google,36-50,North India,Mobile,Image,9,77981,10,0.0384337566332166,2997,0.9,2697.3,0.118077134883208,348,286,0.98856,0.03843243867095831,0.11611611611611612,0.9,7.750862068965517
2025-10-15,Google,26-35,West India,Desktop,Text,11,38759,10,0.0508640005848824,1971,0.9,1773.9,0.1293628297040468,251,287,0.98852,0.05085270517815217,0.12734652460679857,0.9,7.067330677290837
2025-10-16,Google,36-50,South India,Mobile,Video,22,21185,10,0.0769555386775741,1630,0.9,1467.0,0.1364550072683524,219,288,0.98848,0.07694123200377626,0.1343558282208589,0.9,6.698630136986301
2025-10-17,Instagram,18-25,North India,Mobile,Text,17,74983,10,0.0381908142896764,2863,1.3,3721.9,0.0518522309016765,146,289,0.98844,0.03818198791726125,0.05099545930841774,1.3,25.492465753424657
2025-10-18,Google,36-50,South India,Mobile,Image,22,35699,10,0.0284515315076847,1015,0.9,913.5,0.0729535322116124,73,290,0.9884,0.02843216896831844,0.07192118226600985,0.9,12.513698630136986
2025-10-19,Google,26-35,South India,Mobile,Text,5,74490,10,0.0225353629818148,1678,0.9,1510.2,0.1551741355531399,256,291,0.98836,0.022526513625990067,0.15256257449344457,0.9,5.89921875
2025-10-20,Instagram,36-50,West India,Mobile,Text,19,54739,10,0.0918711551125481,5028,1.3,6536.400000000001,0.0621127847609858,308,292,0.98832,0.09185407113758015,0.061256961018297536,1.3,21.222077922077922
2025-10-21,Google,18-25,South India,Desktop,Text,20,56631,10,0.0298348173599315,1689,0.9,1520.1,0.1326975071257092,221,293,0.98828,0.029824654341261855,0.13084665482534044,0.8999999999999999,6.878280542986425
2025-10-22,Google,18-25,South India,Desktop,Video,7,18945,10,0.0542241836331351,1027,0.9,924.3,0.1025017345578194,103,294,0.98824,0.05420955397202428,0.1002921129503408,0.8999999999999999,8.97378640776699
2025-10-23,Google,36-50,West India,Mobile,Text,4,39294,10,0.0513064119468253,2016,0.9,1814.4,0.1197468851868651,238,295,0.9882,0.05130554283096656,0.11805555555555555,0.9,7.623529411764706
2025-10-24,Instagram,26-35,West India,Mobile,Text,2,13920,10,0.0587901321301683,818,1.3,1063.4,0.0433252838455498,34,296,0.98816,0.058764367816091956,0.04156479217603912,1.3,31.2764705882353
2025-10-25,Google,36-50,West India,Mobile,Text,1,96520,10,0.0317302192209274,3062,0.9,2755.8,0.058679772871323,176,297,0.98812,0.03172399502693742,0.05747877204441541,0.9,15.657954545454546
2025-10-26,Instagram,26-35,West India,Mobile,Text,21,54609,10,0.1270052773987056,6935,1.3,9015.5,0.0826354536538523,566,298,0.98808,0.12699371898405024,0.08161499639509734,1.3,15.928445229681978
2025-10-27,Google,26-35,North India,Mobile,Text,5,72096,10,0.05390946499594,3886,0.9,3497.4,0.0905565393757765,346,299,0.98804,0.05390035508211274,0.08903757076685538,0.9,10.108092485549133
2025-10-28,Google,36-50,North India,Mobile,Text,6,81925,10,0.0407208065461597,3336,0.9,3002.4,0.0722011175897863,237,300,0.988,0.04072017088800732,0.0710431654676259,0.9,12.668354430379747
2025-10-29,Google,26-35,North India,Desktop,Text,7,63358,10,0.0412686585250992,2614,0.9,2352.6,0.0971360208551723,249,301,0.98796,0.0412576154550333,0.09525631216526396,0.8999999999999999,9.448192771084337
2025-10-30,Google,18-25,South India,Mobile,Image,3,25265,10,0.0543965145418595,1374,0.9,1236.6,0.0941069548349256,127,302,0.98792,0.054383534533940237,0.09243085880640466,0.8999999999999999,9.737007874015747
2025-10-31,Instagram,36-50,West India,Desktop,Text,11,74251,10,0.0897518982618437,6664,1.3,8663.2,0.1147342345415251,754,303,0.98788,0.08974963300157573,0.1131452581032413,1.3,11.489655172413794
2025-11-01,Instagram,26-35,West India,Mobile,Text,23,85604,11,0.0407444093066461,3487,1.3,4533.1,0.094833637836442,325,304,0.98784,0.040734077846829586,0.09320332664181244,1.3,13.948
2025-11-02,Instagram,18-25,North India,Mobile,Video,11,10438,11,0.1008646607936662,1052,1.3,1367.6,0.1581354399476438,163,305,0.9878,0.10078559110940793,0.15494296577946767,1.2999999999999998,8.390184049079753
2025-11-03,Google,36-50,South India,Mobile,Image,16,71779,11,0.0759086014104521,5448,0.9,4903.2,0.1103707600271461,593,306,0.98776,0.07589963638390058,0.10884728340675477,0.8999999999999999,8.268465430016864
2025-11-04,Google,18-25,South India,Mobile,Text,21,29629,11,0.0746971538351697,2213,0.9,1991.7,0.1521338679383587,331,307,0.98772,0.07469033716966486,0.14957071848169906,0.9,6.017220543806647
2025-11-05,Instagram,18-25,South India,Desktop,Video,21,63442,11,0.0331531415439904,2103,1.3,2733.9,0.1234181364502778,255,308,0.98768,0.033148387503546546,0.12125534950071326,1.3,10.721176470588235
2025-11-06,Google,18-25,North India,Mobile,Text,18,5085,11,0.0407863036310463,207,0.9,186.3,0.0671345113313858,12,309,0.98764,0.04070796460176991,0.057971014492753624,0.9,15.525
2025-11-07,Google,26-35,South India,Mobile,Text,8,83926,11,0.0507690304522025,4260,0.9,3834.0,0.1103224288341083,463,310,0.9876,0.05075900197793294,0.10868544600938967,0.9,8.280777537796975
2025-11-08,Google,36-50,South India,Mobile,Text,11,25513,11,0.0608267176100796,1551,0.9,1395.9,0.1040506742297984,158,311,0.98756,0.06079253713792968,0.10186976144422953,0.9,8.83481012658228
2025-11-09,Google,36-50,South India,Mobile,Text,20,61084,11,0.0661505462872927,4040,0.9,3636.0,0.1052190378035555,419,312,0.98752,0.06613843232270317,0.10371287128712871,0.9,8.677804295942721
2025-11-10,Instagram,26-35,West India,Mobile,Text,16,87230,11,0.0673101964826021,5871,1.3,7632.3,0.12873948082263,745,313,0.98748,0.06730482632121976,0.12689490717083973,1.3,10.244697986577181
2025-11-11,Instagram,36-50,North India,Mobile,Video,22,64605,11,0.1032312301265191,6669,1.3,8669.7,0.1395400443811496,918,314,0.98744,0.10322730438820525,0.13765182186234817,1.3,9.444117647058825
2025-11-12,Instagram,18-25,West India,Desktop,Text,9,62666,11,0.0575630962533124,3607,1.3,4689.1,0.1393465896070419,495,315,0.9874,0.05755912296939329,0.13723315774882175,1.3,9.472929292929294
2025-11-13,Google,36-50,West India,Desktop,Video,18,81420,11,0.0739732967335185,6022,0.9,5419.8,0.1520082932009957,903,316,0.98736,0.07396217145664456,0.1499501826635669,0.9,6.001993355481728
2025-11-14,Google,26-35,North India,Mobile,Text,10,69412,11,0.0530131624826332,3679,0.9,3311.1,0.0347533143398735,125,317,0.98732,0.05300236270385524,0.03397662408263115,0.9,26.488799999999998
2025-11-15,Google,18-25,West India,Mobile,Video,19,92743,11,0.0787633074810732,7304,0.9,6573.6,0.1942261154008358,1399,318,0.98728,0.07875526993951026,0.19153888280394304,0.9,4.6987848463188
2025-11-16,Google,26-35,South India,Mobile,Image,21,52178,11,0.0753735248081521,3932,0.9,3538.8,0.173326811875048,672,319,0.98724,0.07535743033462379,0.17090539165818922,0.9,5.266071428571429
2025-11-17,Google,18-25,South India,Mobile,Text,23,72092,11,0.0583453076356109,4206,0.9,3785.4,0.0437944476569956,181,320,0.9872,0.05834211840426122,0.04303376129339039,0.9,20.91381215469613
2025-11-18,Instagram,18-25,South India,Desktop,Image,12,87027,11,0.0381116233998046,3316,1.3,4310.8,0.0632938066210107,206,321,0.98716,0.03810311742332839,0.062123039806996384,1.3,20.92621359223301
2025-11-19,Instagram,36-50,South India,Desktop,Image,3,39009,11,0.050542756750999,1971,1.3,2562.3,0.129678825654606,251,322,0.98712,0.05052680150734446,0.12734652460679857,1.3,10.208366533864542
2025-11-20,Google,18-25,North India,Mobile,Image,14,64976,11,0.0539816358512553,3507,0.9,3156.3,0.0436993915259365,151,323,0.98708,0.05397377493228269,0.04305674365554605,0.9,20.902649006622518
2025-11-21,Instagram,26-35,West India,Mobile,Text,11,33225,11,0.0479477897544204,1593,1.3,2070.9,0.0829289894228662,130,324,0.98704,0.04794582392776524,0.08160703075957314,1.3,15.930000000000001
2025-11-22,Instagram,36-50,West India,Desktop,Image,23,39437,11,0.0549199826315771,2165,1.3,2814.5,0.1765504907309587,377,325,0.987,0.054897684915181176,0.1741339491916859,1.3,7.4655172413793105
2025-11-23,Instagram,26-35,South India,Desktop,Video,9,71935,11,0.086715990990474,6237,1.3,8108.1,0.0847290324634353,521,326,0.98696,0.08670327378883715,0.08353375020041687,1.3,15.562571976967371
2025-11-24,Instagram,18-25,South India,Mobile,Text,21,14648,11,0.0893119661537418,1308,1.3,1700.4,0.0643779432614686,82,327,0.98692,0.08929546695794648,0.06269113149847094,1.3,20.73658536585366
2025-11-25,Google,26-35,West India,Mobile,Image,6,97423,11,0.0562737930744149,5482,0.9,4933.8,0.1346887734128909,728,328,0.98688,0.05627007996058426,0.13279824881430136,0.9,6.7771978021978025
2025-11-26,Google,26-35,North India,Mobile,Text,23,43936,11,0.0548379956088259,2409,0.9,2168.1,0.0372717365331996,87,329,0.98684,0.05482975236707939,0.0361145703611457,0.8999999999999999,24.920689655172414
2025-11-27,Google,18-25,West India,Desktop,Image,1,41263,11,0.0610066309596797,2517,0.9,2265.3,0.1548960626116769,383,330,0.9868,0.06099895790417565,0.1521652761223679,0.9,5.914621409921671
2025-11-28,Instagram,36-50,South India,Mobile,Video,20,49373,11,0.0721937989435286,3564,1.3,4633.2,0.0895809569882756,314,331,0.98676,0.07218520243857979,0.08810325476992144,1.3,14.755414012738854
2025-11-29,Google,26-35,South India,Desktop,Text,6,53814,11,0.0339756696887957,1828,0.9,1645.2,0.1069804400792865,192,332,0.98672,0.0339688556881109,0.1050328227571116,0.9,8.56875
2025-11-30,Google,18-25,North India,Mobile,Text,7,66137,11,0.050874601620778,3364,0.9,3027.6,0.0604226753443947,200,333,0.98668,0.050864115396827794,0.059453032104637336,0.9,15.138
2025-12-01,Google,36-50,West India,Mobile,Image,20,88340,12,0.0782914428958729,6916,0.9,6224.400000000001,0.132243471195386,901,334,0.98664,0.07828843106180666,0.13027761711972238,0.9000000000000001,6.908324084350722
2025-12-02,Google,36-50,North India,Mobile,Video,18,97455,12,0.0620640111817358,6048,0.9,5443.2,0.1393196883213309,830,335,0.9866,0.06205941203632446,0.13723544973544974,0.9,6.558072289156626
2025-12-03,Instagram,36-50,North India,Desktop,Text,5,47972,12,0.0638309561535649,3062,1.3,3980.6,0.1392950118996657,420,336,0.98656,0.06382890019177853,0.13716525146962769,1.3,9.477619047619047
2025-12-04,Instagram,26-35,South India,Mobile,Image,20,29147,12,0.0482381861701562,1405,1.3,1826.5,0.1126225163588668,155,337,0.98652,0.048203931794009676,0.1103202846975089,1.3,11.783870967741935
2025-12-05,Google,26-35,West India,Desktop,Video,7,20295,12,0.0520565318659057,1056,0.9,950.4,0.1949796657376801,202,338,0.98648,0.05203252032520325,0.19128787878787878,0.9,4.704950495049505
2025-12-06,Google,26-35,South India,Mobile,Video,21,7897,12,0.0307855862728446,243,0.9,218.7,0.1592118753892196,37,339,0.98644,0.030771178928707104,0.1522633744855967,0.8999999999999999,5.91081081081081
2025-12-07,Google,36-50,West India,Desktop,Video,19,77812,12,0.0364367849134236,2835,0.9,2551.5,0.201629725567743,563,340,0.9864,0.036433969053616407,0.19858906525573192,0.9,4.531971580817052
2025-12-08,Google,26-35,South India,Desktop,Video,3,39253,12,0.0248866915683843,976,0.9,878.4,0.1067287173843215,102,341,0.98636,0.024864341578987592,0.10450819672131148,0.9,8.611764705882353
2025-12-09,Google,18-25,South India,Mobile,Text,19,6838,12,0.0887485917910172,606,0.9,545.4,0.1093637211753833,65,342,0.98632,0.08862240421175782,0.10726072607260725,0.8999999999999999,8.39076923076923
2025-12-10,Google,26-35,West India,Desktop,Text,23,83693,12,0.022054241842568,1845,0.9,1660.5,0.0804135273465649,145,343,0.98628,0.02204485440837346,0.07859078590785908,0.9,11.451724137931034
2025-12-11,Google,26-35,West India,Mobile,Video,8,68680,12,0.0637000985277941,4374,0.9,3936.6,0.0590707493323241,254,344,0.98624,0.06368666278392546,0.058070416095107456,0.9,15.498425196850393
2025-12-12,Instagram,36-50,South India,Mobile,Image,4,80942,12,0.0355610211377871,2878,1.3,3741.4,0.1324369336199362,375,345,0.9862,0.035556324281584346,0.13029881862404447,1.3,9.977066666666667
2025-12-13,Instagram,26-35,West India,Mobile,Image,5,27414,12,0.1069792895295321,2932,1.3,3811.6,0.1511919760819577,436,346,0.98616,0.10695265192967097,0.14870395634379263,1.3,8.742201834862385
2025-12-14,Google,18-25,South India,Desktop,Video,18,39748,12,0.0628253834659857,2497,0.9,2247.3,0.1555864303973153,382,347,0.98612,0.06282077085639529,0.15298358029635561,0.9,5.882984293193718
2025-12-15,Google,36-50,West India,Desktop,Video,11,62157,12,0.0360219587433207,2239,0.9,2015.1,0.0949294835781452,209,348,0.98608,0.03602168701835674,0.0933452434122376,0.8999999999999999,9.641626794258373
2025-12-16,Instagram,18-25,South India,Mobile,Image,4,30483,12,0.0451740686883522,1377,1.3,1790.1,0.084629671649398,114,349,0.98604,0.045172719220549155,0.08278867102396514,1.3,15.702631578947368
2025-12-17,Google,36-50,South India,Desktop,Video,4,12513,12,0.0309917602006855,387,0.9,348.3,0.0967525623652415,36,350,0.986,0.030927835051546393,0.09302325581395349,0.9,9.675
2025-12-18,Instagram,36-50,South India,Mobile,Video,17,56549,12,0.0817809418740181,4624,1.3,6011.2,0.233835924936416,1065,351,0.98596,0.0817697925692762,0.23032006920415224,1.3,5.6443192488262905
2025-12-19,Instagram,26-35,North India,Desktop,Text,5,45802,12,0.0793679706819195,3635,1.3,4725.5,0.0774317691358626,277,352,0.98592,0.07936334657875202,0.07620357634112793,1.3,17.05956678700361
2025-12-20,Google,18-25,West India,Mobile,Text,8,27451,12,0.0728190759665012,1998,0.9,1798.2,0.0717075018734976,140,353,0.98588,0.07278423372554733,0.07007007007007007,0.9,12.844285714285714
2025-12-21,Google,36-50,South India,Mobile,Video,10,41909,12,0.0606628369699762,2542,0.9,2287.8,0.1301329003977205,325,354,0.98584,0.060655229187048125,0.12785208497246262,0.9,7.039384615384616
2025-12-22,Instagram,26-35,North India,Mobile,Video,22,49091,12,0.1175934394351256,5772,1.3,7503.6,0.0640813490720308,363,355,0.9858,0.11757756004155548,0.0628898128898129,1.3,20.67107438016529
2025-12-23,Google,36-50,South India,Mobile,Text,13,53389,12,0.0749935355595672,4003,0.9,3602.7000000000003,0.0630589562523099,248,356,0.98576,0.07497799172114106,0.06195353484886335,0.9,14.527016129032258
2025-12-24,Instagram,36-50,North India,Mobile,Video,23,41963,12,0.0692348248263555,2905,1.3,3776.5,0.1268207818297738,362,357,0.98572,0.06922765293234516,0.12461273666092944,1.3,10.432320441988951
2025-12-25,Instagram,36-50,South India,Mobile,Text,1,55734,12,0.0868207397464496,4838,1.3,6289.400000000001,0.1419690937626753,676,358,0.98568,0.08680518175619908,0.13972715998346424,1.3,9.303846153846155
2025-12-26,Instagram,36-50,South India,Mobile,Text,13,89208,12,0.0409460120235383,3652,1.3,4747.6,0.1521242537360347,547,359,0.98564,0.04093803246345619,0.14978094194961664,1.3,8.679341864716637
2025-12-27,Google,36-50,North India,Desktop,Image,18,79167,12,0.0718878736851623,5691,0.9,5121.900000000001,0.1531759740886202,858,360,0.9856,0.07188601311152375,0.150764364786505,0.9000000000000001,5.96958041958042
2025-12-28,Instagram,36-50,North India,Mobile,Text,9,66509,12,0.0958907267766769,6377,1.3,8290.1,0.1391040856753175,874,361,0.98556,0.09588176036325911,0.1370550415555904,1.3,9.485240274599542
2025-12-29,Google,26-35,West India,Desktop,Image,4,33291,12,0.0549312282533778,1828,0.9,1645.2,0.057608013328946,103,362,0.98552,0.054909735363912165,0.056345733041575495,0.9,15.972815533980583
2025-12-30,Google,36-50,West India,Mobile,Image,22,22817,12,0.0340635263591975,777,0.9,699.3000000000001,0.0457358398078119,34,363,0.98548,0.034053556558706226,0.043758043758043756,0.9000000000000001,20.567647058823532
2025-12-31,Instagram,18-25,North India,Mobile,Text,3,77968,12,0.0398301875089841,3105,1.3,4036.5,0.044252914200492,135,364,0.98544,0.039824030371434435,0.043478260869565216,1.3,29.9
2026-01-01,Google,26-35,West India,Mobile,Video,6,85487,1,0.0409259657027632,3498,0.9,3148.2000000000003,0.1489246985598517,512,365,0.9854,0.040918502228408996,0.14636935391652373,0.9000000000000001,6.1488281250000005
2026-01-02,Instagram,18-25,North India,Desktop,Text,23,74666,1,0.0493996432466543,3688,1.3,4794.400000000001,0.0951692513420417,344,366,0.98536,0.04939329815444781,0.09327548806941431,1.3,13.937209302325583
2026-01-03,Instagram,36-50,West India,Desktop,Image,12,89672,1,0.0536313803315587,4809,1.3,6251.7,0.1339694088298437,634,367,0.98532,0.053628780444285845,0.13183614056976503,1.3,9.860725552050473
2026-01-04,Google,18-25,South India,Mobile,Text,9,3559,1,0.0339289800848609,120,0.9,108.0,0.0859757648304188,9,368,0.98528,0.0337173363304299,0.075,0.9,12.0
2026-01-05,Google,36-50,West India,Mobile,Text,9,15744,1,0.0526451042881772,828,0.9,745.2,0.0805990679082054,65,369,0.98524,0.052591463414634144,0.0785024154589372,0.9,11.464615384615385
2026-01-06,Google,36-50,South India,Mobile,Image,3,32155,1,0.0266999628582212,858,0.9,772.2,0.1280185638381706,107,370,0.9852,0.026683252993313637,0.1247086247086247,0.9,7.216822429906543
2026-01-07,Google,26-35,South India,Mobile,Text,15,22021,1,0.0305229015588127,672,0.9,604.8000000000001,0.0477484452480534,31,371,0.98516,0.03051632532582535,0.046130952380952384,0.9000000000000001,19.50967741935484
2026-01-08,Google,26-35,West India,Desktop,Text,14,83532,1,0.0291336810737042,2433,0.9,2189.7000000000003,0.1291847877701961,309,372,0.98512,0.029126562275535124,0.12700369913686807,0.9000000000000001,7.086407766990292
2026-01-09,Instagram,36-50,North India,Mobile,Image,20,57898,1,0.0874510950535286,5063,1.3,6581.900000000001,0.1607397878969932,800,373,0.98508,0.08744688935714533,0.15800908552241755,1.3,8.227375
2026-01-10,Google,26-35,South India,Mobile,Video,10,79723,1,0.0658385066352151,5248,0.9,4723.2,0.1243813930947708,642,374,0.98504,0.06582792920487186,0.12233231707317073,0.8999999999999999,7.357009345794392
2026-01-11,Google,18-25,South India,Desktop,Image,18,52036,1,0.0579719731735567,3016,0.9,2714.4,0.1578941537983944,468,375,0.985,0.0579598739334307,0.15517241379310345,0.9,5.8
2026-01-12,Instagram,26-35,West India,Desktop,Image,20,54176,1,0.0400455795538038,2169,1.3,2819.7000000000003,0.1168368608387628,249,376,0.98496,0.040036178381571176,0.11479944674965421,1.3,11.32409638554217
2026-01-13,Google,26-35,North India,Mobile,Text,23,59399,1,0.0745914762652188,4430,0.9,3987.0,0.0589807715888235,257,377,0.98492,0.07458038014107982,0.058013544018058694,0.9,15.513618677042802
2026-01-14,Instagram,18-25,North India,Mobile,Image,2,19006,1,0.0981654215581175,1865,1.3,2424.5,0.0470171060481994,85,378,0.98488,0.09812690729243397,0.045576407506702415,1.3,28.523529411764706
2026-01-15,Google,26-35,West India,Mobile,Text,14,82911,1,0.0400229197193445,3318,0.9,2986.2000000000003,0.0632619703709396,205,379,0.98484,0.04001881535622535,0.06178420735382761,0.9000000000000001,14.566829268292684
2026-01-16,Google,36-50,North India,Mobile,Text,15,53434,1,0.039342342976985,2102,0.9,1891.8,0.100684640782542,207,380,0.9848,0.03933824905490886,0.09847764034253093,0.9,9.139130434782608
2026-01-17,Instagram,18-25,West India,Mobile,Text,13,96694,1,0.0916990330394735,8866,1.3,11525.8,0.0387873433471048,337,381,0.98476,0.0916913148695886,0.03801037672005414,1.2999999999999998,34.20118694362018
2026-01-18,Instagram,36-50,West India,Desktop,Image,4,65591,1,0.0805655263131863,5284,1.3,6869.2,0.1570667023014372,816,382,0.98472,0.0805598329039045,0.15442846328538987,1.3,8.41813725490196
2026-01-19,Instagram,18-25,West India,Desktop,Image,16,4069,1,0.0388639599834452,158,1.3,205.4,0.1758428671103906,26,383,0.98468,0.03883017940525928,0.16455696202531644,1.3,7.9
2026-01-20,Instagram,36-50,South India,Mobile,Text,17,7486,1,0.0871851119535728,652,1.3,847.6,0.0483304002733559,30,384,0.98464,0.08709591236975688,0.046012269938650305,1.3,28.253333333333334
2026-01-21,Instagram,36-50,South India,Mobile,Video,18,84175,1,0.0426806650206286,3592,1.3,4669.6,0.0983897775978594,347,385,0.9846,0.042673002673002676,0.09660356347438753,1.3,13.45706051873199
2026-01-22,Google,26-35,South India,Mobile,Video,0,66389,1,0.0686321204689859,4556,0.9,4100.400000000001,0.1776570921340964,796,386,0.98456,0.06862582656765429,0.17471466198419666,0.9000000000000001,5.1512562814070355
2026-01-23,Google,36-50,West India,Mobile,Image,8,36428,1,0.0358325505963921,1305,0.9,1174.5,0.1528512452795135,195,387,0.98452,0.03582409135829582,0.14942528735632185,0.9,6.023076923076923
2026-01-24,Instagram,26-35,South India,Mobile,Text,20,29800,1,0.1147214775586745,3418,1.3,4443.400000000001,0.0826906266019194,277,388,0.98448,0.11469798657718121,0.08104154476301931,1.3000000000000003,16.04115523465704
2026-01-25,Instagram,18-25,South India,Mobile,Text,13,92154,1,0.0786176068135914,7244,1.3,9417.2,0.1048447105297333,747,389,0.98444,0.07860754823447708,0.10311982330204307,1.3,12.606693440428382
2026-01-26,Instagram,36-50,South India,Mobile,Image,19,38220,1,0.0933477840145921,3567,1.3,4637.1,0.1813309480562931,635,390,0.9844,0.09332810047095762,0.17802074572469861,1.3,7.30251968503937
2026-01-27,Google,36-50,West India,Mobile,Video,20,57254,1,0.0724064905496522,4145,0.9,3730.5,0.1125789214474985,458,391,0.98436,0.07239668844098229,0.11049457177322075,0.9,8.145196506550219
2026-01-28,Google,18-25,West India,Mobile,Image,19,12869,1,0.0455306173099888,585,0.9,526.5,0.0514153582847513,29,392,0.98432,0.04545807755070324,0.04957264957264957,0.9,18.155172413793103
2026-01-29,Instagram,18-25,West India,Mobile,Image,20,5176,1,0.0785110417881689,406,1.3,527.8000000000001,0.1792851770653912,70,393,0.98428,0.07843894899536322,0.1724137931034483,1.3000000000000003,7.540000000000001
2026-01-30,Google,36-50,South India,Mobile,Text,22,37454,1,0.0597166570393125,2236,0.9,2012.4,0.060998678895135,133,394,0.98424,0.05969989854221178,0.059481216457960645,0.9,15.130827067669173
2026-01-31,Instagram,18-25,North India,Mobile,Image,10,93016,1,0.0976029526009012,9078,1.3,11801.4,0.0444879817406296,396,395,0.9842,0.09759611249677475,0.043621943159286185,1.3,29.80151515151515
2026-02-01,Instagram,26-35,South India,Mobile,Video,23,98036,2,0.0593065992397479,5814,1.3,7558.2,0.1286887848025998,736,396,0.98416,0.05930474519564242,0.12659098727210183,1.3,10.269293478260868
2026-02-02,Google,18-25,South India,Mobile,Image,1,71773,2,0.0489804335344546,3515,0.9,3163.5,0.0627053822791885,216,397,0.98412,0.04897384810444039,0.061450924608819346,0.9,14.645833333333334
2026-02-03,Instagram,18-25,West India,Mobile,Text,19,27453,2,0.0963905553731976,2646,1.3,3439.8,0.1504692727466697,391,398,0.98408,0.09638290897169709,0.14777021919879063,1.3,8.797442455242967
2026-02-04,Instagram,36-50,West India,Desktop,Video,23,57813,2,0.0634192872883364,3666,1.3,4765.8,0.1119733678184601,403,399,0.98404,0.06341134346946188,0.1099290780141844,1.3,11.825806451612904
2026-02-05,Google,26-35,South India,Mobile,Text,22,67326,2,0.0751655724564224,5060,0.9,4554.0,0.1454986772978022,724,400,0.984,0.07515670023467902,0.14308300395256918,0.9,6.290055248618785
2026-02-06,Instagram,18-25,South India,Mobile,Image,4,48595,2,0.0992043878070312,4820,1.3,6266.0,0.0711972299836854,337,401,0.98396,0.0991871591727544,0.06991701244813278,1.3,18.59347181008902
2026-02-07,Google,26-35,North India,Mobile,Image,21,42184,2,0.075545831279724,3186,0.9,2867.4,0.0564623626477745,176,402,0.98392,0.07552626588279916,0.05524168236032643,0.9,16.292045454545455
2026-02-08,Instagram,26-35,North India,Mobile,Image,23,53186,2,0.0340191154268972,1809,1.3,2351.7000000000003,0.1243559862963688,220,403,0.98388,0.034012710111683525,0.12161415146489774,1.3,10.689545454545456
2026-02-09,Google,26-35,West India,Desktop,Text,14,81290,2,0.0596110921062269,4845,0.9,4360.5,0.1422079061613703,676,404,0.98384,0.059601426989789645,0.1395252837977296,0.9,6.450443786982248
2026-02-10,Instagram,36-50,North India,Desktop,Image,11,79603,2,0.0276114755053341,2197,1.3,2856.1,0.053233348509678,114,405,0.9838,0.027599462331821666,0.05188893946290396,1.3,25.053508771929824
2026-02-11,Google,18-25,North India,Mobile,Video,13,17609,2,0.0371018674088151,653,0.9,587.7,0.1396449329201215,89,406,0.98376,0.03708330967119087,0.1362940275650842,0.9,6.603370786516854
2026-02-12,Google,36-50,West India,Mobile,Video,10,94517,2,0.0524008927660146,4952,0.9,4456.8,0.0622698345582214,302,407,0.98372,0.0523926912618894,0.06098546042003231,0.9,14.757615894039736
2026-02-13,Instagram,18-25,North India,Mobile,Text,20,86099,2,0.1148083092551947,9884,1.3,12849.2,0.1241150208205437,1205,408,0.98368,0.11479808127852821,0.12191420477539458,1.3,10.663236514522822
2026-02-14,Google,18-25,South India,Mobile,Text,8,75539,2,0.0292569766013934,2210,0.9,1989.0,0.1564281440865358,339,409,0.98364,0.02925641059585115,0.15339366515837105,0.9,5.867256637168142
2026-02-15,Google,36-50,North India,Mobile,Text,19,28068,2,0.0431615828725704,1211,0.9,1089.9,0.1033851959795221,122,410,0.9836,0.04314521875445347,0.10074318744838975,0.9,8.93360655737705
2026-02-16,Instagram,26-35,West India,Mobile,Image,7,47996,2,0.0496693660661083,2383,1.3,3097.9,0.1363680343557791,318,411,0.98356,0.04964997083090258,0.13344523709609735,1.3,9.74182389937107
2026-02-17,Instagram,26-35,South India,Mobile,Video,11,62446,2,0.0655270996775568,4091,1.3,5318.3,0.0630446586603017,252,412,0.98352,0.065512602888896,0.06159863114153019,1.3,21.10436507936508
2026-02-18,Instagram,18-25,North India,Mobile,Video,2,70759,2,0.0823814654058594,5829,1.3,7577.7,0.0572471590270188,327,413,0.98348,0.08237821337215054,0.056098816263510036,1.3,23.173394495412843
2026-02-19,Instagram,36-50,South India,Desktop,Video,20,90440,2,0.0467795722069117,4230,1.3,5499.0,0.0860031187474546,356,414,0.98344,0.046771340114993364,0.08416075650118203,1.3,15.446629213483146
2026-02-20,Google,26-35,South India,Mobile,Text,14,37834,2,0.0263035571120422,995,0.9,895.5,0.0732441463737427,70,415,0.9834,0.026299096051170905,0.07035175879396985,0.9,12.792857142857143
2026-02-21,Google,26-35,North India,Mobile,Text,7,21746,2,0.0649773259394078,1412,0.9,1270.8,0.1182017340087454,163,416,0.98336,0.06493148165179803,0.11543909348441926,0.9,7.796319018404907
2026-02-22,Google,18-25,North India,Mobile,Image,6,97940,2,0.0728740525189153,7137,0.9,6423.3,0.0959120898527155,672,417,0.98332,0.07287114559934654,0.09415720891130727,0.9,9.558482142857143
2026-02-23,Instagram,18-25,West India,Mobile,Text,16,22407,2,0.0724140308311448,1622,1.3,2108.6,0.0433117127228568,68,418,0.98328,0.07238809300664971,0.04192355117139334,1.3,31.008823529411764
2026-02-24,Instagram,36-50,West India,Desktop,Video,11,87229,2,0.0803689716501725,7010,1.3,9113.0,0.191244370463827,1317,419,0.98324,0.0803631819692992,0.18787446504992866,1.3,6.91951404707669
2026-02-25,Instagram,18-25,South India,Mobile,Image,19,99550,2,0.096508474419406,9607,1.3,12489.1,0.197049312196852,1861,420,0.9832,0.09650426921145153,0.19371291766420318,1.3,6.710961848468566
2026-02-26,Instagram,26-35,West India,Desktop,Text,17,88657,2,0.0619399161580604,5491,1.3,7138.3,0.0881481288319021,475,421,0.98316,0.06193532377590038,0.08650519031141868,1.3,15.028
2026-02-27,Google,26-35,South India,Mobile,Text,17,27403,2,0.0615128912874465,1685,0.9,1516.5,0.1043899083298423,172,422,0.98312,0.061489617925044704,0.10207715133531158,0.9,8.81686046511628
2026-02-28,Google,26-35,South India,Desktop,Video,14,12637,2,0.0513773552639949,649,0.9,584.1,0.0673085443643383,42,423,0.98308,0.051357125900134526,0.06471494607087827,0.9,13.907142857142858
2026-03-01,Google,26-35,West India,Desktop,Image,22,9612,3,0.0403429262476765,387,0.9,348.3,0.1029846843566438,38,424,0.98304,0.040262172284644196,0.09819121447028424,0.9,9.16578947368421
2026-03-02,Google,36-50,West India,Mobile,Text,2,31410,3,0.0286611201163466,900,0.9,810.0,0.0860691907096162,75,425,0.983,0.02865329512893983,0.08333333333333333,0.9,10.8
2026-03-03,Google,36-50,West India,Mobile,Text,18,6160,3,0.0398547601586174,245,0.9,220.5,0.1638221090492859,39,426,0.98296,0.03977272727272727,0.15918367346938775,0.9,5.653846153846154
2026-03-04,Instagram,18-25,North India,Desktop,Image,14,61108,3,0.0489318962479737,2990,1.3,3887.0,0.1384211297901465,405,427,0.98292,0.04892976369706094,0.1354515050167224,1.3,9.59753086419753
2026-03-05,Google,18-25,South India,Mobile,Image,15,8728,3,0.0613175962193068,535,0.9,481.5,0.1809018273458285,94,428,0.98288,0.061296975252062326,0.17570093457943925,0.9,5.122340425531915
2026-03-06,Google,18-25,South India,Mobile,Text,21,70774,3,0.081885511385721,5795,0.9,5215.5,0.0596185319656188,339,429,0.98284,0.08188035154152655,0.05849870578084556,0.9,15.38495575221239
2026-03-07,Google,36-50,South India,Mobile,Text,21,93300,3,0.094312089363272,8799,0.9,7919.1,0.1011733017021283,874,430,0.9828,0.09430868167202572,0.09932946925787021,0.9,9.06075514874142
2026-03-08,Instagram,26-35,West India,Mobile,Video,16,64594,3,0.1037096128233144,6699,1.3,8708.7,0.0881989578663762,579,431,0.98276,0.10370932284732329,0.0864308105687416,1.3,15.040932642487048
2026-03-09,Instagram,18-25,West India,Mobile,Image,0,19464,3,0.06925188279429,1347,1.3,1751.1,0.1764691026557572,232,432,0.98272,0.06920468557336622,0.17223459539717892,1.2999999999999998,7.547844827586206
2026-03-10,Google,26-35,West India,Mobile,Text,10,32943,3,0.0277126326988296,912,0.9,820.8000000000001,0.057345543921246,51,433,0.98268,0.027684181768509245,0.05592105263157895,0.9,16.094117647058823
2026-03-11,Google,18-25,West India,Mobile,Text,5,31838,3,0.0801702561522392,2552,0.9,2296.8,0.0948482425674742,237,434,0.98264,0.08015578868019348,0.09286833855799373,0.9,9.69113924050633
2026-03-12,Instagram,18-25,West India,Mobile,Text,22,6919,3,0.0741030538262606,512,1.3,665.6,0.0444228218815664,21,435,0.9826,0.07399913282266224,0.041015625,1.3,31.695238095238096
2026-03-13,Google,18-25,North India,Desktop,Text,8,38092,3,0.0478835375789417,1823,0.9,1640.7,0.1144076669552955,204,436,0.98256,0.04785781791452273,0.11190345584201865,0.9,8.04264705882353
2026-03-14,Instagram,18-25,West India,Mobile,Video,19,8797,3,0.0915876069876551,805,1.3,1046.5,0.1418596937903462,112,437,0.98252,0.09150846879618052,0.1391304347826087,1.3,9.34375
2026-03-15,Instagram,18-25,South India,Desktop,Image,15,52887,3,0.0502666732024226,2658,1.3,3455.4,0.1327555712513549,345,438,0.98248,0.0502580974530603,0.12979683972911965,1.3,10.015652173913043
2026-03-16,Google,26-35,West India,Desktop,Text,5,89003,3,0.0252964158771976,2251,0.9,2025.9,0.0507019153964635,111,439,0.98244,0.025291282316326415,0.04931141714793425,0.9,18.251351351351353
2026-03-17,Google,18-25,South India,Desktop,Image,11,90272,3,0.0445409384017165,4020,0.9,3618.0,0.1354684127757714,534,440,0.9824,0.044532080822403404,0.1328358208955224,0.9,6.775280898876405
2026-03-18,Instagram,26-35,West India,Desktop,Image,18,75557,3,0.0747825797182359,5650,1.3,7345.0,0.1308226575805135,725,441,0.98236,0.07477798218563468,0.12831858407079647,1.3,10.13103448275862
2026-03-19,Google,36-50,West India,Desktop,Text,12,4058,3,0.0522053543503964,211,0.9,189.9,0.1634357673460628,33,442,0.98232,0.05199605717102021,0.15639810426540285,0.9,5.754545454545455
2026-03-20,Google,18-25,South India,Desktop,Text,12,75577,3,0.0513473483231163,3880,0.9,3492.0,0.04592373416628,174,443,0.98228,0.05133837013906347,0.04484536082474227,0.9,20.06896551724138
2026-03-21,Instagram,26-35,South India,Mobile,Text,3,67689,3,0.0693239491085749,4692,1.3,6099.6,0.1740015326306902,801,444,0.98224,0.06931702344546381,0.1707161125319693,1.3,7.61498127340824
2026-03-22,Instagram,36-50,South India,Mobile,Video,8,78557,3,0.0704219613489546,5532,1.3,7191.6,0.1555658630083325,844,445,0.9822,0.07042020443754217,0.15256688358640635,1.3,8.52085308056872
2026-03-23,Instagram,36-50,South India,Desktop,Text,13,28258,3,0.0640607179023581,1810,1.3,2353.0,0.0713943905254453,126,446,0.98216,0.06405265765446953,0.06961325966850829,1.3,18.674603174603174
2026-03-24,Instagram,36-50,North India,Mobile,Image,13,20359,3,0.0452884141728416,922,1.3,1198.6,0.1391693919357642,125,447,0.98212,0.045287096615747334,0.13557483731019523,1.2999999999999998,9.588799999999999
2026-03-25,Google,26-35,South India,Desktop,Image,16,92714,3,0.0557551142867641,5169,0.9,4652.1,0.1359886456026514,689,448,0.98208,0.0557520978493,0.13329464112981235,0.9,6.751959361393324
2026-03-26,Google,18-25,West India,Desktop,Video,4,13914,3,0.0573859021134982,798,0.9,718.2,0.0947043270362137,73,449,0.98204,0.05735230702889176,0.09147869674185463,0.9,9.838356164383562
2026-03-27,Instagram,18-25,West India,Mobile,Text,22,8536,3,0.0469170684083614,400,1.3,520.0,0.1194516341198757,46,450,0.982,0.046860356138706656,0.115,1.3,11.304347826086957
2026-03-28,Instagram,26-35,North India,Desktop,Text,18,56071,3,0.0568444992993992,3187,1.3,4143.1,0.0943825302306155,294,451,0.98196,0.056838650996058566,0.09224976466896768,1.3,14.0921768707483
2026-03-29,Google,18-25,South India,Mobile,Video,1,34748,3,0.0489570967867914,1701,0.9,1530.9,0.198142891620618,330,452,0.98192,0.04895245769540693,0.19400352733686066,0.9,4.63909090909091
2026-03-30,Instagram,26-35,West India,Mobile,Video,12,40448,3,0.0777510163341067,3144,1.3,4087.2,0.1801414163183117,555,453,0.98188,0.07772943037974683,0.1765267175572519,1.3,7.364324324324324
2026-03-31,Google,18-25,North India,Mobile,Text,10,47132,3,0.03591613435972,1692,0.9,1522.8,0.0943269489956009,156,454,0.98184,0.035899176780106935,0.09219858156028368,0.9,9.76153846153846
2026-04-01,Google,36-50,West India,Mobile,Text,1,77022,4,0.0527808544474918,4065,0.9,3658.5,0.0966056989196104,384,455,0.9818,0.05277712861260419,0.09446494464944649,0.9,9.52734375
2026-04-02,Google,18-25,North India,Mobile,Image,0,3384,4,0.0588429997605863,199,0.9,179.1,0.055693780931752,10,456,0.98176,0.05880614657210402,0.05025125628140704,0.9,17.91
2026-04-03,Google,26-35,North India,Mobile,Text,20,45312,4,0.048694341255122,2206,0.9,1985.4,0.1057552294793679,228,457,0.98172,0.04868467514124294,0.10335448776065277,0.9,8.707894736842105
2026-04-04,Google,26-35,South India,Mobile,Text,2,77323,4,0.0862495089956847,6669,0.9,6002.1,0.0830685087692102,542,458,0.98168,0.08624859356207079,0.08127155495576548,0.9,11.0739852398524
2026-04-05,Google,36-50,North India,Desktop,Image,11,35134,4,0.0602746828452375,2117,0.9,1905.3,0.0540982953542539,111,459,0.98164,0.06025502362384016,0.052432687765706185,0.9,17.164864864864864
2026-04-06,Google,26-35,West India,Mobile,Image,6,84182,4,0.0451280126941046,3798,0.9,3418.2000000000003,0.1035038787134891,385,460,0.9816,0.04511653322563018,0.10136914165350185,0.9,8.878441558441558
2026-04-07,Instagram,18-25,West India,Mobile,Image,0,61120,4,0.0598375955914132,3657,1.3,4754.1,0.0626947951462712,224,461,0.98156,0.05983311518324607,0.06125239267158873,1.3,21.223660714285717
2026-04-08,Instagram,18-25,South India,Mobile,Image,8,61592,4,0.0654374745258966,4030,1.3,5239.0,0.1599362888771995,632,462,0.98152,0.06543057539940252,0.15682382133995038,1.3,8.289556962025317
2026-04-09,Instagram,36-50,South India,Desktop,Video,17,72723,4,0.0564187250811955,4102,1.3,5332.6,0.1750536517907718,704,463,0.98148,0.05640581384156319,0.17162359824475865,1.3,7.5747159090909095
2026-04-10,Instagram,26-35,North India,Desktop,Image,23,75031,4,0.0352741358116661,2646,1.3,3439.8,0.1720716679844155,446,464,0.98144,0.035265423624901704,0.16855631141345426,1.3,7.712556053811659
2026-04-11,Google,36-50,South India,Mobile,Video,19,10885,4,0.0715309259587687,778,0.9,700.2,0.12271041463744,93,465,0.9814,0.0714745062011943,0.11953727506426735,0.9,7.529032258064516
2026-04-12,Google,18-25,West India,Mobile,Image,5,19700,4,0.0331646484512979,653,0.9,587.7,0.1104168829989604,70,466,0.98136,0.033147208121827414,0.10719754977029096,0.9,8.395714285714286
2026-04-13,Instagram,36-50,West India,Desktop,Image,8,16018,4,0.0405480054244646,649,1.3,843.7,0.1637436652912522,104,467,0.98132,0.040516918466724935,0.16024653312788906,1.3,8.1125
2026-04-14,Google,26-35,South India,Mobile,Image,22,96964,4,0.0590153984156525,5722,0.9,5149.8,0.2362961473387833,1326,468,0.98128,0.059011591931025946,0.2317371548409647,0.9,3.883710407239819
2026-04-15,Instagram,36-50,South India,Mobile,Text,7,95607,4,0.0828100555844344,7917,1.3,10292.1,0.1869069854996891,1451,469,0.98124,0.08280774420283034,0.1832764936213212,1.3,7.093108201240524
2026-04-16,Google,26-35,South India,Mobile,Video,22,58061,4,0.0512141553286446,2973,0.9,2675.7000000000003,0.1788581294788256,521,470,0.9812,0.051204767399803654,0.17524386141944165,0.9000000000000001,5.13570057581574
2026-04-17,Instagram,26-35,North India,Mobile,Image,17,32322,4,0.0953188318337421,3080,1.3,4004.0,0.1538003884203115,464,471,0.98116,0.09529113297444465,0.15064935064935064,1.3,8.629310344827585
2026-04-18,Google,18-25,North India,Desktop,Text,14,51073,4,0.0370549009055444,1892,0.9,1702.8,0.1109205828232973,205,472,0.98112,0.03704501399956924,0.1083509513742072,0.9,8.306341463414634
2026-04-19,Instagram,18-25,West India,Mobile,Video,0,73650,4,0.1005911743944699,7408,1.3,9630.4,0.1452567952319395,1055,473,0.98108,0.10058384249830278,0.14241360691144708,1.3,9.128341232227488
2026-04-20,Google,18-25,North India,Mobile,Video,13,73110,4,0.058913598740183,4307,0.9,3876.3,0.1700720535003745,718,474,0.98104,0.05891122965394611,0.1667053633619689,0.9,5.39874651810585
2026-04-21,Instagram,26-35,North India,Mobile,Text,17,25996,4,0.0886850641487796,2305,1.3,2996.5,0.0911924849076669,206,475,0.981,0.08866748730573934,0.0893709327548807,1.3,14.54611650485437
2026-04-22,Google,36-50,North India,Desktop,Video,18,93290,4,0.0711460139739826,6637,0.9,5973.3,0.1083816738915279,705,476,0.98096,0.07114374531032265,0.10622269097483802,0.9,8.472765957446809
2026-04-23,Instagram,26-35,North India,Desktop,Text,18,70345,4,0.125510432580503,8829,1.3,11477.7,0.1344917216540765,1164,477,0.98092,0.12550998649513115,0.13183826027862725,1.3,9.860567010309278
2026-04-24,Instagram,18-25,West India,Desktop,Image,9,47304,4,0.0966176308351203,4570,1.3,5941.0,0.1944915333639569,871,478,0.98088,0.09660916624386943,0.19059080962800876,1.3,6.82089552238806
2026-04-25,Google,18-25,South India,Mobile,Text,19,84086,4,0.0360540416500851,3031,0.9,2727.9,0.0901228579944359,267,479,0.98084,0.03604642865637561,0.08808973935994721,0.9,10.21685393258427
2026-04-26,Instagram,36-50,West India,Mobile,Video,20,30249,4,0.0482271732656733,1458,1.3,1895.4,0.2001093501361596,285,480,0.9808,0.048199940493900625,0.19547325102880658,1.3,6.650526315789474
2026-04-27,Instagram,18-25,North India,Desktop,Video,5,87949,4,0.0650685171080348,5722,1.3,7438.6,0.1378433195869483,772,481,0.98076,0.06506043275079876,0.13491786088780147,1.3,9.635492227979276
2026-04-28,Google,18-25,South India,Mobile,Image,16,71223,4,0.0504251824511381,3591,0.9,3231.9,0.1086253148717105,382,482,0.98072,0.050419106187607934,0.10637705374547479,0.9,8.460471204188481
2026-04-29,Instagram,18-25,South India,Desktop,Text,13,22123,4,0.0412674441485736,912,1.3,1185.6,0.1424441125095638,126,483,0.98068,0.041224065452244274,0.13815789473684212,1.2999999999999998,9.409523809523808
2026-04-30,Instagram,36-50,South India,Mobile,Image,12,34095,4,0.0771651845712289,2630,1.3,3419.0,0.2264037926227196,583,484,0.98064,0.07713741017744537,0.22167300380228136,1.3,5.864493996569468
2026-05-01,Instagram,26-35,West India,Mobile,Text,7,93971,5,0.0477628422443531,4488,1.3,5834.400000000001,0.0758512862778837,333,485,0.9806,0.047759415138713006,0.07419786096256685,1.3,17.52072072072072
2026-05-02,Google,18-25,South India,Mobile,Text,21,88158,5,0.0792650102624077,6987,0.9,6288.3,0.1368158406553254,936,486,0.98056,0.07925542775471313,0.13396307428080723,0.9,6.718269230769231
2026-05-03,Google,36-50,West India,Desktop,Text,9,76821,5,0.0335756768654769,2579,0.9,2321.1,0.0714490718147943,180,487,0.98052,0.03357154944611499,0.06979449398991858,0.8999999999999999,12.895
2026-05-04,Instagram,18-25,West India,Desktop,Image,8,61185,5,0.0349841400826886,2140,1.3,2782.0,0.1525415733654251,319,488,0.98048,0.034975892784179126,0.14906542056074767,1.3,8.721003134796238
2026-05-05,Instagram,36-50,North India,Mobile,Image,4,91463,5,0.068016277460723,6220,1.3,8086.0,0.1390779683444333,848,489,0.98044,0.06800564162557537,0.13633440514469453,1.3,9.535377358490566
2026-05-06,Google,18-25,North India,Mobile,Video,22,54884,5,0.071465333680614,3922,0.9,3529.8,0.1677949903513647,645,490,0.9804,0.07145980613657897,0.1644569097399286,0.9,5.472558139534884
2026-05-07,Instagram,36-50,South India,Desktop,Image,3,6291,5,0.0579066421608542,364,1.3,473.2,0.1976470424722936,69,491,0.98036,0.05786043554283898,0.18956043956043955,1.3,6.857971014492754
2026-05-08,Google,18-25,South India,Mobile,Text,5,42193,5,0.0285925821417236,1206,0.9,1085.4,0.0557937501494596,65,492,0.98032,0.02858294029815372,0.0538971807628524,0.9,16.69846153846154
2026-05-09,Google,26-35,North India,Desktop,Text,5,4122,5,0.053035489797027,218,0.9,196.2,0.0762582753045206,15,493,0.98028,0.052886948083454635,0.06880733944954129,0.8999999999999999,13.08
2026-05-10,Google,18-25,West India,Mobile,Text,12,5876,5,0.0423807537019393,249,0.9,224.1,0.1090666478323514,26,494,0.98024,0.04237576582709326,0.10441767068273092,0.9,8.61923076923077
2026-05-11,Google,36-50,West India,Mobile,Image,3,85648,5,0.0593660467914251,5084,0.9,4575.6,0.122666566142096,610,495,0.9802,0.05935923781057351,0.11998426435877262,0.9,7.500983606557377
2026-05-12,Instagram,18-25,North India,Mobile,Video,21,75660,5,0.0589645101191091,4461,1.3,5799.3,0.1701890403031516,743,496,0.98016,0.05896114195083267,0.16655458417395202,1.3,7.805248990578735
2026-05-13,Google,26-35,West India,Mobile,Image,7,58147,5,0.0656475996592701,3817,0.9,3435.3,0.0465673414444227,173,497,0.98012,0.06564397131408327,0.04532355252816348,0.9,19.85722543352601
2026-05-14,Instagram,18-25,North India,Mobile,Video,4,2823,5,0.0851326902322086,240,1.3,312.0,0.1581261665363752,36,498,0.98008,0.08501594048884166,0.15,1.3,8.666666666666666
2026-05-15,Instagram,36-50,North India,Mobile,Image,1,53652,5,0.0400480550335607,2148,1.3,2792.4,0.1361172862307711,286,499,0.98004,0.040035786177588906,0.13314711359404097,1.3,9.763636363636364
2026-05-16,Instagram,36-50,South India,Mobile,Text,8,59204,5,0.0843661733418256,4994,1.3,6492.2,0.0453981360780314,221,500,0.98,0.08435240862103911,0.04425310372446936,1.3,29.376470588235293
2026-05-17,Google,26-35,South India,Mobile,Video,10,51382,5,0.0311399645409034,1600,0.9,1440.0,0.1523484996164484,238,501,0.97996,0.03113930948581215,0.14875,0.9,6.050420168067227
2026-05-18,Google,36-50,North India,Mobile,Image,19,11387,5,0.0904176594745175,1029,0.9,926.1,0.0705840296970475,70,502,0.97992,0.09036620707824712,0.06802721088435375,0.9,13.23
2026-05-19,Instagram,18-25,South India,Desktop,Text,19,52175,5,0.0790012080513883,4121,1.3,5357.3,0.142333008513507,574,503,0.97988,0.07898418782942022,0.13928658092695947,1.3,9.333275261324042
2026-05-20,Instagram,18-25,North India,Mobile,Video,10,19980,5,0.0621956718732842,1242,1.3,1614.6,0.0535183315485232,64,504,0.97984,0.062162162162162166,0.05152979066022544,1.2999999999999998,25.228125
2026-05-21,Google,18-25,West India,Mobile,Video,6,25224,5,0.032818618347539,827,0.9,744.3000000000001,0.0725555767457221,58,505,0.9798,0.03278623533143039,0.07013301088270858,0.9000000000000001,12.832758620689656
2026-05-22,Instagram,36-50,West India,Mobile,Text,13,8121,5,0.0736697688303589,598,1.3,777.4,0.0464299987834948,26,506,0.97976,0.07363625169314124,0.043478260869565216,1.3,29.9
2026-05-23,Instagram,18-25,West India,Mobile,Text,5,68966,5,0.0923705495049862,6370,1.3,8281.0,0.0417609069487385,260,507,0.97972,0.09236435344952586,0.04081632653061224,1.3,31.85
2026-05-24,Instagram,18-25,West India,Desktop,Image,3,74490,5,0.0620917887456951,4625,1.3,6012.5,0.1240103128224319,561,508,0.97968,0.06208887098939455,0.1212972972972973,1.3,10.7174688057041
2026-05-25,Instagram,18-25,North India,Mobile,Image,5,12881,5,0.0786675933656334,1013,1.3,1316.9,0.1535167407006842,151,509,0.97964,0.07864296250291126,0.14906219151036526,1.3,8.721192052980133
2026-05-26,Instagram,26-35,West India,Desktop,Text,2,83453,5,0.047973446157624,4003,1.3,5203.900000000001,0.0948058018350799,371,510,0.9796,0.04796711921680467,0.09268048963277542,1.3,14.026684636118599
2026-05-27,Google,36-50,West India,Mobile,Image,22,84176,5,0.0749733180681254,6310,0.9,5679.0,0.0694814130679856,429,511,0.97956,0.07496198441360959,0.06798732171156893,0.9,13.237762237762238
2026-05-28,Instagram,36-50,West India,Mobile,Text,5,51809,5,0.0855703896734811,4433,1.3,5762.900000000001,0.0749117559505446,325,512,0.97952,0.08556428419772627,0.07331378299120235,1.3,17.732000000000003
2026-05-29,Instagram,36-50,West India,Mobile,Text,2,78621,5,0.0330371248168407,2597,1.3,3376.1,0.0768835804263364,194,513,0.97948,0.03303188715483141,0.07470157874470543,1.3,17.40257731958763
2026-05-30,Google,26-35,North India,Desktop,Image,0,92795,5,0.04646573913579,4311,0.9,3879.9,0.0980675078893513,413,514,0.97944,0.04645724446360257,0.09580143818139643,0.9,9.394430992736078
2026-05-31,Google,36-50,West India,Desktop,Image,20,24097,5,0.0448583851229047,1080,0.9,972.0,0.0988753712329891,103,515,0.9794,0.04481885711914346,0.09537037037037037,0.9,9.436893203883495
2026-06-01,Google,26-35,South India,Mobile,Video,17,3978,6,0.0274944194093598,109,0.9,98.1,0.1679873138697422,17,516,0.97936,0.027400703871292106,0.1559633027522936,0.8999999999999999,5.770588235294118
2026-06-02,Instagram,26-35,South India,Desktop,Video,22,5332,6,0.0531352697037239,283,1.3,367.9,0.1098349807471696,30,517,0.97932,0.053075768942235556,0.10600706713780919,1.2999999999999998,12.263333333333332
2026-06-03,Instagram,36-50,South India,Mobile,Image,22,86573,6,0.0994361752606533,8608,1.3,11190.4,0.1387918369683789,1169,518,0.97928,0.09943053838956718,0.1358039033457249,1.3,9.572626176218991
2026-06-04,Google,18-25,South India,Desktop,Image,3,16089,6,0.0228607998130276,367,0.9,330.3,0.1217929558805779,43,519,0.97924,0.022810615948784883,0.11716621253405994,0.9,7.68139534883721
2026-06-05,Instagram,18-25,South India,Mobile,Image,5,57804,6,0.0723688877797228,4183,1.3,5437.900000000001,0.0488968443235603,199,520,0.9792,0.07236523423984499,0.04757351183361224,1.3,27.326130653266336
2026-06-06,Google,36-50,South India,Mobile,Video,16,65752,6,0.0219017138827197,1440,0.9,1296.0,0.2116176311050418,297,521,0.97916,0.021900474510281057,0.20625,0.9,4.363636363636363
2026-06-07,Instagram,36-50,North India,Mobile,Image,17,24484,6,0.0899473565152935,2202,1.3,2862.6,0.0585849166781701,126,522,0.97912,0.08993628492076458,0.05722070844686648,1.3,22.71904761904762
2026-06-08,Instagram,26-35,South India,Desktop,Video,5,61408,6,0.0512713353985506,3148,1.3,4092.4,0.1294304059486834,398,523,0.97908,0.051263678999478896,0.12642947903430748,1.3,10.282412060301509
2026-06-09,Instagram,36-50,West India,Desktop,Video,1,80544,6,0.077352983264204,6230,1.3,8099.0,0.1968365133160473,1200,524,0.97904,0.07734902661899086,0.1926163723916533,1.3,6.7491666666666665
2026-06-10,Google,26-35,South India,Desktop,Video,11,55018,6,0.0423963488910808,2332,0.9,2098.8,0.0935818168439651,213,525,0.979,0.04238612817623323,0.09133790737564322,0.9000000000000001,9.853521126760564
2026-06-11,Google,36-50,North India,Desktop,Video,11,19148,6,0.0264028952757338,505,0.9,454.5,0.0466805888496136,22,526,0.97896,0.026373511593900147,0.04356435643564356,0.9,20.65909090909091
2026-06-12,Google,18-25,South India,Mobile,Text,3,4830,6,0.0323950078748141,156,0.9,140.4,0.0964701459788483,14,527,0.97892,0.03229813664596273,0.08974358974358974,0.9,10.028571428571428
2026-06-13,Google,18-25,West India,Desktop,Image,15,69494,6,0.0429155136450799,2982,0.9,2683.8,0.0677828490733483,197,528,0.97888,0.042910179296054334,0.06606304493628437,0.9,13.623350253807107
2026-06-14,Instagram,36-50,West India,Desktop,Image,19,26998,6,0.0476521268993019,1286,1.3,1671.8,0.1154096605862158,144,529,0.97884,0.04763315801170457,0.1119751166407465,1.3,11.609722222222222
2026-06-15,Instagram,26-35,North India,Mobile,Text,9,68076,6,0.0591456285672044,4026,1.3,5233.8,0.1184403685312035,465,530,0.9788,0.05913978494623656,0.11549925484351714,1.3,11.255483870967742
2026-06-16,Instagram,18-25,North India,Mobile,Image,9,31677,6,0.0591790041691068,1874,1.3,2436.2000000000003,0.1006926363416964,184,531,0.97876,0.05915964264292704,0.09818569903948772,1.3,13.24021739130435
2026-06-17,Instagram,26-35,North India,Mobile,Video,6,30101,6,0.093265799903026,2807,1.3,3649.1,0.1411193492712222,387,532,0.97872,0.09325271585661606,0.13786961168507303,1.3,9.429198966408268
2026-06-18,Instagram,36-50,North India,Desktop,Text,13,8053,6,0.0317602517394433,255,1.3,331.5,0.102228101930874,25,533,0.97868,0.03166521793120576,0.09803921568627451,1.3,13.26
2026-06-19,Instagram,36-50,South India,Desktop,Video,6,6670,6,0.0655637826580132,437,1.3,568.1,0.1942130362239858,82,534,0.97864,0.06551724137931035,0.18764302059496568,1.3,6.9280487804878055
2026-06-20,Instagram,18-25,South India,Desktop,Text,11,11281,6,0.0843782212272731,951,1.3,1236.3,0.1210771383305105,112,535,0.9786,0.08430103714209733,0.11777076761303891,1.3,11.038392857142856
2026-06-21,Instagram,36-50,West India,Desktop,Video,10,84658,6,0.0269897080838859,2284,1.3,2969.2000000000003,0.2013970754259364,449,536,0.97856,0.026979139596966618,0.19658493870402802,1.3,6.612917594654789
2026-06-22,Google,18-25,North India,Desktop,Image,16,54341,6,0.0270550626403915,1470,0.9,1323.0,0.0937422918278415,134,537,0.97852,0.027051397655545536,0.09115646258503401,0.9,9.873134328358208
2026-06-23,Google,26-35,North India,Desktop,Image,10,69069,6,0.0300685667274513,2076,0.9,1868.4,0.0424501454951383,86,538,0.97848,0.030056899622117012,0.041425818882466284,0.9,21.72558139534884
2026-06-24,Google,18-25,South India,Desktop,Image,20,11756,6,0.0653628963414999,768,0.9,691.2,0.0994461359794529,74,539,0.97844,0.06532834297380061,0.09635416666666667,0.9,9.340540540540541
2026-06-25,Instagram,18-25,North India,Mobile,Text,2,66075,6,0.1016650292980638,6717,1.3,8732.1,0.1208858020858501,793,540,0.9784,0.1016572077185017,0.11805865713860354,1.3,11.011475409836066
2026-06-26,Instagram,26-35,West India,Mobile,Image,18,55421,6,0.1247879436158288,6915,1.3,8989.5,0.0556979978983876,376,541,0.97836,0.12477219826419589,0.05437454808387563,1.3,23.908244680851062
2026-06-27,Google,18-25,West India,Mobile,Text,21,61108,6,0.0736399516327493,4499,0.9,4049.1,0.1154980003342138,507,542,0.97832,0.07362374811808602,0.11269170926872639,0.9,7.9863905325443785
2026-06-28,Instagram,18-25,North India,Desktop,Video,3,66323,6,0.0775374067490751,5142,1.3,6684.6,0.1245369903062525,626,543,0.97828,0.07752966542526725,0.12174251264099573,1.3,10.678274760383387
2026-06-29,Instagram,36-50,West India,Mobile,Image,7,91610,6,0.0402991375726156,3691,1.3,4798.3,0.1577885909111594,569,544,0.97824,0.040290361314267,0.1541587645624492,1.3,8.43286467486819
2026-06-30,Google,26-35,West India,Mobile,Video,13,85338,6,0.0505819615557007,4316,0.9,3884.4,0.1622978708082249,684,545,0.9782,0.050575359160045935,0.15848007414272475,0.9,5.678947368421053
2026-07-01,Google,18-25,South India,Mobile,Image,19,93858,7,0.0649732323721608,6098,0.9,5488.2,0.1457207130271721,868,546,0.97816,0.06497048733192695,0.14234175139389965,0.9,6.322811059907834
2026-07-02,Instagram,26-35,West India,Mobile,Video,23,18048,7,0.063428632896745,1144,1.3,1487.2,0.19699549212212,220,547,0.97812,0.06338652482269504,0.19230769230769232,1.3,6.76
2026-07-03,Google,26-35,North India,Mobile,Text,13,53606,7,0.0680242470436673,3646,0.9,3281.4,0.1349742627804832,481,548,0.97808,0.06801477446554491,0.1319253976961053,0.9,6.822037422037422
2026-07-04,Instagram,18-25,North India,Mobile,Image,15,10876,7,0.0397359754032921,432,1.3,561.6,0.0891939216898956,37,549,0.97804,0.03972048547260022,0.08564814814814815,1.3,15.17837837837838
2026-07-05,Google,36-50,West India,Mobile,Text,14,59075,7,0.0764093384844841,4513,0.9,4061.7,0.1444138301094423,636,550,0.978,0.07639441388066018,0.1409262131619765,0.8999999999999999,6.386320754716981
2026-07-06,Instagram,26-35,North India,Mobile,Text,11,16171,7,0.0819001712458428,1324,1.3,1721.2,0.0384836091105915,48,551,0.97796,0.08187496135056582,0.03625377643504532,1.3,35.858333333333334
2026-07-07,Instagram,18-25,South India,Mobile,Video,15,43204,7,0.1002608541660641,4331,1.3,5630.3,0.1937223128334892,820,552,0.97792,0.10024534765299509,0.1893327176171785,1.3,6.866219512195122
2026-07-08,Instagram,26-35,West India,Mobile,Image,19,6166,7,0.1162638702280632,716,1.3,930.8,0.0871143318961956,60,553,0.97788,0.11612066169315602,0.08379888268156424,1.3,15.513333333333332
2026-07-09,Instagram,36-50,West India,Mobile,Text,18,76902,7,0.1103781730691857,8488,1.3,11034.4,0.0920002365223195,762,554,0.97784,0.11037424254245663,0.08977379830348728,1.3,14.480839895013123
2026-07-10,Google,36-50,West India,Mobile,Video,4,86794,7,0.0620020157366305,5381,0.9,4842.900000000001,0.1884059808503726,990,555,0.9778,0.06199737309030578,0.1839806727374094,0.9000000000000001,4.8918181818181825
2026-07-11,Google,36-50,North India,Mobile,Video,11,44734,7,0.0647768155365714,2897,0.9,2607.3,0.147271380328984,416,556,0.97776,0.06476058479009254,0.14359682430100104,0.9,6.267548076923077
2026-07-12,Google,18-25,North India,Mobile,Video,4,79519,7,0.0689059397335372,5479,0.9,4931.1,0.1186155675155352,634,557,0.97772,0.06890177190357022,0.11571454645008213,0.9,7.7777602523659315
2026-07-13,Instagram,18-25,West India,Desktop,Image,9,92251,7,0.0341151642967759,3147,1.3,4091.1,0.0629506539896523,193,558,0.97768,0.03411345134470087,0.06132824912615189,1.3,21.19740932642487
2026-07-14,Instagram,36-50,North India,Mobile,Image,16,97621,7,0.0594102458943325,5799,1.3,7538.7,0.1629222178028892,922,559,0.97764,0.059403202179858845,0.15899292981548543,1.3,8.17646420824295
2026-07-15,Instagram,18-25,North India,Mobile,Video,14,65441,7,0.08264983387273,5408,1.3,7030.400000000001,0.098663405255993,521,560,0.9776,0.08263932397121071,0.0963387573964497,1.3,13.494049904030712
2026-07-16,Google,36-50,West India,Mobile,Image,7,46078,7,0.0695604930136544,3205,0.9,2884.5,0.0541626133077531,169,561,0.97756,0.06955597031121143,0.05273010920436817,0.9,17.068047337278106
2026-07-17,Google,18-25,West India,Mobile,Video,7,28778,7,0.0234126113680877,673,0.9,605.7,0.1427766535234037,93,562,0.97752,0.023385919799847107,0.13818722139673106,0.9,6.512903225806452
2026-07-18,Google,36-50,North India,Mobile,Image,7,77926,7,0.058900423122942,4589,0.9,4130.1,0.0920352122311237,412,563,0.97748,0.058889202576803634,0.08977990847679233,0.9000000000000001,10.024514563106797
2026-07-19,Google,26-35,West India,Mobile,Image,9,21924,7,0.055092804226393,1207,0.9,1086.3,0.1226715624612227,144,564,0.97744,0.05505382229520161,0.11930405965202982,0.8999999999999999,7.543749999999999
2026-07-20,Instagram,36-50,West India,Mobile,Video,19,46832,7,0.0976348257149708,4572,1.3,5943.6,0.0872330336777621,389,565,0.9774,0.09762555517594806,0.08508311461067367,1.3,15.279177377892031
2026-07-21,Google,36-50,West India,Mobile,Video,12,67243,7,0.0731574843731577,4919,0.9,4427.1,0.1116264493357449,536,566,0.97736,0.07315259580922921,0.10896523683675544,0.9,8.259514925373136
2026-07-22,Google,18-25,West India,Mobile,Image,15,26048,7,0.0464954761613413,1211,0.9,1089.9,0.1761511723202929,208,567,0.97732,0.04649109336609337,0.1717588769611891,0.9,5.2399038461538465
2026-07-23,Instagram,18-25,North India,Desktop,Video,8,33815,7,0.045774328647783,1547,1.3,2011.1,0.1950711789623579,294,568,0.97728,0.045748927990536745,0.19004524886877827,1.3,6.84047619047619
2026-07-24,Google,18-25,West India,Mobile,Video,15,35682,7,0.0705538787526713,2517,0.9,2265.3,0.19321613296093,474,569,0.97724,0.07053976795022701,0.18831942789034564,0.9,4.779113924050633
2026-07-25,Google,18-25,South India,Desktop,Video,9,18489,7,0.0238554481888748,441,0.9,396.9,0.1967815353731938,84,570,0.9772,0.023852020120071395,0.19047619047619047,0.8999999999999999,4.725
2026-07-26,Instagram,18-25,West India,Mobile,Video,2,60234,7,0.1038202803759049,6253,1.3,8128.900000000001,0.0743020421778246,453,571,0.97716,0.10381180064415446,0.07244522629138014,1.3,17.94459161147903
2026-07-27,Google,18-25,South India,Mobile,Image,22,58701,7,0.0742041715622563,4355,0.9,3919.5,0.115907310851238,492,572,0.97712,0.07418953680516516,0.1129735935706085,0.9,7.966463414634147
2026-07-28,Instagram,26-35,West India,Mobile,Text,21,17951,7,0.0805114069246305,1445,1.3,1878.5,0.1206204315194421,170,573,0.97708,0.08049690825023675,0.11764705882352941,1.3,11.05
2026-07-29,Instagram,36-50,South India,Desktop,Image,13,51018,7,0.04289770565408,2188,1.3,2844.4,0.0843122051405889,179,574,0.97704,0.042886824258104986,0.08180987202925045,1.3,15.89050279329609
2026-07-30,Instagram,36-50,South India,Mobile,Video,12,12452,7,0.0330899472746516,412,1.3,535.6,0.0589121145914392,23,575,0.977,0.03308705428846771,0.055825242718446605,1.3,23.286956521739132
2026-07-31,Google,36-50,West India,Mobile,Video,3,29635,7,0.0588783714040847,1744,0.9,1569.6,0.1182406150864672,201,576,0.97696,0.05884933355829256,0.11525229357798165,0.8999999999999999,7.808955223880597
2026-08-01,Instagram,26-35,West India,Mobile,Image,3,99283,8,0.0871994646599028,8657,1.3,11254.1,0.0995197954971228,841,577,0.97692,0.08719518950877794,0.0971468176042509,1.3,13.381807372175981
2026-08-02,Google,36-50,West India,Mobile,Video,5,28933,8,0.0441328708899586,1276,0.9,1148.4,0.0589368432469452,73,578,0.97688,0.04410189057477621,0.05721003134796238,0.9,15.73150684931507
2026-08-03,Google,26-35,South India,Desktop,Image,23,35581,8,0.0378567990677871,1346,0.9,1211.4,0.0933747991874821,122,579,0.97684,0.03782917849414013,0.09063893016344725,0.9,9.929508196721311
2026-08-04,Google,26-35,North India,Mobile,Text,18,39281,8,0.0589320359615999,2314,0.9,2082.6,0.136000771758972,306,580,0.9768,0.058908887248287974,0.13223854796888504,0.8999999999999999,6.805882352941176
2026-08-05,Instagram,26-35,North India,Mobile,Video,10,22187,8,0.0558981362902843,1240,1.3,1612.0,0.0855473704032033,103,581,0.97676,0.05588858340469644,0.08306451612903226,1.3,15.650485436893204
2026-08-06,Google,36-50,West India,Mobile,Text,7,23953,8,0.0619726621938531,1484,0.9,1335.6,0.1017300182529048,146,582,0.97672,0.061954661211539266,0.09838274932614555,0.8999999999999999,9.147945205479452
2026-08-07,Google,26-35,North India,Mobile,Text,13,34818,8,0.0647263257498894,2253,0.9,2027.7,0.0874550578725436,192,583,0.97668,0.06470790970187834,0.085219707057257,0.9,10.5609375
2026-08-08,Instagram,36-50,North India,Mobile,Video,7,25702,8,0.1022311075344716,2627,1.3,3415.1,0.1831952746674403,469,584,0.97664,0.10220994475138122,0.1785306433193757,1.3,7.281663113006396
2026-08-09,Google,36-50,West India,Mobile,Video,13,7278,8,0.0661913680956409,481,0.9,432.9,0.1577964409496415,73,585,0.9766,0.06608958505083815,0.15176715176715178,0.8999999999999999,5.9301369863013695
2026-08-10,Google,18-25,South India,Mobile,Image,22,45566,8,0.0344618477207796,1570,0.9,1413.0,0.0683981422000018,104,586,0.97656,0.03445551507703112,0.06624203821656051,0.9,13.586538461538462
2026-08-11,Google,18-25,West India,Desktop,Image,6,60722,8,0.0556567949789027,3379,0.9,3041.1,0.0600016217580979,197,587,0.97652,0.05564704719870887,0.058301272565847884,0.9,15.43705583756345
2026-08-12,Google,26-35,North India,Mobile,Video,20,19036,8,0.0519604197525243,989,0.9,890.1,0.134574961513201,129,588,0.97648,0.05195419205715487,0.13043478260869565,0.9,6.9
2026-08-13,Google,26-35,South India,Desktop,Image,17,25583,8,0.0417949504093791,1069,0.9,962.1,0.0511558198027925,52,589,0.97644,0.04178556072391823,0.04864359214218896,0.9,18.501923076923077
2026-08-14,Google,36-50,North India,Mobile,Text,11,71244,8,0.0458578670272187,3267,0.9,2940.3,0.0767886734441055,244,590,0.9764,0.04585649317837292,0.07468625650443832,0.9,12.050409836065574
2026-08-15,Instagram,26-35,South India,Mobile,Text,13,10476,8,0.0860088060287119,901,1.3,1171.3,0.0896305502609312,78,591,0.97636,0.0860061092019855,0.08657047724750278,1.3,15.016666666666666
2026-08-16,Google,26-35,North India,Mobile,Video,14,71854,8,0.037698522681846,2708,0.9,2437.2000000000003,0.0769347661450634,203,592,0.97632,0.037687533053135526,0.07496307237813885,0.9000000000000001,12.005911330049262
2026-08-17,Google,36-50,West India,Desktop,Image,17,95805,8,0.0256477909859852,2457,0.9,2211.3,0.0821417093071739,196,593,0.97628,0.025645843118835134,0.07977207977207977,0.9,11.282142857142858
2026-08-18,Instagram,26-35,North India,Mobile,Video,11,39627,8,0.0797128097990572,3158,1.3,4105.400000000001,0.0982597393275938,302,594,0.97624,0.07969313851666793,0.09563014566181127,1.3000000000000003,13.59403973509934
2026-08-19,Google,26-35,North India,Mobile,Text,9,46441,8,0.0468269361487437,2174,0.9,1956.6,0.0336293096342236,71,595,0.9762,0.04681208414978144,0.03265869365225391,0.8999999999999999,27.557746478873238
2026-08-20,Instagram,36-50,South India,Mobile,Video,11,25754,8,0.1098133892492165,2828,1.3,3676.4,0.2017287313780645,556,596,0.97616,0.10980818513628951,0.1966053748231966,1.3,6.6122302158273385
2026-08-21,Google,36-50,North India,Desktop,Video,7,65751,8,0.0290244812646573,1908,0.9,1717.2,0.1984084213746635,368,597,0.97612,0.029018570059770953,0.1928721174004193,0.9,4.666304347826087
2026-08-22,Google,18-25,West India,Mobile,Video,5,20979,8,0.029348873709439,615,0.9,553.5,0.0965967760603917,57,598,0.97608,0.029315029315029315,0.09268292682926829,0.9,9.710526315789474
2026-08-23,Google,36-50,West India,Mobile,Video,23,71446,8,0.0280016677366409,2000,0.9,1800.0,0.0668135736856254,129,599,0.97604,0.02799316966660135,0.0645,0.9,13.953488372093023
2026-08-24,Google,18-25,West India,Mobile,Text,18,62161,8,0.0846424357579515,5261,0.9,4734.900000000001,0.1474727050390153,756,600,0.976,0.08463506056852367,0.14369891655578787,0.9000000000000001,6.2630952380952385
2026-08-25,Google,26-35,South India,Desktop,Video,0,37022,8,0.0483311678853908,1789,0.9,1610.1,0.1896538287101744,330,601,0.97596,0.048322618983307225,0.184460592509782,0.8999999999999999,4.879090909090909
2026-08-26,Google,36-50,South India,Desktop,Video,12,64257,8,0.0595691600341013,3827,0.9,3444.3,0.217483120740125,811,602,0.97592,0.05955771355649968,0.21191533838515808,0.9,4.246979038224414
2026-08-27,Google,36-50,North India,Mobile,Image,21,5453,8,0.0689048024433721,375,0.9,337.5,0.0859965281328655,31,603,0.97588,0.06876948468732808,0.08266666666666667,0.9,10.887096774193548
2026-08-28,Google,36-50,North India,Mobile,Video,15,52575,8,0.0684173063218616,3597,0.9,3237.3,0.1228563392116958,430,604,0.97584,0.06841654778887304,0.11954406449819294,0.9,7.528604651162791
2026-08-29,Google,26-35,North India,Desktop,Image,17,58260,8,0.0429884365171337,2504,0.9,2253.6,0.161721880909335,394,605,0.9758,0.04297974596635771,0.1573482428115016,0.8999999999999999,5.71979695431472
2026-08-30,Google,18-25,South India,Desktop,Video,11,87717,8,0.0388183522803851,3405,0.9,3064.5,0.1377252922256963,456,606,0.97576,0.03881801703204624,0.13392070484581498,0.9,6.720394736842105
2026-08-31,Google,26-35,South India,Mobile,Image,4,89901,8,0.0510662570551868,4590,0.9,4131.0,0.1475026752620239,660,607,0.97572,0.05105616177795575,0.1437908496732026,0.9,6.259090909090909
2026-09-01,Google,26-35,North India,Desktop,Video,20,92862,9,0.0388921767017458,3611,0.9,3249.9,0.158085887651651,556,608,0.97568,0.03888565828864336,0.15397396842979785,0.9,5.845143884892087
2026-09-02,Instagram,36-50,South India,Mobile,Image,12,41705,9,0.0598357588818389,2495,1.3,3243.5,0.1729155317543412,420,609,0.97564,0.05982496103584702,0.1683366733466934,1.3,7.722619047619047
2026-09-03,Google,18-25,South India,Mobile,Video,7,56833,9,0.0713446195918874,4054,0.9,3648.6,0.2330130775573746,920,610,0.9756,0.07133179666742913,0.22693635915145535,0.9,3.965869565217391
2026-09-04,Instagram,26-35,West India,Desktop,Video,5,55029,9,0.0399039657187905,2195,1.3,2853.5,0.1042630879607917,222,611,0.97556,0.039888059023424016,0.10113895216400912,1.3,12.853603603603604
2026-09-05,Instagram,36-50,West India,Mobile,Image,2,5177,9,0.0822108928841134,425,1.3,552.5,0.0746431189053072,30,612,0.97552,0.08209387676260382,0.07058823529411765,1.3,18.416666666666668
2026-09-06,Google,26-35,North India,Desktop,Video,19,69965,9,0.0731116306346569,5115,0.9,4603.5,0.058001869489993,288,613,0.97548,0.07310798256270992,0.0563049853372434,0.9,15.984375
2026-09-07,Instagram,26-35,North India,Mobile,Video,3,33952,9,0.038396887773628,1303,1.3,1693.9,0.1823033887564397,231,614,0.97544,0.03837770970782281,0.1772831926323868,1.3,7.332900432900433
2026-09-08,Instagram,36-50,West India,Mobile,Video,11,71514,9,0.0748842822582688,5355,1.3,6961.5,0.0971702184793056,507,615,0.9754,0.07488044299018375,0.09467787114845938,1.3,13.73076923076923
2026-09-09,Google,36-50,South India,Desktop,Video,12,80309,9,0.0569087928590751,4570,0.9,4113.0,0.0619684445802566,276,616,0.97536,0.056905203650898406,0.06039387308533917,0.9,14.902173913043478
2026-09-10,Google,18-25,North India,Mobile,Text,1,52084,9,0.0222623640897968,1159,0.9,1043.1,0.1301188269522045,146,617,0.97532,0.022252515167805853,0.12597066436583262,0.8999999999999999,7.144520547945205
2026-09-11,Instagram,26-35,North India,Mobile,Video,18,72710,9,0.1287624376934573,9362,1.3,12170.6,0.1269815446836535,1158,618,0.97528,0.12875808004401046,0.12369151890621662,1.3,10.510017271157167
2026-09-12,Instagram,36-50,North India,Desktop,Text,3,22796,9,0.0463627068850153,1056,1.3,1372.8,0.1270713077743376,130,619,0.97524,0.046323916476574835,0.12310606060606061,1.3,10.56
2026-09-13,Google,36-50,South India,Mobile,Text,22,51348,9,0.077428757824943,3975,0.9,3577.5,0.1099816885333144,426,620,0.9752,0.07741294695022201,0.10716981132075472,0.9,8.397887323943662
2026-09-14,Google,18-25,West India,Mobile,Video,12,78413,9,0.0263878511293779,2069,0.9,1862.1,0.100706597792464,202,621,0.97516,0.026385930904314337,0.09763170613823104,0.8999999999999999,9.218316831683168
2026-09-15,Google,18-25,North India,Desktop,Image,18,54333,9,0.0225207294874656,1223,0.9,1100.7,0.0552609516990027,65,622,0.97512,0.02250934054810152,0.053147996729354045,0.9,16.933846153846154
2026-09-16,Google,36-50,West India,Mobile,Image,7,18722,9,0.0301080325345392,563,0.9,506.7,0.1012026117878626,54,623,0.97508,0.03007157354983442,0.09591474245115453,0.9,9.383333333333333
2026-09-17,Instagram,18-25,West India,Desktop,Video,7,89091,9,0.0567389037139448,5054,1.3,6570.2,0.0524602391557047,258,624,0.97504,0.05672851354233312,0.05104867431737238,1.3,25.465891472868215
2026-09-18,Google,36-50,South India,Desktop,Text,15,80098,9,0.0389115306853855,3116,0.9,2804.4,0.1162619410681089,352,625,0.975,0.038902344627830904,0.11296534017971759,0.9,7.967045454545455
2026-09-19,Google,26-35,South India,Mobile,Image,10,73082,9,0.0255971806593864,1870,0.9,1683.0,0.1098603540537989,199,626,0.97496,0.025587696012698065,0.10641711229946524,0.9,8.457286432160805
2026-09-20,Instagram,18-25,South India,Mobile,Video,17,26258,9,0.0871176494049272,2287,1.3,2973.1,0.078953567589356,175,627,0.97492,0.08709726559524716,0.0765194578049847,1.3,16.989142857142856
2026-09-21,Google,26-35,South India,Desktop,Video,3,12706,9,0.029162765747007,370,0.9,333.0,0.1507873339022153,53,628,0.97488,0.029120100739807964,0.14324324324324325,0.9,6.283018867924528
2026-09-22,Google,26-35,South India,Mobile,Text,23,29943,9,0.0370904322303692,1110,0.9,999.0,0.1422392102583516,153,629,0.97484,0.03707043382426611,0.13783783783783785,0.9,6.529411764705882
2026-09-23,Instagram,26-35,South India,Mobile,Image,0,65324,9,0.0629314508721071,4110,1.3,5343.0,0.1941192440717556,776,630,0.9748,0.06291715142979609,0.18880778588807787,1.3,6.885309278350515
2026-09-24,Instagram,36-50,North India,Mobile,Video,0,23315,9,0.087978581973906,2051,1.3,2666.3,0.12976641629423,259,631,0.97476,0.08796911859318035,0.12627986348122866,1.3,10.294594594594596
2026-09-25,Google,26-35,West India,Mobile,Image,13,11352,9,0.0475125216093889,539,0.9,485.1,0.0581371345460536,30,632,0.97472,0.04748062015503876,0.055658627087198514,0.9,16.17
2026-09-26,Google,26-35,South India,Mobile,Video,3,35497,9,0.0396973882334973,1409,0.9,1268.1,0.202618503125584,277,633,0.97468,0.03969349522494859,0.19659332860184528,0.8999999999999999,4.57797833935018
2026-09-27,Google,26-35,North India,Desktop,Video,10,76145,9,0.0599151679271806,4562,0.9,4105.8,0.1566478588015225,695,634,0.97464,0.05991200998095739,0.15234546251644016,0.9,5.907625899280576
2026-09-28,Google,36-50,West India,Desktop,Video,17,45974,9,0.0405201800909842,1862,0.9,1675.8,0.2082671695891294,377,635,0.9746,0.04050115282551007,0.20247046186895812,0.9,4.445092838196286
2026-09-29,Google,26-35,South India,Mobile,Text,15,99322,9,0.0621694464149396,6174,0.9,5556.6,0.1074593814099251,646,636,0.97456,0.06216145466261251,0.10463232912212504,0.9,8.6015479876161
2026-09-30,Google,26-35,South India,Mobile,Text,16,28228,9,0.0447557017027936,1263,0.9,1136.7,0.0841449024889917,103,637,0.97452,0.04474280855887771,0.08155186064924783,0.9,11.035922330097089
2026-10-01,Google,18-25,North India,Mobile,Text,23,9882,10,0.0331401717711987,327,0.9,294.3,0.1411490756183713,44,638,0.97448,0.033090467516697024,0.1345565749235474,0.9,6.6886363636363635
2026-10-02,Google,36-50,West India,Mobile,Image,1,17268,10,0.0580186811912194,1001,0.9,900.9,0.1153822414010689,112,639,0.97444,0.05796849664118601,0.11188811188811189,0.9,8.04375
2026-10-03,Google,26-35,South India,Desktop,Text,3,71846,10,0.0479179192291523,3442,0.9,3097.8,0.0394820530287477,131,640,0.9744,0.04790802549898394,0.038059267867518884,0.9,23.64732824427481
2026-10-04,Google,18-25,West India,Desktop,Text,2,25463,10,0.0387082732535527,985,0.9,886.5,0.0903666125093603,86,641,0.97436,0.03868358009661077,0.08730964467005076,0.9,10.30813953488372
2026-10-05,Google,36-50,North India,Desktop,Image,14,77789,10,0.0301477335786376,2345,0.9,2110.5,0.0383162781140074,86,642,0.97432,0.03014565041329751,0.03667377398720682,0.9,24.540697674418606
2026-10-06,Google,36-50,South India,Mobile,Image,1,86940,10,0.0677497420634511,5890,0.9,5301.0,0.1576070032517355,904,643,0.97428,0.06774787209569819,0.1534804753820034,0.9,5.863938053097345
2026-10-07,Google,36-50,West India,Mobile,Image,23,50314,10,0.0371424968412067,1868,0.9,1681.2,0.1192323158982142,216,644,0.97424,0.037126843423301664,0.11563169164882227,0.9,7.783333333333333
2026-10-08,Instagram,36-50,North India,Mobile,Image,18,10827,10,0.0558425942970023,604,1.3,785.2,0.0526035478947228,30,645,0.9742,0.05578645977648471,0.04966887417218543,1.3,26.173333333333336
2026-10-09,Instagram,36-50,North India,Mobile,Text,8,77474,10,0.0846686628641238,6559,1.3,8526.7,0.1242109282842694,792,646,0.97416,0.08466066035056923,0.12075011434669919,1.3,10.766035353535354
2026-10-10,Instagram,36-50,South India,Mobile,Text,9,34062,10,0.1074645627287085,3660,1.3,4758.0,0.1076196343513448,382,647,0.97412,0.10745111854852915,0.10437158469945355,1.3,12.455497382198953
2026-10-11,Instagram,26-35,West India,Desktop,Image,20,91690,10,0.0517848097572079,4748,1.3,6172.400000000001,0.0559684528755963,258,648,0.97408,0.05178318246264587,0.05433866891322662,1.3,23.92403100775194
2026-10-12,Google,26-35,South India,Desktop,Text,18,8240,10,0.0566719170558857,466,0.9,419.4,0.0583454235713806,26,649,0.97404,0.05655339805825243,0.055793991416309016,0.8999999999999999,16.13076923076923
2026-10-13,Google,26-35,South India,Desktop,Video,4,2585,10,0.0281621625128633,72,0.9,64.8,0.204724791825732,13,650,0.974,0.027852998065764023,0.18055555555555555,0.8999999999999999,4.984615384615385
2026-10-14,Google,26-35,West India,Desktop,Text,13,53532,10,0.0398571320973426,2133,0.9,1919.7,0.0763029381803568,157,651,0.97396,0.0398453261600538,0.0736052508204407,0.9,12.227388535031848
2026-10-15,Instagram,18-25,West India,Mobile,Video,9,11541,10,0.0495250515319807,571,1.3,742.3000000000001,0.1859441407426022,103,652,0.97392,0.04947578199462785,0.18038528896672504,1.3,7.206796116504855
2026-10-16,Instagram,26-35,West India,Mobile,Image,15,6427,10,0.070873175582083,455,1.3,591.5,0.0497304701112909,21,653,0.97388,0.0707950832425704,0.046153846153846156,1.3,28.166666666666668
2026-10-17,Google,36-50,North India,Mobile,Image,5,93283,10,0.0760221602741451,7091,0.9,6381.900000000001,0.0704332552851158,485,654,0.97384,0.07601599433980467,0.06839655901847412,0.9,13.158556701030928
2026-10-18,Google,26-35,North India,Mobile,Text,7,89732,10,0.0634420219035924,5692,0.9,5122.8,0.118736062446741,657,655,0.9738,0.06343333481923952,0.11542515811665495,0.9,7.797260273972603
2026-10-19,Google,26-35,West India,Mobile,Image,1,82156,10,0.0761154622170125,6253,0.9,5627.7,0.1298382969288046,789,656,0.97376,0.07611130045279711,0.12617943387174158,0.9,7.132699619771863
2026-10-20,Google,36-50,North India,Desktop,Text,17,10033,10,0.0231097789263482,231,0.9,207.9,0.0669865118721873,14,657,0.97372,0.023024020731585767,0.06060606060606061,0.9,14.85
2026-10-21,Instagram,26-35,South India,Mobile,Text,20,32070,10,0.0591447342360985,1896,1.3,2464.8,0.1599258605901633,295,658,0.97368,0.05912067352666043,0.15559071729957805,1.3,8.355254237288136
2026-10-22,Instagram,26-35,West India,Mobile,Text,20,50104,10,0.116873914262726,5855,1.3,7611.5,0.0591168820185361,336,659,0.97364,0.1168569375698547,0.057386848847139196,1.3,22.65327380952381
2026-10-23,Google,26-35,South India,Mobile,Text,20,13199,10,0.0538198170628197,710,0.9,639.0,0.1486361456380767,102,660,0.9736,0.05379195393590423,0.14366197183098592,0.9,6.264705882352941
2026-10-24,Instagram,18-25,West India,Mobile,Video,19,13776,10,0.0607320818518191,836,1.3,1086.8,0.1648849704223668,133,661,0.97356,0.060685249709639955,0.1590909090909091,1.3,8.17142857142857
2026-10-25,Instagram,26-35,South India,Mobile,Video,7,23727,10,0.0762290078400014,1808,1.3,2350.4,0.075182435545304,131,662,0.97352,0.0762001095798036,0.07245575221238938,1.3,17.941984732824427
2026-10-26,Google,36-50,West India,Mobile,Image,4,3931,10,0.0569684464139527,223,0.9,200.7,0.1177161878626701,25,663,0.97348,0.056728567794454336,0.11210762331838565,0.8999999999999999,8.027999999999999
2026-10-27,Google,36-50,South India,Mobile,Video,16,81379,10,0.0548420143602893,4462,0.9,4015.8,0.2246469209192655,975,664,0.97344,0.05482987011391145,0.21851187808157777,0.9,4.118769230769231
2026-10-28,Google,26-35,West India,Desktop,Image,15,57193,10,0.0628847327199297,3596,0.9,3236.4,0.126645446844873,442,665,0.9734,0.06287482733901002,0.12291434927697442,0.9,7.322171945701358
2026-10-29,Google,26-35,West India,Mobile,Image,4,6699,10,0.0556834357139914,373,0.9,335.7,0.1140330357724195,40,666,0.97336,0.05567995223167637,0.10723860589812333,0.9,8.3925
2026-10-30,Google,26-35,North India,Mobile,Text,16,58789,10,0.0575387934514818,3382,0.9,3043.8,0.0737128367070683,242,667,0.97332,0.05752776880028577,0.07155529272619751,0.9,12.577685950413224
2026-10-31,Google,36-50,South India,Mobile,Text,3,87760,10,0.0244625864613217,2146,0.9,1931.4,0.1406523676163491,292,668,0.97328,0.024453053783044666,0.13606710158434296,0.9,6.614383561643836
2026-11-01,Google,36-50,North India,Desktop,Text,0,28321,11,0.0566572770915091,1604,0.9,1443.6,0.1355213441295457,211,669,0.97324,0.05663641820557184,0.13154613466334164,0.8999999999999999,6.841706161137441
2026-11-02,Google,18-25,South India,Mobile,Text,21,62032,11,0.0904259024949801,5609,0.9,5048.1,0.136009167567939,741,670,0.9732,0.09042107299458343,0.13210911035835265,0.9,6.8125506072874495
2026-11-03,Instagram,18-25,North India,Desktop,Text,5,8636,11,0.0477549067687836,412,1.3,535.6,0.1142894400964413,45,671,0.97316,0.047707271885132005,0.10922330097087378,1.3,11.902222222222223
2026-11-04,Google,18-25,West India,Desktop,Text,0,68396,11,0.027949752429213,1911,0.9,1719.9,0.0569063539226957,105,672,0.97312,0.027940230422831745,0.054945054945054944,0.9,16.380000000000003
2026-11-05,Google,36-50,North India,Desktop,Video,23,15989,11,0.0281661904786571,450,0.9,405.0,0.1787042201721964,77,673,0.97308,0.02814434924010257,0.1711111111111111,0.9,5.259740259740259
2026-11-06,Google,18-25,North India,Mobile,Image,3,52086,11,0.0421325918867248,2194,0.9,1974.6,0.0434125487284417,92,674,0.97304,0.042122643320661984,0.041932543299908843,0.8999999999999999,21.463043478260868
2026-11-07,Instagram,26-35,West India,Mobile,Image,1,37062,11,0.0485215015057971,1798,1.3,2337.4,0.1460306067150357,254,675,0.973,0.048513302034428794,0.14126807563959956,1.3,9.20236220472441
2026-11-08,Google,26-35,North India,Mobile,Text,12,80337,11,0.0388088056068622,3117,0.9,2805.3,0.0561388573943714,169,676,0.97296,0.03879905896411367,0.05421880012832852,0.9,16.59940828402367
2026-11-09,Google,36-50,West India,Mobile,Video,13,63125,11,0.05528691944243,3489,0.9,3140.1,0.1298598933573941,440,677,0.97292,0.05527128712871287,0.12611063341931786,0.9,7.136590909090909
2026-11-10,Instagram,18-25,South India,Mobile,Text,16,31398,11,0.0735254951810401,2308,1.3,3000.4,0.1284061236664139,287,678,0.97288,0.07350786674310465,0.12435008665511266,1.3,10.454355400696864
2026-11-11,Instagram,26-35,North India,Desktop,Video,10,71283,11,0.0473262596272768,3373,1.3,4384.900000000001,0.166748914726294,546,679,0.97284,0.047318434970469815,0.16187370293507264,1.3000000000000003,8.030952380952382
2026-11-12,Instagram,36-50,West India,Desktop,Video,2,71774,11,0.0842197097687115,6044,1.3,7857.2,0.1971981021206159,1158,680,0.9728,0.08420876640566222,0.1915949702183984,1.3,6.785146804835924
2026-11-13,Google,18-25,West India,Mobile,Image,6,3834,11,0.0372888162011263,142,0.9,127.8,0.0795629002012802,10,681,0.97276,0.037037037037037035,0.07042253521126761,0.9,12.78
2026-11-14,Google,26-35,North India,Mobile,Image,9,49203,11,0.0360257575393625,1772,0.9,1594.8,0.0678345923228002,116,682,0.97272,0.036014064183078266,0.0654627539503386,0.9,13.748275862068965
2026-11-15,Instagram,18-25,South India,Desktop,Video,10,46676,11,0.0837390842087354,3908,1.3,5080.400000000001,0.2369062991228657,899,683,0.97268,0.08372611192047305,0.23004094165813715,1.3,5.651167964404895
2026-11-16,Instagram,36-50,North India,Mobile,Image,9,27230,11,0.0366336031320729,997,1.3,1296.1,0.065605236448071,63,684,0.97264,0.03661402864487697,0.06318956870611836,1.2999999999999998,20.573015873015873
2026-11-17,Instagram,18-25,West India,Mobile,Video,7,73652,11,0.0727533652623009,5358,1.3,6965.400000000001,0.1598007654500274,832,685,0.9726,0.07274751534242112,0.15528182157521464,1.3,8.371875000000001
2026-11-18,Instagram,36-50,South India,Mobile,Video,4,69464,11,0.0677014985649014,4702,1.3,6112.6,0.2288672189735918,1046,686,0.97256,0.0676897385696188,0.22245852828583582,1.3,5.843785850860421
2026-11-19,Google,18-25,North India,Desktop,Video,22,94715,11,0.0452049690285568,4281,0.9,3852.9,0.1886903355219737,784,687,0.97252,0.04519875415720847,0.18313478159308572,0.9,4.9144132653061225
2026-11-20,Instagram,26-35,West India,Mobile,Image,1,23134,11,0.0841098875113258,1945,1.3,2528.5,0.1020568812398152,192,688,0.97248,0.0840753868764589,0.09871465295629821,1.3,13.169270833333334
2026-11-21,Google,36-50,North India,Desktop,Text,14,9190,11,0.0516884976218658,475,0.9,427.5,0.1043786079194155,47,689,0.97244,0.051686615886833515,0.09894736842105263,0.9,9.095744680851064
2026-11-22,Google,36-50,South India,Mobile,Image,15,90364,11,0.0618796638342586,5591,0.9,5031.900000000001,0.1254808275887189,681,690,0.9724,0.06187198441857377,0.12180289751386156,0.9000000000000001,7.38898678414097
2026-11-23,Google,36-50,South India,Mobile,Text,3,5350,11,0.0540630511682012,289,0.9,260.1,0.0827772158300215,22,691,0.97236,0.05401869158878505,0.07612456747404844,0.9000000000000001,11.822727272727274
2026-11-24,Google,18-25,South India,Mobile,Image,21,35055,11,0.0832149135509465,2917,0.9,2625.3,0.0662410035629401,187,692,0.97232,0.08321209527884753,0.06410695920466232,0.9,14.039037433155082
2026-11-25,Google,18-25,South India,Mobile,Image,15,44686,11,0.0563299719917455,2517,0.9,2265.3,0.1677227115241467,410,693,0.97228,0.0563263661997046,0.16289233214143822,0.9,5.525121951219512
2026-11-26,Google,26-35,South India,Mobile,Text,11,82572,11,0.0701117366063729,5789,0.9,5210.1,0.0492388169237352,277,694,0.97224,0.07010851135978298,0.04784936949386768,0.9,18.809025270758124
2026-11-27,Instagram,36-50,North India,Mobile,Video,13,29700,11,0.0334170549723701,992,1.3,1289.6,0.142896530064488,137,695,0.9722,0.0334006734006734,0.1381048387096774,1.2999999999999998,9.413138686131386
2026-11-28,Google,36-50,South India,Desktop,Text,11,73146,11,0.0239410654611001,1751,0.9,1575.9,0.1152029246816449,195,696,0.97216,0.023938424520821372,0.11136493432324386,0.9,8.081538461538463
2026-11-29,Instagram,18-25,South India,Mobile,Video,20,30420,11,0.0762912899172324,2320,1.3,3016.0,0.1146755377669012,258,697,0.97212,0.0762656147271532,0.11120689655172414,1.3,11.689922480620154
2026-11-30,Google,18-25,West India,Desktop,Video,15,26177,11,0.0352133058588709,921,0.9,828.9,0.0707486376597017,63,698,0.97208,0.03518355808534209,0.06840390879478828,0.9,13.157142857142857
2026-12-01,Google,26-35,South India,Desktop,Image,15,94386,12,0.0472988057238558,4464,0.9,4017.6,0.1671441176089108,725,699,0.97204,0.04729514970440531,0.162410394265233,0.9,5.54151724137931
2026-12-02,Google,26-35,West India,Desktop,Image,21,40651,12,0.061414804609358,2496,0.9,2246.4,0.104669417696425,253,700,0.972,0.061400703549728174,0.10136217948717949,0.9,8.87905138339921
2026-12-03,Google,18-25,West India,Desktop,Image,11,77706,12,0.0327019713942262,2541,0.9,2286.9,0.1415382048069133,348,701,0.97196,0.0327001775924639,0.13695395513577333,0.9,6.571551724137931
2026-12-04,Google,36-50,West India,Mobile,Image,1,55339,12,0.0497839863713521,2754,0.9,2478.6,0.0423080122874669,112,702,0.97192,0.0497659878205244,0.04066811909949165,0.9,22.130357142857143
2026-12-05,Google,26-35,North India,Mobile,Image,22,50282,12,0.0854651499992072,4297,0.9,3867.3,0.047908920848844,199,703,0.97188,0.08545801678533073,0.04631138003258087,0.9,19.433668341708543
2026-12-06,Google,18-25,North India,Desktop,Text,23,42070,12,0.0575906955857312,2422,0.9,2179.8,0.0521795807358474,122,704,0.97184,0.05757071547420965,0.05037159372419488,0.9,17.8672131147541
2026-12-07,Instagram,18-25,West India,Desktop,Text,13,93683,12,0.0311110203085323,2914,1.3,3788.2,0.0475467319827091,134,705,0.9718,0.031104896299221845,0.04598490048043926,1.3,28.270149253731343
2026-12-08,Google,36-50,North India,Desktop,Text,10,61703,12,0.0523232789374576,3228,0.9,2905.2000000000003,0.0539724504572244,169,706,0.97176,0.05231512244137238,0.0523543990086741,0.9000000000000001,17.1905325443787
2026-12-09,Instagram,18-25,South India,Mobile,Text,8,26406,12,0.0656493732038273,1733,1.3,2252.9,0.1272612881347301,213,707,0.97172,0.06562902370673332,0.12290825158684363,1.3,10.576995305164319
2026-12-10,Google,18-25,North India,Mobile,Image,21,59009,12,0.0749979375611344,4425,0.9,3982.5,0.0442506106441209,189,708,0.97168,0.0749885610669559,0.04271186440677966,0.9,21.071428571428573
2026-12-11,Instagram,26-35,South India,Mobile,Text,6,2066,12,0.0807480725480015,166,1.3,215.8,0.0423566086248129,6,709,0.97164,0.0803484995159729,0.03614457831325301,1.3,35.96666666666667
2026-12-12,Instagram,18-25,South India,Desktop,Text,11,71506,12,0.0657526631060418,4701,1.3,6111.3,0.0415432602150973,189,710,0.9716,0.06574273487539507,0.04020421186981493,1.3,32.334920634920636
2026-12-13,Instagram,18-25,North India,Mobile,Video,16,53940,12,0.0632043505865278,3409,1.3,4431.7,0.156944800287362,519,711,0.97156,0.0631998516870597,0.15224405984159578,1.3,8.538921001926782
2026-12-14,Google,26-35,North India,Mobile,Image,8,51469,12,0.0268038878719522,1379,0.9,1241.1,0.1093060178285601,145,712,0.97152,0.026792826750082575,0.10514865844815083,0.8999999999999999,8.559310344827585
2026-12-15,Google,36-50,West India,Mobile,Text,5,24350,12,0.0283673927344933,690,0.9,621.0,0.0780588469885976,51,713,0.97148,0.028336755646817247,0.07391304347826087,0.9,12.176470588235293
2026-12-16,Google,36-50,North India,Mobile,Text,11,95771,12,0.0742594651060113,7111,0.9,6399.900000000001,0.1086774740117824,749,714,0.97144,0.07425003393511606,0.1053297707776684,0.9,8.544592790387183
2026-12-17,Instagram,26-35,North India,Mobile,Text,19,5114,12,0.123975420831466,634,1.3,824.2,0.0948849629776533,58,715,0.9714,0.12397340633554947,0.0914826498422713,1.3,14.210344827586209
2026-12-18,Instagram,26-35,North India,Desktop,Image,9,94690,12,0.0375406607792338,3554,1.3,4620.2,0.0389755337966163,134,716,0.97136,0.03753300242897877,0.037703995498030385,1.3,34.47910447761194
2026-12-19,Instagram,36-50,South India,Desktop,Text,8,50199,12,0.0698753980551368,3507,1.3,4559.1,0.1471661616155321,501,717,0.97132,0.06986194944122393,0.14285714285714285,1.3,9.100000000000001
2026-12-20,Google,36-50,South India,Mobile,Video,11,95426,12,0.0450197015620039,4296,0.9,3866.4,0.1175140740137717,489,718,0.97128,0.0450191771634565,0.1138268156424581,0.9,7.906748466257669
2026-12-21,Instagram,36-50,South India,Mobile,Image,0,66133,12,0.0974050372002329,6441,1.3,8373.300000000001,0.1055324345372636,659,719,0.97124,0.09739464412623047,0.1023133053873622,1.3000000000000003,12.706069802731413
2026-12-22,Instagram,36-50,West India,Desktop,Video,1,22245,12,0.0731696495182968,1627,1.3,2115.1,0.1794247124333003,282,720,0.9712,0.07314003146774556,0.17332513829133375,1.3,7.500354609929078
2026-12-23,Google,36-50,West India,Mobile,Image,18,44266,12,0.0310815431554703,1375,0.9,1237.5,0.0661927142021443,88,721,0.97116,0.031062214792391452,0.064,0.9,14.0625
2026-12-24,Google,26-35,West India,Desktop,Text,0,90762,12,0.0454573379708924,4125,0.9,3712.5,0.0351985507979023,140,722,0.97112,0.04544853573081246,0.03393939393939394,0.9,26.517857142857142
2026-12-25,Instagram,18-25,South India,Mobile,Image,15,13595,12,0.0856278835384166,1164,1.3,1513.2,0.1839611050884054,207,723,0.97108,0.08561971312982715,0.17783505154639176,1.3,7.310144927536232
2026-12-26,Instagram,36-50,North India,Mobile,Image,15,94254,12,0.1060447489492937,9995,1.3,12993.5,0.105228607987069,1020,724,0.97104,0.10604324484902497,0.10205102551275638,1.3,12.738725490196078
2026-12-27,Instagram,36-50,West India,Mobile,Image,17,40218,12,0.0485471602588924,1952,1.3,2537.6,0.0889337982139599,167,725,0.971,0.04853548162514297,0.0855532786885246,1.3,15.195209580838323
2026-12-28,Google,18-25,West India,Desktop,Video,17,26143,12,0.0429172611821494,1121,0.9,1008.9,0.1855996573760828,201,726,0.97096,0.042879547106299966,0.1793041926851026,0.9,5.019402985074627
2026-12-29,Instagram,18-25,South India,Mobile,Image,22,47178,12,0.1013299286064047,4780,1.3,6214.0,0.0480494166320655,222,727,0.97092,0.1013184111238289,0.046443514644351466,1.3,27.99099099099099
2026-12-30,Google,18-25,West India,Mobile,Text,12,72700,12,0.0569592269288743,4140,0.9,3726.0,0.0580726077155031,233,728,0.97088,0.056946354883081154,0.05628019323671497,0.9,15.991416309012875
2026-12-31,Google,18-25,North India,Mobile,Image,21,99176,12,0.0702364092874132,6965,0.9,6268.5,0.0586533123091598,396,729,0.97084,0.07022868435911914,0.05685570710696339,0.9,15.829545454545455
2027-01-01,Google,18-25,South India,Mobile,Image,11,8787,1,0.0719912322917316,632,0.9,568.8000000000001,0.1576259253754348,96,730,0.9708,0.07192443382269262,0.1518987341772152,0.9000000000000001,5.925000000000001
2027-01-02,Instagram,18-25,South India,Mobile,Text,8,82460,1,0.084559212362512,6972,1.3,9063.6,0.0782521556644003,529,731,0.97076,0.08455008488964347,0.07587492828456684,1.3,17.133459357277882
2027-01-03,Instagram,26-35,North India,Mobile,Text,4,65517,1,0.052532634987719,3441,1.3,4473.3,0.1196771075832429,398,732,0.97072,0.05252071981317826,0.11566405114792211,1.3,11.239447236180904
2027-01-04,Google,18-25,North India,Mobile,Video,8,46286,1,0.0449015650522926,2078,0.9,1870.2,0.0522196404524401,104,733,0.97068,0.044894784600095064,0.05004812319538017,0.9,17.982692307692307
2027-01-05,Google,18-25,North India,Mobile,Text,12,86985,1,0.0695945985774666,6053,0.9,5447.7,0.1010474660703079,593,734,0.97064,0.0695867103523596,0.0979679497769701,0.9,9.186677908937606
2027-01-06,Instagram,26-35,West India,Mobile,Text,15,1081,1,0.0980179667599617,105,1.3,136.5,0.0718682662004534,6,735,0.9706,0.0971322849213691,0.05714285714285714,1.3,22.75
2027-01-07,Google,18-25,North India,Mobile,Text,9,4005,1,0.0294584280507736,117,0.9,105.3,0.0534312986809514,5,736,0.97056,0.029213483146067417,0.042735042735042736,0.9,21.06
2027-01-08,Instagram,36-50,South India,Mobile,Image,15,74944,1,0.0585416794252406,4387,1.3,5703.1,0.1697818088323348,722,737,0.97052,0.05853704099060632,0.1645771597902895,1.3,7.899030470914128
2027-01-09,Google,36-50,North India,Mobile,Video,13,1334,1,0.0354218927527181,47,0.9,42.3,0.111395119726012,4,738,0.97048,0.03523238380809595,0.0851063829787234,0.8999999999999999,10.575
2027-01-10,Google,18-25,South India,Mobile,Text,1,77639,1,0.042809230685468,3323,0.9,2990.7000000000003,0.1122263142748033,361,739,0.97044,0.042800654310333724,0.10863677399939814,0.9000000000000001,8.28448753462604
2027-01-11,Google,26-35,South India,Mobile,Text,18,59217,1,0.0816794791613365,4836,0.9,4352.400000000001,0.041730675150742,195,740,0.9704,0.0816657378793252,0.04032258064516129,0.9000000000000001,22.320000000000004
2027-01-12,Google,36-50,West India,Mobile,Text,10,26169,1,0.0627684506363913,1642,0.9,1477.8,0.1282033175561331,203,741,0.97036,0.06274599717222668,0.12362971985383678,0.9,7.2798029556650246
2027-01-13,Instagram,26-35,North India,Mobile,Image,18,97030,1,0.1032344492298687,10016,1.3,13020.8,0.0761553785566506,739,742,0.97032,0.1032258064516129,0.07378194888178914,1.2999999999999998,17.619485791610284
2027-01-14,Google,36-50,West India,Mobile,Image,10,24452,1,0.0527546139310578,1289,0.9,1160.1,0.1370768592880149,170,743,0.97028,0.05271552429249141,0.13188518231186966,0.8999999999999999,6.824117647058823
2027-01-15,Google,18-25,North India,Mobile,Video,13,27254,1,0.0631257908384397,1720,0.9,1548.0,0.1669717437318606,278,744,0.97024,0.06311000220151171,0.16162790697674417,0.9,5.568345323741007
2027-01-16,Instagram,26-35,North India,Mobile,Video,14,70433,1,0.0744310813266516,5242,1.3,6814.6,0.0642917546926657,326,745,0.9702,0.0744253403944174,0.06219000381533766,1.3,20.903680981595095
2027-01-17,Google,26-35,North India,Desktop,Image,6,58110,1,0.0485810051802888,2823,0.9,2540.7000000000003,0.077354775008617,211,746,0.97016,0.048580278781621064,0.07474318101310662,0.9000000000000001,12.041232227488154
2027-01-18,Google,26-35,North India,Desktop,Text,14,58253,1,0.0497768041141328,2899,0.9,2609.1,0.1140849012689294,320,747,0.97012,0.049765677304173174,0.11038289065194895,0.9,8.153437499999999
2027-01-19,Instagram,36-50,North India,Mobile,Text,23,71184,1,0.0589355533087191,4195,1.3,5453.5,0.0585476717385978,237,748,0.97008,0.05893178242301641,0.05649582836710369,1.3,23.01054852320675
2027-01-20,Instagram,36-50,South India,Mobile,Video,22,76210,1,0.0748478597314901,5704,1.3,7415.2,0.2095425463396803,1159,749,0.97004,0.07484582075843066,0.2031907433380084,1.3,6.39792924935289
2027-01-21,Google,36-50,South India,Desktop,Text,7,83702,1,0.0472052316417829,3951,0.9,3555.9,0.0782373351926043,299,750,0.97,0.047203173161931615,0.0756770437863832,0.9,11.892642140468228
2027-01-22,Instagram,18-25,North India,Desktop,Image,3,93246,1,0.0404166222496286,3768,1.3,4898.400000000001,0.091509917606355,333,751,0.96996,0.04040924007464127,0.08837579617834394,1.3,14.709909909909912
2027-01-23,Instagram,36-50,South India,Mobile,Video,17,20970,1,0.0619016307104579,1298,1.3,1687.4,0.0712325705678838,89,752,0.96992,0.06189794945159752,0.06856702619414484,1.3,18.959550561797755
2027-01-24,Google,18-25,West India,Mobile,Image,13,4794,1,0.0681126447452074,326,0.9,293.40000000000003,0.0606745166053128,18,753,0.96988,0.06800166875260742,0.05521472392638037,0.9000000000000001,16.3
2027-01-25,Google,26-35,West India,Mobile,Image,20,30184,1,0.0655866912483034,1979,0.9,1781.1,0.078559027953819,150,754,0.96984,0.06556453750331301,0.07579585649317837,0.8999999999999999,11.873999999999999
2027-01-26,Instagram,26-35,West India,Mobile,Text,17,92095,1,0.0903899480507172,8324,1.3,10821.2,0.0398201505616846,321,755,0.9698,0.09038492860633042,0.0385631907736665,1.3,33.710903426791276
2027-01-27,Instagram,18-25,North India,Mobile,Image,3,81880,1,0.0870913535953151,7131,1.3,9270.3,0.0636732932062398,440,756,0.96976,0.08709086468001954,0.06170242602720516,1.2999999999999998,21.068863636363634
2027-01-28,Google,36-50,North India,Mobile,Image,1,39365,1,0.0481533058056209,1895,0.9,1705.5,0.0923894225465958,169,757,0.96972,0.04813920995808459,0.0891820580474934,0.9,10.091715976331361
2027-01-29,Instagram,18-25,South India,Desktop,Text,20,32217,1,0.0844498959650643,2720,1.3,3536.0,0.0871370581149229,229,758,0.96968,0.08442747617717354,0.08419117647058824,1.3,15.441048034934498
2027-01-30,Instagram,26-35,South India,Mobile,Image,5,6051,1,0.076873351776786,465,1.3,604.5,0.0745989344933566,32,759,0.96964,0.0768468021814576,0.06881720430107527,1.3,18.890625
2027-01-31,Google,26-35,South India,Mobile,Text,10,83662,1,0.0682160078236513,5707,0.9,5136.3,0.0479309945164167,264,760,0.9696,0.0682149601969831,0.04625898019975469,0.9,19.45568181818182
2027-02-01,Google,18-25,West India,Mobile,Image,0,71080,2,0.0424484385250972,3017,0.9,2715.3,0.084540696876768,247,761,0.96956,0.04244513224535734,0.08186940669539278,0.9,10.993117408906883
2027-02-02,Google,36-50,West India,Mobile,Text,14,13875,2,0.0243559991370828,337,0.9,303.3,0.1226962463043187,39,762,0.96952,0.024288288288288287,0.11572700296735905,0.9,7.776923076923077
2027-02-03,Instagram,36-50,West India,Mobile,Text,11,70891,2,0.050788153942499,3600,1.3,4680.0,0.0947018490889702,329,763,0.96948,0.05078218673738556,0.0913888888888889,1.3,14.224924012158056
2027-02-04,Google,18-25,West India,Mobile,Video,23,20992,2,0.0574322743231072,1205,0.9,1084.5,0.2070630676689478,241,764,0.96944,0.05740282012195122,0.2,0.9,4.5
2027-02-05,Instagram,18-25,South India,Mobile,Image,17,52662,2,0.0854485297723461,4499,1.3,5848.7,0.0655424944725312,285,765,0.9694,0.08543162052333751,0.0633474105356746,1.3,20.52175438596491
2027-02-06,Instagram,36-50,North India,Mobile,Image,4,59475,2,0.0430024304639377,2557,1.3,3324.1,0.0655732866389443,161,766,0.96936,0.04299285414039512,0.06296441141963238,1.3,20.646583850931677
2027-02-07,Instagram,26-35,North India,Desktop,Video,10,32074,2,0.0857382938866278,2749,1.3,3573.7000000000003,0.0903358055687838,240,767,0.96932,0.08570805013406498,0.08730447435431066,1.3,14.890416666666669
2027-02-08,Google,18-25,West India,Mobile,Text,23,69052,2,0.0260564108011805,1799,0.9,1619.1,0.0355472260777519,61,768,0.96928,0.02605282975149163,0.0339077265147304,0.8999999999999999,26.54262295081967
2027-02-09,Instagram,36-50,North India,Mobile,Text,20,23622,2,0.0690603468854973,1631,1.3,2120.3,0.1389491630895503,219,769,0.96924,0.06904580475827618,0.1342734518700184,1.3,9.681735159817352
2027-02-10,Google,36-50,North India,Mobile,Video,18,68015,2,0.0795397401582763,5409,0.9,4868.1,0.1166800674982976,611,770,0.9692,0.07952657502021612,0.11295988167868368,0.9,7.967430441898528
2027-02-11,Instagram,26-35,North India,Mobile,Video,21,83874,2,0.0468249081953787,3927,1.3,5105.1,0.1224712565660925,465,771,0.96916,0.04682023034551828,0.11841100076394194,1.3,10.978709677419356
2027-02-12,Google,26-35,West India,Mobile,Text,0,93543,2,0.0768844180182354,7191,0.9,6471.900000000001,0.052785033753332,367,772,0.96912,0.07687373721176358,0.051036017243776946,0.9,17.634604904632155
2027-02-13,Google,26-35,South India,Mobile,Text,16,41982,2,0.0637113618073287,2674,0.9,2406.6,0.1516361276350804,392,773,0.96908,0.06369396407984375,0.14659685863874344,0.8999999999999999,6.139285714285714
2027-02-14,Instagram,26-35,South India,Mobile,Video,7,60069,2,0.0521799727582097,3134,1.3,4074.2,0.180798437331639,548,774,0.96904,0.05217333399923421,0.1748564135290364,1.3,7.434671532846715
2027-02-15,Google,26-35,North India,Mobile,Image,22,46078,2,0.091318881191764,4207,0.9,3786.3,0.09537101134068,388,775,0.969,0.09130170580320326,0.09222724031376278,0.9,9.758505154639176
2027-02-16,Google,18-25,South India,Desktop,Text,15,51873,2,0.0322339134742433,1672,0.9,1504.8,0.1523264689109737,246,776,0.96896,0.03223256800262179,0.1471291866028708,0.9,6.117073170731707
2027-02-17,Instagram,36-50,South India,Mobile,Video,10,64798,2,0.0960451936662959,6223,1.3,8089.900000000001,0.2201285900312455,1326,777,0.96892,0.09603691471959011,0.21308050779366866,1.3,6.100980392156863
2027-02-18,Instagram,18-25,West India,Mobile,Image,18,59784,2,0.0550869628918126,3293,1.3,4280.900000000001,0.0469272757453282,149,778,0.96888,0.055081627191221734,0.045247494685696936,1.3000000000000003,28.73087248322148
2027-02-19,Instagram,18-25,West India,Mobile,Image,23,22836,2,0.0596903741285609,1363,1.3,1771.9,0.0567054425598029,74,779,0.96884,0.059686459975477314,0.05429200293470286,1.3,23.944594594594594
2027-02-20,Instagram,18-25,North India,Desktop,Image,10,95782,2,0.0648643747497836,6212,1.3,8075.6,0.0416745638143881,249,780,0.9688,0.06485560961349732,0.040083708950418545,1.3,32.432128514056224
2027-02-21,Google,18-25,North India,Mobile,Image,14,69083,2,0.0763438121737594,5274,0.9,4746.6,0.1153701228640691,589,781,0.96876,0.07634294978504118,0.11167993932499053,0.9,8.058743633276741
2027-02-22,Google,18-25,North India,Mobile,Video,7,29130,2,0.0729522417263944,2125,0.9,1912.5,0.0803838400841272,164,782,0.96872,0.07294884998283556,0.07717647058823529,0.9,11.661585365853659
2027-02-23,Google,26-35,West India,Desktop,Text,13,49975,2,0.0605142793309295,3024,0.9,2721.6,0.134546441940426,393,783,0.96868,0.060510255127563785,0.12996031746031747,0.9,6.925190839694657
2027-02-24,Google,26-35,South India,Mobile,Image,0,66995,2,0.0558610149578998,3742,0.9,3367.8,0.1157507345197086,419,784,0.96864,0.05585491454586163,0.1119722073757349,0.9,8.037708830548926
2027-02-25,Instagram,36-50,West India,Mobile,Image,9,68772,2,0.0673151433828879,4629,1.3,6017.7,0.1572793644951778,705,785,0.9686,0.0673093700924795,0.152300712896954,1.3,8.535744680851064
2027-02-26,Instagram,18-25,West India,Mobile,Video,6,21830,2,0.0459009908106591,1002,1.3,1302.6,0.1413416775416489,136,786,0.96856,0.045900137425561156,0.13572854291417166,1.2999999999999998,9.577941176470588
2027-02-27,Google,36-50,South India,Desktop,Image,17,67116,2,0.0523372571877909,3512,0.9,3160.8,0.1666098407659787,566,787,0.96852,0.05232731390428512,0.1611617312072893,0.9,5.584452296819788
2027-02-28,Google,26-35,South India,Desktop,Video,11,15439,2,0.0270928513384602,418,0.9,376.2,0.1215188055148495,48,788,0.96848,0.027074292376449254,0.11483253588516747,0.9,7.8374999999999995
2027-03-01,Instagram,26-35,North India,Desktop,Video,1,5715,3,0.0310737369075827,177,1.3,230.1,0.2161333426463328,36,789,0.96844,0.030971128608923884,0.2033898305084746,1.3,6.391666666666667
2027-03-02,Google,26-35,South India,Desktop,Text,17,27107,3,0.0673958251202445,1826,0.9,1643.4,0.137204184447377,242,790,0.9684,0.06736267384808352,0.13253012048192772,0.9,6.790909090909091
2027-03-03,Instagram,18-25,South India,Desktop,Image,20,92480,3,0.1174744033657556,10864,1.3,14123.2,0.1492760982210109,1569,791,0.96836,0.11747404844290657,0.14442194403534608,1.3,9.001402166985342
2027-03-04,Google,18-25,South India,Mobile,Text,6,98300,3,0.02892088261514,2842,0.9,2557.8,0.0918758389038453,252,792,0.96832,0.028911495422177007,0.08866995073891626,0.9,10.15
2027-03-05,Instagram,26-35,South India,Desktop,Video,19,44394,3,0.0382347989011259,1697,1.3,2206.1,0.248590759231702,407,793,0.96828,0.03822588638104248,0.23983500294637597,1.3,5.42039312039312
2027-03-06,Google,36-50,North India,Mobile,Image,11,94103,3,0.0720887370028727,6783,0.9,6104.7,0.0912105427533091,598,794,0.96824,0.07208059254221438,0.08816158042164234,0.9,10.208528428093645
2027-03-07,Instagram,36-50,North India,Mobile,Video,19,39665,3,0.0813361877829575,3226,1.3,4193.8,0.1969034824482951,614,795,0.9682,0.08133114836757847,0.1903285802851829,1.3,6.830293159609121
2027-03-08,Instagram,26-35,South India,Mobile,Video,13,33425,3,0.1036344078431252,3463,1.3,4501.900000000001,0.1402677741339127,469,796,0.96816,0.10360508601346298,0.1354317066127635,1.3000000000000003,9.598933901918977
2027-03-09,Instagram,36-50,South India,Mobile,Video,9,60874,3,0.098290893598834,5983,1.3,7777.900000000001,0.2140331638252442,1239,797,0.96812,0.09828498209416171,0.20708674577970917,1.3,6.277562550443907
2027-03-10,Instagram,26-35,North India,Desktop,Image,8,42432,3,0.0425495386473179,1805,1.3,2346.5,0.1752077390494612,305,798,0.96808,0.04253865007541478,0.16897506925207756,1.3,7.69344262295082
2027-03-11,Instagram,36-50,North India,Mobile,Video,22,83778,3,0.1009492274959643,8457,1.3,10994.1,0.1319019854536289,1079,799,0.96804,0.10094535558261118,0.12758661463876078,1.3,10.189156626506024
2027-03-12,Instagram,26-35,South India,Mobile,Video,14,44949,3,0.0390473298315304,1755,1.3,2281.5,0.1650327659441672,279,800,0.968,0.03904425015017019,0.15897435897435896,1.3,8.17741935483871
2027-03-13,Google,36-50,West India,Mobile,Image,19,85360,3,0.0401791431449537,3429,0.9,3086.1,0.0948728075136489,314,801,0.96796,0.04017104029990628,0.0915718868474774,0.9,9.828343949044585
2027-03-14,Instagram,18-25,North India,Desktop,Text,23,78434,3,0.0791838882824071,6210,1.3,8073.0,0.0423316803879569,253,802,0.96792,0.07917484764260398,0.040740740740740744,1.3,31.90909090909091
2027-03-15,Instagram,26-35,North India,Mobile,Video,9,84295,3,0.0714470096898341,6022,1.3,7828.6,0.1647095991176707,959,803,0.96788,0.07143958716412599,0.15924941879774163,1.3,8.163295099061523
2027-03-16,Google,26-35,North India,Mobile,Text,18,89604,3,0.0995928109738964,8923,0.9,8030.7,0.0504081461390542,434,804,0.96784,0.09958260791928931,0.048638350330606296,0.9,18.503917050691243
2027-03-17,Instagram,36-50,South India,Mobile,Text,18,4669,3,0.0498142737815979,232,1.3,301.6,0.0921209451428857,20,805,0.9678,0.049689440993788817,0.08620689655172414,1.3,15.080000000000002
2027-03-18,Instagram,26-35,South India,Mobile,Text,11,80918,3,0.1086049553964657,8788,1.3,11424.4,0.0914636280802244,777,806,0.96776,0.10860377171951853,0.08841602184797451,1.3,14.703217503217502
2027-03-19,Instagram,26-35,North India,Mobile,Text,22,16436,3,0.1341544722092279,2204,1.3,2865.2000000000003,0.0543080799707607,115,807,0.96772,0.13409588707714773,0.052177858439201454,1.3,24.914782608695656
2027-03-20,Google,26-35,South India,Mobile,Text,11,85310,3,0.0831911618013983,7097,0.9,6387.3,0.1371396183884863,941,808,0.96768,0.08319071621146407,0.13259123573340847,0.9,6.787778958554729
2027-03-21,Google,18-25,South India,Desktop,Text,8,37030,3,0.0214585717094453,794,0.9,714.6,0.0662805576445834,50,809,0.96764,0.021442073994058872,0.06297229219143577,0.9,14.292
2027-03-22,Instagram,18-25,North India,Mobile,Image,19,5638,3,0.1430265519019458,806,1.3,1047.8,0.1556706078849966,120,810,0.9676,0.1429584959205392,0.1488833746898263,1.3,8.731666666666666
2027-03-23,Instagram,36-50,South India,Mobile,Image,3,69402,3,0.0825346641650225,5728,1.3,7446.400000000001,0.0906278747121934,502,811,0.96756,0.08253364456355725,0.08763966480446927,1.3,14.833466135458169
2027-03-24,Google,18-25,West India,Mobile,Text,0,58000,3,0.0734415009604809,4259,0.9,3833.1,0.0750059319212111,308,812,0.96752,0.07343103448275862,0.07231744540972058,0.9,12.44512987012987
2027-03-25,Instagram,36-50,South India,Mobile,Image,15,10251,3,0.0991141762042107,1016,1.3,1320.8,0.1066275743678342,104,813,0.96748,0.09911228172861185,0.10236220472440945,1.3,12.7
2027-03-26,Instagram,18-25,South India,Mobile,Image,0,9948,3,0.0506032330489893,503,1.3,653.9,0.0742762838139623,35,814,0.96744,0.05056292722155207,0.06958250497017893,1.3,18.68285714285714
2027-03-27,Google,36-50,North India,Mobile,Text,12,53647,3,0.0492838722837897,2643,0.9,2378.7000000000003,0.0895329602340924,228,815,0.9674,0.04926650138870766,0.08626560726447219,0.9000000000000001,10.432894736842107
2027-03-28,Instagram,18-25,North India,Mobile,Text,2,89414,3,0.1116967515877228,9987,1.3,12983.1,0.0455188308227797,439,816,0.96736,0.11169391817836133,0.04395714428757384,1.3,29.574259681093395
2027-03-29,Google,18-25,West India,Desktop,Video,11,66723,3,0.0341595821747935,2279,0.9,2051.1,0.1317310524522236,290,817,0.96732,0.03415613806333648,0.12724879333040806,0.8999999999999999,7.072758620689655
2027-03-30,Google,36-50,South India,Mobile,Image,22,98806,3,0.0757760824150023,7487,0.9,6738.3,0.1059811152343296,767,818,0.96728,0.07577475052122341,0.10244423667690664,0.9,8.785267275097784
2027-03-31,Google,26-35,West India,Mobile,Text,8,87498,3,0.0420295421853022,3677,0.9,3309.3,0.0816789470398017,290,819,0.96724,0.042023817687261426,0.07886864291542017,0.9,11.411379310344827
2027-04-01,Instagram,26-35,West India,Mobile,Image,3,96447,4,0.1274539924854393,12292,1.3,15979.6,0.1589932743100143,1889,820,0.9672,0.12744823581863615,0.15367718841522943,1.3,8.459290629962943
2027-04-02,Google,18-25,North India,Mobile,Image,1,58245,4,0.0366627137626424,2135,0.9,1921.5,0.1683360507667289,347,821,0.96716,0.03665550691046442,0.16252927400468384,0.9,5.537463976945245
2027-04-03,Google,36-50,South India,Mobile,Image,21,20098,4,0.0423856441074938,851,0.9,765.9,0.1185885269127721,96,822,0.96712,0.04234252164394467,0.1128084606345476,0.9,7.9781249999999995
2027-04-04,Google,26-35,North India,Mobile,Video,21,8408,4,0.0733279039559684,616,0.9,554.4,0.1049010538233279,61,823,0.96708,0.07326355851569934,0.09902597402597403,0.8999999999999999,9.088524590163933
2027-04-05,Google,36-50,West India,Desktop,Text,8,83215,4,0.0584013792389474,4859,0.9,4373.1,0.1113930992784458,523,824,0.96704,0.05839091509944121,0.10763531590862317,0.9,8.361567877629064
2027-04-06,Instagram,26-35,West India,Mobile,Image,19,70069,4,0.0711693251810872,4986,1.3,6481.8,0.1803368046797439,869,825,0.967,0.07115842954801696,0.17428800641797032,1.3,7.458918296892981
2027-04-07,Google,36-50,North India,Mobile,Text,23,70676,4,0.0345578045371581,2442,0.9,2197.8,0.1262027665760791,297,826,0.96696,0.034552040296564605,0.12162162162162163,0.9,7.4
2027-04-08,Google,18-25,North India,Desktop,Image,12,64982,4,0.0565788401741624,3676,0.9,3308.4,0.0516650151049896,182,827,0.96692,0.056569511557046565,0.04951033732317737,0.9,18.178021978021977
2027-04-09,Instagram,36-50,North India,Mobile,Text,13,93154,4,0.118972800577644,11082,1.3,14406.6,0.1038672391912752,1112,828,0.96688,0.11896429568241836,0.10034289839379174,1.3,12.955575539568345
2027-04-10,Google,26-35,North India,Desktop,Text,2,87190,4,0.0421888745843341,3678,0.9,3310.2000000000003,0.1731943205337473,615,829,0.96684,0.04218373666704897,0.16721044045676997,0.9,5.382439024390244
2027-04-11,Google,18-25,North India,Mobile,Text,17,53203,4,0.0481830938903168,2563,0.9,2306.7000000000003,0.0866652804051884,214,830,0.9668,0.048173975151777154,0.08349590323839251,0.9000000000000001,10.778971962616824
2027-04-12,Google,36-50,West India,Mobile,Image,8,55617,4,0.0384880908159093,2140,0.9,1926.0,0.1220404226342806,252,831,0.96676,0.03847744394699462,0.11775700934579439,0.9,7.642857142857143
2027-04-13,Google,26-35,North India,Mobile,Video,14,97311,4,0.0360557642828761,3508,0.9,3157.2000000000003,0.1097641372013166,372,832,0.96672,0.036049367491856006,0.10604332953249715,0.9000000000000001,8.48709677419355
2027-04-14,Google,18-25,South India,Desktop,Text,21,81212,4,0.0478724058015717,3887,0.9,3498.3,0.1230578818410842,462,833,0.96668,0.047862384869231146,0.11885773089786468,0.9,7.572077922077923
2027-04-15,Google,36-50,West India,Desktop,Video,23,7005,4,0.0238480807015865,167,0.9,150.3,0.0900417386299191,14,834,0.96664,0.0238401142041399,0.08383233532934131,0.9,10.735714285714286
2027-04-16,Google,26-35,West India,Mobile,Text,9,72406,4,0.0552174092448862,3998,0.9,3598.2000000000003,0.0760735477856826,293,835,0.9666,0.0552164185288512,0.07328664332166084,0.9,12.280546075085326
2027-04-17,Instagram,36-50,South India,Mobile,Video,16,70440,4,0.1008446990729494,7103,1.3,9233.9,0.2211946437505122,1518,836,0.96656,0.10083759227711528,0.21371251583837814,1.3,6.082938076416337
2027-04-18,Google,36-50,South India,Mobile,Text,12,49235,4,0.0885491821693308,4359,0.9,3923.1,0.0666020895522602,280,837,0.96652,0.08853457905961207,0.06423491626519844,0.9,14.011071428571428
2027-04-19,Instagram,18-25,West India,Mobile,Video,0,12973,4,0.0970728993221579,1259,1.3,1636.7,0.2443105827500176,296,838,0.96648,0.09704771448392815,0.23510722795869737,1.3,5.529391891891892
2027-04-20,Instagram,18-25,North India,Mobile,Text,10,47976,4,0.0591662630394218,2838,1.3,3689.4,0.0805379090168323,220,839,0.96644,0.059154577288644324,0.07751937984496124,1.3,16.77
2027-04-21,Google,26-35,West India,Mobile,Text,4,68797,4,0.0511113771698379,3516,0.9,3164.4,0.1229135838399817,417,840,0.9664,0.05110687966045031,0.11860068259385666,0.9,7.588489208633094
2027-04-22,Instagram,18-25,West India,Mobile,Video,8,59866,4,0.1236477958435829,7402,1.3,9622.6,0.122481064597408,875,841,0.96636,0.12364280225837704,0.1182112942447987,1.3,10.997257142857142
2027-04-23,Google,26-35,South India,Mobile,Text,6,18804,4,0.0558978851148855,1051,0.9,945.9,0.1199690742587069,121,842,0.96632,0.05589236332695171,0.11512844909609896,0.9,7.817355371900827
2027-04-24,Instagram,36-50,West India,Mobile,Image,6,89613,4,0.1101397189347334,9869,1.3,12829.7,0.1998386231120644,1905,843,0.96628,0.11012911073170187,0.19302867565102846,1.3,6.7347506561679795
2027-04-25,Google,36-50,North India,Desktop,Text,1,62936,4,0.0606978142194134,3820,0.9,3438.0,0.0480631940553808,176,844,0.96624,0.06069658065336215,0.04607329842931937,0.9,19.53409090909091
2027-04-26,Google,26-35,South India,Desktop,Text,18,48276,4,0.0794504229484239,3835,0.9,3451.5,0.1793942998031996,663,845,0.9662,0.07943905874554644,0.17288135593220338,0.9,5.205882352941177
2027-04-27,Google,36-50,West India,Mobile,Image,19,25680,4,0.0519495048917952,1334,0.9,1200.6,0.1416723793748547,181,846,0.96616,0.05194704049844237,0.13568215892053972,0.8999999999999999,6.633149171270718
2027-04-28,Instagram,18-25,West India,Desktop,Image,17,61967,4,0.0562556670568118,3485,1.3,4530.5,0.1597319714594784,537,847,0.96612,0.05623961140607097,0.15408895265423242,1.3,8.436685288640597
2027-04-29,Google,36-50,North India,Mobile,Image,9,17862,4,0.0637097909648981,1137,0.9,1023.3,0.0545195758602689,58,848,0.96608,0.06365468592542828,0.051011433597185574,0.8999999999999999,17.643103448275863
2027-04-30,Instagram,18-25,West India,Desktop,Video,4,88438,4,0.0462570751543543,4090,1.3,5317.0,0.2110980620513974,833,849,0.96604,0.04624708835568421,0.2036674816625917,1.3,6.382953181272509
2027-05-01,Google,26-35,West India,Mobile,Image,15,40553,5,0.0339871288186525,1378,0.9,1240.2,0.0578889780594681,76,850,0.966,0.03398022341133825,0.055152394775036286,0.9,16.318421052631578
2027-05-02,Instagram,26-35,West India,Mobile,Video,22,9884,5,0.066257987158673,654,1.3,850.2,0.2100899582047302,132,851,0.96596,0.06616754350465398,0.2018348623853211,1.3,6.440909090909091
2027-05-03,Google,36-50,West India,Desktop,Image,4,69574,5,0.0335645482488477,2335,0.9,2101.5,0.1519002186745303,341,852,0.96592,0.03356138787478081,0.14603854389721627,0.9,6.1627565982404695
2027-05-04,Instagram,36-50,North India,Mobile,Video,14,61313,5,0.0653863948971616,4009,1.3,5211.7,0.124261729422611,481,853,0.96588,0.06538580725131701,0.1199800448989773,1.3,10.835135135135134
2027-05-05,Google,18-25,West India,Desktop,Image,21,33961,5,0.0373164145382988,1267,0.9,1140.3,0.169383374012212,206,854,0.96584,0.03730749977915845,0.16258879242304658,0.8999999999999999,5.535436893203883
2027-05-06,Google,18-25,West India,Desktop,Image,15,32562,5,0.0446531306432209,1453,0.9,1307.7,0.0636702595030609,88,855,0.9658,0.044622566181438485,0.060564349621472814,0.9,14.860227272727274
2027-05-07,Google,36-50,West India,Desktop,Text,3,27065,5,0.0525739518556615,1422,0.9,1279.8,0.1520080117015268,208,856,0.96576,0.052540181045630886,0.14627285513361463,0.9,6.1528846153846155
2027-05-08,Google,36-50,South India,Mobile,Image,13,33084,5,0.0759087326636065,2511,0.9,2259.9,0.1543901329316549,373,857,0.96572,0.07589771490750816,0.14854639585822382,0.9,6.058713136729223
2027-05-09,Instagram,26-35,North India,Mobile,Text,23,52038,5,0.0567960283261034,2955,1.3,3841.5,0.0434216231346553,123,858,0.96568,0.05678542603482071,0.0416243654822335,1.3,31.23170731707317
2027-05-10,Google,26-35,South India,Mobile,Image,16,78337,5,0.0496946311030098,3892,0.9,3502.8,0.1266350916372779,475,859,0.96564,0.04968278080600483,0.12204522096608428,0.9,7.374315789473685
2027-05-11,Instagram,26-35,South India,Desktop,Image,16,21957,5,0.0528106530763377,1159,1.3,1506.7,0.1534749607432093,170,860,0.9656,0.05278498884182721,0.14667817083692838,1.3,8.862941176470589
2027-05-12,Google,36-50,North India,Mobile,Text,20,69116,5,0.0552882003917594,3821,0.9,3438.9,0.1016021666827265,374,861,0.96556,0.0552838705943631,0.09788013609002878,0.9,9.194919786096257
2027-05-13,Google,36-50,South India,Mobile,Text,15,93080,5,0.0235262828893751,2189,0.9,1970.1,0.0928949763215706,196,862,0.96552,0.02351740438332617,0.08953860210141618,0.8999999999999999,10.051530612244898
2027-05-14,Google,36-50,South India,Mobile,Video,8,63278,5,0.0311274973617443,1969,0.9,1772.1,0.0986567997818801,187,863,0.96548,0.03111665981857834,0.09497206703910614,0.8999999999999999,9.476470588235294
2027-05-15,Google,26-35,South India,Mobile,Text,1,33454,5,0.025255399856723,844,0.9,759.6,0.0685842406831267,55,864,0.96544,0.025228672206612065,0.06516587677725119,0.9,13.81090909090909
2027-05-16,Instagram,36-50,North India,Mobile,Video,10,54796,5,0.0377709926105631,2069,1.3,2689.7000000000003,0.1935412792853751,386,865,0.9654,0.03775823052777575,0.18656355727404544,1.3,6.968134715025908
2027-05-17,Google,18-25,West India,Mobile,Image,14,12277,5,0.0447279057619991,549,0.9,494.1,0.0728637050956207,38,866,0.96536,0.044717764926284924,0.0692167577413479,0.9,13.00263157894737
2027-05-18,Google,36-50,North India,Desktop,Text,2,99524,5,0.0208696445129434,2077,0.9,1869.3,0.1410998890997173,282,867,0.96532,0.02086933804911378,0.13577274915743862,0.9,6.628723404255319
2027-05-19,Instagram,36-50,North India,Mobile,Text,23,67411,5,0.0352952885705495,2379,1.3,3092.7000000000003,0.0560660362588391,128,868,0.96528,0.03529097625016689,0.05380411937788987,1.3,24.161718750000002
2027-05-20,Instagram,36-50,North India,Desktop,Image,15,78190,5,0.0752459219303518,5883,1.3,7647.900000000001,0.0891097425701539,505,869,0.96524,0.07523980048599566,0.08584055753867074,1.3,15.144356435643566
2027-05-21,Google,36-50,South India,Mobile,Image,20,61069,5,0.0739175468255728,4514,0.9,4062.6,0.0458978076681705,199,870,0.9652,0.07391638965760042,0.04408506867523261,0.9,20.41507537688442
2027-05-22,Google,36-50,West India,Mobile,Image,18,67732,5,0.0659890517722635,4469,0.9,4022.1,0.1664401515155581,717,871,0.96516,0.06598062953995157,0.16043857686283286,0.9,5.609623430962343
2027-05-23,Instagram,18-25,North India,Mobile,Image,21,52861,5,0.1083284428913459,5726,1.3,7443.8,0.0518787728191578,286,872,0.96512,0.10832182516410964,0.04994760740482012,1.3,26.027272727272727
2027-05-24,Google,18-25,North India,Mobile,Text,5,50487,5,0.0253765763758192,1281,0.9,1152.9,0.072696072777665,89,873,0.96508,0.02537286826311724,0.06947697111631537,0.9,12.953932584269664
2027-05-25,Google,36-50,West India,Mobile,Image,13,42184,5,0.066942753362487,2823,0.9,2540.7000000000003,0.1579525500055368,429,874,0.96504,0.06692110752892091,0.15196599362380447,0.9000000000000001,5.922377622377623
2027-05-26,Google,26-35,West India,Desktop,Image,4,24398,5,0.0277114049534639,676,0.9,608.4,0.1508657114247132,97,875,0.965,0.02770718911386179,0.14349112426035504,0.8999999999999999,6.272164948453608
2027-05-27,Instagram,36-50,West India,Mobile,Text,4,80906,5,0.0378321774527992,3060,1.3,3978.0,0.1341386213884798,395,876,0.96496,0.03782166959187205,0.12908496732026145,1.3,10.070886075949367
2027-05-28,Instagram,36-50,South India,Mobile,Video,5,29517,5,0.0936734932661123,2764,1.3,3593.2000000000003,0.2217270827752113,590,877,0.96492,0.09364095267134194,0.2134587554269175,1.3,6.090169491525424
2027-05-29,Google,36-50,West India,Mobile,Text,17,95395,5,0.0726578897240082,6931,0.9,6237.900000000001,0.1424174238493142,952,878,0.96488,0.07265579957020808,0.13735391718366757,0.9000000000000001,6.5524159663865555
2027-05-30,Google,26-35,South India,Desktop,Video,21,67783,5,0.0514317470861321,3486,0.9,3137.4,0.1951882455910824,656,879,0.96484,0.05142882433648555,0.18818129661503155,0.9,4.782621951219513
2027-05-31,Google,26-35,North India,Mobile,Image,17,25564,5,0.0539009286962932,1377,0.9,1239.3,0.1154623473692059,152,880,0.9648,0.053864809888906275,0.11038489469862019,0.9,8.153289473684211
2027-06-01,Instagram,26-35,South India,Mobile,Text,18,8111,6,0.0730205314683418,592,1.3,769.6,0.1053614590527823,59,881,0.96476,0.0729873011959068,0.09966216216216216,1.3,13.04406779661017
2027-06-02,Google,18-25,West India,Mobile,Image,1,21973,6,0.0709917981674125,1559,0.9,1403.1,0.0397182981062279,58,882,0.96472,0.07095071223774632,0.03720333547145606,0.8999999999999999,24.191379310344825
2027-06-03,Google,26-35,South India,Desktop,Text,16,1310,6,0.0432789806228522,56,0.9,50.4,0.1253852256845635,6,883,0.96468,0.042748091603053436,0.10714285714285714,0.9,8.4
2027-06-04,Instagram,18-25,West India,Mobile,Video,0,77296,6,0.0770357264043508,5954,1.3,7740.2,0.0817776037521979,468,884,0.96464,0.07702856551438625,0.07860262008733625,1.3,16.538888888888888
2027-06-05,Google,18-25,South India,Mobile,Text,8,18988,6,0.0499552982801518,948,0.9,853.2,0.1385826675264882,126,885,0.9646,0.04992626922266695,0.13291139240506328,0.9,6.771428571428571
2027-06-06,Instagram,26-35,North India,Mobile,Image,12,23043,6,0.0389007131126853,896,1.3,1164.8,0.1060731461598676,91,886,0.96456,0.03888382589072603,0.1015625,1.3,12.799999999999999
2027-06-07,Google,26-35,South India,Desktop,Text,3,54134,6,0.018472796733775,1000,0.9,900.0,0.158299210104813,152,887,0.96452,0.018472678907895224,0.152,0.9,5.921052631578948
2027-06-08,Google,26-35,North India,Mobile,Image,4,91480,6,0.0434484762927451,3974,0.9,3576.6,0.0626680547165849,240,888,0.96448,0.043441189331001315,0.06039255158530448,0.9,14.9025
2027-06-09,Google,18-25,West India,Desktop,Text,22,56326,6,0.0602039608538237,3391,0.9,3051.9,0.1140877590866975,372,889,0.96444,0.06020310336256791,0.10970215275729873,0.9,8.204032258064517
2027-06-10,Instagram,36-50,North India,Mobile,Video,17,90937,6,0.0651852469203461,5927,1.3,7705.1,0.1263370699813832,721,890,0.9644,0.06517699066386619,0.12164670153534672,1.3,10.686685159500694
2027-06-11,Instagram,26-35,West India,Mobile,Text,9,18381,6,0.0593642557218125,1091,1.3,1418.3,0.1376407637812823,144,891,0.96436,0.059354768510962407,0.13198900091659027,1.3,9.849305555555555
2027-06-12,Instagram,26-35,West India,Mobile,Text,3,34264,6,0.082990076926587,2843,1.3,3695.9,0.0623705887133565,170,892,0.96432,0.08297338314265702,0.05979599015124868,1.3,21.74058823529412
2027-06-13,Google,26-35,North India,Desktop,Text,12,23069,6,0.0457860751811665,1056,0.9,950.4,0.0370684493861467,37,893,0.96428,0.04577571632927305,0.035037878787878785,0.9,25.686486486486487
2027-06-14,Instagram,18-25,North India,Mobile,Text,12,43964,6,0.0363493747989277,1598,1.3,2077.4,0.0890948093526277,136,894,0.96424,0.03634792102629424,0.0851063829787234,1.3,15.275
2027-06-15,Google,18-25,South India,Desktop,Video,16,67734,6,0.0329177068696801,2229,0.9,2006.1,0.1417343819739389,303,895,0.9642,0.03290814066790681,0.13593539703903096,0.8999999999999999,6.620792079207921
2027-06-16,Google,36-50,South India,Mobile,Image,7,6910,6,0.0211395417627906,146,0.9,131.4,0.0874027662851163,11,896,0.96416,0.021128798842257598,0.07534246575342465,0.9,11.945454545454545
2027-06-17,Instagram,26-35,North India,Desktop,Text,3,72020,6,0.0380481967227323,2740,1.3,3562.0,0.136636693126736,360,897,0.96412,0.03804498750347126,0.13138686131386862,1.3,9.894444444444444
2027-06-18,Google,18-25,North India,Mobile,Text,22,47165,6,0.0846958003414032,3994,0.9,3594.6,0.0381718326755926,146,898,0.96408,0.08468143750662567,0.03655483224837256,0.9,24.62054794520548
2027-06-19,Google,36-50,North India,Mobile,Text,2,67112,6,0.0649162733999339,4356,0.9,3920.4,0.0918500347195905,385,899,0.96404,0.06490642508046252,0.08838383838383838,0.9,10.182857142857143
2027-06-20,Google,26-35,North India,Mobile,Video,10,33821,6,0.0352744158536224,1193,0.9,1073.7,0.082774088177842,94,900,0.964,0.03527394222524467,0.07879295892707461,0.9,11.422340425531916
2027-06-21,Google,18-25,West India,Mobile,Image,11,45392,6,0.0418622793313721,1900,0.9,1710.0,0.0382542975503752,69,901,0.96396,0.04185759605216778,0.03631578947368421,0.9,24.782608695652176
2027-06-22,Google,26-35,North India,Mobile,Image,8,49603,6,0.070010889146847,3472,0.9,3124.8,0.160914738521226,537,902,0.96392,0.06999576638509768,0.1546658986175115,0.9,5.818994413407822
2027-06-23,Instagram,26-35,North India,Mobile,Text,14,33996,6,0.0787966435377805,2678,1.3,3481.4,0.0824090146304585,212,903,0.96388,0.07877397340863632,0.07916355489171023,1.3,16.421698113207547
2027-06-24,Google,18-25,North India,Mobile,Text,12,91890,6,0.0487248476453466,4477,0.9,4029.3,0.122745116025256,529,904,0.96384,0.048721297203177714,0.11815948179584543,0.9,7.616824196597354
2027-06-25,Instagram,18-25,North India,Mobile,Image,4,96765,6,0.0418797029301127,4052,1.3,5267.6,0.1422424957299209,555,905,0.9638,0.04187464475791867,0.13696939782823297,1.3,9.491171171171171
2027-06-26,Instagram,18-25,West India,Mobile,Text,4,78558,6,0.068685508013336,5395,1.3,7013.5,0.1241280693513843,644,906,0.96376,0.06867537360930777,0.11936978683966636,1.3,10.89052795031056
2027-06-27,Google,26-35,South India,Mobile,Text,18,67520,6,0.0833956146055345,5630,0.9,5067.0,0.0926110904654934,502,907,0.96372,0.08338270142180094,0.0891651865008881,0.9,10.093625498007968
2027-06-28,Google,26-35,South India,Mobile,Text,10,79196,6,0.0671278418578911,5316,0.9,4784.400000000001,0.1469429172568613,752,908,0.96368,0.06712460225263903,0.14145974416854779,0.9000000000000001,6.362234042553192
2027-06-29,Google,36-50,South India,Mobile,Video,8,26044,6,0.0471278917777886,1227,0.9,1104.3,0.1146383125322831,134,909,0.96364,0.04711257871294732,0.10920945395273024,0.8999999999999999,8.241044776119402
2027-06-30,Instagram,26-35,South India,Mobile,Video,2,85387,6,0.0667945313032427,5703,1.3,7413.900000000001,0.121856407371078,668,910,0.9636,0.06679002658484312,0.11713133438541119,1.3,11.098652694610779
2027-07-01,Google,18-25,South India,Mobile,Image,17,43809,7,0.0533389006707307,2336,0.9,2102.4,0.0833786001610182,186,911,0.96356,0.05332237668059075,0.07962328767123288,0.9,11.303225806451614
2027-07-02,Instagram,26-35,West India,Desktop,Video,12,34299,7,0.0800340690361964,2745,1.3,3568.5,0.1232782927516336,325,912,0.96352,0.08003148779847809,0.11839708561020036,1.3,10.98
2027-07-03,Google,36-50,South India,Desktop,Video,11,80247,7,0.0251425569094535,2017,0.9,1815.3,0.2351052374795486,456,913,0.96348,0.025134896008573528,0.22607833415964304,0.9,3.980921052631579
2027-07-04,Instagram,36-50,West India,Mobile,Image,8,77763,7,0.0373775930356085,2906,1.3,3777.8,0.1202536927155031,336,914,0.96344,0.03736995743476975,0.11562284927735719,1.3,11.243452380952382
2027-07-05,Google,18-25,West India,Mobile,Video,9,63647,7,0.036078278327942,2296,0.9,2066.4,0.187624421919287,414,915,0.9634,0.03607397049350323,0.1803135888501742,0.9,4.9913043478260875
2027-07-06,Google,18-25,South India,Mobile,Image,12,74564,7,0.0431447068853019,3217,0.9,2895.3,0.0845548093019678,262,916,0.96336,0.04314414462743415,0.08144233758159776,0.9,11.050763358778626
2027-07-07,Instagram,36-50,South India,Mobile,Text,19,83481,7,0.074254355228751,6198,1.3,8057.400000000001,0.1625300185644115,970,917,0.96332,0.07424443885435009,0.15650209745079058,1.3,8.30659793814433
2027-07-08,Instagram,36-50,South India,Mobile,Image,19,33857,7,0.0882164225922706,2986,1.3,3881.8,0.0460286756824481,131,918,0.96328,0.08819446495554834,0.04387139986604153,1.3,29.632061068702292
2027-07-09,Google,36-50,North India,Mobile,Image,12,39503,7,0.0599496428426377,2368,0.9,2131.2000000000003,0.1617226141156938,367,919,0.96324,0.05994481431789991,0.15498310810810811,0.9000000000000001,5.807084468664851
2027-07-10,Instagram,18-25,West India,Mobile,Image,21,66217,7,0.040959789262283,2712,1.3,3525.6,0.165720544642777,432,920,0.9632,0.04095624990561336,0.1592920353982301,1.3,8.161111111111111
2027-07-11,Google,36-50,South India,Mobile,Text,8,26982,7,0.0508419984842472,1371,0.9,1233.9,0.0462169287320254,60,921,0.96316,0.05081165221258617,0.0437636761487965,0.9,20.565
2027-07-12,Instagram,36-50,North India,Mobile,Text,23,67828,7,0.0429606409500776,2913,1.3,3786.9,0.1006779225223577,282,922,0.96312,0.04294686560122663,0.09680741503604531,1.3,13.428723404255319
2027-07-13,Instagram,18-25,West India,Mobile,Text,9,54262,7,0.0471160026874468,2556,1.3,3322.8,0.1274440422434087,313,923,0.96308,0.04710478788102171,0.12245696400625979,1.3,10.615974440894568
2027-07-14,Google,26-35,North India,Mobile,Image,18,24880,7,0.0859874988892248,2139,0.9,1925.1,0.091706448165442,188,924,0.96304,0.0859726688102894,0.08789153810191679,0.8999999999999999,10.239893617021275
2027-07-15,Google,26-35,North India,Mobile,Image,5,99074,7,0.0518009417950542,5132,0.9,4618.8,0.0502170227622731,247,925,0.963,0.051799664896945714,0.04812938425565082,0.9,18.699595141700406
2027-07-16,Google,36-50,South India,Mobile,Image,6,8559,7,0.0451826423504769,386,0.9,347.40000000000003,0.1717275888388548,63,926,0.96296,0.045098726486739106,0.16321243523316062,0.9000000000000001,5.514285714285715
2027-07-17,Google,26-35,West India,Desktop,Image,14,37549,7,0.0543222912628742,2039,0.9,1835.1,0.105309764455977,206,927,0.96292,0.05430237822578497,0.10102991662579695,0.8999999999999999,8.908252427184465
2027-07-18,Instagram,26-35,North India,Desktop,Image,21,36159,7,0.0688906547603719,2491,1.3,3238.3,0.073012263488448,174,928,0.96288,0.06889017948505213,0.06985146527498996,1.3,18.610919540229887
2027-07-19,Google,26-35,West India,Mobile,Image,18,51370,7,0.0376092049087977,1931,0.9,1737.9,0.0499197616600817,92,929,0.96284,0.03759003309324509,0.047643707923355774,0.9,18.89021739130435
2027-07-20,Google,26-35,South India,Mobile,Image,13,60289,7,0.035023559882105,2111,0.9,1899.9,0.1425864640715241,289,930,0.9628,0.03501467929473038,0.1369019422074846,0.9,6.574048442906575
2027-07-21,Instagram,36-50,West India,Mobile,Video,15,88075,7,0.0868748526007747,7651,1.3,9946.3,0.0551067126601922,405,931,0.96276,0.08686914561453307,0.052934256959874526,1.2999999999999998,24.558765432098763
2027-07-22,Instagram,26-35,North India,Mobile,Text,13,79740,7,0.0470773022314801,3753,1.3,4878.900000000001,0.1217331613460045,439,932,0.96272,0.04706546275395034,0.11697308819610978,1.3,11.11366742596811
2027-07-23,Google,26-35,North India,Mobile,Video,19,3252,7,0.0606976059710585,197,0.9,177.3,0.1686120198880933,31,933,0.96268,0.06057810578105781,0.15736040609137056,0.9,5.719354838709678
2027-07-24,Google,18-25,West India,Mobile,Text,1,10866,7,0.0390588068518895,424,0.9,381.6,0.0724301814113241,28,934,0.96264,0.03902079882201362,0.0660377358490566,0.9,13.62857142857143
2027-07-25,Google,36-50,North India,Mobile,Image,8,38997,7,0.0484589062593544,1889,0.9,1700.1,0.1008142164693563,182,935,0.9626,0.04843962356078673,0.09634727368978295,0.8999999999999999,9.34120879120879
2027-07-26,Google,18-25,North India,Mobile,Video,2,91336,7,0.062884613395761,5743,0.9,5168.7,0.1524074490881294,842,936,0.96256,0.06287772619777525,0.14661326832665855,0.9,6.138598574821852
2027-07-27,Instagram,18-25,North India,Desktop,Image,5,8553,7,0.0522415826410266,446,1.3,579.8000000000001,0.1655634728565013,70,937,0.96252,0.05214544604232433,0.15695067264573992,1.3,8.282857142857145
2027-07-28,Google,36-50,South India,Desktop,Video,4,33831,7,0.0321653105981399,1088,0.9,979.2,0.148923909419438,155,938,0.96248,0.03215985338890367,0.14246323529411764,0.9,6.31741935483871
2027-07-29,Instagram,26-35,South India,Mobile,Video,13,68323,7,0.0417639969045356,2853,1.3,3708.9,0.2369864157956178,650,939,0.96244,0.041757534066127075,0.2278303540133193,1.3,5.706
2027-07-30,Google,18-25,North India,Mobile,Image,14,45810,7,0.0730543836295675,3346,0.9,3011.4,0.0812390699132952,260,940,0.9624,0.07304082078148876,0.07770472205618649,0.9,11.582307692307692
2027-07-31,Instagram,36-50,West India,Mobile,Video,17,59719,7,0.043173434341229,2578,1.3,3351.4,0.1364506470311117,337,941,0.96236,0.043168840737453744,0.13072148952676493,1.3,9.944807121661722
2027-08-01,Instagram,26-35,South India,Desktop,Video,16,12726,8,0.0600435652417785,764,1.3,993.2,0.074165755121487,53,942,0.96232,0.06003457488606003,0.0693717277486911,1.3,18.739622641509435
2027-08-02,Instagram,36-50,West India,Desktop,Text,8,70451,8,0.0608035013341283,4283,1.3,5567.900000000001,0.1002163093146122,412,943,0.96228,0.06079402705426467,0.09619425636236283,1.3,13.514320388349516
2027-08-03,Google,18-25,North India,Desktop,Image,18,48423,8,0.0494375337603315,2393,0.9,2153.7000000000003,0.1093296701716707,251,944,0.96224,0.049418664684137706,0.10488926034266612,0.9000000000000001,8.580478087649404
2027-08-04,Google,26-35,North India,Mobile,Image,22,1092,8,0.0856281878840817,93,0.9,83.7,0.1508922506229193,13,945,0.9622,0.08516483516483517,0.13978494623655913,0.9,6.438461538461539
2027-08-05,Google,26-35,West India,Desktop,Video,8,77470,8,0.0536265680758672,4154,0.9,3738.6,0.2154206661543594,860,946,0.96216,0.053620756421840714,0.20702936928261917,0.9,4.347209302325581
2027-08-06,Instagram,36-50,South India,Mobile,Image,15,30995,8,0.0563197735175217,1745,1.3,2268.5,0.195871429312718,328,947,0.96212,0.056299403129537025,0.18796561604584527,1.3,6.916158536585366
2027-08-07,Instagram,26-35,West India,Desktop,Text,5,99005,8,0.0352293303840133,3487,1.3,4533.1,0.0621198422865303,207,948,0.96208,0.03522044341194889,0.05936334958416977,1.3,21.899033816425124
2027-08-08,Instagram,18-25,West India,Desktop,Text,7,63957,8,0.048774482920515,3119,1.3,4054.7,0.0742750208858318,222,949,0.96204,0.04876714042247135,0.07117665918563643,1.3,18.264414414414414
2027-08-09,Instagram,18-25,North India,Mobile,Image,2,2677,8,0.1018592940608059,272,1.3,353.6,0.0745293810436175,19,950,0.962,0.10160627568173328,0.06985294117647059,1.3,18.610526315789475
2027-08-10,Instagram,18-25,South India,Mobile,Image,21,94778,8,0.0518599643483209,4915,1.3,6389.5,0.0747506509059556,353,951,0.96196,0.05185802612420604,0.07182095625635809,1.3,18.10056657223796
2027-08-11,Google,36-50,West India,Desktop,Text,4,22892,8,0.0402288593973966,920,0.9,828.0,0.0518661855727535,45,952,0.96192,0.040188712213873844,0.04891304347826087,0.9,18.4
2027-08-12,Instagram,26-35,South India,Mobile,Image,6,23114,8,0.0710614406991918,1642,1.3,2134.6,0.1228085779354511,193,953,0.96188,0.07103919702344899,0.11753958587088915,1.3,11.060103626943004
2027-08-13,Google,26-35,North India,Mobile,Video,22,37632,8,0.0552920545045625,2080,0.9,1872.0,0.1848508056705457,369,954,0.96184,0.055272108843537414,0.17740384615384616,0.9,5.073170731707317
2027-08-14,Google,26-35,South India,Mobile,Image,0,28057,8,0.0656171783939589,1841,0.9,1656.9,0.1348396055121625,238,955,0.9618,0.06561642370887835,0.12927756653992395,0.9,6.961764705882353
2027-08-15,Google,18-25,North India,Mobile,Video,21,63565,8,0.0340744033663779,2165,0.9,1948.5,0.1848771185857835,384,956,0.96176,0.03405962400692205,0.17736720554272517,0.9,5.07421875
2027-08-16,Google,26-35,South India,Mobile,Text,20,61753,8,0.0737917296456131,4556,0.9,4100.400000000001,0.162997846794334,713,957,0.96172,0.07377779217204022,0.15649692712906058,0.9000000000000001,5.750911640953717
2027-08-17,Google,18-25,West India,Mobile,Image,3,45031,8,0.0299865533336202,1350,0.9,1215.0,0.0936397989337142,121,958,0.96168,0.029979347560569386,0.08962962962962963,0.9,10.041322314049587
2027-08-18,Instagram,26-35,North India,Mobile,Text,15,51049,8,0.1051309372413795,5366,1.3,6975.8,0.1267722455493707,653,959,0.96164,0.10511469372563616,0.1216921356690272,1.3,10.682695252679938
2027-08-19,Google,18-25,West India,Mobile,Image,13,61275,8,0.0392720724382227,2406,0.9,2165.4,0.0473269306515641,108,960,0.9616,0.039265605875153,0.04488778054862843,0.9,20.05
2027-08-20,Instagram,26-35,North India,Mobile,Video,0,48881,8,0.0739655766070491,3615,1.3,4699.5,0.1223792751690393,425,961,0.96156,0.0739551154845441,0.11756569847856155,1.3,11.05764705882353
2027-08-21,Google,36-50,South India,Mobile,Image,3,53865,8,0.0506779337959771,2729,0.9,2456.1,0.1007176641930161,263,962,0.96152,0.05066369627773137,0.09637229754488824,0.8999999999999999,9.338783269961977
2027-08-22,Google,36-50,South India,Mobile,Text,9,98068,8,0.027009788662333,2648,0.9,2383.2000000000003,0.064215111898898,163,963,0.96148,0.027001672309010075,0.061555891238670696,0.9000000000000001,14.620858895705522
2027-08-23,Google,18-25,North India,Mobile,Video,10,51684,8,0.0540422769915104,2793,0.9,2513.7000000000003,0.1155674924190773,309,964,0.96144,0.05403993498955189,0.11063372717508056,0.9000000000000001,8.13495145631068
2027-08-24,Google,18-25,North India,Mobile,Image,6,56687,8,0.0721697755285413,4091,0.9,3681.9,0.0970124372098417,380,965,0.9614,0.07216822199093266,0.09288682473722806,0.9,9.68921052631579
2027-08-25,Instagram,26-35,North India,Desktop,Text,3,76705,8,0.0815320234776085,6253,1.3,8128.900000000001,0.1237054009803727,743,966,0.96136,0.08152010951046217,0.11882296497681114,1.3,10.940646029609692
2027-08-26,Google,26-35,South India,Mobile,Text,0,57438,8,0.0396718822148457,2278,0.9,2050.2000000000003,0.1511414462676961,330,967,0.96132,0.03966015529788642,0.14486391571553994,0.9000000000000001,6.212727272727274
2027-08-27,Instagram,36-50,North India,Desktop,Image,0,58314,8,0.0637986466854599,3720,1.3,4836.0,0.1253744064349618,447,968,0.96128,0.06379257125218644,0.12016129032258065,1.3,10.818791946308725
2027-08-28,Google,26-35,North India,Mobile,Text,16,51503,8,0.0371279184837359,1912,0.9,1720.8,0.1039045311993336,190,969,0.96124,0.03712405102615381,0.09937238493723849,0.9,9.056842105263158
2027-08-29,Instagram,18-25,West India,Desktop,Video,9,31740,8,0.0373612494762151,1185,1.3,1540.5,0.0665106404805397,74,970,0.9612,0.03733459357277883,0.06244725738396625,1.3,20.81756756756757
2027-08-30,Instagram,18-25,North India,Mobile,Image,4,47176,8,0.091642940261263,4323,1.3,5619.900000000001,0.1145098210093891,475,971,0.96116,0.09163557741224351,0.10987739995373583,1.3,11.831368421052632
2027-08-31,Instagram,18-25,West India,Mobile,Video,6,11030,8,0.0996778126089206,1099,1.3,1428.7,0.0941067210350812,98,972,0.96112,0.09963735267452402,0.08917197452229299,1.3,14.57857142857143
2027-09-01,Google,18-25,West India,Mobile,Text,7,77288,9,0.0343154220403536,2652,0.9,2386.8,0.0690767646450204,175,973,0.96108,0.03431321809336508,0.06598793363499246,0.9,13.638857142857145
2027-09-02,Google,18-25,West India,Mobile,Text,1,8051,9,0.0340838265614906,274,0.9,246.6,0.0452781836194268,11,974,0.96104,0.03403303937399081,0.040145985401459854,0.9,22.418181818181818
2027-09-03,Google,36-50,South India,Mobile,Text,8,57010,9,0.0316717134582166,1805,0.9,1624.5,0.1206351412129187,208,975,0.961,0.03166111208559902,0.11523545706371191,0.9,7.810096153846154
2027-09-04,Instagram,36-50,West India,Mobile,Video,3,11589,9,0.0946357223179572,1096,1.3,1424.8,0.1460798127989346,153,976,0.96096,0.09457243938217275,0.1395985401459854,1.3,9.312418300653594
2027-09-05,Google,18-25,North India,Mobile,Text,11,12395,9,0.0513072011259529,635,0.9,571.5,0.0572018137179874,34,977,0.96092,0.051230334812424366,0.05354330708661417,0.9,16.808823529411764
2027-09-06,Google,26-35,South India,Desktop,Image,10,13833,9,0.0184836674588211,255,0.9,229.5,0.0845076862273111,20,978,0.96088,0.01843417913684667,0.0784313725490196,0.9,11.475
2027-09-07,Instagram,18-25,South India,Mobile,Image,4,67134,9,0.050720221351521,3405,1.3,4426.5,0.1630421826534642,533,979,0.96084,0.05071945660916972,0.1565345080763583,1.3,8.304878048780488
2027-09-08,Google,36-50,South India,Mobile,Text,11,80903,9,0.0502014640892104,4061,0.9,3654.9,0.1411949772992832,550,980,0.9608,0.05019591362495828,0.1354346220142822,0.9,6.645272727272728
2027-09-09,Instagram,18-25,South India,Mobile,Image,20,19428,9,0.1237121251065673,2403,1.3,3123.9,0.1199350358002873,276,981,0.96076,0.1236874613959234,0.11485642946317104,1.3,11.318478260869565
2027-09-10,Google,36-50,South India,Mobile,Video,3,17642,9,0.0257011321876643,453,0.9,407.7,0.0803356981516413,34,982,0.96072,0.025677360843441785,0.07505518763796909,0.9,11.991176470588234
2027-09-11,Google,36-50,South India,Desktop,Video,12,87491,9,0.0208439683708197,1823,0.9,1640.7,0.0630734720239064,109,983,0.96068,0.02083642888982867,0.05979155238617663,0.9,15.052293577981652
2027-09-12,Instagram,18-25,South India,Desktop,Text,21,41771,9,0.1031503758793792,4308,1.3,5600.400000000001,0.0729352741795861,301,984,0.96064,0.10313375308228197,0.06987000928505106,1.3,18.605980066445184
2027-09-13,Google,18-25,West India,Desktop,Image,0,11097,9,0.040468146658694,449,0.9,404.1,0.1423660096051473,60,985,0.9606,0.04046138596016941,0.133630289532294,0.9,6.735
2027-09-14,Instagram,26-35,North India,Desktop,Image,17,79743,9,0.0514609620187847,4103,1.3,5333.900000000001,0.1179086121010582,463,986,0.96056,0.05145279209460391,0.1128442602973434,1.3,11.520302375809937
2027-09-15,Google,36-50,North India,Mobile,Text,3,89096,9,0.0716630984789997,6384,0.9,5745.6,0.1134819702077998,695,987,0.96052,0.07165304839723445,0.10886591478696742,0.9,8.267050359712231
2027-09-16,Google,26-35,West India,Mobile,Video,3,24426,9,0.0677780355988672,1655,0.9,1489.5,0.1272536607741093,201,988,0.96048,0.06775567018750511,0.12145015105740181,0.9,7.41044776119403
2027-09-17,Instagram,18-25,West India,Mobile,Text,7,67333,9,0.0603071459662531,4060,1.3,5278.0,0.1238099999612242,482,989,0.96044,0.060297328204595074,0.1187192118226601,1.3,10.950207468879668
2027-09-18,Instagram,36-50,South India,Desktop,Image,19,44463,9,0.0771544200007956,3430,1.3,4459.0,0.1180440923173695,388,990,0.9604,0.07714279288397094,0.1131195335276968,1.3,11.492268041237113
2027-09-19,Instagram,26-35,South India,Desktop,Image,5,72249,9,0.087714849688494,6337,1.3,8238.1,0.0569382719131168,345,991,0.96036,0.08771055654749546,0.054442165062332334,1.3,23.878550724637684
2027-09-20,Google,26-35,West India,Mobile,Text,3,41079,9,0.0594704346493102,2442,0.9,2197.8,0.0435031371517984,101,992,0.96032,0.059446432483750825,0.04135954135954136,0.9,21.76039603960396
2027-09-21,Instagram,26-35,South India,Mobile,Video,3,21404,9,0.0360647863030849,771,1.3,1002.3,0.2064617025160502,152,993,0.96028,0.03602130442907868,0.19714656290531776,1.3,6.594078947368421
2027-09-22,Google,18-25,North India,Desktop,Video,10,72447,9,0.0328086068546161,2376,0.9,2138.4,0.1460880437392524,333,994,0.96024,0.032796389084434135,0.14015151515151514,0.9,6.421621621621622
2027-09-23,Google,18-25,North India,Mobile,Text,8,4954,9,0.0459054441620883,227,0.9,204.3,0.0638553140324319,13,995,0.9602,0.04582155833669762,0.05726872246696035,0.9,15.715384615384616
2027-09-24,Instagram,18-25,South India,Desktop,Image,13,70848,9,0.0636565427508514,4509,1.3,5861.7,0.1606050174584444,695,996,0.96016,0.06364329268292683,0.15413617210024397,1.3,8.43410071942446
2027-09-25,Google,36-50,South India,Mobile,Video,3,97411,9,0.0713888537984423,6954,0.9,6258.6,0.0778838848413879,519,997,0.96012,0.07138824157436019,0.07463330457290768,0.9,12.058959537572255
2027-09-26,Instagram,18-25,South India,Mobile,Text,12,56331,9,0.0383187239891148,2158,1.3,2805.4,0.1218623688104657,251,998,0.96008,0.03830927908256555,0.11631139944392957,1.3,11.176892430278885
2027-09-27,Google,36-50,North India,Mobile,Image,5,56931,9,0.0266421868726454,1516,0.9,1364.4,0.1696016313182353,246,999,0.96004,0.026628726001651122,0.16226912928759896,0.9,5.546341463414635
2027-09-28,Google,26-35,South India,Mobile,Video,12,19440,9,0.0443163668174827,861,0.9,774.9,0.0805236121653685,66,1000,0.96,0.04429012345679012,0.07665505226480836,0.9,11.74090909090909
2027-09-29,Google,26-35,West India,Mobile,Video,2,59407,9,0.0355000515435817,2108,0.9,1897.2,0.0718467390423788,144,1001,0.95996,0.03548403386806269,0.0683111954459203,0.9,13.175
2027-09-30,Instagram,18-25,South India,Mobile,Text,22,82364,9,0.0707421958814782,5826,1.3,7573.8,0.0986395244228538,550,1002,0.95992,0.07073478704288282,0.09440439409543426,1.3,13.770545454545456
2027-10-01,Instagram,26-35,West India,Desktop,Image,6,31898,10,0.0799095960596195,2548,1.3,3312.4,0.1299725971760527,317,1003,0.95988,0.07987961627688256,0.12441130298273155,1.3,10.449211356466877
2027-10-02,Instagram,18-25,South India,Mobile,Video,0,47720,10,0.0461402194124817,2201,1.3,2861.3,0.0577057629482294,121,1004,0.95984,0.04612321877619447,0.05497501135847342,1.3,23.64710743801653
2027-10-03,Instagram,36-50,South India,Desktop,Text,10,46428,10,0.0288064127536337,1337,1.3,1738.1,0.1028069223757582,131,1005,0.9598,0.028797277504953908,0.09798055347793568,1.2999999999999998,13.26793893129771
2027-10-04,Instagram,26-35,North India,Mobile,Video,1,16427,10,0.1078287241023806,1771,1.3,2302.3,0.0588739881401439,99,1006,0.95976,0.10781031229074085,0.055900621118012424,1.3,23.255555555555556
2027-10-05,Instagram,18-25,West India,Desktop,Image,4,96177,10,0.0887798459389295,8538,1.3,11099.4,0.0737853287523935,603,1007,0.95972,0.08877382326335818,0.07062543921293044,1.3,18.406965174129354
2027-10-06,Google,26-35,West India,Mobile,Video,23,23169,10,0.0568183443711069,1316,0.9,1184.4,0.1676828001249109,211,1008,0.95968,0.05680003452889637,0.16033434650455927,0.9,5.613270142180095
2027-10-07,Google,26-35,West India,Mobile,Image,21,46419,10,0.0447585404258285,2077,0.9,1869.3,0.1434410926607464,285,1009,0.95964,0.04474460888860165,0.137217140105922,0.9,6.558947368421053
2027-10-08,Google,18-25,North India,Mobile,Video,13,52065,10,0.0569647513440612,2965,0.9,2668.5,0.1620652991109546,460,1010,0.9596,0.05694804571209065,0.1551433389544688,0.9,5.801086956521739
2027-10-09,Instagram,26-35,West India,Mobile,Video,12,68487,10,0.0829316727728872,5679,1.3,7382.7,0.0589445841201938,320,1011,0.95956,0.08292084629199702,0.05634794858249692,1.3,23.0709375
2027-10-10,Instagram,26-35,North India,Desktop,Text,15,88490,10,0.0862424730113403,7631,1.3,9920.3,0.1212435694430994,887,1012,0.95952,0.08623573285116963,0.1162364041410038,1.2999999999999998,11.184103720405862
2027-10-11,Google,26-35,South India,Mobile,Video,22,80363,10,0.0454929913063885,3655,0.9,3289.5,0.1326718545013009,464,1013,0.95948,0.045481129375458854,0.12694938440492476,0.9,7.089439655172414
2027-10-12,Instagram,26-35,South India,Mobile,Image,14,75501,10,0.0475918216980295,3593,1.3,4670.900000000001,0.1171976753278763,403,1014,0.95944,0.047588773658627036,0.11216253826885611,1.3,11.590322580645163
2027-10-13,Instagram,36-50,West India,Desktop,Text,2,99632,10,0.0658320878725326,6558,1.3,8525.4,0.083943166275754,527,1015,0.9594,0.06582222579091056,0.08035986581274779,1.3,16.177229601518025
2027-10-14,Google,26-35,South India,Mobile,Image,5,9985,10,0.0354848347794884,354,0.9,318.6,0.175981445751419,59,1016,0.95936,0.03545317976965448,0.16666666666666666,0.9,5.4
2027-10-15,Instagram,26-35,South India,Desktop,Image,8,33641,10,0.0722174180035168,2429,1.3,3157.7000000000003,0.1487154359142173,346,1017,0.95932,0.07220356113076305,0.1424454508027995,1.3,9.126300578034684
2027-10-16,Instagram,18-25,West India,Mobile,Text,2,23897,10,0.1011548100533643,2417,1.3,3142.1,0.0935030751611637,215,1018,0.95928,0.10114240281206846,0.08895324782788581,1.3,14.614418604651162
2027-10-17,Google,36-50,South India,Desktop,Image,12,46652,10,0.0337693023465553,1575,0.9,1417.5,0.1724802013766367,259,1019,0.95924,0.03376061047757867,0.16444444444444445,0.9,5.472972972972973
2027-10-18,Instagram,18-25,West India,Mobile,Video,12,6973,10,0.0445557950041219,310,1.3,403.0,0.1833010673956825,53,1020,0.9592,0.044457192026387496,0.17096774193548386,1.3,7.60377358490566
2027-10-19,Google,18-25,West India,Desktop,Text,21,84330,10,0.0229287255727494,1933,0.9,1739.7,0.0346002554969119,63,1021,0.95916,0.022921854618759636,0.032591826176927054,0.9,27.614285714285714
2027-10-20,Instagram,18-25,South India,Mobile,Video,6,74250,10,0.0618058206922068,4589,1.3,5965.7,0.1412970174627174,621,1022,0.95912,0.06180471380471381,0.13532359991283505,1.3,9.60660225442834
2027-10-21,Instagram,36-50,South India,Mobile,Video,4,67673,10,0.0678605972029009,4592,1.3,5969.6,0.0606070810518279,266,1023,0.95908,0.06785571793772997,0.057926829268292686,1.3,22.442105263157895
2027-10-22,Instagram,18-25,South India,Mobile,Image,7,55309,10,0.1068802980984658,5911,1.3,7684.3,0.0913067181690768,516,1024,0.95904,0.10687229926413423,0.08729487396379632,1.3,14.892054263565893
2027-10-23,Google,18-25,South India,Mobile,Image,7,57718,10,0.0382167894299055,2205,0.9,1984.5,0.1677909508932267,353,1025,0.959,0.03820298693648429,0.1600907029478458,0.9,5.621813031161473
2027-10-24,Instagram,18-25,South India,Mobile,Video,21,69809,10,0.0534273974804142,3729,1.3,4847.7,0.2272608746695455,812,1026,0.95896,0.05341718116575227,0.21775274872620004,1.3,5.970073891625615
2027-10-25,Instagram,26-35,North India,Mobile,Text,6,23627,10,0.0671232127485877,1585,1.3,2060.5,0.0596656359903853,90,1027,0.95892,0.06708426799847632,0.056782334384858045,1.3,22.894444444444446
2027-10-26,Google,18-25,South India,Mobile,Video,18,53621,10,0.0459188582211574,2462,0.9,2215.8,0.0567593675046822,133,1028,0.95888,0.04591484679509893,0.05402112103980504,0.9,16.66015037593985
2027-10-27,Instagram,36-50,North India,Desktop,Video,6,98729,10,0.0355353971429745,3508,1.3,4560.400000000001,0.1098128804663646,369,1029,0.95884,0.03553160672142937,0.10518814139110605,1.3000000000000003,12.358807588075882
2027-10-28,Google,36-50,West India,Mobile,Image,22,56084,10,0.0446741136832559,2505,0.9,2254.5,0.0869166374151773,208,1030,0.9588,0.044665145139433704,0.08303393213572854,0.9,10.838942307692308
2027-10-29,Instagram,26-35,South India,Desktop,Image,3,16151,10,0.0665998513557507,1075,1.3,1397.5,0.1482527921402415,152,1031,0.95876,0.06655934617051576,0.1413953488372093,1.3,9.194078947368421
2027-10-30,Google,36-50,South India,Mobile,Video,9,76691,10,0.0559853811606275,4293,0.9,3863.7,0.1442866578684647,593,1032,0.95872,0.05597788527988943,0.13813184253435826,0.8999999999999999,6.515514333895447
2027-10-31,Google,36-50,South India,Mobile,Video,12,27741,10,0.0584470078311166,1621,0.9,1458.9,0.1265069742895402,196,1033,0.95868,0.058433365776287806,0.12091301665638494,0.9,7.443367346938776
2027-11-01,Google,26-35,West India,Desktop,Image,3,89484,11,0.0246809470717467,2208,0.9,1987.2,0.0721377836789566,152,1034,0.95864,0.02467480219927585,0.06884057971014493,0.9,13.073684210526316
2027-11-02,Instagram,18-25,North India,Desktop,Video,18,39130,11,0.0390534586437187,1528,1.3,1986.4,0.1778254716139578,259,1035,0.9586,0.039049322770253005,0.1695026178010471,1.3,7.6694980694980694
2027-11-03,Google,26-35,North India,Mobile,Image,9,71172,11,0.0357525011942246,2544,0.9,2289.6,0.0710357751452285,172,1036,0.95856,0.03574439386275501,0.06761006289308176,0.8999999999999999,13.311627906976744
2027-11-04,Instagram,18-25,South India,Mobile,Video,6,61916,11,0.0975563859680575,6040,1.3,7852.0,0.0629150241272459,364,1037,0.95852,0.09755152141611215,0.06026490066225165,1.3,21.571428571428573
2027-11-05,Google,18-25,South India,Mobile,Text,4,60219,11,0.0675844586363992,4069,0.9,3662.1,0.111307515557939,433,1038,0.95848,0.0675700360351384,0.1064143524207422,0.9,8.457505773672056
2027-11-06,Google,36-50,South India,Mobile,Text,2,98185,11,0.0715641253399155,7026,0.9,6323.400000000001,0.0789409508788669,530,1039,0.95844,0.07155879207618272,0.07543410190720182,0.9,11.930943396226416
2027-11-07,Google,26-35,South India,Mobile,Video,21,38236,11,0.0808339166889159,3090,0.9,2781.0,0.1844580133988771,545,1040,0.9584,0.08081389266659693,0.17637540453074432,0.9,5.102752293577981
2027-11-08,Instagram,36-50,West India,Mobile,Image,21,68882,11,0.0907563135993195,6251,1.3,8126.3,0.0513220335796169,306,1041,0.95836,0.09074939752039721,0.04895216765317549,1.3,26.55653594771242
2027-11-09,Google,36-50,South India,Mobile,Video,21,14984,11,0.0923516639163703,1383,0.9,1244.7,0.2313736379057826,305,1042,0.95832,0.09229845168179392,0.2205350686912509,0.9,4.0809836065573775
2027-11-10,Instagram,18-25,West India,Mobile,Video,1,2042,11,0.0389182386735441,79,1.3,102.7,0.0793921466213738,5,1043,0.95828,0.03868756121449559,0.06329113924050633,1.3,20.54
2027-11-11,Instagram,36-50,South India,Desktop,Image,10,14063,11,0.0659351553246294,927,1.3,1205.1,0.0989867621851993,87,1044,0.95824,0.06591765626111072,0.09385113268608414,1.2999999999999998,13.851724137931033
2027-11-12,Instagram,26-35,North India,Desktop,Video,9,54918,11,0.0577542180755736,3171,1.3,4122.3,0.1223604116242629,371,1045,0.9582,0.05774063148694417,0.11699779249448124,1.3,11.111320754716981
2027-11-13,Google,36-50,North India,Mobile,Image,22,21490,11,0.0803471060981551,1726,0.9,1553.4,0.1563856286736505,257,1046,0.95816,0.08031642624476501,0.14889918887601392,0.9,6.044357976653697
2027-11-14,Google,36-50,South India,Mobile,Video,12,41967,11,0.0600458671795805,2519,0.9,2267.1,0.1863255558558347,449,1047,0.95812,0.060023351681082755,0.17824533545057564,0.8999999999999999,5.049220489977728
2027-11-15,Instagram,18-25,South India,Mobile,Image,6,57472,11,0.1088874545555565,6257,1.3,8134.1,0.0663035835629268,396,1048,0.95808,0.10887040645879732,0.06328911618986735,1.3,20.540656565656565
2027-11-16,Google,26-35,West India,Desktop,Video,9,73838,11,0.0353459962475066,2609,0.9,2348.1,0.1216870889910643,303,1049,0.95804,0.03533410980795796,0.1161364507474128,0.8999999999999999,7.749504950495049
2027-11-17,Instagram,36-50,South India,Mobile,Text,3,22876,11,0.0586465158881917,1341,1.3,1743.3,0.1084671631275159,138,1050,0.958,0.0586203881797517,0.1029082774049217,1.3,12.632608695652173
2027-11-18,Google,18-25,South India,Mobile,Image,21,82830,11,0.0389782812361646,3228,0.9,2905.2000000000003,0.1521273615391251,470,1051,0.95796,0.03897138717855849,0.14560099132589838,0.9000000000000001,6.181276595744682
2027-11-19,Instagram,36-50,South India,Mobile,Text,19,61650,11,0.0761447934869496,4694,1.3,6102.2,0.1122504960060918,503,1052,0.95792,0.07613949716139497,0.10715807413719643,1.3,12.131610337972166
2027-11-20,Instagram,26-35,North India,Mobile,Image,15,3302,11,0.1000590935722924,330,1.3,429.0,0.098825539928264,30,1053,0.95788,0.09993943064809206,0.09090909090909091,1.3,14.3
2027-11-21,Instagram,36-50,West India,Mobile,Image,19,20017,11,0.0421275359916437,843,1.3,1095.9,0.1471766709479157,118,1054,0.95784,0.04211420292751161,0.13997627520759193,1.3,9.28728813559322
2027-11-22,Google,36-50,North India,Desktop,Image,5,43311,11,0.0363302946238965,1573,0.9,1415.7,0.0882816645873949,132,1055,0.9578,0.036318718108563644,0.08391608391608392,0.9,10.725
2027-11-23,Instagram,18-25,West India,Mobile,Image,8,1361,11,0.0385326712594304,52,1.3,67.60000000000001,0.1782041791118011,8,1056,0.95776,0.03820720058780309,0.15384615384615385,1.3000000000000003,8.450000000000001
2027-11-24,Google,36-50,North India,Mobile,Video,12,39261,11,0.0433061694708148,1700,0.9,1530.0,0.1968660883120495,319,1057,0.95772,0.04329996688826061,0.18764705882352942,0.9,4.7962382445141065
2027-11-25,Google,18-25,South India,Mobile,Video,6,18171,11,0.054450279782832,989,0.9,890.1,0.1835238987697621,173,1058,0.95768,0.05442738429365473,0.17492416582406473,0.9,5.145086705202313
2027-11-26,Instagram,26-35,North India,Mobile,Image,17,42226,11,0.0553086972734414,2335,1.3,3035.5,0.1553873859188376,346,1059,0.95764,0.05529768389144129,0.14817987152034262,1.3,8.773121387283236
2027-11-27,Instagram,36-50,North India,Mobile,Video,13,30327,11,0.0492033718985137,1492,1.3,1939.6,0.1083508123648303,154,1060,0.9576,0.0491970851056814,0.1032171581769437,1.3,12.594805194805193
2027-11-28,Instagram,26-35,West India,Mobile,Image,21,71628,11,0.1136610151169514,8141,1.3,10583.3,0.1214058309677169,946,1061,0.95756,0.1136566705757525,0.11620194079351431,1.2999999999999998,11.187420718816067
2027-11-29,Instagram,26-35,West India,Mobile,Image,4,83473,11,0.1058610085413746,8836,1.3,11486.8,0.0781717229643296,660,1062,0.95752,0.10585458771099637,0.07469443186962427,1.2999999999999998,17.404242424242423
2027-11-30,Google,36-50,North India,Desktop,Text,21,65223,11,0.0396358761287611,2585,0.9,2326.5,0.1324215232472862,327,1063,0.95748,0.03963325820646091,0.12649903288201161,0.9,7.114678899082569
2027-12-01,Google,18-25,West India,Desktop,Image,12,80353,12,0.0319125255640046,2564,0.9,2307.6,0.1059435053472959,259,1064,0.95744,0.03190920065212251,0.10101404056162247,0.8999999999999999,8.90965250965251
2027-12-02,Instagram,26-35,West India,Mobile,Image,23,76315,12,0.0879836445624936,6714,1.3,8728.2,0.1150601056631537,739,1065,0.9574,0.08797746183581209,0.11006851355376825,1.3,11.810825439783493
2027-12-03,Google,26-35,West India,Desktop,Video,7,71052,12,0.0282506319814212,2007,0.9,1806.3,0.1932473340539651,370,1066,0.95736,0.028246917750380005,0.18435475834578974,0.9,4.881891891891891
2027-12-04,Google,36-50,West India,Desktop,Image,14,64624,12,0.0562007053150033,3631,0.9,3267.9,0.1516189911087066,526,1067,0.95732,0.056186556078237186,0.14486367391903057,0.9,6.212737642585552
2027-12-05,Google,36-50,West India,Mobile,Image,18,96650,12,0.0873634825404391,8443,0.9,7598.7,0.085044047769262,687,1068,0.95728,0.08735644076564925,0.0813691815705318,0.9,11.060698689956332
2027-12-06,Google,36-50,North India,Mobile,Text,8,15530,12,0.060509319648598,939,0.9,845.1,0.04218369058223,37,1069,0.95724,0.06046361880231809,0.039403620873269436,0.9,22.84054054054054
2027-12-07,Google,36-50,West India,Mobile,Video,5,10310,12,0.0236499732020792,243,0.9,218.7,0.0752316579381943,17,1070,0.9572,0.023569350145489817,0.06995884773662552,0.8999999999999999,12.86470588235294
2027-12-08,Google,36-50,South India,Mobile,Video,22,35281,12,0.0782913908785141,2762,0.9,2485.8,0.1154649136786885,304,1071,0.95716,0.07828576287520195,0.11006517016654598,0.9,8.176973684210527
2027-12-09,Google,36-50,North India,Desktop,Text,13,60270,12,0.0419372928501914,2527,0.9,2274.3,0.0668131283124582,160,1072,0.95712,0.04192799070847851,0.06331618519984171,0.9,14.214375
2027-12-10,Google,18-25,North India,Mobile,Image,22,90345,12,0.076435265800318,6905,0.9,6214.5,0.0430953030513047,284,1073,0.95708,0.07642924345564225,0.04112961622013034,0.9,21.882042253521128
2027-12-11,Instagram,26-35,North India,Mobile,Text,9,47104,12,0.0720039632124136,3391,1.3,4408.3,0.0811449640662447,263,1074,0.95704,0.07198963994565218,0.0775582424063698,1.3,16.761596958174906
2027-12-12,Google,18-25,West India,Mobile,Video,8,22735,12,0.0242705053188685,551,0.9,495.9,0.0657828565941563,34,1075,0.957,0.024235759841653836,0.06170598911070781,0.8999999999999999,14.585294117647058
2027-12-13,Google,18-25,South India,Mobile,Text,16,73285,12,0.0594959742232239,4360,0.9,3924.0,0.0663144642793689,276,1076,0.95696,0.059493757249095995,0.06330275229357799,0.9,14.217391304347826
2027-12-14,Instagram,36-50,West India,Mobile,Video,12,94173,12,0.0876937938800829,8258,1.3,10735.4,0.1802971738068763,1423,1077,0.95692,0.08768967750841536,0.17231775248244127,1.3,7.544202389318341
2027-12-15,Google,26-35,North India,Mobile,Text,16,8005,12,0.0700723922549885,560,0.9,504.0,0.088246132807838,46,1078,0.95688,0.06995627732667083,0.08214285714285714,0.9,10.956521739130435
2027-12-16,Instagram,18-25,North India,Mobile,Image,18,58564,12,0.1206072237490097,7063,1.3,9181.9,0.0876027564249596,591,1079,0.95684,0.12060310088108736,0.08367549200056633,1.3,15.536209813874787
2027-12-17,Instagram,36-50,North India,Desktop,Image,12,52496,12,0.0885712226343145,4649,1.3,6043.7,0.0626628994570944,278,1080,0.9568,0.08855912831453826,0.0597978059797806,1.3,21.739928057553957
2027-12-18,Google,36-50,North India,Desktop,Video,8,30898,12,0.0505836881902718,1562,0.9,1405.8,0.1838583049826267,274,1081,0.95676,0.05055343387921548,0.17541613316261204,0.9,5.130656934306569
2027-12-19,Google,26-35,West India,Desktop,Text,0,90074,12,0.0402843869752288,3628,0.9,3265.2000000000003,0.1415390841008264,490,1082,0.95672,0.04027799364966583,0.1350606394707828,0.9,6.6636734693877555
2027-12-20,Instagram,18-25,South India,Desktop,Video,0,22708,12,0.0435982603122031,990,1.3,1287.0,0.1486516975776106,140,1083,0.95668,0.043596970230755684,0.1414141414141414,1.3,9.192857142857143
2027-12-21,Instagram,18-25,South India,Desktop,Image,4,46024,12,0.0325074281357685,1496,1.3,1944.8,0.1858763064563518,265,1084,0.95664,0.032504780114722756,0.17713903743315507,1.3,7.3388679245283015
2027-12-22,Google,18-25,North India,Mobile,Video,7,92003,12,0.0342409316979755,3150,0.9,2835.0,0.1197803184195119,360,1085,0.9566,0.03423801397780507,0.11428571428571428,0.9,7.875
2027-12-23,Instagram,36-50,South India,Mobile,Image,17,15412,12,0.0368607817019106,568,1.3,738.4,0.0605153409344798,32,1086,0.95656,0.03685439916947833,0.056338028169014086,1.3,23.075
2027-12-24,Google,26-35,North India,Mobile,Video,3,55821,12,0.035573767547403,1985,0.9,1786.5,0.0483195163380543,90,1087,0.95652,0.03556009387148206,0.04534005037783375,0.9,19.85
2027-12-25,Instagram,26-35,North India,Mobile,Text,21,30378,12,0.0629354759229986,1911,1.3,2484.3,0.0468131109833921,85,1088,0.95648,0.06290736717361248,0.044479330193615906,1.3,29.227058823529415
2027-12-26,Google,18-25,South India,Mobile,Image,0,94638,12,0.0222385299777795,2104,0.9,1893.6,0.13988907528505,281,1089,0.95644,0.022232084363574885,0.1335551330798479,0.8999999999999999,6.738790035587188
2027-12-27,Instagram,36-50,North India,Desktop,Video,14,79580,12,0.0533581999597005,4246,1.3,5519.8,0.0968164694364532,393,1090,0.9564,0.05335511435033928,0.09255770136599152,1.3,14.04529262086514
2027-12-28,Instagram,18-25,South India,Mobile,Image,19,32309,12,0.0677925568851974,2190,1.3,2847.0,0.1438395865035605,301,1091,0.95636,0.06778297068928163,0.13744292237442923,1.3,9.458471760797343
2027-12-29,Instagram,26-35,North India,Mobile,Text,3,84775,12,0.0675451444427838,5726,1.3,7443.8,0.0897267007327496,490,1092,0.95632,0.06754349749336479,0.08557457212713937,1.3,15.191428571428572
2027-12-30,Google,36-50,South India,Mobile,Image,8,3435,12,0.0449835746633385,154,0.9,138.6,0.0952839365147349,13,1093,0.95628,0.044832605531295484,0.08441558441558442,0.8999999999999999,10.661538461538461
2027-12-31,Google,18-25,North India,Mobile,Text,21,89700,12,0.0383729357421658,3442,0.9,3097.8,0.0570217513332895,187,1094,0.95624,0.03837235228539576,0.05432887855897734,0.9,16.56577540106952
2028-01-01,Google,18-25,South India,Desktop,Image,23,4386,1,0.0615090827941821,269,0.9,242.1,0.0564807365466555,14,1095,0.9562,0.061331509347925216,0.05204460966542751,0.9,17.29285714285714
2028-01-02,Google,36-50,North India,Mobile,Text,19,71976,1,0.0662464179251726,4768,0.9,4291.2,0.120749309488994,549,1096,0.95616,0.06624430365677449,0.11514261744966443,0.8999999999999999,7.81639344262295
2028-01-03,Google,26-35,North India,Mobile,Image,9,46503,1,0.0667432175148659,3103,0.9,2792.7000000000003,0.1469275560950057,435,1097,0.95612,0.06672687783583854,0.14018691588785046,0.9000000000000001,6.420000000000001
2028-01-04,Instagram,36-50,North India,Mobile,Text,23,72972,1,0.0911920397907547,6654,1.3,8650.2,0.093511014429548,594,1098,0.95608,0.09118566025324783,0.08926961226330027,1.3,14.562626262626264
2028-01-05,Google,18-25,South India,Desktop,Video,14,73939,1,0.050526536281781,3735,0.9,3361.5,0.081831095536173,291,1099,0.95604,0.0505146133975304,0.07791164658634538,0.9,11.551546391752577
2028-01-06,Google,18-25,West India,Mobile,Video,2,89778,1,0.0753378564571466,6763,0.9,6086.7,0.0922728797458509,596,1100,0.956,0.07533025908351712,0.08812657104835132,0.9,10.212583892617449
2028-01-07,Instagram,18-25,North India,Mobile,Image,1,44464,1,0.0392884270380375,1746,1.3,2269.8,0.1650343173843826,275,1101,0.95596,0.03926772220223102,0.1575028636884307,1.3,8.253818181818183
2028-01-08,Instagram,18-25,North India,Desktop,Text,21,69475,1,0.0565060699992907,3925,1.3,5102.5,0.0578426067382476,216,1102,0.95592,0.05649514213745952,0.055031847133757965,1.3,23.622685185185187
2028-01-09,Instagram,26-35,South India,Mobile,Video,4,83758,1,0.0665447898018443,5573,1.3,7244.900000000001,0.0632975271338552,336,1103,0.95588,0.06653692781585042,0.06029068724205993,1.3,21.56220238095238
2028-01-10,Instagram,26-35,North India,Mobile,Image,23,28277,1,0.0718269360525103,2031,1.3,2640.3,0.1111565797643637,215,1104,0.95584,0.07182515825582629,0.10585918266863614,1.3,12.280465116279071
2028-01-11,Google,18-25,North India,Mobile,Video,0,87679,1,0.0348204530515717,3053,0.9,2747.7000000000003,0.0874014676253905,254,1105,0.9558,0.034820196398225346,0.08319685555191615,0.9000000000000001,10.817716535433071
2028-01-12,Google,26-35,North India,Desktop,Text,10,55012,1,0.0483888378864185,2661,0.9,2394.9,0.140538015762157,356,1106,0.95576,0.04837126445139242,0.13378429161969185,0.9,6.727247191011236
2028-01-13,Instagram,26-35,North India,Mobile,Image,11,4138,1,0.0659782072423745,273,1.3,354.90000000000003,0.1144441299581331,29,1107,0.95572,0.06597390043499275,0.10622710622710622,1.3,12.23793103448276
2028-01-14,Instagram,26-35,West India,Mobile,Text,2,50327,1,0.0646468747735265,3253,1.3,4228.900000000001,0.1489319534298118,462,1108,0.95568,0.06463727223955332,0.14202274823240085,1.3000000000000003,9.153463203463204
2028-01-15,Google,18-25,West India,Mobile,Text,22,87525,1,0.0653652066541121,5721,0.9,5148.900000000001,0.1274836189436964,696,1109,0.95564,0.06536418166238217,0.12165705296276874,0.9000000000000001,7.397844827586208
2028-01-16,Instagram,36-50,North India,Mobile,Text,15,69698,1,0.0515598426570628,3593,1.3,4670.900000000001,0.1140447372749143,390,1110,0.9556,0.05155097707251284,0.10854439187308655,1.3,11.976666666666668
2028-01-17,Google,36-50,North India,Mobile,Video,13,3752,1,0.0712382849386729,267,0.9,240.3,0.1781261875085222,44,1111,0.95556,0.07116204690831557,0.1647940074906367,0.9,5.461363636363637
2028-01-18,Google,36-50,North India,Mobile,Image,11,26765,1,0.0526410451657281,1408,0.9,1267.2,0.1184497760324472,158,1112,0.95552,0.052606015318512986,0.11221590909090909,0.9,8.020253164556962
2028-01-19,Google,18-25,West India,Mobile,Text,19,1837,1,0.071412479901721,131,0.9,117.9,0.0353234338893319,3,1113,0.95548,0.07131192161132281,0.022900763358778626,0.9,39.300000000000004
2028-01-20,Instagram,26-35,West India,Mobile,Video,15,95010,1,0.0630995928699209,5995,1.3,7793.5,0.1139340835293537,652,1114,0.95544,0.06309862119776866,0.10875729774812344,1.3,11.953220858895705
2028-01-21,Instagram,26-35,South India,Mobile,Text,20,78579,1,0.1092827234208326,8587,1.3,11163.1,0.066069467691492,541,1115,0.9554,0.10927856042963133,0.06300221264702457,1.3,20.634195933456564
2028-01-22,Google,18-25,South India,Mobile,Video,7,57997,1,0.0459161036016465,2662,0.9,2395.8,0.133060982043434,338,1116,0.95536,0.045898925806507236,0.12697220135236664,0.9,7.088165680473374
2028-01-23,Instagram,18-25,North India,Mobile,Image,16,36501,1,0.0428530549041813,1564,1.3,2033.2,0.1005830867140719,149,1117,0.95532,0.0428481411468179,0.09526854219948849,1.3,13.645637583892618
2028-01-24,Google,36-50,North India,Mobile,Image,16,45770,1,0.0431153008275665,1973,0.9,1775.7,0.0550015318908657,103,1118,0.95528,0.04310683854052873,0.05220476431829701,0.9,17.23980582524272
2028-01-25,Google,36-50,West India,Mobile,Image,6,90608,1,0.0764916317300055,6930,0.9,6237.0,0.0432804168444641,285,1119,0.95524,0.07648331273176762,0.04112554112554113,0.9,21.88421052631579
2028-01-26,Instagram,18-25,North India,Desktop,Image,14,69189,1,0.0525481728655269,3635,1.3,4725.5,0.0563806390152853,194,1120,0.9552,0.05253725303155126,0.05337001375515819,1.3,24.358247422680414
2028-01-27,Instagram,36-50,North India,Mobile,Text,8,89060,1,0.0971893346305864,8655,1.3,11251.5,0.1292321372707001,1067,1121,0.95516,0.09718167527509544,0.12328134026574235,1.3,10.544985941893158
2028-01-28,Instagram,26-35,West India,Mobile,Video,3,61594,1,0.0616078166107257,3794,1.3,4932.2,0.1749835047351795,633,1122,0.95512,0.06159690878981719,0.16684238270954138,1.3,7.791785150078988
2028-01-29,Instagram,18-25,West India,Mobile,Image,7,86269,1,0.054666693041567,4716,1.3,6130.8,0.1518450066801106,683,1123,0.95508,0.05466621845622414,0.14482612383375743,1.3,8.97628111273792
2028-01-30,Instagram,18-25,West India,Mobile,Text,9,38448,1,0.0926644302027116,3562,1.3,4630.6,0.0668804877007521,227,1124,0.95504,0.09264461090303787,0.06372824256035935,1.3,20.399118942731278
2028-01-31,Instagram,26-35,West India,Desktop,Image,14,85306,1,0.0401817752432967,3427,1.3,4455.1,0.0730538866012504,238,1125,0.955,0.04017302417180503,0.06944849722789612,1.3,18.718907563025212
2028-02-01,Google,26-35,South India,Mobile,Image,22,38959,2,0.0282184624134188,1099,0.9,989.1,0.0497553510410261,51,1126,0.95496,0.028209142945147463,0.04640582347588717,0.9,19.394117647058824
2028-02-02,Google,26-35,West India,Mobile,Image,17,50525,2,0.0557312124316147,2815,0.9,2533.5,0.1061175845600717,284,1127,0.95492,0.055714992577931714,0.10088809946714032,0.9,8.920774647887324
2028-02-03,Google,36-50,West India,Mobile,Video,13,79340,2,0.0542580004988384,4304,0.9,3873.6,0.1122446882257787,461,1128,0.95488,0.054247542223342576,0.1071096654275093,0.9,8.402603036876355
2028-02-04,Google,18-25,North India,Mobile,Video,4,82746,2,0.0658813772446695,5451,0.9,4905.900000000001,0.1790074216102855,930,1129,0.95484,0.0658762961351606,0.170610897083104,0.9000000000000001,5.275161290322581
2028-02-05,Instagram,36-50,North India,Mobile,Video,8,35029,2,0.0637670978010476,2233,1.3,2902.9,0.1544260623408192,328,1130,0.9548,0.06374718090724828,0.14688759516345723,1.3,8.850304878048782
2028-02-06,Google,26-35,North India,Mobile,Image,12,74169,2,0.072929953929309,5409,0.9,4868.1,0.0571900293358588,295,1131,0.95476,0.07292804271326295,0.05453873174339065,0.9,16.502033898305086
2028-02-07,Google,36-50,South India,Desktop,Text,18,9312,2,0.0638876491600152,594,0.9,534.6,0.1666186078819294,93,1132,0.95472,0.06378865979381443,0.15656565656565657,0.9,5.748387096774194
2028-02-08,Google,26-35,West India,Desktop,Text,10,39300,2,0.023969543414503,942,0.9,847.8000000000001,0.1257062472272088,112,1133,0.95468,0.02396946564885496,0.11889596602972399,0.9,7.569642857142858
2028-02-09,Instagram,36-50,West India,Mobile,Text,11,55994,2,0.0475860348938502,2664,1.3,3463.2000000000003,0.1197082643663586,303,1134,0.95464,0.04757652605636318,0.11373873873873874,1.3,11.429702970297031
2028-02-10,Google,36-50,South India,Mobile,Image,2,86765,2,0.0234426828772836,2034,0.9,1830.6,0.0773587997214996,149,1135,0.9546,0.023442632397856277,0.07325467059980334,0.8999999999999999,12.285906040268456
2028-02-11,Instagram,26-35,West India,Desktop,Video,1,3884,2,0.0482029390105651,187,1.3,243.1,0.2000663089035269,35,1136,0.95456,0.04814624098867147,0.18716577540106952,1.3,6.945714285714286
2028-02-12,Google,36-50,North India,Mobile,Text,22,21522,2,0.0600293927487837,1291,0.9,1161.9,0.0858767438949918,104,1137,0.95452,0.05998513149335564,0.08055770720371805,0.9,11.172115384615385
2028-02-13,Google,18-25,South India,Mobile,Image,21,6623,2,0.0888324524196163,588,0.9,529.2,0.0898390167414388,49,1138,0.95448,0.08878151894911672,0.08333333333333333,0.9,10.8
2028-02-14,Instagram,36-50,West India,Desktop,Image,14,12460,2,0.0619189234908006,771,1.3,1002.3,0.1316767023347095,96,1139,0.95444,0.06187800963081862,0.1245136186770428,1.3,10.440624999999999
2028-02-15,Instagram,36-50,South India,Mobile,Text,4,11234,2,0.0857824981216512,963,1.3,1251.9,0.0651183316931205,59,1140,0.9544,0.08572191561331671,0.0612668743509865,1.3,21.21864406779661
2028-02-16,Google,18-25,South India,Mobile,Text,6,85039,2,0.0367413206926095,3124,0.9,2811.6,0.1562003410636192,464,1141,0.95436,0.03673608579592893,0.14852752880921896,0.9,6.05948275862069
2028-02-17,Instagram,26-35,West India,Mobile,Image,3,64578,2,0.0660509364232336,4265,1.3,5544.5,0.1596081111493754,648,1142,0.95432,0.06604416364706246,0.15193434935521688,1.3,8.556327160493828
2028-02-18,Instagram,18-25,North India,Mobile,Text,4,90636,2,0.0778831358693319,7059,1.3,9176.7,0.0848582303139661,571,1143,0.95428,0.07788296041308089,0.08088964442555603,1.3,16.071278458844134
2028-02-19,Google,36-50,West India,Desktop,Image,15,83410,2,0.0291341315418566,2430,0.9,2187.0,0.0666920390285709,154,1144,0.95424,0.02913319745833833,0.06337448559670782,0.9,14.2012987012987
2028-02-20,Instagram,26-35,West India,Mobile,Text,14,47905,2,0.067207825531399,3219,1.3,4184.7,0.0930839907041946,285,1145,0.9542,0.06719549107608809,0.08853681267474371,1.3,14.68315789473684
2028-02-21,Instagram,36-50,North India,Desktop,Video,15,30420,2,0.0441666855857097,1343,1.3,1745.9,0.0694024595221724,88,1146,0.95416,0.04414858645627876,0.06552494415487714,1.3,19.839772727272727
2028-02-22,Instagram,36-50,West India,Mobile,Image,3,36813,2,0.0551286470217563,2029,1.3,2637.7000000000003,0.0777788438563727,149,1147,0.95412,0.055116399098144676,0.07343518974864466,1.3,17.702684563758392
2028-02-23,Instagram,18-25,West India,Mobile,Video,5,1382,2,0.0868197203393685,119,1.3,154.70000000000002,0.1290990416192729,14,1148,0.95408,0.08610709117221418,0.11764705882352941,1.3,11.05
2028-02-24,Instagram,18-25,West India,Mobile,Text,17,39353,2,0.033329647936064,1311,1.3,1704.3,0.0365156291848079,44,1149,0.95404,0.03331385154880187,0.033562166285278416,1.3,38.73409090909091
2028-02-25,Instagram,26-35,South India,Mobile,Image,2,10369,2,0.040337362510042,418,1.3,543.4,0.1619212809462176,63,1150,0.954,0.04031246986208892,0.1507177033492823,1.3,8.625396825396825
2028-02-26,Instagram,26-35,South India,Mobile,Text,21,35985,2,0.1272700337902163,4579,1.3,5952.7,0.0631761574236034,275,1151,0.95396,0.12724746422120328,0.06005678095654073,1.3,21.646181818181816
2028-02-27,Instagram,26-35,South India,Mobile,Image,23,43255,2,0.0474003923034515,2050,1.3,2665.0,0.1774581336219778,346,1152,0.95392,0.04739336492890995,0.16878048780487806,1.3,7.702312138728324
2028-02-28,Instagram,36-50,West India,Desktop,Text,4,59261,2,0.053341616188117,3161,1.3,4109.3,0.0366489194629634,109,1153,0.95388,0.05334030812844873,0.034482758620689655,1.3,37.7
2028-02-29,Instagram,18-25,North India,Desktop,Video,1,90197,2,0.0805301635757491,7263,1.3,9441.9,0.1305282178360042,904,1154,0.95384,0.08052374247480515,0.12446647390885308,1.3,10.444579646017699
2028-03-01,Instagram,18-25,South India,Mobile,Video,22,62590,3,0.043570405143527,2727,1.3,3545.1,0.215957606121005,560,1155,0.9538,0.04356926026521809,0.20535386872020536,1.3,6.330535714285714
2028-03-02,Google,18-25,North India,Mobile,Text,15,46486,3,0.0771993833374142,3588,0.9,3229.2000000000003,0.0651200774245976,222,1156,0.95376,0.0771845286753001,0.061872909698996656,0.9,14.545945945945947
2028-03-03,Instagram,26-35,West India,Desktop,Video,5,48883,3,0.0334067616360183,1633,1.3,2122.9,0.1835558055270537,285,1157,0.95372,0.03340629666755314,0.1745254133496632,1.3,7.448771929824562
2028-03-04,Instagram,18-25,South India,Mobile,Video,14,56318,3,0.0507726084946837,2859,1.3,3716.7,0.2046180113955456,557,1158,0.95368,0.05076529706310593,0.19482336481287163,1.3,6.672710951526032
2028-03-05,Google,18-25,West India,Mobile,Text,17,52566,3,0.0801924299755752,4215,0.9,3793.5,0.1208937358681616,485,1159,0.95364,0.08018491039835635,0.11506524317912219,0.9,7.821649484536082
2028-03-06,Instagram,18-25,North India,Desktop,Image,5,1650,3,0.0657027392040576,108,1.3,140.4,0.0950901746033817,9,1160,0.9536,0.06545454545454546,0.08333333333333333,1.3,15.600000000000001
2028-03-07,Google,26-35,South India,Mobile,Text,12,41937,3,0.0786671586243698,3299,0.9,2969.1,0.1541814802855066,484,1161,0.95356,0.07866561747382979,0.14671112458320704,0.9,6.134504132231405
2028-03-08,Google,18-25,South India,Mobile,Image,23,22299,3,0.0707841911257667,1578,0.9,1420.2,0.1548566717742078,232,1162,0.95352,0.07076550517960446,0.14702154626108999,0.9,6.121551724137931
2028-03-09,Instagram,26-35,South India,Mobile,Video,12,27862,3,0.0904867018686183,2521,1.3,3277.3,0.178094115154496,427,1163,0.95348,0.09048165960806834,0.16937723125743753,1.3,7.675175644028103
2028-03-10,Google,18-25,South India,Mobile,Video,0,97689,3,0.0605453886866696,5914,0.9,5322.6,0.22459910279624,1266,1164,0.95344,0.06053905762163601,0.2140683124788637,0.9,4.204265402843602
2028-03-11,Instagram,18-25,North India,Mobile,Video,15,17312,3,0.1099548742452355,1903,1.3,2473.9,0.0931086548456722,168,1165,0.9534,0.10992375231053604,0.0882816605359958,1.3,14.725595238095238
2028-03-12,Instagram,18-25,South India,Mobile,Video,3,11943,3,0.1002294756292801,1197,1.3,1556.1,0.1053401511988785,120,1166,0.95336,0.10022607385079126,0.10025062656641603,1.2999999999999998,12.9675
2028-03-13,Google,26-35,West India,Desktop,Video,16,69734,3,0.0293561798071167,2047,0.9,1842.3,0.124215384745123,242,1167,0.95332,0.029354403877591993,0.11822178798241328,0.9,7.612809917355372
2028-03-14,Google,26-35,South India,Mobile,Image,17,18325,3,0.0558638077941447,1023,0.9,920.7,0.0607887418324519,59,1168,0.95328,0.05582537517053206,0.05767350928641251,0.9,15.605084745762712
2028-03-15,Google,18-25,North India,Mobile,Image,15,75268,3,0.0311713129226419,2346,0.9,2111.4,0.0911606645661776,203,1169,0.95324,0.031168624116490407,0.08653026427962489,0.9,10.400985221674878
2028-03-16,Instagram,36-50,South India,Mobile,Image,0,72341,3,0.0954397432527931,6904,1.3,8975.2,0.1172224901036372,771,1170,0.9532,0.09543688917764477,0.11167439165701043,1.3,11.640985732814528
2028-03-17,Instagram,26-35,North India,Desktop,Text,5,53879,3,0.0366566216622576,1975,1.3,2567.5,0.0970929603296198,182,1171,0.95316,0.036656211139776164,0.09215189873417722,1.3,14.107142857142858
2028-03-18,Instagram,26-35,North India,Desktop,Video,10,85449,3,0.0979083062427551,8366,1.3,10875.8,0.0947546037575578,754,1172,0.95312,0.09790635349740781,0.09012670332297394,1.2999999999999998,14.424137931034481
2028-03-19,Google,18-25,West India,Desktop,Video,5,67738,3,0.0275982318607821,1869,0.9,1682.1,0.2203844843358544,391,1173,0.95308,0.027591602940742272,0.2092027822364901,0.8999999999999999,4.302046035805627
2028-03-20,Instagram,36-50,South India,Mobile,Video,16,65010,3,0.0917339467963248,5963,1.3,7751.900000000001,0.1160307306016621,658,1174,0.95304,0.09172435009998461,0.11034714070098943,1.3,11.781003039513678
2028-03-21,Google,18-25,South India,Desktop,Text,3,83570,3,0.0347700962561311,2905,0.9,2614.5,0.1637547964540674,452,1175,0.953,0.0347612779705636,0.15559380378657486,0.9,5.78429203539823
2028-03-22,Instagram,26-35,South India,Mobile,Text,13,4006,3,0.1129885114751836,452,1.3,587.6,0.1052087012947958,44,1176,0.95296,0.11283075386919621,0.09734513274336283,1.3,13.354545454545455
2028-03-23,Google,26-35,West India,Mobile,Text,13,62876,3,0.0827038203619003,5200,0.9,4680.0,0.1314067114964163,650,1177,0.95292,0.08270246198867612,0.125,0.9,7.2
2028-03-24,Instagram,18-25,West India,Mobile,Video,19,64228,3,0.0955491671954966,6136,1.3,7976.8,0.0732947612994248,427,1178,0.95288,0.09553465778165286,0.06958930899608866,1.3,18.681030444964872
2028-03-25,Google,18-25,North India,Mobile,Image,7,53056,3,0.0659734496490782,3500,0.9,3150.0,0.1214804253213474,404,1179,0.95284,0.06596803377563329,0.11542857142857142,0.9,7.797029702970297
2028-03-26,Instagram,36-50,North India,Desktop,Text,21,9505,3,0.0810921117023657,770,1.3,1001.0,0.155013504165612,113,1180,0.9528,0.08100999473961074,0.14675324675324675,1.3,8.858407079646017
2028-03-27,Google,36-50,North India,Mobile,Text,1,21498,3,0.0794467250642697,1707,0.9,1536.3,0.1183816691405566,192,1181,0.95276,0.07940273513815238,0.11247803163444639,0.9,8.0015625
2028-03-28,Instagram,26-35,West India,Mobile,Image,4,17505,3,0.1126683210826284,1972,1.3,2563.6,0.1703245461072945,319,1182,0.95272,0.11265352756355328,0.16176470588235295,1.3,8.036363636363635
2028-03-29,Instagram,36-50,West India,Mobile,Text,3,63518,3,0.0417119844411293,2649,1.3,3443.7000000000003,0.0715741234990377,180,1183,0.95268,0.0417047136244844,0.06795016987542468,1.3,19.131666666666668
2028-03-30,Google,36-50,West India,Mobile,Image,9,7603,3,0.0714979538204665,543,0.9,488.7,0.1672260138168259,85,1184,0.95264,0.07141917664079968,0.15653775322283608,0.9,5.749411764705882
2028-03-31,Instagram,26-35,North India,Mobile,Video,19,25744,3,0.0707417237396057,1821,1.3,2367.3,0.1118260436039708,193,1185,0.9526,0.07073492852703543,0.10598572213069742,1.3,12.26580310880829
2028-04-01,Instagram,26-35,West India,Mobile,Image,23,70218,4,0.0840778004852494,5903,1.3,7673.900000000001,0.1294931208077807,727,1186,0.95256,0.08406676350793243,0.12315771641538201,1.3,10.55557083906465
2028-04-02,Google,26-35,North India,Mobile,Image,20,14460,4,0.0657029279516664,950,0.9,855.0,0.0755980517459714,67,1187,0.95252,0.0656984785615491,0.07052631578947369,0.9,12.761194029850746
2028-04-03,Google,26-35,North India,Mobile,Video,2,54273,4,0.0436939861598555,2371,0.9,2133.9,0.1477409552706927,333,1188,0.95248,0.04368654763878908,0.14044706874736398,0.9,6.408108108108109
2028-04-04,Instagram,18-25,South India,Desktop,Text,15,80095,4,0.0584047513275868,4677,1.3,6080.1,0.1258864455464531,560,1189,0.95244,0.05839315812472689,0.11973487278169767,1.3,10.85732142857143
2028-04-05,Google,26-35,South India,Desktop,Video,9,29544,4,0.0434335587308138,1283,0.9,1154.7,0.2013672750579991,245,1190,0.9524,0.043426753317086376,0.19095869056897896,0.9,4.713061224489796
2028-04-06,Instagram,26-35,South India,Desktop,Text,14,7864,4,0.0818616773958229,643,1.3,835.9,0.1813249964050369,110,1191,0.95236,0.08176500508646999,0.17107309486780714,1.3,7.599090909090909
2028-04-07,Google,26-35,North India,Desktop,Text,3,90314,4,0.0349405678193276,3155,0.9,2839.5,0.0801161076509743,239,1192,0.95232,0.03493367584206214,0.0757527733755943,0.9,11.880753138075313
2028-04-08,Instagram,36-50,South India,Mobile,Image,0,80770,4,0.049092069061351,3965,1.3,5154.5,0.2346684761601684,885,1193,0.95228,0.049090008666584126,0.223203026481715,1.3,5.824293785310735
2028-04-09,Google,26-35,South India,Desktop,Video,21,29593,4,0.0880039919451972,2604,0.9,2343.6,0.2513437241448271,622,1194,0.95224,0.08799378231338492,0.23886328725038403,0.8999999999999999,3.767845659163987
2028-04-10,Instagram,18-25,South India,Mobile,Image,14,45657,4,0.0510605966569645,2331,1.3,3030.3,0.1272601000882155,281,1195,0.9522,0.05105460279913266,0.12054912054912055,1.3,10.783985765124555
2028-04-11,Instagram,18-25,West India,Desktop,Video,9,2729,4,0.0590100087894978,161,1.3,209.3,0.103295390213532,15,1196,0.95216,0.05899596921949432,0.09316770186335403,1.3,13.953333333333335
2028-04-12,Instagram,26-35,North India,Mobile,Video,19,45515,4,0.1514772941365092,6894,1.3,8962.2,0.0684126414768669,448,1197,0.95212,0.1514665494891794,0.06498404409631564,1.3,20.004910714285717
2028-04-13,Instagram,18-25,South India,Desktop,Image,21,88872,4,0.0497935684650032,4425,1.3,5752.5,0.0961105019305033,404,1198,0.95208,0.04979071023494464,0.09129943502824858,1.3,14.238861386138614
2028-04-14,Google,36-50,West India,Mobile,Text,17,55281,4,0.084491070888655,4670,0.9,4203.0,0.167109873210912,742,1199,0.95204,0.08447748774443299,0.1588865096359743,0.9,5.664420485175202
2028-04-15,Instagram,26-35,West India,Mobile,Text,15,35936,4,0.0890014781048853,3198,1.3,4157.400000000001,0.0825020855511041,250,1200,0.952,0.08899154051647373,0.07817385866166354,1.3000000000000003,16.629600000000003
2028-04-16,Google,18-25,West India,Mobile,Video,20,13413,4,0.0440030706215091,590,0.9,531.0,0.0854167309644828,47,1201,0.95196,0.04398717661969731,0.07966101694915254,0.9,11.297872340425531
2028-04-17,Google,18-25,South India,Mobile,Text,8,48652,4,0.0391642394540818,1905,0.9,1714.5,0.0484417245070906,87,1202,0.95192,0.03915563594507934,0.04566929133858268,0.9,19.70689655172414
2028-04-18,Google,26-35,West India,Desktop,Image,23,30764,4,0.056884617111227,1749,0.9,1574.1,0.0980102977378745,162,1203,0.95188,0.05685216486802756,0.09262435677530018,0.8999999999999999,9.716666666666667
2028-04-19,Google,18-25,North India,Mobile,Image,18,64784,4,0.0401701650156039,2602,0.9,2341.8,0.0800979725376421,197,1204,0.95184,0.040164238083477403,0.07571099154496541,0.9,11.88730964467005
2028-04-20,Instagram,26-35,West India,Mobile,Image,16,46741,4,0.1012366097785975,4731,1.3,6150.3,0.0651699940516118,293,1205,0.9518,0.10121734665497101,0.061931938279433524,1.3,20.990784982935153
2028-04-21,Instagram,18-25,West India,Desktop,Video,9,74204,4,0.0889327929656747,6599,1.3,8578.7,0.2493388975249802,1565,1206,0.95176,0.08893051587515498,0.23715714502197302,1.3,5.4815974440894575
2028-04-22,Google,36-50,West India,Mobile,Video,18,79796,4,0.0404273676052081,3225,0.9,2902.5,0.1115525700920597,341,1207,0.95172,0.0404155596771768,0.10573643410852714,0.9,8.511730205278592
2028-04-23,Google,18-25,West India,Mobile,Text,7,77844,4,0.0550761513499908,4287,0.9,3858.3,0.0416820512522618,169,1208,0.95168,0.05507168182518884,0.039421506881268956,0.9,22.8301775147929
2028-04-24,Instagram,18-25,North India,Mobile,Image,18,60773,4,0.0987431653090235,6000,1.3,7800.0,0.1963063831325377,1120,1209,0.95164,0.09872805357642374,0.18666666666666668,1.3,6.964285714285714
2028-04-25,Google,26-35,South India,Mobile,Image,4,75432,4,0.0917207457142306,6918,0.9,6226.2,0.1597092368254516,1050,1210,0.9516,0.09171174037543749,0.15177797051170858,0.9,5.929714285714286
2028-04-26,Google,18-25,North India,Desktop,Video,1,20283,4,0.0738106536628099,1497,0.9,1347.3,0.0705803387877296,99,1211,0.95156,0.0738056500517675,0.06613226452905811,0.9,13.60909090909091
2028-04-27,Google,26-35,North India,Desktop,Video,14,86127,4,0.0318428175972037,2742,0.9,2467.8,0.0607379371095308,157,1212,0.95152,0.03183670625936118,0.05725747629467542,0.9,15.718471337579619
2028-04-28,Instagram,36-50,South India,Desktop,Video,16,26282,4,0.0964196098474027,2534,1.3,3294.2000000000003,0.0872766083403677,210,1213,0.95148,0.09641579788448368,0.08287292817679558,1.3,15.686666666666667
2028-04-29,Instagram,26-35,West India,Mobile,Image,9,65560,4,0.0713599298557391,4678,1.3,6081.400000000001,0.1473704633536354,655,1214,0.95144,0.07135448444173276,0.14001710132535272,1.3,9.284580152671756
2028-04-30,Google,26-35,South India,Mobile,Image,20,80455,4,0.0640603787102321,5153,0.9,4637.7,0.0642338725863444,313,1215,0.9514,0.06404822571623889,0.060741315738404814,0.8999999999999999,14.816932907348242
2028-05-01,Google,18-25,South India,Mobile,Text,20,74210,5,0.0752156415226221,5581,0.9,5022.900000000001,0.1117696041253142,592,1216,0.95136,0.0752054979113327,0.10607418025443469,0.9000000000000001,8.48462837837838
2028-05-02,Instagram,36-50,North India,Desktop,Image,21,97235,5,0.0580951670882243,5648,1.3,7342.400000000001,0.1247879556420052,669,1217,0.95132,0.05808608011518486,0.11844900849858357,1.3,10.975186846038865
2028-05-03,Instagram,26-35,South India,Mobile,Text,1,97376,5,0.0761416271269761,7414,1.3,9638.2,0.0567178006990054,399,1218,0.95128,0.07613785737758791,0.05381710277852711,1.3,24.15588972431078
2028-05-04,Google,18-25,West India,Mobile,Text,8,53984,5,0.0327791343757713,1769,0.9,1592.1,0.0921234963872171,154,1219,0.95124,0.03276896858328394,0.08705483323911814,0.8999999999999999,10.338311688311688
2028-05-05,Instagram,18-25,North India,Mobile,Image,1,19392,5,0.1039987945717981,2016,1.3,2620.8,0.1661960306412505,318,1220,0.9512,0.10396039603960396,0.15773809523809523,1.3,8.241509433962264
2028-05-06,Google,26-35,West India,Mobile,Text,17,98496,5,0.0313066474234288,3083,0.9,2774.7000000000003,0.1335421251335386,390,1221,0.95116,0.031300763482781026,0.1265001621796951,0.9000000000000001,7.1146153846153855
2028-05-07,Google,18-25,North India,Desktop,Text,11,5721,5,0.0342178868567617,195,0.9,175.5,0.1140763394823183,20,1222,0.95112,0.03408495018353435,0.10256410256410256,0.9,8.775
2028-05-08,Instagram,26-35,West India,Mobile,Video,14,30197,5,0.1090856260547557,3294,1.3,4282.2,0.1349795009091687,422,1223,0.95108,0.10908368380964996,0.1281117182756527,1.3,10.14739336492891
2028-05-09,Google,26-35,South India,Mobile,Image,20,27173,5,0.0800459962720344,2175,0.9,1957.5,0.1047183124136806,215,1224,0.95104,0.08004268943436499,0.09885057471264368,0.9,9.104651162790697
2028-05-10,Instagram,26-35,South India,Mobile,Text,19,2066,5,0.0775819732383466,160,1.3,208.0,0.0964928069582681,14,1225,0.951,0.07744433688286544,0.0875,1.3,14.857142857142858
2028-05-11,Google,36-50,South India,Desktop,Text,5,93911,5,0.0306778807712177,2880,0.9,2592.0,0.1374874500278934,375,1226,0.95096,0.030667333965137204,0.13020833333333334,0.9,6.912
2028-05-12,Google,26-35,West India,Mobile,Text,17,60418,5,0.0648858630414047,3920,0.9,3528.0,0.0999614574492501,371,1227,0.95092,0.06488132675692675,0.09464285714285714,0.9,9.50943396226415
2028-05-13,Instagram,18-25,North India,Mobile,Image,12,68454,5,0.0334035829343138,2286,1.3,2971.8,0.1396989800439196,303,1228,0.95088,0.03339468840389166,0.1325459317585302,1.3,9.807920792079209
2028-05-14,Google,36-50,North India,Mobile,Video,3,75993,5,0.0670161452327862,5092,0.9,4582.8,0.2003917260811072,969,1229,0.95084,0.06700617162107037,0.19029850746268656,0.9,4.729411764705882
2028-05-15,Instagram,18-25,North India,Mobile,Video,11,77262,5,0.0664235757537799,5132,1.3,6671.6,0.1478260584631011,720,1230,0.9508,0.0664233387693821,0.1402961808261886,1.3,9.266111111111112
2028-05-16,Google,36-50,South India,Desktop,Image,8,15282,5,0.0620850904192672,948,0.9,853.2,0.1368779478411718,122,1231,0.95076,0.06203376521397723,0.12869198312236288,0.9,6.99344262295082
2028-05-17,Google,36-50,West India,Mobile,Image,1,25815,5,0.0584477825166009,1508,0.9,1357.2,0.0968626727913767,138,1232,0.95072,0.05841564981599845,0.09151193633952255,0.9,9.834782608695653
2028-05-18,Google,36-50,North India,Desktop,Image,15,23594,5,0.0348845945119852,823,0.9,740.7,0.0641682757741021,49,1233,0.95068,0.03488174959735526,0.05953827460510328,0.9,15.116326530612247
2028-05-19,Instagram,36-50,West India,Mobile,Image,0,73984,5,0.0339847174056369,2514,1.3,3268.2000000000003,0.0923881039146002,220,1234,0.95064,0.03398032006920415,0.08750994431185362,1.3,14.855454545454547
2028-05-20,Google,18-25,North India,Desktop,Video,3,57511,5,0.0512118284722677,2945,0.9,2650.5,0.1286075116062522,359,1235,0.9506,0.05120759506876945,0.12190152801358234,0.9,7.383008356545961
2028-05-21,Instagram,26-35,South India,Desktop,Text,14,67678,5,0.083443242003068,5647,1.3,7341.1,0.0419626055434426,224,1236,0.95056,0.08343922692750967,0.03966707986541527,1.3,32.77276785714286
2028-05-22,Google,18-25,West India,Mobile,Text,19,86768,5,0.0308869745722314,2680,0.9,2412.0,0.0906207979538527,230,1237,0.95052,0.030886962935644476,0.08582089552238806,0.9,10.486956521739131
2028-05-23,Instagram,26-35,North India,Mobile,Image,0,67951,5,0.066930483604492,4547,1.3,5911.1,0.1526658605461921,659,1238,0.95048,0.0669158658445056,0.14493072355399164,1.3,8.96980273141123
2028-05-24,Google,18-25,North India,Mobile,Image,19,7374,5,0.0812972289743933,599,0.9,539.1,0.167891040216972,95,1239,0.95044,0.08123135340385138,0.15859766277128548,0.9,5.674736842105263
2028-05-25,Instagram,36-50,North India,Mobile,Text,14,27974,5,0.0485862293907714,1359,1.3,1766.7,0.1290197774047415,166,1240,0.9504,0.048580825051833844,0.12214863870493009,1.3,10.64277108433735
2028-05-26,Instagram,36-50,North India,Mobile,Video,2,70178,5,0.0388912661553961,2729,1.3,3547.7000000000003,0.0730482866642393,189,1241,0.95036,0.03888683063068198,0.06925613777940638,1.3,18.770899470899472
2028-05-27,Instagram,26-35,South India,Mobile,Image,12,84472,5,0.0901656503541662,7616,1.3,9900.8,0.0678720315318567,490,1242,0.95032,0.09016005303532532,0.06433823529411764,1.2999999999999998,20.205714285714283
2028-05-28,Instagram,26-35,North India,Desktop,Image,17,32914,5,0.0318595224872128,1048,1.3,1362.4,0.0903105227648602,89,1243,0.95028,0.03184055417147718,0.08492366412213741,1.3,15.307865168539326
2028-05-29,Instagram,18-25,North India,Mobile,Video,12,51014,5,0.0625640598125335,3191,1.3,4148.3,0.0815787031064274,247,1244,0.95024,0.06255145646293174,0.07740520213099342,1.3,16.794736842105262
2028-05-30,Instagram,26-35,South India,Desktop,Video,9,62379,5,0.0742402156913035,4631,1.3,6020.3,0.1777237843614892,782,1245,0.9502,0.07423972811362799,0.16886201684301447,1.3,7.698593350383632
2028-05-31,Google,18-25,North India,Mobile,Video,19,10347,5,0.0763497354201972,789,0.9,710.1,0.0590954734743121,43,1246,0.95016,0.07625398666280081,0.05449936628643853,0.9,16.513953488372092
2028-06-01,Google,26-35,West India,Mobile,Image,23,91468,6,0.0417776505178183,3821,0.9,3438.9,0.0970146601883783,351,1247,0.95012,0.04177417238815761,0.09186076943208585,0.9,9.797435897435898
2028-06-02,Instagram,26-35,West India,Desktop,Video,6,60015,6,0.0598427678874451,3591,1.3,4668.3,0.0903448568966178,307,1248,0.95008,0.05983504123969008,0.08549150654413812,1.3,15.206188925081435
2028-06-03,Instagram,26-35,North India,Mobile,Image,7,90129,6,0.0379574990733529,3421,1.3,4447.3,0.1113291547724273,361,1249,0.95004,0.03795670649846331,0.10552470038000585,1.3,12.319390581717451
2028-06-04,Instagram,36-50,South India,Mobile,Image,0,67864,6,0.0441450521288409,2995,1.3,3893.5,0.1584106123958572,450,1250,0.95,0.04413238241188259,0.15025041736227046,1.3,8.652222222222223
2028-06-05,Google,36-50,South India,Desktop,Video,17,51181,6,0.0178963595162474,915,0.9,823.5,0.2123007451535988,184,1251,0.94996,0.017877728063148433,0.2010928961748634,0.9,4.475543478260869
2028-06-06,Google,18-25,South India,Desktop,Text,11,19760,6,0.0219556812131365,433,0.9,389.7,0.1553899067641874,63,1252,0.94992,0.021912955465587046,0.14549653579676675,0.9,6.185714285714286
2028-06-07,Google,26-35,North India,Mobile,Video,17,86161,6,0.0512886008112023,4419,0.9,3977.1,0.0965681152411369,404,1253,0.94988,0.05128770557444784,0.0914233989590405,0.9,9.844306930693069
2028-06-08,Instagram,18-25,North India,Mobile,Text,23,93103,6,0.0897358965101108,8354,1.3,10860.2,0.1226009121491378,972,1254,0.94984,0.08972858017464529,0.11635144840794828,1.3,11.173045267489712
2028-06-09,Google,26-35,West India,Mobile,Video,11,78599,6,0.0607721393487151,4776,0.9,4298.400000000001,0.1400773057664687,635,1255,0.9498,0.06076413185918396,0.13295644891122277,0.9000000000000001,6.769133858267717
2028-06-10,Google,36-50,South India,Mobile,Video,19,98166,6,0.0714815462677115,7017,0.9,6315.3,0.1716923605773662,1143,1256,0.94976,0.07148096082146568,0.1628901239846088,0.9,5.525196850393701
2028-06-11,Google,36-50,North India,Mobile,Image,8,93497,6,0.061198994196875,5721,0.9,5148.900000000001,0.1436403470975351,779,1257,0.94972,0.06118912906296459,0.13616500611781157,0.9000000000000001,6.6096277278562265
2028-06-12,Google,26-35,North India,Mobile,Image,1,4140,6,0.0232221716379563,96,0.9,86.4,0.0525398040702436,4,1258,0.94968,0.02318840579710145,0.041666666666666664,0.9,21.6
2028-06-13,Instagram,26-35,North India,Mobile,Image,13,83801,6,0.0568464009406501,4763,1.3,6191.900000000001,0.155804908315874,704,1259,0.94964,0.05683703058436057,0.14780600461893764,1.3,8.795312500000001
2028-06-14,Google,36-50,South India,Desktop,Image,3,75266,6,0.055116852747799,4148,0.9,3733.2,0.1218841943281864,479,1260,0.9496,0.055111205590837826,0.11547733847637416,0.8999999999999999,7.793736951983298
2028-06-15,Instagram,36-50,South India,Desktop,Image,14,63176,6,0.0688299347930171,4348,1.3,5652.400000000001,0.0909572853563357,375,1261,0.94956,0.06882360390021527,0.08624655013799448,1.3,15.073066666666668
2028-06-16,Google,18-25,West India,Mobile,Image,16,15057,6,0.0338890538610429,510,0.9,459.0,0.0830512576344621,39,1262,0.94952,0.033871289101414626,0.07647058823529412,0.9,11.76923076923077
2028-06-17,Google,36-50,South India,Mobile,Image,18,70093,6,0.0622095902433958,4360,0.9,3924.0,0.1516713492560306,627,1263,0.94948,0.06220307306007732,0.14380733944954127,0.9,6.258373205741627
2028-06-18,Google,26-35,North India,Mobile,Text,5,30114,6,0.0500495396531087,1507,0.9,1356.3,0.1035713726505023,148,1264,0.94944,0.05004316929003121,0.0982083609820836,0.9,9.16418918918919
2028-06-19,Google,18-25,West India,Mobile,Text,8,79747,6,0.0325495141018134,2595,0.9,2335.5,0.114767724317904,281,1265,0.9494,0.032540409043600386,0.10828516377649326,0.9,8.311387900355871
2028-06-20,Google,26-35,South India,Mobile,Image,16,57215,6,0.0524135518490229,2998,0.9,2698.2000000000003,0.0788132422972656,224,1266,0.94936,0.05239884645634886,0.07471647765176785,0.9000000000000001,12.045535714285716
2028-06-21,Google,18-25,South India,Mobile,Text,14,19580,6,0.0625586175662568,1224,0.9,1101.6,0.0566947504584975,65,1267,0.94932,0.06251276813074566,0.05310457516339869,0.8999999999999999,16.947692307692307
2028-06-22,Instagram,26-35,South India,Mobile,Video,4,84870,6,0.0621402862522183,5273,1.3,6854.900000000001,0.1768896806852814,884,1268,0.94928,0.06213031695534347,0.16764650104304948,1.3,7.754411764705883
2028-06-23,Google,36-50,South India,Desktop,Text,17,10802,6,0.0196520819024663,212,0.9,190.8,0.0726475710748775,14,1269,0.94924,0.01962599518607665,0.0660377358490566,0.9,13.62857142857143
2028-06-24,Instagram,26-35,North India,Desktop,Image,22,88857,6,0.0918435737552793,8160,1.3,10608.0,0.0642048080056827,496,1270,0.9492,0.09183294506904352,0.060784313725490195,1.3,21.387096774193548
2028-06-25,Instagram,18-25,South India,Desktop,Text,3,70543,6,0.0531533618800298,3749,1.3,4873.7,0.0622176404502284,221,1271,0.94916,0.05314489035056632,0.05894905308082155,1.3,22.052941176470586
2028-06-26,Instagram,26-35,North India,Mobile,Video,20,5675,6,0.0655989435594309,372,1.3,483.6,0.0658205493948696,22,1272,0.94912,0.06555066079295155,0.05913978494623656,1.3,21.981818181818184
2028-06-27,Google,18-25,North India,Mobile,Text,23,15058,6,0.0481335925579715,724,0.9,651.6,0.0765239343803749,52,1273,0.94908,0.048080754416257136,0.0718232044198895,0.9,12.53076923076923
2028-06-28,Google,26-35,North India,Mobile,Image,1,50001,6,0.0578682161705027,2893,0.9,2603.7000000000003,0.0690708524544021,188,1274,0.94904,0.05785884282314354,0.06498444521258209,0.9000000000000001,13.849468085106384
2028-06-29,Google,36-50,West India,Desktop,Video,18,38519,6,0.021600994146699,832,0.9,748.8000000000001,0.1882609298446465,148,1275,0.949,0.021599730003374958,0.1778846153846154,0.9000000000000001,5.05945945945946
2028-06-30,Google,36-50,North India,Mobile,Video,4,72755,6,0.0526899874210121,3833,0.9,3449.7000000000003,0.1478073517393635,537,1276,0.94896,0.05268366435296543,0.14009913905557006,0.9,6.424022346368716
2028-07-01,Instagram,26-35,South India,Mobile,Text,3,16445,7,0.1066251713221422,1753,1.3,2278.9,0.1347715416535876,223,1277,0.94892,0.10659775007601094,0.12721049629207073,1.3,10.219282511210762
2028-07-02,Google,26-35,West India,Mobile,Video,4,74954,7,0.0583558033868005,4374,0.9,3936.6,0.1158065626731082,480,1278,0.94888,0.05835579155215199,0.10973936899862825,0.9,8.20125
2028-07-03,Google,26-35,South India,Mobile,Video,18,90450,7,0.0872701972956211,7893,0.9,7103.7,0.1637187189505664,1225,1279,0.94884,0.0872636815920398,0.15520081084505258,0.9,5.798938775510204
2028-07-04,Instagram,18-25,North India,Mobile,Video,12,96166,7,0.1091066544872117,10492,1.3,13639.6,0.1255273353763659,1249,1280,0.9488,0.10910300937961441,0.11904308044224171,1.3,10.920416333066454
2028-07-05,Instagram,26-35,South India,Mobile,Image,15,29695,7,0.1005912140845359,2987,1.3,3883.1,0.0697875249204673,197,1281,0.94876,0.10058932480215524,0.06595246066287244,1.3,19.711167512690356
2028-07-06,Instagram,26-35,West India,Mobile,Video,11,96970,7,0.0863160773741973,8370,1.3,10881.0,0.0560394207685318,444,1282,0.94872,0.0863153552645148,0.05304659498207885,1.3,24.506756756756758
2028-07-07,Google,18-25,West India,Mobile,Text,8,52227,7,0.0287932294587749,1503,0.9,1352.7,0.1153386961141599,164,1283,0.94868,0.028778218163019127,0.10911510312707917,0.9,8.248170731707317
2028-07-08,Google,36-50,South India,Mobile,Text,23,80992,7,0.0286098631057687,2317,0.9,2085.3,0.053261474912892,116,1284,0.94864,0.028607763729751087,0.050064738886491156,0.9000000000000001,17.976724137931036
2028-07-09,Google,26-35,South India,Mobile,Video,15,31185,7,0.048886725362019,1524,0.9,1371.6,0.0633981235126969,91,1285,0.9486,0.04886964886964887,0.05971128608923885,0.8999999999999999,15.072527472527472
2028-07-10,Google,26-35,South India,Desktop,Text,13,90692,7,0.0328618602376701,2980,0.9,2682.0,0.0952404338467139,268,1286,0.94856,0.032858466016848234,0.08993288590604027,0.9,10.007462686567164
2028-07-11,Google,36-50,West India,Mobile,Video,21,46908,7,0.0738662663469083,3464,0.9,3117.6,0.1719884301614394,564,1287,0.94852,0.0738466786049288,0.1628175519630485,0.9,5.5276595744680845
2028-07-12,Google,36-50,North India,Mobile,Text,0,44631,7,0.0716442052865218,3197,0.9,2877.3,0.1192205770552197,361,1288,0.94848,0.07163182541282964,0.11291836096340319,0.9,7.970360110803324
2028-07-13,Google,18-25,South India,Mobile,Video,19,48993,7,0.0672787386858498,3296,0.9,2966.4,0.2142171833211266,669,1289,0.94844,0.06727491682485252,0.2029733009708738,0.9,4.434080717488789
2028-07-14,Google,26-35,North India,Desktop,Video,22,3078,7,0.0331133700293232,101,0.9,90.9,0.0773945579908027,6,1290,0.9484,0.03281351526965562,0.0594059405940594,0.9,15.15
2028-07-15,Google,26-35,West India,Mobile,Video,20,96886,7,0.0878378732569215,8510,0.9,7659.0,0.2135848981608616,1723,1291,0.94836,0.08783518774642363,0.20246768507638072,0.9,4.4451538015089955
2028-07-16,Instagram,18-25,South India,Mobile,Image,3,78609,7,0.0939182151149189,7382,1.3,9596.6,0.1615341970824704,1130,1292,0.94832,0.09390782225953771,0.15307504741262531,1.3,8.492566371681416
2028-07-17,Instagram,36-50,South India,Mobile,Text,8,24778,7,0.1086998630662218,2693,1.3,3500.9,0.0579792269848776,147,1293,0.94828,0.10868512390023408,0.05458596360935759,1.3,23.815646258503403
2028-07-18,Instagram,18-25,West India,Mobile,Video,23,24397,7,0.0688214531314917,1679,1.3,2182.7000000000003,0.189241176047229,300,1294,0.94824,0.06881993687748493,0.1786777843954735,1.3000000000000003,7.275666666666668
2028-07-19,Google,36-50,South India,Mobile,Image,18,69857,7,0.0917289075185275,6407,0.9,5766.3,0.1208397279626677,733,1295,0.9482,0.09171593397941509,0.11440611830810052,0.9,7.866712141882674
2028-07-20,Google,18-25,North India,Mobile,Image,13,13337,7,0.049833517200592,664,0.9,597.6,0.0468506669492964,29,1296,0.94816,0.0497863087650896,0.043674698795180725,0.9,20.606896551724137
2028-07-21,Google,36-50,West India,Desktop,Video,21,7011,7,0.0652353868089184,457,0.9,411.3,0.0701830176673158,30,1297,0.94812,0.06518328341178149,0.06564551422319474,0.9,13.71
2028-07-22,Instagram,18-25,West India,Desktop,Video,11,40855,7,0.0660949919332328,2700,1.3,3510.0,0.1208940713607591,309,1298,0.94808,0.06608738220536042,0.11444444444444445,1.3,11.359223300970873
2028-07-23,Instagram,36-50,South India,Desktop,Video,3,76532,7,0.0615055836130235,4707,1.3,6119.1,0.1508376587844341,672,1299,0.94804,0.0615036847331835,0.14276609305289995,1.3,9.105803571428572
2028-07-24,Google,36-50,West India,Mobile,Video,6,47845,7,0.0515741885601959,2467,0.9,2220.3,0.2071787260582279,484,1300,0.948,0.051562336712300136,0.19618970409404135,0.9,4.587396694214877
2028-07-25,Instagram,36-50,South India,Desktop,Video,16,21046,7,0.0708119629049131,1490,1.3,1937.0,0.0926636649176603,130,1301,0.94796,0.07079730114986221,0.087248322147651,1.3,14.9
2028-07-26,Google,36-50,South India,Mobile,Text,0,88030,7,0.0451565465337074,3975,0.9,3577.5,0.0994602803907837,374,1302,0.94792,0.04515506077473588,0.0940880503144654,0.9,9.565508021390375
2028-07-27,Google,36-50,West India,Mobile,Video,13,7618,7,0.0618046379782693,470,0.9,423.0,0.0859494308386011,37,1303,0.94788,0.06169598319768968,0.07872340425531915,0.9,11.432432432432432
2028-07-28,Instagram,26-35,South India,Desktop,Video,14,73435,7,0.0406304526754364,2983,1.3,3877.9,0.1559924473136112,440,1304,0.94784,0.040620957309184996,0.14750251424740193,1.3,8.813409090909092
2028-07-29,Instagram,36-50,North India,Mobile,Text,11,32322,7,0.0950003022798717,3070,1.3,3991.0,0.1350984081494599,392,1305,0.9478,0.09498174617907308,0.1276872964169381,1.3,10.181122448979592
2028-07-30,Instagram,26-35,North India,Mobile,Image,11,34797,7,0.0607633841890967,2114,1.3,2748.2000000000003,0.1135108259646622,226,1306,0.94776,0.060752363709515186,0.10690633869441817,1.3,12.160176991150443
2028-07-31,Instagram,36-50,South India,Mobile,Text,5,16128,7,0.0551431639603465,889,1.3,1155.7,0.1041682335505123,87,1307,0.94772,0.055121527777777776,0.09786276715410573,1.3,13.283908045977013
2028-08-01,Google,26-35,North India,Mobile,Image,12,34179,8,0.0402532431915672,1375,0.9,1237.5,0.1377672111201184,179,1308,0.94768,0.040229380613827206,0.13018181818181818,0.9,6.91340782122905
2028-08-02,Instagram,26-35,South India,Desktop,Image,15,68517,8,0.0311803014362147,2136,1.3,2776.8,0.0667324859347724,134,1309,0.94764,0.031174744953807083,0.06273408239700375,1.3,20.722388059701494
2028-08-03,Google,18-25,North India,Mobile,Text,13,35073,8,0.0739910144229225,2595,0.9,2335.5,0.1346797746686747,330,1310,0.9476,0.07398853819177145,0.12716763005780346,0.9,7.077272727272727
2028-08-04,Instagram,36-50,West India,Mobile,Video,6,79014,8,0.0880672937075861,6958,1.3,9045.4,0.1450425074582602,956,1311,0.94756,0.08806034373655301,0.13739580339177926,1.3,9.461715481171547
2028-08-05,Google,18-25,South India,Mobile,Image,15,92965,8,0.0644288154357657,5989,0.9,5390.1,0.1496916499327784,848,1312,0.94752,0.06442209433657828,0.1415929203539823,0.9,6.35625
2028-08-06,Instagram,18-25,South India,Desktop,Video,22,38363,8,0.086536024480985,3319,1.3,4314.7,0.2041439485744769,641,1313,0.94748,0.08651565310325053,0.19313046098222356,1.3,6.7312012480499215
2028-08-07,Google,36-50,South India,Mobile,Text,8,12697,8,0.0743674480881581,944,0.9,849.6,0.1205264545510136,107,1314,0.94744,0.07434827124517603,0.11334745762711865,0.9,7.940186915887851
2028-08-08,Instagram,18-25,South India,Mobile,Image,13,16422,8,0.0557434188604992,915,1.3,1189.5,0.1427455985301295,123,1315,0.9474,0.055717939349652905,0.13442622950819672,1.3,9.670731707317072
2028-08-09,Google,36-50,South India,Desktop,Video,23,39380,8,0.0319570563877995,1258,0.9,1132.2,0.1876340422904988,223,1316,0.94736,0.03194514982224479,0.17726550079491257,0.9,5.07713004484305
2028-08-10,Instagram,18-25,South India,Mobile,Image,6,96877,8,0.0655290019122688,6348,1.3,8252.4,0.052044429692393,312,1317,0.94732,0.06552638913261145,0.04914933837429111,1.3,26.45
2028-08-11,Google,36-50,West India,Mobile,Image,11,61857,8,0.0559765532772366,3462,0.9,3115.8,0.0935094711442548,305,1318,0.94728,0.05596779669237111,0.08809936452917388,0.9,10.215737704918034
2028-08-12,Google,36-50,West India,Desktop,Text,2,68573,8,0.0285360824030532,1956,0.9,1760.4,0.1485894726406827,274,1319,0.94724,0.02852434631706357,0.14008179959100203,0.9,6.424817518248176
2028-08-13,Google,36-50,North India,Mobile,Video,13,76058,8,0.063465292238716,4827,0.9,4344.3,0.0867665624787707,395,1320,0.9472,0.06346472428935812,0.08183136523720738,0.9,10.998227848101266
2028-08-14,Google,26-35,South India,Desktop,Video,18,22259,8,0.0337333418785607,750,0.9,675.0,0.1530088068409917,107,1321,0.94716,0.03369423603935487,0.14266666666666666,0.9,6.308411214953271
2028-08-15,Instagram,18-25,North India,Mobile,Image,10,78534,8,0.0350954993841236,2756,1.3,3582.8,0.0613318524731539,160,1322,0.94712,0.035093080703898945,0.05805515239477504,1.3,22.392500000000002
2028-08-16,Google,26-35,North India,Desktop,Video,4,73622,8,0.0493652930847672,3634,0.9,3270.6,0.0971945807184621,334,1323,0.94708,0.04936024557876722,0.09190974133186572,0.9,9.792215568862275
2028-08-17,Instagram,18-25,West India,Desktop,Image,22,2149,8,0.0677270774264511,145,1.3,188.5,0.1403912059838098,18,1324,0.94704,0.06747324336900884,0.12413793103448276,1.3,10.472222222222221
2028-08-18,Google,18-25,North India,Mobile,Text,12,23792,8,0.0623645228683913,1483,0.9,1334.7,0.1050017794207809,146,1325,0.947,0.062331876260928044,0.09844908968307485,0.9,9.14178082191781
2028-08-19,Google,18-25,West India,Mobile,Text,9,17390,8,0.0659353800353756,1146,0.9,1031.4,0.08330364705871,89,1326,0.94696,0.06589994249568717,0.07766143106457242,0.9000000000000001,11.58876404494382
2028-08-20,Instagram,26-35,North India,Desktop,Video,6,35204,8,0.0829220210669166,2919,1.3,3794.7,0.1953169601517823,539,1327,0.94692,0.08291671400977162,0.18465227817745802,1.3,7.0402597402597396
2028-08-21,Instagram,18-25,South India,Mobile,Text,16,37018,8,0.0736535354301123,2726,1.3,3543.8,0.1388536281467509,357,1328,0.94688,0.07363985088335405,0.1309611151870873,1.3,9.926610644257703
2028-08-22,Google,26-35,North India,Mobile,Text,15,94651,8,0.0685454005864109,6487,0.9,5838.3,0.0625887888717103,384,1329,0.94684,0.0685359901110395,0.05919531370433174,0.9,15.203906250000001
2028-08-23,Instagram,36-50,West India,Mobile,Video,7,90583,8,0.0611160080278959,5536,1.3,7196.8,0.1261949806797871,660,1330,0.9468,0.06111522029519888,0.11921965317919075,1.3,10.904242424242424
2028-08-24,Instagram,18-25,West India,Desktop,Image,16,83614,8,0.0423154030448009,3538,1.3,4599.400000000001,0.162924830812386,545,1331,0.94676,0.04231348817183725,0.15404183154324477,1.3,8.439266055045872
2028-08-25,Google,18-25,West India,Desktop,Text,12,22471,8,0.0279759033587916,628,0.9,565.2,0.0366732295016082,21,1332,0.94672,0.027947131858840284,0.03343949044585987,0.9,26.914285714285718
2028-08-26,Instagram,36-50,North India,Mobile,Video,10,15263,8,0.0729520507348811,1113,1.3,1446.9,0.1384020190650462,145,1333,0.94668,0.07292144401493808,0.1302785265049416,1.3,9.978620689655173
2028-08-27,Instagram,36-50,North India,Mobile,Video,19,61309,8,0.0724700843608987,4443,1.3,5775.900000000001,0.0826208816205609,347,1334,0.94664,0.07246896866691677,0.07810038262435291,1.3,16.645244956772334
2028-08-28,Instagram,18-25,West India,Desktop,Video,17,53451,8,0.0678558236985068,3626,1.3,4713.8,0.0587217797993427,200,1335,0.9466,0.06783783278142598,0.05515719801434087,1.3,23.569000000000003
2028-08-29,Google,36-50,South India,Desktop,Text,4,71379,8,0.024667594205814,1760,0.9,1584.0,0.156893515636694,261,1336,0.94656,0.024657112035752812,0.14829545454545454,0.9,6.068965517241379
2028-08-30,Instagram,26-35,South India,Mobile,Text,5,78969,8,0.1027997395834401,8117,1.3,10552.1,0.1442514477216603,1107,1337,0.94652,0.10278716964884956,0.13638043612171985,1.3,9.53215898825655
2028-08-31,Google,26-35,North India,Desktop,Image,19,12559,8,0.0457671766624109,574,0.9,516.6,0.0626440433210171,33,1338,0.94648,0.045704275818138386,0.05749128919860627,0.9,15.654545454545456
2028-09-01,Google,18-25,North India,Desktop,Image,13,64728,9,0.0414967225986026,2685,0.9,2416.5,0.1493138831249024,378,1339,0.94644,0.041481275491286614,0.14078212290502792,0.9,6.392857142857143
2028-09-02,Google,26-35,West India,Mobile,Image,11,5952,9,0.0722582207888155,430,0.9,387.0,0.0604998369251311,24,1340,0.9464,0.07224462365591398,0.05581395348837209,0.9,16.125
2028-09-03,Google,26-35,North India,Desktop,Image,3,62726,9,0.0351456661317463,2204,0.9,1983.6,0.1013294608612255,211,1341,0.94636,0.03513694480757581,0.09573502722323049,0.8999999999999999,9.400947867298578
2028-09-04,Instagram,18-25,North India,Mobile,Image,6,41610,9,0.0517544755736078,2153,1.3,2798.9,0.1345278489636056,273,1342,0.94632,0.05174236962268686,0.12679981421272643,1.3,10.252380952380953
2028-09-05,Instagram,36-50,West India,Mobile,Image,10,99329,9,0.0933351314033152,9270,1.3,12051.0,0.114732783529582,1005,1343,0.94628,0.09332621892901369,0.10841423948220065,1.3,11.991044776119402
2028-09-06,Instagram,18-25,West India,Mobile,Video,19,87467,9,0.080473160977788,7038,1.3,9149.4,0.1909311601440118,1270,1344,0.94624,0.0804646323756388,0.18044899119067917,1.3,7.204251968503937
2028-09-07,Google,26-35,North India,Desktop,Image,1,3153,9,0.0581527517406834,183,0.9,164.70000000000002,0.1200447556131377,19,1345,0.9462,0.058039961941008564,0.10382513661202186,0.9000000000000001,8.66842105263158
2028-09-08,Google,18-25,South India,Desktop,Text,3,95447,9,0.0364229835843961,3476,0.9,3128.4,0.093942470616804,308,1346,0.94616,0.03641811686066613,0.08860759493670886,0.9,10.157142857142857
2028-09-09,Google,18-25,North India,Mobile,Image,6,9019,9,0.0557612816010238,502,0.9,451.8,0.161046558000477,75,1347,0.94612,0.05566027275751192,0.14940239043824702,0.9,6.024
2028-09-10,Instagram,26-35,South India,Mobile,Text,0,86409,9,0.094824003810786,8193,1.3,10650.9,0.0421509705977525,326,1348,0.94608,0.0948165121688713,0.03979006468936897,1.3,32.67147239263804
2028-09-11,Google,26-35,South India,Mobile,Image,14,98167,9,0.030004103199391,2945,0.9,2650.5,0.1192134242422196,332,1349,0.94604,0.029999898132773744,0.11273344651952462,0.9,7.983433734939759
2028-09-12,Instagram,18-25,South India,Desktop,Video,19,38929,9,0.0414740153683697,1614,1.3,2098.2000000000003,0.1749124286273541,266,1350,0.946,0.04146009401731357,0.16480793060718713,1.3000000000000003,7.887969924812031
2028-09-13,Instagram,26-35,West India,Desktop,Video,21,18028,9,0.0818199011731096,1475,1.3,1917.5,0.1884578095902298,262,1351,0.94596,0.08181717328599955,0.1776271186440678,1.3,7.318702290076335
2028-09-14,Google,26-35,West India,Mobile,Text,23,35620,9,0.0762708546999415,2716,0.9,2444.4,0.0983976264671252,252,1352,0.94592,0.07624929814710836,0.09278350515463918,0.9,9.700000000000001
2028-09-15,Instagram,26-35,West India,Mobile,Image,7,49474,9,0.0699620859013619,3461,1.3,4499.3,0.1639724807809631,536,1353,0.94588,0.06995593645146946,0.15486853510546084,1.3,8.394216417910448
2028-09-16,Google,26-35,North India,Mobile,Video,4,11623,9,0.0685109100916729,796,0.9,716.4,0.1136337829773302,85,1354,0.94584,0.06848490062806505,0.10678391959798995,0.9,8.428235294117647
2028-09-17,Instagram,26-35,West India,Mobile,Video,13,86504,9,0.0766384332957275,6629,1.3,8617.7,0.1012776022954333,634,1355,0.9458,0.07663229446037177,0.09564036807965003,1.3,13.592586750788644
2028-09-18,Instagram,26-35,West India,Mobile,Image,17,4809,9,0.0487731400165548,234,1.3,304.2,0.1763336866436273,38,1356,0.94576,0.048658764815970056,0.1623931623931624,1.3,8.005263157894737
2028-09-19,Google,36-50,North India,Desktop,Text,2,93907,9,0.0540396770469914,5074,0.9,4566.6,0.107724807396211,516,1357,0.94572,0.05403218077459614,0.1016949152542373,0.9,8.850000000000001
2028-09-20,Google,18-25,North India,Mobile,Text,1,52046,9,0.0232103389828555,1208,0.9,1087.2,0.0804342238154998,91,1358,0.94568,0.02321023709795181,0.07533112582781457,0.9,11.947252747252747
2028-09-21,Instagram,26-35,South India,Mobile,Text,21,63496,9,0.0842283290199907,5348,1.3,6952.400000000001,0.1523550365721564,769,1359,0.94564,0.0842257780017639,0.143792071802543,1.3,9.040832249674903
2028-09-22,Instagram,18-25,North India,Mobile,Video,15,32739,9,0.0717411980837783,2348,1.3,3052.4,0.1546196340818434,343,1360,0.9456,0.07171874522740462,0.1460817717206133,1.3,8.899125364431487
2028-09-23,Google,36-50,North India,Mobile,Image,13,54452,9,0.0482550041839526,2627,0.9,2364.3,0.1228453158610156,304,1361,0.94556,0.04824432527730846,0.11572135515797488,0.9,7.777302631578948
2028-09-24,Instagram,26-35,West India,Mobile,Video,15,74324,9,0.0407195998985856,3026,1.3,3933.8,0.1703943722096703,486,1362,0.94552,0.04071363220494053,0.16060806345009915,1.3,8.094238683127573
2028-09-25,Instagram,18-25,South India,Mobile,Video,10,7977,9,0.0623005585409328,496,1.3,644.8000000000001,0.189236566659091,87,1363,0.94548,0.06217876394634574,0.17540322580645162,1.3,7.411494252873564
2028-09-26,Instagram,26-35,South India,Mobile,Video,16,35838,9,0.0726201525043185,2602,1.3,3382.6,0.1439033298878666,353,1364,0.94544,0.07260449801886266,0.13566487317448117,1.3,9.58243626062323
2028-09-27,Google,26-35,North India,Desktop,Video,2,69192,9,0.0599093639810221,4145,0.9,3730.5,0.1125214867990964,440,1365,0.9454,0.059905769453115966,0.10615199034981906,0.9,8.478409090909091
2028-09-28,Instagram,26-35,West India,Mobile,Image,22,5134,9,0.0861986890914503,442,1.3,574.6,0.1672995753629089,69,1366,0.94536,0.08609271523178808,0.15610859728506787,1.3,8.327536231884059
2028-09-29,Instagram,26-35,West India,Desktop,Video,22,54420,9,0.0910108444411395,4952,1.3,6437.6,0.1315376202464835,615,1367,0.94532,0.09099595736861447,0.12419224555735056,1.3,10.467642276422765
2028-09-30,Google,26-35,West India,Mobile,Video,4,30431,9,0.0698679809332956,2126,0.9,1913.4,0.0842580351671223,169,1368,0.94528,0.06986296868325063,0.0794920037629351,0.9,11.32189349112426
2028-10-01,Google,26-35,West India,Mobile,Text,2,70020,10,0.0708852686685932,4963,0.9,4466.7,0.0960707315131819,449,1369,0.94524,0.07087974864324478,0.09046947410840217,0.8999999999999999,9.948106904231626
2028-10-02,Instagram,26-35,North India,Mobile,Video,14,50565,10,0.0430641388529207,2177,1.3,2830.1,0.0510937671462171,104,1370,0.9452,0.043053495500840505,0.04777216352779054,1.3,27.2125
2028-10-03,Google,36-50,West India,Desktop,Image,22,57993,10,0.0314810137733587,1825,0.9,1642.5,0.1412645692745081,242,1371,0.94516,0.03146931526218682,0.1326027397260274,0.9,6.787190082644628
2028-10-04,Instagram,36-50,South India,Mobile,Video,4,59035,10,0.0514907999138555,3039,1.3,3950.7,0.0762666541140679,218,1372,0.94512,0.051477936817142377,0.07173412306679829,1.3,18.12247706422018
2028-10-05,Google,26-35,South India,Mobile,Image,21,48312,10,0.0848164228066857,4097,0.9,3687.3,0.061205536862756,236,1373,0.94508,0.08480294750786554,0.05760312423724676,0.9,15.624152542372881
2028-10-06,Google,26-35,North India,Desktop,Image,2,39916,10,0.0225407738048046,899,0.9,809.1,0.1638653670427602,138,1374,0.94504,0.022522296823328992,0.15350389321468297,0.9,5.863043478260869
2028-10-07,Instagram,36-50,West India,Mobile,Image,5,93810,10,0.08000955662297,7505,1.3,9756.5,0.148157935404222,1049,1375,0.945,0.08000213196887325,0.13977348434377082,1.3,9.300762631077216
2028-10-08,Google,36-50,West India,Desktop,Text,22,21693,10,0.050386349866255,1093,0.9,983.7,0.0832932243846155,85,1376,0.94496,0.05038491679343567,0.0777676120768527,0.9,11.57294117647059
2028-10-09,Google,36-50,West India,Mobile,Text,13,39559,10,0.0766551607218615,3032,0.9,2728.8,0.0625095609462677,178,1377,0.94492,0.07664501124902046,0.05870712401055409,0.9,15.330337078651686
2028-10-10,Google,26-35,West India,Mobile,Video,23,83839,10,0.0464754537619174,3896,0.9,3506.4,0.1897064007285279,698,1378,0.94488,0.04647001991913072,0.17915811088295688,0.9,5.0234957020057305
2028-10-11,Instagram,18-25,North India,Mobile,Video,1,51058,10,0.0460325109385674,2350,1.3,3055.0,0.200185981440276,444,1379,0.94484,0.04602608797837753,0.18893617021276596,1.3,6.88063063063063
2028-10-12,Google,18-25,West India,Desktop,Video,17,86130,10,0.029973727438706,2581,0.9,2322.9,0.1334034895739902,325,1380,0.9448,0.029966329966329967,0.12592018597442853,0.9,7.147384615384616
2028-10-13,Google,18-25,North India,Mobile,Image,5,85639,10,0.0714421095033453,6118,0.9,5506.2,0.115150117608805,665,1381,0.94476,0.07143941428554747,0.10869565217391304,0.9,8.28
2028-10-14,Instagram,18-25,West India,Mobile,Image,23,12858,10,0.0341346166172516,438,1.3,569.4,0.0740274888089252,30,1382,0.94472,0.03406439570695287,0.0684931506849315,1.3,18.98
2028-10-15,Google,26-35,West India,Mobile,Image,4,81538,10,0.0668037729495061,5447,0.9,4902.3,0.1224950369686655,630,1383,0.94468,0.06680320832004709,0.11565999632825409,0.9,7.781428571428572
2028-10-16,Instagram,18-25,South India,Mobile,Video,13,71431,10,0.0356901229270794,2549,1.3,3313.7000000000003,0.1268304429547291,305,1384,0.94464,0.035684786717251615,0.1196547665751275,1.3,10.864590163934427
2028-10-17,Google,36-50,North India,Desktop,Video,16,44324,10,0.0534710982822665,2370,0.9,2133.0,0.1805543285123583,403,1385,0.9446,0.05346990343831784,0.170042194092827,0.9,5.292803970223325
2028-10-18,Instagram,36-50,South India,Mobile,Video,10,50944,10,0.0779322499986029,3970,1.3,5161.0,0.1224904860633722,459,1386,0.94456,0.07792870603015076,0.11561712846347608,1.3,11.24400871459695
2028-10-19,Google,18-25,North India,Mobile,Video,0,91687,10,0.0222974333853208,2044,0.9,1839.6,0.1491451520952957,287,1387,0.94452,0.022293236772934003,0.1404109589041096,0.8999999999999999,6.409756097560975
2028-10-20,Instagram,36-50,West India,Mobile,Text,9,76455,10,0.0803828858600944,6145,1.3,7988.5,0.0582124555993165,337,1388,0.94448,0.08037407625400562,0.0548413344182262,1.3,23.704747774480712
2028-10-21,Google,26-35,West India,Mobile,Text,8,45187,10,0.0326551616293714,1475,0.9,1327.5,0.0447900674674951,62,1389,0.94444,0.03264213158651825,0.04203389830508475,0.9,21.411290322580644
2028-10-22,Google,18-25,North India,Mobile,Text,19,88463,10,0.076016462366423,6724,0.9,6051.6,0.0368621576125948,233,1390,0.9444,0.0760091789787821,0.03465199286139203,0.9,25.972532188841203
2028-10-23,Google,18-25,South India,Mobile,Video,11,29147,10,0.048246120438627,1406,0.9,1265.4,0.12961127681869,171,1391,0.94436,0.04823824064226164,0.12162162162162163,0.9,7.4
2028-10-24,Google,26-35,North India,Desktop,Text,0,78914,10,0.0251873278509193,1987,0.9,1788.3,0.0507869219532981,94,1392,0.94432,0.025179309121321946,0.04730749874182184,0.9,19.02446808510638
2028-10-25,Google,36-50,North India,Desktop,Text,23,88081,10,0.0295561339670363,2603,0.9,2342.7000000000003,0.144612935509627,355,1393,0.94428,0.029552343865305798,0.13638109873223203,0.9000000000000001,6.599154929577465
2028-10-26,Google,26-35,West India,Mobile,Video,17,79593,10,0.0497242242918236,3957,0.9,3561.3,0.1821284092556152,679,1394,0.94424,0.049715427236063474,0.17159464240586303,0.9,5.244918998527246
2028-10-27,Instagram,26-35,South India,Desktop,Text,11,2360,10,0.0846922800461665,199,1.3,258.7,0.1281625455587354,23,1395,0.9442,0.08432203389830509,0.11557788944723618,1.3,11.247826086956522
2028-10-28,Google,36-50,North India,Mobile,Video,1,3048,10,0.0453269073454655,138,0.9,124.2,0.1738096273935511,21,1396,0.94416,0.045275590551181105,0.15217391304347827,0.9,5.914285714285715
2028-10-29,Google,26-35,South India,Mobile,Video,0,40020,10,0.0592933772009557,2372,0.9,2134.8,0.1013556933902137,226,1397,0.94412,0.0592703648175912,0.09527824620573355,0.9,9.446017699115044
2028-10-30,Instagram,36-50,South India,Mobile,Video,0,44935,10,0.0988241549827728,4440,1.3,5772.0,0.2152879840371924,901,1398,0.94408,0.09880939134305107,0.20292792792792794,1.3,6.406215316315206
2028-10-31,Instagram,36-50,North India,Mobile,Image,0,23482,10,0.0828099107226438,1944,1.3,2527.2000000000003,0.1704196405354622,312,1399,0.94404,0.0827868154330977,0.16049382716049382,1.3,8.100000000000001
2028-11-01,Google,26-35,South India,Mobile,Video,21,92199,11,0.0479567957227688,4421,0.9,3978.9,0.1063651058844111,443,1400,0.944,0.047950628531762816,0.10020357385206967,0.9,8.981715575620768
2028-11-02,Google,36-50,West India,Desktop,Text,11,33973,11,0.026238407580889,891,0.9,801.9,0.1511731937807928,126,1401,0.94396,0.02622670944573632,0.1414141414141414,0.9,6.364285714285714
2028-11-03,Google,26-35,West India,Desktop,Text,6,16185,11,0.0544383580659831,881,0.9,792.9,0.0721271890145688,59,1402,0.94392,0.05443311708371949,0.06696935300794551,0.9,13.438983050847456
2028-11-04,Instagram,36-50,West India,Mobile,Video,3,20699,11,0.0980780532828154,2030,1.3,2639.0,0.0499694837730443,95,1403,0.94388,0.09807237064592493,0.046798029556650245,1.3,27.778947368421054
2028-11-05,Instagram,18-25,West India,Mobile,Image,20,56885,11,0.1244311205484128,7078,1.3,9201.4,0.0914099680818232,609,1404,0.94384,0.12442647446602795,0.08604125459169257,1.3,15.10903119868637
2028-11-06,Google,36-50,South India,Desktop,Image,19,42582,11,0.0380722254793951,1621,0.9,1458.9,0.1976173101412132,302,1405,0.9438,0.038067728148043774,0.1863047501542258,0.9,4.830794701986755
2028-11-07,Instagram,36-50,West India,Mobile,Image,3,19061,11,0.0410043573061409,781,1.3,1015.3,0.1289211756632456,94,1406,0.94376,0.04097371596453491,0.1203585147247119,1.3,10.801063829787234
2028-11-08,Instagram,26-35,North India,Mobile,Text,14,78015,11,0.1047002487230357,8168,1.3,10618.4,0.1109231700722622,855,1407,0.94372,0.10469781452284817,0.1046767874632713,1.3,12.419181286549707
2028-11-09,Instagram,36-50,West India,Mobile,Image,0,45597,11,0.0767751752695589,3500,1.3,4550.0,0.073368601292187,241,1408,0.94368,0.07675943592780227,0.06885714285714285,1.3,18.87966804979253
2028-11-10,Instagram,18-25,North India,Mobile,Image,5,11892,11,0.1092447912329074,1299,1.3,1688.7,0.0574073726743833,69,1409,0.94364,0.10923309788092836,0.053117782909930716,1.3,24.473913043478262
2028-11-11,Google,18-25,North India,Mobile,Video,13,24931,11,0.0400608682692927,998,0.9,898.2,0.1869274658372192,175,1410,0.9436,0.04003048413621595,0.17535070140280562,0.9,5.132571428571429
2028-11-12,Google,36-50,West India,Desktop,Image,13,25654,11,0.0500390607751873,1283,0.9,1154.7,0.0978749086549385,117,1411,0.94356,0.05001169408279411,0.09119251753702261,0.9,9.86923076923077
2028-11-13,Google,36-50,West India,Desktop,Image,9,89478,11,0.0473872037180227,4240,0.9,3816.0,0.0405750618882433,162,1412,0.94352,0.04738594961890073,0.03820754716981132,0.9,23.555555555555557
2028-11-14,Google,18-25,South India,Mobile,Image,6,59820,11,0.0534389053357729,3196,0.9,2876.4,0.0893138769284761,268,1413,0.94348,0.05342694750919425,0.08385481852315395,0.9,10.732835820895522
2028-11-15,Google,26-35,North India,Desktop,Video,22,54886,11,0.0501241427224474,2751,0.9,2475.9,0.0768388444869517,199,1414,0.94344,0.05012207120212805,0.07233733187931661,0.9,12.441708542713569
2028-11-16,Instagram,18-25,West India,Mobile,Video,23,73470,11,0.1006854715948949,7397,1.3,9616.1,0.1494337392613916,1042,1415,0.9434,0.10068054988430652,0.14086791942679464,1.3,9.228502879078695
2028-11-17,Google,18-25,South India,Mobile,Image,22,96269,11,0.0824782919219621,7940,0.9,7146.0,0.1604429681718938,1200,1416,0.94336,0.08247722527501064,0.15113350125944586,0.9,5.955
2028-11-18,Google,36-50,West India,Desktop,Text,21,86148,11,0.0710637030542238,6121,0.9,5508.900000000001,0.0932023214385695,537,1417,0.94332,0.07105214282397734,0.08773076294723084,0.9000000000000001,10.258659217877096
2028-11-19,Google,36-50,West India,Mobile,Text,11,98391,11,0.0282073255411881,2775,0.9,2497.5,0.0561219841220671,146,1418,0.94328,0.028203799127969022,0.05261261261261261,0.9,17.106164383561644
2028-11-20,Instagram,18-25,West India,Mobile,Video,23,75842,11,0.0861606169869848,6534,1.3,8494.2,0.0577380298819109,355,1419,0.94324,0.08615279132934259,0.05433119069482706,1.3,23.927323943661975
2028-11-21,Google,26-35,North India,Mobile,Image,18,66324,11,0.0870149558832335,5771,0.9,5193.900000000001,0.0797000226088523,432,1420,0.9432,0.08701224292865328,0.0748570438398891,0.9000000000000001,12.022916666666667
2028-11-22,Google,18-25,West India,Desktop,Text,8,83080,11,0.0240632993321592,1999,0.9,1799.1,0.1299096406128791,244,1421,0.94316,0.024061145883485797,0.12206103051525763,0.8999999999999999,7.373360655737705
2028-11-23,Google,18-25,South India,Desktop,Image,2,66027,11,0.0365786717983607,2415,0.9,2173.5,0.1086050844109383,247,1422,0.94312,0.036575946203825704,0.10227743271221532,0.9,8.799595141700404
2028-11-24,Google,26-35,West India,Desktop,Video,3,2425,11,0.0220086077107906,53,0.9,47.7,0.0903781852189181,3,1423,0.94308,0.021855670103092785,0.05660377358490566,0.9,15.9
2028-11-25,Instagram,18-25,West India,Mobile,Text,12,2733,11,0.0608032224363856,166,1.3,215.8,0.0364662485157097,5,1424,0.94304,0.06073911452616173,0.030120481927710843,1.3,43.160000000000004
2028-11-26,Instagram,18-25,South India,Desktop,Video,9,46375,11,0.0884162522652196,4100,1.3,5330.0,0.1444722672546801,558,1425,0.943,0.08840970350404313,0.13609756097560977,1.3,9.551971326164875
2028-11-27,Google,36-50,South India,Mobile,Image,13,65411,11,0.0465398771656771,3044,0.9,2739.6,0.1494626046608774,428,1426,0.94296,0.046536515265016586,0.14060446780551905,0.9,6.4009345794392525
2028-11-28,Instagram,26-35,North India,Desktop,Video,5,11603,11,0.0858031329047271,995,1.3,1293.5,0.0759765823546343,70,1427,0.94292,0.0857536843919676,0.07035175879396985,1.3,18.478571428571428
2028-11-29,Instagram,36-50,North India,Mobile,Video,7,13152,11,0.1065411001324972,1401,1.3,1821.3,0.1313353387947314,173,1428,0.94288,0.10652372262773722,0.12348322626695217,1.3,10.527745664739884
2028-11-30,Instagram,36-50,North India,Mobile,Video,18,16801,11,0.0443085540134053,744,1.3,967.2,0.1127499007791335,78,1429,0.94284,0.04428307838819118,0.10483870967741936,1.3,12.4
2028-12-01,Google,26-35,North India,Mobile,Video,9,85442,12,0.0709766176541875,6064,0.9,5457.6,0.1579500491889929,902,1430,0.9428,0.07097212143910489,0.1487467018469657,0.9,6.050554323725056
2028-12-02,Google,26-35,South India,Desktop,Text,21,57318,12,0.0526254645356471,3016,0.9,2714.4,0.1500531817648377,426,1431,0.94276,0.052618723612128826,0.14124668435013263,0.9,6.371830985915493
2028-12-03,Google,18-25,West India,Desktop,Image,4,95973,12,0.0188994490006953,1813,0.9,1631.7,0.0829868438099565,141,1432,0.94272,0.0188907296843904,0.07777164920022063,0.9,11.572340425531916
2028-12-04,Instagram,36-50,West India,Mobile,Text,4,17985,12,0.0391026758973909,703,1.3,913.9,0.1416677581921304,93,1433,0.94268,0.039088128996385876,0.13229018492176386,1.3,9.826881720430107
2028-12-05,Google,26-35,West India,Mobile,Image,4,93471,12,0.0490705810657566,4586,0.9,4127.400000000001,0.1389732517581144,600,1434,0.94264,0.04906334585058467,0.13083296990841692,0.9000000000000001,6.879000000000001
2028-12-06,Google,36-50,North India,Desktop,Image,8,22068,12,0.0394144428674374,869,0.9,782.1,0.0429430930082899,34,1435,0.9426,0.03937828529998187,0.039125431530494824,0.9,23.00294117647059
2028-12-07,Google,36-50,South India,Mobile,Image,22,14531,12,0.067380336165293,979,0.9,881.1,0.1658514062238753,152,1436,0.94256,0.06737320211960636,0.15526046986721145,0.9,5.796710526315789
2028-12-08,Instagram,26-35,South India,Desktop,Image,8,35288,12,0.0693966749352266,2448,1.3,3182.4,0.1201725677826701,277,1437,0.94252,0.06937202448424394,0.11315359477124183,1.3,11.488808664259928
2028-12-09,Google,18-25,South India,Desktop,Image,14,92017,12,0.0436112268167898,4012,0.9,3610.8,0.1896009773390676,716,1438,0.94248,0.04360063901235641,0.17846460618145563,0.9,5.0430167597765365
2028-12-10,Instagram,36-50,West India,Mobile,Text,8,92762,12,0.0462821676931353,4293,1.3,5580.900000000001,0.0725121481716666,293,1439,0.94244,0.04627972661219033,0.0682506405776846,1.3,19.047440273037545
2028-12-11,Instagram,26-35,North India,Mobile,Image,13,67653,12,0.0467024680260776,3159,1.3,4106.7,0.1166314166651375,346,1440,0.9424,0.04669415990421711,0.10952833175055397,1.3,11.86907514450867
2028-12-12,Google,18-25,South India,Mobile,Video,5,99197,12,0.0619768825372564,6147,0.9,5532.3,0.2294958146426257,1328,1441,0.94236,0.06196759982660766,0.2160403448836831,0.9,4.165888554216868
2028-12-13,Instagram,36-50,North India,Mobile,Text,21,41068,12,0.1200288607252632,4929,1.3,6407.7,0.0629546078187703,292,1442,0.94232,0.12002045388136749,0.059241225400689795,1.3,21.94417808219178
2028-12-14,Google,26-35,South India,Mobile,Text,19,13459,12,0.0737730268742372,992,0.9,892.8000000000001,0.0991787189619221,92,1443,0.94228,0.07370532729028903,0.09274193548387097,0.9,9.704347826086957
2028-12-15,Instagram,36-50,North India,Desktop,Image,7,87641,12,0.0898982644264218,7878,1.3,10241.4,0.1380818994427142,1024,1444,0.94224,0.08988943530995767,0.12998222899213,1.3,10.0013671875
2028-12-16,Google,26-35,South India,Mobile,Video,1,86000,12,0.072253379882256,6213,0.9,5591.7,0.1805150370089903,1056,1445,0.9422,0.07224418604651163,0.1699661999034283,0.9,5.295170454545454
2028-12-17,Instagram,26-35,North India,Mobile,Video,4,33554,12,0.0632270253411783,2121,1.3,2757.3,0.1794570413473676,358,1446,0.94216,0.0632115396077964,0.1687883074021688,1.3,7.70195530726257
2028-12-18,Instagram,36-50,South India,Mobile,Image,16,71313,12,0.0524901114683479,3743,1.3,4865.900000000001,0.1240486886319864,437,1447,0.94212,0.052486923842777616,0.116751269035533,1.3,11.134782608695653
2028-12-19,Instagram,36-50,South India,Mobile,Image,9,77968,12,0.1039936993277553,8108,1.3,10540.4,0.0931138635499013,710,1448,0.94208,0.1039913810794172,0.08756783423778984,1.3,14.8456338028169
2028-12-20,Instagram,26-35,North India,Desktop,Video,13,15271,12,0.034762332011908,530,1.3,689.0,0.1309995037368167,65,1449,0.94204,0.03470630607032938,0.12264150943396226,1.3,10.6
2028-12-21,Google,18-25,North India,Mobile,Text,17,4801,12,0.0605907323100732,290,0.9,261.0,0.0718629815769096,18,1450,0.942,0.06040408248281608,0.06206896551724138,0.9,14.5
2028-12-22,Instagram,36-50,West India,Mobile,Text,0,73593,12,0.0394612508340375,2904,1.3,3775.2,0.0549952338957548,149,1451,0.94196,0.0394602747543924,0.05130853994490358,1.3,25.33691275167785
2028-12-23,Instagram,26-35,North India,Desktop,Image,21,27511,12,0.1044817483476795,2874,1.3,3736.2,0.1118109704490387,302,1452,0.94192,0.10446730398749592,0.10508002783576896,1.3,12.371523178807946
2028-12-24,Instagram,26-35,South India,Mobile,Text,1,74046,12,0.0805569670480048,5964,1.3,7753.2,0.0437330144906654,244,1453,0.94188,0.08054452637549632,0.0409121395036888,1.3,31.775409836065574
2028-12-25,Google,18-25,South India,Mobile,Text,3,74635,12,0.0379715006817279,2834,0.9,2550.6,0.0421877071618774,112,1454,0.94184,0.03797146111073893,0.03952011291460833,0.9,22.773214285714285
2028-12-26,Instagram,18-25,North India,Mobile,Video,12,81729,12,0.0542122037335203,4430,1.3,5759.0,0.0559059368947243,232,1455,0.9418,0.05420352628809847,0.05237020316027088,1.3,24.823275862068964
2028-12-27,Instagram,18-25,West India,Desktop,Text,15,56233,12,0.0549779404932105,3091,1.3,4018.3,0.1140407295684278,331,1456,0.94176,0.05496772357868156,0.10708508573277256,1.3,12.13987915407855
2028-12-28,Instagram,36-50,North India,Mobile,Video,4,21011,12,0.0400361427295598,841,1.3,1093.3,0.1105551013463664,86,1457,0.94172,0.04002665270572557,0.10225921521997622,1.3,12.712790697674418
2028-12-29,Google,26-35,South India,Desktop,Image,22,63963,12,0.0316395194765617,2023,0.9,1820.7,0.1200937380824788,227,1458,0.94168,0.03162765974078764,0.11220958971824024,0.9,8.020704845814977
2028-12-30,Instagram,26-35,South India,Desktop,Image,9,49900,12,0.0591892437478958,2953,1.3,3838.9,0.096883424864911,269,1459,0.94164,0.059178356713426854,0.09109380291229259,1.3,14.27100371747212
2028-12-31,Google,26-35,West India,Mobile,Video,16,21764,12,0.0250654184651052,545,0.9,490.5,0.0906108857245922,46,1460,0.9416,0.025041352692519756,0.08440366972477065,0.9,10.66304347826087
2029-01-01,Instagram,18-25,North India,Mobile,Video,10,52694,1,0.0509984298104712,2687,1.3,3493.1,0.1027855039202506,259,1461,0.94156,0.0509925228678787,0.0963900260513584,1.3,13.486872586872586
2029-01-02,Google,26-35,South India,Mobile,Image,4,70986,1,0.0318468284569117,2260,0.9,2034.0,0.0737802381086378,156,1462,0.94152,0.0318372636857972,0.06902654867256637,0.9,13.038461538461538
2029-01-03,Instagram,36-50,South India,Mobile,Video,14,81085,1,0.0492536324971756,3993,1.3,5190.900000000001,0.1782344614277751,669,1463,0.94148,0.049244619843374235,0.16754320060105185,1.3,7.759192825112108
2029-01-04,Instagram,18-25,South India,Desktop,Image,3,7960,1,0.0784139607210976,624,1.3,811.2,0.0596672661575371,34,1464,0.94144,0.07839195979899498,0.05448717948717949,1.3,23.858823529411765
2029-01-05,Google,18-25,North India,Mobile,Image,6,17583,1,0.0263332415061911,463,0.9,416.7,0.106747795149587,46,1465,0.9414,0.02633225274412785,0.09935205183585313,0.9,9.058695652173913
2029-01-06,Instagram,18-25,North India,Mobile,Image,9,73532,1,0.0444115789631227,3265,1.3,4244.5,0.1014179902147754,311,1466,0.94136,0.0444024370342164,0.09525267993874426,1.3,13.64790996784566
2029-01-07,Google,18-25,West India,Desktop,Image,22,85103,1,0.0699690038609935,5954,0.9,5358.6,0.0822693064843089,460,1467,0.94132,0.06996228100066977,0.07725898555592879,0.9,11.64913043478261
2029-01-08,Instagram,36-50,South India,Mobile,Image,23,15201,1,0.0964631487147134,1466,1.3,1905.8,0.0597525659751088,81,1468,0.94128,0.09644102361686731,0.05525238744884038,1.3,23.528395061728393
2029-01-09,Instagram,26-35,South India,Mobile,Image,3,71579,1,0.0414428886649233,2966,1.3,3855.8,0.1523170874128204,424,1469,0.94124,0.041436734237695415,0.14295347269049224,1.3,9.093867924528302
2029-01-10,Instagram,36-50,West India,Mobile,Text,19,61019,1,0.090279919815325,5508,1.3,7160.400000000001,0.1017753030303847,527,1470,0.9412,0.0902669660269752,0.09567901234567901,1.3,13.587096774193549
2029-01-11,Instagram,26-35,South India,Mobile,Text,4,21420,1,0.0741555219407183,1588,1.3,2064.4,0.1433604543708678,213,1471,0.94116,0.07413632119514472,0.1341309823677582,1.3,9.692018779342723
2029-01-12,Instagram,36-50,West India,Desktop,Image,4,41602,1,0.0397854762923258,1655,1.3,2151.5,0.0729733187859838,112,1472,0.94112,0.03978174126243931,0.06767371601208459,1.3,19.209821428571427
2029-01-13,Google,18-25,West India,Mobile,Text,10,53645,1,0.0556967074030194,2987,0.9,2688.3,0.1281961297475843,359,1473,0.94108,0.05568086494547488,0.12018747907599599,0.9,7.488300835654597
2029-01-14,Google,18-25,South India,Mobile,Video,18,54124,1,0.0587551808011822,3180,0.9,2862.0,0.1067515697956251,319,1474,0.94104,0.05875397235976646,0.10031446540880504,0.9,8.9717868338558
2029-01-15,Instagram,36-50,North India,Mobile,Video,4,50031,1,0.0722075701227317,3612,1.3,4695.6,0.0635694806721752,215,1475,0.941,0.07219523895184986,0.05952380952380952,1.3,21.840000000000003
2029-01-16,Instagram,36-50,North India,Mobile,Image,20,13629,1,0.0728362778216394,992,1.3,1289.6,0.0559438663856131,51,1476,0.94096,0.07278597109105583,0.05141129032258065,1.2999999999999998,25.28627450980392
2029-01-17,Instagram,26-35,North India,Mobile,Text,7,58731,1,0.0975589988832379,5729,1.3,7447.7,0.0572906612063122,308,1477,0.94092,0.0975464405509867,0.05376156397277012,1.3,24.180844155844156
2029-01-18,Instagram,36-50,North India,Mobile,Video,6,29675,1,0.0394965333408552,1172,1.3,1523.6,0.154515651819809,170,1478,0.94088,0.03949452401010952,0.14505119453924914,1.2999999999999998,8.96235294117647
2029-01-19,Google,36-50,South India,Desktop,Video,7,2662,1,0.0627923475983807,167,0.9,150.3,0.0978841286412229,15,1479,0.94084,0.06273478587528174,0.08982035928143713,0.9,10.020000000000001
2029-01-20,Instagram,26-35,West India,Desktop,Video,12,81270,1,0.0433684305643647,3524,1.3,4581.2,0.1494503203764477,494,1480,0.9408,0.04336163405930848,0.14018161180476732,1.3,9.273684210526316
2029-01-21,Google,26-35,West India,Mobile,Video,4,8589,1,0.0361018432599566,310,0.9,279.0,0.091095826993663,26,1481,0.94076,0.036092676679473745,0.08387096774193549,0.9,10.73076923076923
2029-01-22,Google,26-35,South India,Mobile,Text,17,50364,1,0.0744359953920302,3748,0.9,3373.2000000000003,0.085207751610945,300,1482,0.94072,0.07441823524739893,0.08004268943436499,0.9,11.244000000000002
2029-01-23,Google,36-50,North India,Mobile,Video,23,5655,1,0.0337536536585437,190,0.9,171.0,0.1875995130221611,32,1483,0.94068,0.03359858532272325,0.16842105263157894,0.9,5.34375
2029-01-24,Google,26-35,West India,Mobile,Video,8,75285,1,0.0622287227335183,4684,0.9,4215.6,0.1320608226150089,581,1484,0.94064,0.06221690907883377,0.1240392826643894,0.9,7.255765920826162
2029-01-25,Google,18-25,South India,Mobile,Video,1,11797,1,0.0283392071430621,334,0.9,300.6,0.1637265364582577,50,1485,0.9406,0.028312282783758583,0.1497005988023952,0.9,6.0120000000000005
2029-01-26,Google,18-25,South India,Mobile,Image,15,98466,1,0.0576897474207908,5680,0.9,5112.0,0.0731486317292326,390,1486,0.94056,0.05768488615359617,0.06866197183098592,0.9,13.107692307692307
2029-01-27,Instagram,18-25,North India,Mobile,Video,13,7645,1,0.0758492962130705,579,1.3,752.7,0.0665883687426249,35,1487,0.94052,0.07573577501635055,0.06044905008635579,1.3,21.505714285714287
2029-01-28,Google,36-50,South India,Mobile,Video,16,78431,1,0.0692802079523445,5433,0.9,4889.7,0.1291557116872792,659,1488,0.94048,0.06927107903762543,0.12129578501748574,0.8999999999999999,7.419878603945372
2029-01-29,Google,18-25,West India,Desktop,Text,5,35762,1,0.0510437762859604,1825,0.9,1642.5,0.1357908743968179,232,1489,0.94044,0.051031821486494044,0.12712328767123288,0.9,7.079741379310345
2029-01-30,Google,36-50,West India,Mobile,Video,2,48634,1,0.0727916945445498,3540,0.9,3186.0,0.0884751750391867,294,1490,0.9404,0.07278858411810668,0.08305084745762711,0.9,10.83673469387755
2029-01-31,Google,36-50,South India,Desktop,Video,16,22432,1,0.0414415466055326,929,0.9,836.1,0.1676887657197079,145,1491,0.94036,0.04141405135520685,0.15608180839612487,0.9,5.766206896551724
2029-02-01,Google,18-25,West India,Mobile,Video,12,48890,2,0.059258573379133,2897,0.9,2607.3,0.194512164561215,529,1492,0.94032,0.05925547146655758,0.18260269244045566,0.9,4.928733459357278
2029-02-02,Google,26-35,South India,Mobile,Image,5,83394,2,0.0423252546798593,3529,0.9,3176.1,0.1878992052815868,623,1493,0.94028,0.04231719308343526,0.17653726268064607,0.9,5.098073836276083
2029-02-03,Instagram,36-50,West India,Desktop,Text,7,60111,2,0.0804470042556786,4835,1.3,6285.5,0.1522610418019988,692,1494,0.94024,0.08043452945384372,0.14312306101344363,1.3,9.083092485549132
2029-02-04,Instagram,18-25,North India,Mobile,Text,5,74769,2,0.0972222640605212,7269,1.3,9449.7,0.1185523069394273,809,1495,0.9402,0.09721943586245636,0.11129453845095612,1.3,11.680716934487021
2029-02-05,Instagram,36-50,West India,Desktop,Image,15,44611,2,0.0650760231355285,2903,1.3,3773.9,0.0505014164892612,137,1496,0.94016,0.06507363654703997,0.047192559421288326,1.3,27.546715328467155
2029-02-06,Google,26-35,North India,Mobile,Image,5,98540,2,0.0315658462355349,3110,0.9,2799.0,0.1539044451092714,449,1497,0.94012,0.03156078749746296,0.14437299035369774,0.9,6.233853006681515
2029-02-07,Google,26-35,North India,Mobile,Text,16,27671,2,0.023575241341591,652,0.9,586.8000000000001,0.1324212487417652,80,1498,0.94008,0.023562574536518378,0.12269938650306748,0.9000000000000001,7.335000000000001
2029-02-08,Instagram,18-25,South India,Mobile,Video,20,37760,2,0.0557198803354082,2103,1.3,2733.9,0.1557858686844789,307,1499,0.94004,0.05569385593220339,0.1459819305753685,1.3,8.905211726384366
2029-02-09,Google,36-50,North India,Mobile,Text,2,94977,2,0.0712409111281609,6766,0.9,6089.400000000001,0.0399231492631346,253,1500,0.94,0.07123829979889867,0.037392846585870526,0.9000000000000001,24.068774703557313
2029-02-10,Google,36-50,West India,Desktop,Image,22,29233,2,0.0375575610260518,1097,0.9,987.3,0.106733143577216,109,1501,0.93996,0.03752608353573017,0.09936189608021878,0.8999999999999999,9.057798165137614
2029-02-11,Google,36-50,West India,Desktop,Video,11,38591,2,0.0285166851684152,1100,0.9,990.0,0.0833976060275237,85,1502,0.93992,0.028504055349692935,0.07727272727272727,0.9,11.647058823529411
2029-02-12,Google,36-50,North India,Desktop,Text,5,68804,2,0.0186565421179447,1283,0.9,1154.7,0.082280203984142,98,1503,0.93988,0.018647171676065347,0.07638347622759158,0.9,11.78265306122449
2029-02-13,Google,18-25,South India,Mobile,Video,20,92756,2,0.0460056397158643,4267,0.9,3840.3,0.186618573069822,748,1504,0.93984,0.04600241493811721,0.1752988047808765,0.9,5.13409090909091
2029-02-14,Google,26-35,North India,Mobile,Video,6,51091,2,0.061360149236223,3134,0.9,2820.6,0.1521410831905193,447,1505,0.9398,0.06134152786205007,0.14262922782386725,0.9,6.310067114093959
2029-02-15,Instagram,18-25,West India,Mobile,Image,10,5438,2,0.0810362452874074,440,1.3,572.0,0.1491988575444708,61,1506,0.93976,0.08091210003677823,0.13863636363636364,1.3,9.37704918032787
2029-02-16,Google,36-50,West India,Mobile,Text,8,85905,2,0.0392007677840698,3367,0.9,3030.3,0.0907062061355065,286,1507,0.93972,0.039194458995401894,0.08494208494208494,0.9,10.595454545454546
2029-02-17,Instagram,36-50,North India,Desktop,Image,15,46896,2,0.0400881391008408,1879,1.3,2442.7000000000003,0.1059353470818566,186,1508,0.93968,0.04006738314568407,0.0989888238424694,1.3,13.132795698924733
2029-02-18,Instagram,26-35,North India,Mobile,Text,4,93139,2,0.0685426542849977,6383,1.3,8297.9,0.1380796683457633,827,1509,0.93964,0.06853197908502345,0.12956290145699514,1.3,10.033736396614268
2029-02-19,Instagram,36-50,North India,Mobile,Text,14,12319,2,0.0413762133741321,509,1.3,661.7,0.1036553154496155,48,1510,0.9396,0.04131828882214465,0.09430255402750491,1.3,13.785416666666668
2029-02-20,Instagram,18-25,West India,Mobile,Video,20,81258,2,0.0897458008358541,7292,1.3,9479.6,0.1735868259460236,1188,1511,0.93956,0.08973885648182332,0.16291826659352715,1.3,7.97946127946128
2029-02-21,Instagram,18-25,West India,Desktop,Video,3,7028,2,0.0331073109124694,232,1.3,301.6,0.159638895737354,34,1512,0.93952,0.033010813887307915,0.14655172413793102,1.3,8.870588235294118
2029-02-22,Google,26-35,West India,Desktop,Video,4,26940,2,0.0626395248210034,1687,0.9,1518.3,0.1556015494797278,246,1513,0.93948,0.06262063845582777,0.14582098399525786,0.9,6.171951219512195
2029-02-23,Google,18-25,South India,Mobile,Image,6,97984,2,0.0594387358103981,5824,0.9,5241.6,0.1846854910129617,1009,1514,0.93944,0.05943827563683867,0.17324862637362637,0.9,5.194846382556987
2029-02-24,Google,18-25,West India,Mobile,Video,2,9422,2,0.0729619273396273,687,0.9,618.3000000000001,0.1078896134557041,69,1515,0.9394,0.07291445552961155,0.10043668122270742,0.9000000000000001,8.960869565217392
2029-02-25,Instagram,18-25,West India,Mobile,Image,3,52651,2,0.0429422923463878,2260,1.3,2938.0,0.0998766464410952,211,1516,0.93936,0.042924160984596685,0.09336283185840707,1.3,13.924170616113743
2029-02-26,Instagram,18-25,South India,Mobile,Video,14,60648,2,0.0638547033927081,3872,1.3,5033.6,0.1229778744906383,447,1517,0.93932,0.06384382007650706,0.11544421487603305,1.3,11.260850111856824
2029-02-27,Google,36-50,South India,Desktop,Image,1,44441,2,0.0483523753592975,2148,0.9,1933.2,0.1618403234817249,325,1518,0.93928,0.04833374586530456,0.15130353817504655,0.9,5.948307692307693
2029-02-28,Instagram,18-25,South India,Mobile,Text,23,21688,2,0.0912436238871425,1978,1.3,2571.4,0.1510761276499017,279,1519,0.93924,0.09120250829952047,0.141051567239636,1.3,9.216487455197132
2029-03-01,Google,26-35,South India,Mobile,Image,4,47280,3,0.0842800112455182,3984,0.9,3585.6,0.1089609065878592,407,1520,0.9392,0.08426395939086294,0.1021586345381526,0.9,8.80982800982801
2029-03-02,Instagram,26-35,South India,Mobile,Image,6,15472,3,0.1156714230881333,1789,1.3,2325.7000000000003,0.0725135934822177,121,1521,0.93916,0.1156282316442606,0.06763555058692007,1.3,19.220661157024796
2029-03-03,Google,18-25,South India,Mobile,Image,21,81436,3,0.0748590829782493,6096,0.9,5486.400000000001,0.1321016614211133,755,1522,0.93912,0.07485632889631122,0.1238517060367454,0.9000000000000001,7.266754966887418
2029-03-04,Google,26-35,North India,Desktop,Text,16,36671,3,0.036453777443948,1336,0.9,1202.4,0.157936176421697,198,1523,0.93908,0.0364320580295056,0.14820359281437126,0.9,6.072727272727273
2029-03-05,Google,18-25,North India,Mobile,Image,7,61809,3,0.0733053348371373,4530,0.9,4077.0,0.0715986422220418,304,1524,0.93904,0.073290297529486,0.06710816777041943,0.9,13.411184210526315
2029-03-06,Google,26-35,North India,Mobile,Text,8,74299,3,0.0698259530771597,5187,0.9,4668.3,0.091738576651676,446,1525,0.939,0.06981251430032706,0.08598419124734914,0.9,10.467040358744395
2029-03-07,Google,26-35,North India,Desktop,Video,9,11960,3,0.0639796669490837,765,0.9,688.5,0.0978046671863826,69,1526,0.93896,0.06396321070234114,0.09019607843137255,0.9,9.978260869565217
2029-03-08,Google,18-25,West India,Mobile,Video,10,77620,3,0.0449940240754692,3492,0.9,3142.8,0.2233110576957809,731,1527,0.93892,0.04498840505024478,0.2093356242840779,0.9,4.299316005471956
2029-03-09,Instagram,18-25,South India,Desktop,Text,0,3074,3,0.0513053166691864,157,1.3,204.1,0.1204665831165053,16,1528,0.93888,0.05107351984385166,0.10191082802547771,1.3,12.75625
2029-03-10,Google,36-50,West India,Mobile,Image,14,74361,3,0.0255190014676454,1897,0.9,1707.3,0.1331266466962216,236,1529,0.93884,0.025510684364115598,0.12440695835529784,0.9,7.234322033898305
2029-03-11,Google,18-25,South India,Mobile,Video,7,35833,3,0.0396581543649517,1421,0.9,1278.9,0.0597593462149668,78,1530,0.9388,0.03965618284821254,0.05489092188599578,0.9,16.396153846153847
2029-03-12,Instagram,18-25,South India,Mobile,Image,18,91741,3,0.1167587829004091,10711,1.3,13924.3,0.1589808905736014,1597,1531,0.93876,0.11675259698499035,0.1490990570441602,1.2999999999999998,8.719035691922354
2029-03-13,Instagram,36-50,West India,Mobile,Image,11,36976,3,0.0706982831933012,2614,1.3,3398.2000000000003,0.0911782728968396,223,1532,0.93872,0.07069450454348766,0.08530986993114001,1.3,15.238565022421525
2029-03-14,Google,18-25,North India,Mobile,Text,5,71210,3,0.0539280443477588,3840,0.9,3456.0,0.0993758894356362,357,1533,0.93868,0.05392501053222862,0.09296875,0.9,9.680672268907562
2029-03-15,Google,18-25,West India,Mobile,Video,9,66658,3,0.0578645899985817,3857,0.9,3471.3,0.1509412523537472,546,1534,0.93864,0.057862522127876626,0.14156079854809436,0.9,6.357692307692308
2029-03-16,Google,36-50,West India,Mobile,Text,23,51108,3,0.0774477901039109,3958,0.9,3562.2000000000003,0.11492219055437,426,1535,0.9386,0.07744384440792049,0.1076301162203133,0.9,8.361971830985917
2029-03-17,Google,18-25,South India,Mobile,Text,4,22480,3,0.0777467055827305,1747,0.9,1572.3,0.1597214368460781,261,1536,0.93856,0.0777135231316726,0.1493989696622782,0.9,6.024137931034483
2029-03-18,Instagram,18-25,South India,Mobile,Text,23,51138,3,0.0912761516655792,4667,1.3,6067.1,0.0841835986090381,367,1537,0.93852,0.09126285736634206,0.07863724019712878,1.3,16.531607629427793
2029-03-19,Google,36-50,South India,Desktop,Text,6,10443,3,0.0254283231872999,265,0.9,238.5,0.0780246777115065,18,1538,0.93848,0.02537584985157522,0.06792452830188679,0.9,13.25
2029-03-20,Google,36-50,North India,Mobile,Image,6,70969,3,0.0405662279632144,2878,0.9,2590.2000000000003,0.1582268344393754,426,1539,0.93844,0.04055291747100847,0.1480194579569145,0.9000000000000001,6.080281690140846
2029-03-21,Instagram,26-35,West India,Mobile,Video,22,1990,3,0.1338044900026605,266,1.3,345.8,0.1856191918581703,45,1540,0.9384,0.13366834170854272,0.16917293233082706,1.3,7.684444444444445
2029-03-22,Google,18-25,West India,Desktop,Video,21,72092,3,0.0683794680135664,4929,0.9,4436.1,0.094493640513254,436,1541,0.93836,0.06837097042667703,0.08845607628322175,0.9,10.17454128440367
2029-03-23,Instagram,26-35,North India,Mobile,Video,21,93198,3,0.0780205296353217,7271,1.3,9452.3,0.0503068307252942,342,1542,0.93832,0.07801669563724543,0.04703617109063402,1.2999999999999998,27.63830409356725
2029-03-24,Google,26-35,West India,Mobile,Image,8,62336,3,0.0630838482356358,3932,0.9,3538.8,0.146554192934529,540,1543,0.93828,0.06307751540041068,0.1373346897253306,0.9,6.553333333333334
2029-03-25,Instagram,36-50,West India,Mobile,Image,14,30097,3,0.0514222663918067,1547,1.3,2011.1,0.0682054161434835,98,1544,0.93824,0.051400471807821375,0.06334841628959276,1.3,20.521428571428572
2029-03-26,Google,18-25,South India,Mobile,Text,5,71245,3,0.0727601077025811,5183,0.9,4664.7,0.1789378946177348,869,1545,0.9382,0.07274896483963787,0.167663515338607,0.8999999999999999,5.36789413118527
2029-03-27,Instagram,18-25,North India,Mobile,Text,15,90893,3,0.1175386759676646,10683,1.3,13887.9,0.1106910677266344,1108,1546,0.93816,0.11753380348321653,0.10371618459234297,1.3,12.534205776173286
2029-03-28,Instagram,36-50,South India,Desktop,Text,6,20186,3,0.0487193950518331,983,1.3,1277.9,0.1634813657812174,150,1547,0.93812,0.04869711681363321,0.1525940996948118,1.3,8.519333333333334
2029-03-29,Google,26-35,North India,Desktop,Text,14,52356,3,0.0294849931782497,1543,0.9,1388.7,0.1357130639022388,196,1548,0.93808,0.029471311788524714,0.1270252754374595,0.9,7.085204081632654
2029-03-30,Instagram,36-50,South India,Mobile,Video,22,85744,3,0.0619939066461235,5315,1.3,6909.5,0.1714691214723397,854,1549,0.93804,0.06198684456055234,0.16067732831608655,1.3,8.090749414519907
2029-03-31,Instagram,18-25,West India,Mobile,Text,1,89015,3,0.1184431124560448,10543,1.3,13705.9,0.0947801084125412,937,1550,0.938,0.11844071223951019,0.08887413449682253,1.3,14.627427961579508
2029-04-01,Instagram,36-50,North India,Mobile,Image,7,94014,4,0.0667290590707749,6273,1.3,8154.900000000001,0.124889025932099,734,1551,0.93796,0.06672410492054374,0.11700940538817153,1.3,11.110217983651227
2029-04-02,Instagram,18-25,North India,Desktop,Image,11,13922,4,0.0802617751161551,1117,1.3,1452.1,0.1737570029769178,181,1552,0.93792,0.08023272518316334,0.162041181736795,1.2999999999999998,8.022651933701656
2029-04-03,Instagram,26-35,South India,Mobile,Image,10,93615,4,0.0460394691410772,4309,1.3,5601.7,0.1711552903847163,691,1553,0.93788,0.04602894835229397,0.16036203295428172,1.3,8.106657018813314
2029-04-04,Google,18-25,North India,Mobile,Text,5,31766,4,0.0831521436536122,2641,0.9,2376.9,0.0666675927755798,165,1554,0.93784,0.08313920543977837,0.06247633472169633,0.9,14.405454545454546
2029-04-05,Google,26-35,West India,Mobile,Video,19,20787,4,0.0577563199207178,1200,0.9,1080.0,0.1804459921245826,202,1555,0.9378,0.05772838793476692,0.16833333333333333,0.9,5.346534653465347
2029-04-06,Instagram,26-35,West India,Mobile,Video,12,23537,4,0.0399157001863916,939,1.3,1220.7,0.1391807823135209,121,1556,0.93776,0.03989463398054128,0.1288604898828541,1.3,10.088429752066116
2029-04-07,Google,18-25,West India,Mobile,Text,22,76919,4,0.0690308309832151,5309,0.9,4778.1,0.0495532840401903,246,1557,0.93772,0.06902065809487903,0.04633640987003202,0.9,19.42317073170732
2029-04-08,Instagram,18-25,South India,Mobile,Text,15,54034,4,0.0944027772449564,5100,1.3,6630.0,0.1047697649573251,500,1558,0.93768,0.0943850168412481,0.09803921568627451,1.3,13.26
2029-04-09,Instagram,26-35,North India,Desktop,Image,7,98431,4,0.0618779650942722,6090,1.3,7917.0,0.0819252043841046,466,1559,0.93764,0.06187075210045616,0.07651888341543514,1.3,16.989270386266096
2029-04-10,Google,36-50,South India,Mobile,Image,16,46542,4,0.0331530709392298,1543,0.9,1388.7,0.2077704218433142,300,1560,0.9376,0.03315285118817412,0.19442644199611148,0.9,4.6290000000000004
2029-04-11,Google,18-25,West India,Mobile,Video,12,4207,4,0.0293057025228203,123,0.9,110.7,0.0787678915236047,8,1561,0.93756,0.029236985975754696,0.06504065040650407,0.9,13.8375
2029-04-12,Instagram,26-35,North India,Desktop,Image,3,29234,4,0.0928270428809986,2713,1.3,3526.9,0.1031555025088267,261,1562,0.93752,0.09280290073202435,0.09620346479911537,1.3,13.513026819923372
2029-04-13,Google,26-35,West India,Mobile,Image,19,31568,4,0.0469114171463838,1480,0.9,1332.0,0.1648426528597011,227,1563,0.93748,0.04688291941206285,0.15337837837837837,0.9,5.86784140969163
2029-04-14,Instagram,36-50,North India,Mobile,Text,9,69633,4,0.1153518764886263,8032,1.3,10441.6,0.1605001875606493,1208,1564,0.93744,0.11534760817428519,0.150398406374502,1.3,8.643708609271524
2029-04-15,Google,18-25,North India,Mobile,Video,21,85558,4,0.0526259312421028,4502,0.9,4051.8,0.1189398563103687,501,1565,0.9374,0.05261927581289885,0.11128387383385162,0.9,8.0874251497006
2029-04-16,Instagram,26-35,South India,Mobile,Text,19,55703,4,0.0817517307429274,4553,1.3,5918.900000000001,0.1401393636325563,598,1566,0.93736,0.08173706981670646,0.13134197232593894,1.3,9.897826086956522
2029-04-17,Google,36-50,North India,Mobile,Video,15,53623,4,0.0805645727023651,4320,0.9,3888.0,0.1262813694901722,510,1567,0.93732,0.08056244521940212,0.11805555555555555,0.9,7.623529411764705
2029-04-18,Instagram,26-35,West India,Desktop,Text,16,54454,4,0.0728557151018359,3967,1.3,5157.1,0.069771426132534,258,1568,0.93728,0.07285047930363242,0.0650365515502899,1.3,19.98875968992248
2029-04-19,Google,18-25,North India,Desktop,Video,7,82504,4,0.0539732937745256,4453,0.9,4007.7,0.1171014732439491,488,1569,0.93724,0.05397314069620867,0.1095890410958904,0.8999999999999999,8.2125
2029-04-20,Instagram,36-50,West India,Mobile,Image,10,77685,4,0.0894966047709145,6952,1.3,9037.6,0.1548315634228594,1008,1570,0.9372,0.08948960545793912,0.14499424626006904,1.3,8.965873015873017
2029-04-21,Google,26-35,South India,Mobile,Video,4,61631,4,0.0294386661462723,1814,0.9,1632.6,0.22221541173066,377,1571,0.93716,0.029433239765702324,0.20782800441014332,0.8999999999999999,4.3305039787798405
2029-04-22,Instagram,36-50,West India,Mobile,Video,20,76253,4,0.0731379142312951,5576,1.3,7248.8,0.1323140900624936,690,1572,0.93712,0.07312499180360117,0.12374461979913917,1.3,10.505507246376812
2029-04-23,Instagram,18-25,North India,Mobile,Text,15,17642,4,0.1085348432286873,1914,1.3,2488.2000000000003,0.0594524977924352,105,1573,0.93708,0.10849110078222424,0.054858934169279,1.3,23.69714285714286
2029-04-24,Google,36-50,West India,Mobile,Video,23,80176,4,0.0271713158334168,2178,0.9,1960.2,0.0857347944909438,174,1574,0.93704,0.027165236479744562,0.07988980716253444,0.9,11.26551724137931
2029-04-25,Google,18-25,West India,Mobile,Video,7,83373,4,0.064303142125452,5361,0.9,4824.900000000001,0.2214230024719539,1112,1575,0.937,0.06430139253715232,0.20742398806192874,0.9000000000000001,4.338938848920864
2029-04-26,Google,26-35,North India,Mobile,Video,20,9990,4,0.1024089386410865,1023,0.9,920.7,0.1798349447340526,171,1576,0.93696,0.1024024024024024,0.16715542521994134,0.9,5.38421052631579
2029-04-27,Instagram,18-25,West India,Mobile,Text,15,54622,4,0.0738849383887397,4035,1.3,5245.5,0.1447627991868282,547,1577,0.93692,0.07387133389476767,0.1355638166047088,1.3,9.589579524680072
2029-04-28,Instagram,26-35,North India,Mobile,Video,3,52663,4,0.0699578984430151,3684,1.3,4789.2,0.1482304477609226,511,1578,0.93688,0.06995423732031977,0.13870792616720956,1.3,9.372211350293542
2029-04-29,Google,26-35,South India,Mobile,Text,5,5170,4,0.0328421622423566,169,0.9,152.1,0.1167157911921805,17,1579,0.93684,0.03268858800773694,0.10059171597633136,0.8999999999999999,8.947058823529412
2029-04-30,Google,18-25,West India,Mobile,Image,20,25817,4,0.0970545589376474,2505,0.9,2254.5,0.083473222051203,195,1580,0.9368,0.09702908935972421,0.07784431137724551,0.9,11.561538461538461
2029-05-01,Google,26-35,South India,Desktop,Text,7,6136,5,0.055814596123597,342,0.9,307.8,0.0594356671509343,18,1581,0.93676,0.05573663624511082,0.05263157894736842,0.9,17.1
2029-05-02,Instagram,36-50,West India,Mobile,Video,8,2712,5,0.0511592934290132,138,1.3,179.4,0.0738574418850932,9,1582,0.93672,0.05088495575221239,0.06521739130434782,1.3,19.933333333333334
2029-05-03,Google,26-35,West India,Desktop,Image,12,95330,5,0.061102953355881,5824,0.9,5241.6,0.1788504106417864,975,1583,0.93668,0.06109304521137103,0.16741071428571427,0.9,5.376
2029-05-04,Instagram,18-25,South India,Desktop,Video,16,74687,5,0.0481616434019615,3597,1.3,4676.1,0.2045007926356377,688,1584,0.93664,0.048160991872748936,0.1912705031971087,1.3,6.7966569767441865
2029-05-05,Google,36-50,West India,Desktop,Text,8,53479,5,0.0243565239359517,1302,0.9,1171.8,0.1085094232412683,132,1585,0.9366,0.024346004973914995,0.10138248847926268,0.8999999999999999,8.877272727272727
2029-05-06,Instagram,36-50,West India,Mobile,Image,12,11473,5,0.0734648793212568,842,1.3,1094.6,0.0700165483282876,54,1586,0.93656,0.07338969755077138,0.06413301662707839,1.2999999999999998,20.27037037037037
2029-05-07,Google,26-35,South India,Desktop,Image,8,81839,5,0.062847661682037,5143,0.9,4628.7,0.0959994563668296,461,1587,0.93652,0.06284289886240056,0.08963639898891697,0.8999999999999999,10.04056399132321
2029-05-08,Google,26-35,West India,Mobile,Image,5,86031,5,0.0714610351927612,6147,0.9,5532.3,0.0891100002745226,512,1588,0.93648,0.07145098859713359,0.08329266308768506,0.9,10.8052734375
2029-05-09,Instagram,18-25,North India,Mobile,Video,9,22625,5,0.0637056795092968,1441,1.3,1873.3,0.1218366755999046,163,1589,0.93644,0.06369060773480663,0.11311589174184594,1.3,11.492638036809815
2029-05-10,Instagram,36-50,West India,Mobile,Image,4,14761,5,0.1084972140065554,1601,1.3,2081.3,0.0990795512006701,147,1590,0.9364,0.10846148634916333,0.09181761399125546,1.3,14.158503401360546
2029-05-11,Instagram,18-25,West India,Mobile,Image,6,75454,5,0.035874315840203,2706,1.3,3517.8,0.1707814457819215,432,1591,0.93636,0.035862909852360375,0.15964523281596452,1.3,8.143055555555556
2029-05-12,Google,26-35,West India,Mobile,Image,10,2821,5,0.0474014642385399,133,0.9,119.7,0.1409133527603996,16,1592,0.93632,0.04714640198511166,0.12030075187969924,0.9,7.48125
2029-05-13,Google,36-50,South India,Mobile,Image,23,49646,5,0.0507688537230149,2520,0.9,2268.0,0.056536407574424,132,1593,0.93628,0.05075937638480441,0.05238095238095238,0.9,17.181818181818183
2029-05-14,Instagram,18-25,North India,Mobile,Text,8,37200,5,0.1008599511337062,3751,1.3,4876.3,0.0729931162476246,255,1594,0.93624,0.10083333333333333,0.06798187150093309,1.3,19.122745098039218
2029-05-15,Instagram,18-25,North India,Mobile,Video,9,84889,5,0.1037529234569199,8807,1.3,11449.1,0.0668208356674363,550,1595,0.9362,0.10374724640412775,0.062450323606222324,1.3,20.816545454545455
2029-05-16,Google,18-25,West India,Mobile,Video,10,49250,5,0.0725966151999645,3575,0.9,3217.5,0.0949315652289076,317,1596,0.93616,0.07258883248730964,0.08867132867132867,0.9,10.149842271293375
2029-05-17,Google,18-25,South India,Mobile,Image,2,85304,5,0.0495075700448851,4223,0.9,3800.7,0.191669522516528,757,1597,0.93612,0.0495052986964269,0.17925645275870233,0.8999999999999999,5.020739762219287
2029-05-18,Google,18-25,South India,Desktop,Text,7,37447,5,0.0553945639755418,2074,0.9,1866.6,0.1297189980634062,251,1598,0.93608,0.055384944054263356,0.1210221793635487,0.8999999999999999,7.436653386454183
2029-05-19,Instagram,36-50,North India,Mobile,Image,16,30184,5,0.0405851234090858,1225,1.3,1592.5,0.0390443420745678,43,1599,0.93604,0.040584415584415584,0.03510204081632653,1.3,37.03488372093023
2029-05-20,Google,18-25,South India,Mobile,Video,6,50754,5,0.0754272322304865,3828,0.9,3445.2000000000003,0.1135735668433785,406,1600,0.936,0.0754226267880364,0.10606060606060606,0.9,8.485714285714286
2029-05-21,Google,36-50,West India,Desktop,Video,11,17811,5,0.0222058455050333,395,0.9,355.5,0.1217018918217819,44,1601,0.93596,0.022177306159115152,0.11139240506329114,0.9,8.079545454545455
2029-05-22,Google,18-25,West India,Mobile,Video,15,27595,5,0.0542072655763094,1495,0.9,1345.5,0.1492202400775049,208,1602,0.93592,0.05417648124660265,0.1391304347826087,0.9,6.46875
2029-05-23,Google,26-35,South India,Mobile,Image,14,92568,5,0.0654438287341741,6058,0.9,5452.2,0.1209579607696361,685,1603,0.93588,0.06544378186846427,0.11307362165731265,0.9,7.959416058394161
2029-05-24,Google,26-35,West India,Desktop,Image,20,18757,5,0.0655582132607532,1229,0.9,1106.1,0.0497681850844106,57,1604,0.93584,0.06552220504345045,0.046379170056956874,0.8999999999999999,19.405263157894737
2029-05-25,Google,18-25,North India,Desktop,Text,12,12954,5,0.0269226499854168,348,0.9,313.2,0.0905826413346676,29,1605,0.9358,0.026864289022695692,0.08333333333333333,0.9,10.799999999999999
2029-05-26,Google,26-35,West India,Mobile,Text,17,96329,5,0.0440905238776742,4247,0.9,3822.3,0.0495008538503159,196,1606,0.93576,0.04408848840951323,0.046150223687308686,0.9,19.5015306122449
2029-05-27,Instagram,36-50,South India,Mobile,Video,17,62349,5,0.0882260581051994,5500,1.3,7150.0,0.1487481172616071,765,1607,0.93572,0.08821312290493834,0.1390909090909091,1.3,9.34640522875817
2029-05-28,Google,18-25,North India,Desktop,Video,23,38930,5,0.0322147219397587,1254,0.9,1128.6,0.084872550151548,99,1608,0.93568,0.03221166195735936,0.07894736842105263,0.8999999999999999,11.399999999999999
2029-05-29,Google,36-50,West India,Mobile,Text,4,93342,5,0.0582062808367414,5433,0.9,4889.7,0.0511588835900083,259,1609,0.93564,0.058205309506974355,0.047671636296705316,0.8999999999999999,18.87915057915058
2029-05-30,Instagram,18-25,North India,Mobile,Video,13,89760,5,0.0754855242079334,6775,1.3,8807.5,0.0915525010812369,580,1610,0.9356,0.07547905525846703,0.08560885608856089,1.3,15.185344827586206
2029-05-31,Instagram,26-35,South India,Mobile,Text,10,95772,5,0.0807881449376756,7737,1.3,10058.1,0.0504405300797508,364,1611,0.93556,0.08078561583761433,0.04704665891172289,1.3,27.63214285714286
2029-06-01,Google,36-50,West India,Mobile,Image,2,4811,6,0.0265465619603739,127,0.9,114.3,0.0757698352015352,8,1612,0.93552,0.026397838287258366,0.06299212598425197,0.9,14.2875
2029-06-02,Google,26-35,West India,Desktop,Video,16,31368,6,0.0187780605709677,589,0.9,530.1,0.1839624596492957,101,1613,0.93548,0.01877709767916348,0.17147707979626486,0.9,5.248514851485149
2029-06-03,Google,26-35,North India,Desktop,Video,22,33719,6,0.0633695454276249,2136,0.9,1922.4,0.0898932211039302,179,1614,0.93544,0.06334707434977313,0.08380149812734082,0.9,10.739664804469275
2029-06-04,Instagram,18-25,West India,Desktop,Text,11,9637,6,0.0325478657736381,313,1.3,406.9,0.0854586009601474,24,1615,0.9354,0.03247898723669192,0.07667731629392971,1.2999999999999998,16.954166666666666
2029-06-05,Instagram,36-50,West India,Mobile,Image,2,13133,6,0.0740621425622947,972,1.3,1263.6,0.1071345116432078,97,1616,0.93536,0.07401203076220209,0.09979423868312758,1.2999999999999998,13.02680412371134
2029-06-06,Instagram,26-35,West India,Mobile,Video,22,47986,6,0.1213222895986058,5821,1.3,7567.3,0.0740552051897795,403,1617,0.93532,0.12130621431250782,0.06923209070606424,1.3,18.77741935483871
2029-06-07,Instagram,18-25,West India,Desktop,Video,1,29871,6,0.0562878204372386,1681,1.3,2185.3,0.1161087996551715,182,1618,0.93528,0.05627531719728165,0.10826888756692445,1.3,12.007142857142858
2029-06-08,Instagram,18-25,South India,Mobile,Text,3,94107,6,0.0415762243713495,3912,1.3,5085.6,0.1416024673744062,517,1619,0.93524,0.04156970257260353,0.13215746421267893,1.3,9.836750483558994
2029-06-09,Google,18-25,West India,Desktop,Image,17,42472,6,0.0268879150858324,1141,0.9,1026.9,0.0487101008116801,51,1620,0.9352,0.026864757958184216,0.044697633654688866,0.9000000000000001,20.13529411764706
2029-06-10,Google,26-35,North India,Desktop,Text,19,59333,6,0.0634931402996709,3767,0.9,3390.3,0.1297935203296429,456,1621,0.93516,0.06348912072539734,0.12105123440403504,0.9,7.434868421052632
2029-06-11,Instagram,18-25,South India,Mobile,Image,20,56508,6,0.1045820633419348,5909,1.3,7681.7,0.169243915132514,935,1622,0.93512,0.10456926452891625,0.1582332035877475,1.3,8.215721925133689
2029-06-12,Instagram,36-50,North India,Mobile,Image,13,2401,6,0.0757475143028343,181,1.3,235.3,0.1442340596866773,24,1623,0.93508,0.07538525614327364,0.13259668508287292,1.3,9.804166666666667
2029-06-13,Google,36-50,North India,Mobile,Text,7,11004,6,0.0485023303946141,533,0.9,479.7,0.0520079977500688,25,1624,0.93504,0.048436932024718285,0.04690431519699812,0.9,19.188
2029-06-14,Instagram,26-35,North India,Desktop,Text,1,99849,6,0.0342147064861068,3416,1.3,4440.8,0.0826990696966741,263,1625,0.935,0.03421165960600507,0.07699063231850117,1.3,16.885171102661598
2029-06-15,Google,36-50,South India,Mobile,Image,18,36301,6,0.0845272834297502,3068,0.9,2761.2000000000003,0.1319435453350133,377,1626,0.93496,0.0845155780832484,0.1228813559322034,0.9000000000000001,7.324137931034484
2029-06-16,Google,18-25,South India,Desktop,Text,9,94544,6,0.040128652660918,3793,0.9,3413.7000000000003,0.0479592728004807,169,1627,0.93492,0.04011888644440684,0.04455576061165305,0.9,20.19940828402367
2029-06-17,Google,26-35,South India,Mobile,Video,4,6901,6,0.0542662816919835,374,0.9,336.6,0.1479197981807494,51,1628,0.93488,0.054195044196493264,0.13636363636363635,0.9,6.6000000000000005
2029-06-18,Google,18-25,West India,Mobile,Video,10,70621,6,0.0537772415705366,3797,0.9,3417.3,0.1796708968790406,637,1629,0.93484,0.05376587700542332,0.167764024229655,0.9,5.364678178963893
2029-06-19,Instagram,26-35,North India,Mobile,Video,8,68751,6,0.0896422041412244,6162,1.3,8010.6,0.1853203082492192,1066,1630,0.9348,0.08962778723218572,0.1729957805907173,1.3,7.514634146341463
2029-06-20,Google,26-35,South India,Mobile,Video,15,49809,6,0.0543548964529671,2707,0.9,2436.3,0.0990233561201706,250,1631,0.93476,0.054347607862032965,0.09235315847801995,0.9,9.7452
2029-06-21,Instagram,18-25,North India,Desktop,Video,4,82299,6,0.0787459296247301,6480,1.3,8424.0,0.0870986560722425,527,1632,0.93472,0.07873728720883608,0.08132716049382716,1.3,15.98481973434535
2029-06-22,Instagram,36-50,South India,Mobile,Text,14,59171,6,0.0619013241746654,3662,1.3,4760.6,0.0691967059230353,236,1633,0.93468,0.06188842507309324,0.06444565811032223,1.3,20.172033898305088
2029-06-23,Instagram,36-50,South India,Mobile,Image,13,68720,6,0.0672082602682666,4618,1.3,6003.400000000001,0.064249745696565,276,1634,0.93464,0.06720023282887078,0.05976613252490256,1.3,21.751449275362322
2029-06-24,Google,26-35,South India,Desktop,Text,8,65744,6,0.0343305999359934,2257,0.9,2031.3,0.0890914088557354,187,1635,0.9346,0.034330128985154536,0.08285334514842711,0.9,10.862566844919785
2029-06-25,Google,18-25,North India,Mobile,Video,19,11354,6,0.0718437908131382,815,0.9,733.5,0.1622611667710594,123,1636,0.93456,0.07178087017791086,0.150920245398773,0.9,5.963414634146342
2029-06-26,Google,18-25,West India,Mobile,Video,4,59860,6,0.0261356464157945,1564,0.9,1407.6,0.1592493470426645,232,1637,0.93452,0.02612763113932509,0.1483375959079284,0.8999999999999999,6.067241379310344
2029-06-27,Instagram,26-35,South India,Mobile,Text,14,10504,6,0.0842551811246045,885,1.3,1150.5,0.1474892129331449,121,1638,0.93448,0.08425361766945925,0.1367231638418079,1.3,9.508264462809917
2029-06-28,Instagram,36-50,South India,Mobile,Text,8,55320,6,0.0526804887843447,2914,1.3,3788.2,0.0797682320823941,216,1639,0.93444,0.05267534345625452,0.07412491420727522,1.3,17.53796296296296
2029-06-29,Google,18-25,South India,Mobile,Image,3,4523,6,0.0419808014110605,189,0.9,170.1,0.1255156765317869,21,1640,0.9344,0.041786424939199644,0.1111111111111111,0.9,8.1
2029-06-30,Instagram,36-50,West India,Desktop,Video,20,75243,6,0.0550930928924508,4145,1.3,5388.5,0.1679390649353265,650,1641,0.93436,0.055088180960355115,0.15681544028950542,1.3,8.29
2029-07-01,Google,36-50,North India,Mobile,Text,20,87703,7,0.0684411445140063,6002,0.9,5401.8,0.1338384920269551,750,1642,0.93432,0.06843551531874623,0.12495834721759413,0.9,7.2024
2029-07-02,Instagram,26-35,North India,Mobile,Image,3,34787,7,0.0372439444964279,1295,1.3,1683.5,0.1539433234946648,185,1643,0.93428,0.03722655014804381,0.14285714285714285,1.3,9.1
2029-07-03,Google,26-35,North India,Mobile,Video,19,92407,7,0.0412763413342262,3814,0.9,3432.6,0.1198966080709599,426,1644,0.93424,0.04127392946421808,0.11169375983219716,0.9,8.05774647887324
2029-07-04,Instagram,36-50,North India,Mobile,Video,20,24982,7,0.0489978584277356,1224,1.3,1591.2,0.1903345102560905,216,1645,0.9342,0.048995276599151386,0.17647058823529413,1.3,7.366666666666667
2029-07-05,Google,18-25,South India,Mobile,Video,21,2049,7,0.0321932398280847,65,0.9,58.5,0.1348615043173302,7,1646,0.93416,0.0317227916056613,0.1076923076923077,0.9,8.357142857142858
2029-07-06,Instagram,18-25,West India,Mobile,Text,6,14381,7,0.0358979226495399,516,1.3,670.8000000000001,0.1414370339406681,67,1647,0.93412,0.03588067589180168,0.1298449612403101,1.3,10.011940298507463
2029-07-07,Instagram,26-35,South India,Desktop,Video,14,68876,7,0.0315118514203148,2170,1.3,2821.0,0.1963842051141417,397,1648,0.93408,0.03150589465125733,0.18294930875576038,1.3,7.105793450881612
2029-07-08,Instagram,36-50,West India,Mobile,Video,21,49390,7,0.0678796199286814,3352,1.3,4357.6,0.0852368509283618,266,1649,0.93404,0.06786798947155294,0.07935560859188544,1.3,16.381954887218047
2029-07-09,Google,18-25,North India,Mobile,Image,16,13061,7,0.0625687679623481,817,0.9,735.3000000000001,0.1616458006623636,123,1650,0.934,0.06255263762345915,0.15055079559363524,0.9000000000000001,5.978048780487805
2029-07-10,Google,18-25,West India,Mobile,Text,17,72241,7,0.0622398607384975,4496,0.9,4046.4,0.062853286321124,263,1651,0.93396,0.062236126299469834,0.05849644128113879,0.9,15.38555133079848
2029-07-11,Google,26-35,South India,Desktop,Image,6,51296,7,0.056846660726971,2916,0.9,2624.4,0.1838966741758507,500,1652,0.93392,0.056846537741734246,0.17146776406035666,0.9,5.2488
2029-07-12,Google,36-50,South India,Mobile,Text,18,25014,7,0.0872591669669581,2182,0.9,1963.8,0.1179177771908801,240,1653,0.93388,0.08723115055568881,0.10999083409715857,0.9,8.1825
2029-07-13,Google,18-25,North India,Mobile,Video,9,65535,7,0.0646263523541837,4235,0.9,3811.5,0.1521132267092248,601,1654,0.93384,0.06462195773250935,0.14191263282172373,0.9,6.341930116472546
2029-07-14,Instagram,26-35,South India,Mobile,Image,12,66191,7,0.0490455961728092,3246,1.3,4219.8,0.0608373563847317,183,1655,0.9338,0.0490398996842471,0.056377079482439925,1.3,23.059016393442622
2029-07-15,Instagram,18-25,South India,Mobile,Text,1,52576,7,0.0385075830632289,2024,1.3,2631.2000000000003,0.0460055006226939,86,1656,0.93376,0.03849665246500304,0.042490118577075096,1.3,30.595348837209304
2029-07-16,Google,18-25,West India,Mobile,Text,21,29147,7,0.0687532058832886,2003,0.9,1802.7,0.1492325818964964,278,1657,0.93372,0.06872062304868426,0.13879181228157764,0.9,6.48453237410072
2029-07-17,Google,18-25,South India,Desktop,Video,19,69020,7,0.050725724517616,3501,0.9,3150.9,0.1150642437141152,375,1658,0.93368,0.05072442770211533,0.10711225364181662,0.9,8.4024
2029-07-18,Google,26-35,North India,Mobile,Video,10,57148,7,0.0307393631839043,1756,0.9,1580.4,0.1803616307834565,295,1659,0.93364,0.0307272345488906,0.16799544419134396,0.9,5.357288135593221
2029-07-19,Instagram,36-50,North India,Mobile,Image,4,2745,7,0.0572998745278367,157,1.3,204.1,0.1316952348752827,18,1660,0.9336,0.057194899817850635,0.11464968152866242,1.3,11.338888888888889
2029-07-20,Google,26-35,South India,Mobile,Image,5,23148,7,0.0707590757188686,1637,0.9,1473.3,0.1370373106976284,209,1661,0.93356,0.07071885260065665,0.12767257177764202,0.9,7.049282296650717
2029-07-21,Instagram,36-50,North India,Mobile,Text,2,17216,7,0.0739255976734516,1272,1.3,1653.6,0.1097629850863759,129,1662,0.93352,0.07388475836431227,0.10141509433962265,1.2999999999999998,12.81860465116279
2029-07-22,Google,18-25,West India,Mobile,Image,0,99083,7,0.0587913053439472,5825,0.9,5242.5,0.0525142038296038,284,1663,0.93348,0.05878909601041551,0.04875536480686695,0.9,18.45950704225352
2029-07-23,Instagram,36-50,West India,Desktop,Video,2,42929,7,0.0858621281590828,3685,1.3,4790.5,0.1172824013807135,403,1664,0.93344,0.08583940925714552,0.10936227951153324,1.3,11.887096774193548
2029-07-24,Instagram,18-25,South India,Desktop,Image,2,63637,7,0.0511058020708946,3252,1.3,4227.6,0.1374897641525563,417,1665,0.9334,0.05110234611939595,0.1282287822878229,1.3,10.138129496402879
2029-07-25,Google,18-25,South India,Desktop,Image,21,60991,7,0.0521246451859505,3179,0.9,2861.1,0.1776046950554181,526,1666,0.93336,0.052122444295059925,0.16546083674111356,0.9,5.4393536121673005
2029-07-26,Instagram,26-35,West India,Desktop,Text,3,23012,7,0.0361957853318297,832,1.3,1081.6,0.1190477946025469,92,1667,0.93332,0.036155049539370765,0.11057692307692307,1.2999999999999998,11.756521739130434
2029-07-27,Google,18-25,North India,Mobile,Video,6,67313,7,0.0520358992282353,3502,0.9,3151.8,0.0859480397588904,279,1668,0.93328,0.05202561169462065,0.07966876070816677,0.9,11.296774193548387
2029-07-28,Instagram,26-35,South India,Mobile,Text,14,10525,7,0.0581529444292754,612,1.3,795.6,0.1663268513467196,94,1669,0.93324,0.05814726840855107,0.15359477124183007,1.3,8.463829787234042
2029-07-29,Google,36-50,South India,Mobile,Video,10,44348,7,0.0637421273275196,2826,0.9,2543.4,0.1716331619835645,452,1670,0.9332,0.06372327951655092,0.1599433828733192,0.9,5.626991150442478
2029-07-30,Instagram,36-50,North India,Mobile,Video,17,61447,7,0.0542377953968944,3332,1.3,4331.6,0.1256101322477335,390,1671,0.93316,0.0542255927872801,0.117046818727491,1.3,11.106666666666667
2029-07-31,Instagram,18-25,South India,Desktop,Text,11,69650,7,0.0463965391028085,3231,1.3,4200.3,0.1396824867015353,420,1672,0.93312,0.046389088298636035,0.12999071494893222,1.3,10.000714285714286
2029-08-01,Instagram,26-35,North India,Desktop,Image,3,87030,8,0.0664275086705089,5781,1.3,7515.3,0.1181591537951683,637,1673,0.93308,0.06642537056187521,0.11018854869399758,1.3,11.79795918367347
2029-08-02,Instagram,18-25,North India,Desktop,Text,23,67881,8,0.0380049345160669,2579,1.3,3352.7000000000003,0.1125642051443566,270,1674,0.93304,0.03799295826519939,0.10469174098487787,1.3,12.417407407407408
2029-08-03,Google,26-35,North India,Mobile,Image,10,3041,8,0.0249174071966637,75,0.9,67.5,0.120078720820037,8,1675,0.933,0.024662939822426833,0.10666666666666667,0.9,8.4375
2029-08-04,Google,26-35,North India,Mobile,Text,5,80866,8,0.0464856128118801,3759,0.9,3383.1,0.0525176386394034,183,1676,0.93296,0.046484307372690624,0.04868316041500399,0.9,18.48688524590164
2029-08-05,Google,26-35,North India,Mobile,Text,18,79734,8,0.0752050549500721,5996,0.9,5396.400000000001,0.0937264026776939,523,1677,0.93292,0.0752000401334437,0.08722481654436291,0.9000000000000001,10.318164435946464
2029-08-06,Google,36-50,West India,Mobile,Image,17,52826,8,0.0664671337269053,3511,0.9,3159.9,0.0796341614886075,260,1678,0.93288,0.06646348389050846,0.07405297636001139,0.9,12.153461538461539
2029-08-07,Instagram,26-35,North India,Mobile,Image,14,76283,8,0.0748587482539972,5710,1.3,7423.0,0.1138483632128749,606,1679,0.93284,0.07485285056958955,0.10612959719789843,1.3,12.249174917491748
2029-08-08,Google,36-50,West India,Mobile,Image,2,18073,8,0.0324174226216568,585,0.9,526.5,0.0575704961268482,30,1680,0.9328,0.032368726830078014,0.05128205128205128,0.9,17.55
2029-08-09,Instagram,26-35,North India,Desktop,Text,16,96822,8,0.0473235167416057,4581,1.3,5955.3,0.0585237290143302,249,1681,0.93276,0.047313627068228295,0.05435494433529797,1.3,23.91686746987952
2029-08-10,Instagram,36-50,South India,Desktop,Image,0,29028,8,0.087697344913695,2545,1.3,3308.5,0.1685432793911807,399,1682,0.93272,0.08767396996003858,0.15677799607072693,1.3,8.291979949874687
2029-08-11,Instagram,36-50,West India,Mobile,Image,1,92646,8,0.0683422085638879,6331,1.3,8230.300000000001,0.096737876109623,570,1683,0.93268,0.06833538415042203,0.09003317011530564,1.3000000000000003,14.439122807017545
2029-08-12,Google,36-50,South India,Mobile,Image,18,24440,8,0.0418489514020045,1022,0.9,919.8,0.1477628723893211,140,1684,0.93264,0.04181669394435352,0.136986301369863,0.8999999999999999,6.569999999999999
2029-08-13,Instagram,18-25,North India,Mobile,Video,8,33887,8,0.0558223350152956,1891,1.3,2458.3,0.1250566191741887,220,1685,0.9326,0.05580311033729749,0.11634056054997356,1.3,11.17409090909091
2029-08-14,Instagram,26-35,North India,Mobile,Image,7,39937,8,0.0362875126635619,1449,1.3,1883.7,0.0833127329967406,111,1686,0.93256,0.036282144377394396,0.07660455486542443,1.3,16.97027027027027
2029-08-15,Google,18-25,South India,Desktop,Image,11,66045,8,0.0527821529894244,3485,0.9,3136.5,0.1202569885640747,390,1687,0.93252,0.05276705276705277,0.11190817790530846,0.9,8.042307692307693
2029-08-16,Instagram,26-35,North India,Mobile,Image,14,62503,8,0.0532136763400857,3326,1.3,4323.8,0.146222119491926,453,1688,0.93248,0.05321344575460378,0.13619963920625375,1.3,9.544812362030905
2029-08-17,Instagram,26-35,South India,Mobile,Video,22,78782,8,0.1282051510642061,10100,1.3,13130.0,0.1048398026636087,986,1689,0.93244,0.12820187352440912,0.09762376237623763,1.3,13.316430020283976
2029-08-18,Google,18-25,North India,Mobile,Video,6,28428,8,0.0500755096949504,1423,0.9,1280.7,0.1128624004621497,149,1690,0.9324,0.05005628253834248,0.10470836261419536,0.9,8.595302013422819
2029-08-19,Google,36-50,North India,Mobile,Image,20,2613,8,0.0450164112159507,117,0.9,105.3,0.0649435768316989,6,1691,0.93236,0.04477611940298507,0.05128205128205128,0.9,17.55
2029-08-20,Google,26-35,West India,Desktop,Image,15,49343,8,0.0307927826873318,1519,0.9,1367.1,0.0891664552194352,125,1692,0.93232,0.030784508440913606,0.08229098090849243,0.8999999999999999,10.9368
2029-08-21,Google,36-50,South India,Mobile,Image,6,74159,8,0.0230064992687183,1706,0.9,1535.4,0.1803068951927504,286,1693,0.93228,0.023004625197211397,0.16764361078546308,0.9,5.368531468531469
2029-08-22,Google,18-25,North India,Desktop,Image,19,61127,8,0.0589912681008396,3605,0.9,3244.5,0.142501094113501,478,1694,0.93224,0.05897557544129436,0.13259361997226074,0.9,6.78765690376569
2029-08-23,Google,36-50,South India,Mobile,Video,20,53088,8,0.0776125879765894,4120,0.9,3708.0,0.1218441060989484,467,1695,0.9322,0.07760699216395418,0.1133495145631068,0.9,7.940042826552463
2029-08-24,Google,26-35,West India,Desktop,Image,11,72195,8,0.019459249781566,1404,0.9,1263.6,0.0585352417687234,76,1696,0.93216,0.01944733014751714,0.05413105413105413,0.8999999999999999,16.626315789473683
2029-08-25,Google,26-35,South India,Mobile,Video,16,46023,8,0.0542263996522024,2495,0.9,2245.5,0.1304104604166689,302,1697,0.93212,0.05421202442257132,0.12104208416833667,0.9,7.435430463576159
2029-08-26,Instagram,26-35,West India,Mobile,Text,10,30653,8,0.0986556484847062,3024,1.3,3931.2,0.1258349662685552,354,1698,0.93208,0.09865266042475451,0.11706349206349206,1.3,11.105084745762712
2029-08-27,Google,18-25,South India,Mobile,Video,3,78616,8,0.0426932026615051,3356,0.9,3020.4,0.0608944242378164,190,1699,0.93204,0.042688511244530374,0.056615017878426696,0.9,15.896842105263158
2029-08-28,Instagram,26-35,South India,Mobile,Text,18,78512,8,0.0949317918303762,7453,1.3,9688.9,0.1349650951477051,936,1700,0.932,0.09492816384756471,0.12558701194150007,1.3,10.351388888888888
2029-08-29,Google,18-25,West India,Desktop,Video,1,16718,8,0.0342731204960463,572,0.9,514.8000000000001,0.1622248683759065,85,1701,0.93196,0.03421461897356143,0.1486013986013986,0.9000000000000001,6.056470588235295
2029-08-30,Google,36-50,North India,Mobile,Video,1,75877,8,0.039360789521156,2986,0.9,2687.4,0.0559179712210606,154,1702,0.93192,0.03935316367278622,0.05157401205626256,0.9,17.45064935064935
2029-08-31,Google,26-35,North India,Desktop,Video,23,55219,8,0.0401013775643364,2214,0.9,1992.6,0.1470481901735216,302,1703,0.93188,0.04009489487314149,0.13640469738030714,0.8999999999999999,6.598013245033112
2029-09-01,Google,26-35,North India,Mobile,Image,16,54954,9,0.0311355363073273,1711,0.9,1539.9,0.0777212276468843,123,1704,0.93184,0.031135131200640535,0.07188778492109878,0.9,12.519512195121951
2029-09-02,Google,26-35,South India,Desktop,Video,23,17296,9,0.0378309456554336,654,0.9,588.6,0.085562327197787,51,1705,0.9318,0.037812210915818684,0.0779816513761468,0.9,11.541176470588235
2029-09-03,Instagram,36-50,South India,Mobile,Image,8,27285,9,0.0410384026905969,1119,1.3,1454.7,0.103271820499121,107,1706,0.93176,0.041011544804837825,0.09562109025915996,1.3,13.595327102803738
2029-09-04,Google,26-35,North India,Desktop,Video,21,53310,9,0.0230797132810495,1230,0.9,1107.0,0.0783798866042844,89,1707,0.93172,0.023072594259988744,0.07235772357723577,0.9,12.438202247191011
2029-09-05,Instagram,18-25,South India,Desktop,Video,0,15134,9,0.0442186889566965,669,1.3,869.7,0.2051779263232767,127,1708,0.93168,0.04420510109686798,0.1898355754857997,1.3,6.848031496062992
2029-09-06,Instagram,36-50,South India,Mobile,Text,9,54642,9,0.0608144853600261,3323,1.3,4319.900000000001,0.1345278662118523,416,1709,0.93164,0.060814025840928224,0.1251880830574782,1.3000000000000003,10.384375000000002
2029-09-07,Google,36-50,North India,Mobile,Video,22,95873,9,0.0351157679343049,3366,0.9,3029.4,0.202128170884529,633,1710,0.9316,0.03510894621009043,0.18805704099821746,0.9,4.785781990521327
2029-09-08,Google,36-50,West India,Mobile,Image,14,1455,9,0.036920449472651,53,0.9,47.7,0.1147704784992758,5,1711,0.93156,0.036426116838487975,0.09433962264150944,0.9,9.540000000000001
2029-09-09,Instagram,36-50,South India,Mobile,Text,20,74179,9,0.1311464732154318,9728,1.3,12646.4,0.0490770420704059,444,1712,0.93152,0.13114223702125938,0.04564144736842105,1.3,28.482882882882883
2029-09-10,Google,36-50,South India,Mobile,Text,14,71156,9,0.0738739241702607,5256,0.9,4730.400000000001,0.0855409125733709,418,1713,0.93148,0.07386587216819383,0.07952815829528158,0.9000000000000001,11.316746411483255
2029-09-11,Google,18-25,South India,Mobile,Video,22,9867,9,0.0385110783620355,379,0.9,341.1,0.2077801266407355,72,1714,0.93144,0.038410864497821016,0.18997361477572558,0.9,4.737500000000001
2029-09-12,Instagram,36-50,South India,Desktop,Video,20,26577,9,0.0415259170250122,1103,1.3,1433.9,0.1261403213615193,129,1715,0.9314,0.0415020506452948,0.11695376246600181,1.3,11.115503875968994
2029-09-13,Google,26-35,West India,Desktop,Text,1,29647,9,0.0503336030720783,1492,0.9,1342.8,0.0882253401207218,122,1716,0.93136,0.05032549667757277,0.08176943699731903,0.9,11.00655737704918
2029-09-14,Instagram,36-50,North India,Desktop,Image,13,49894,9,0.0791479589366483,3949,1.3,5133.7,0.0927921247467494,340,1717,0.93132,0.07914779332184231,0.08609774626487718,1.3,15.099117647058822
2029-09-15,Instagram,36-50,South India,Mobile,Video,3,92007,9,0.0627446614231648,5772,1.3,7503.6,0.0962979819246374,516,1718,0.93128,0.0627343571684763,0.0893970893970894,1.3,14.54186046511628
2029-09-16,Google,36-50,North India,Desktop,Text,17,71635,9,0.0194060978536201,1390,0.9,1251.0,0.0405747186395417,52,1719,0.93124,0.01940392266350248,0.03741007194244604,0.9,24.057692307692307
2029-09-17,Google,36-50,South India,Mobile,Image,8,14887,9,0.0274395143588235,408,0.9,367.2,0.071806289880745,27,1720,0.9312,0.027406462013837576,0.0661764705882353,0.9,13.6
2029-09-18,Google,36-50,West India,Mobile,Video,1,44314,9,0.0404162840807125,1791,0.9,1611.9,0.1091424370571652,181,1721,0.93116,0.04041612131606264,0.10106085985482971,0.9,8.905524861878453
2029-09-19,Google,18-25,North India,Mobile,Text,1,49203,9,0.0260682143231772,1282,0.9,1153.8,0.0600467307631708,70,1722,0.93112,0.026055321829969717,0.054602184087363496,0.8999999999999999,16.482857142857142
2029-09-20,Google,18-25,West India,Desktop,Text,17,94205,9,0.0624415369272939,5882,0.9,5293.8,0.1021554887988712,558,1723,0.93108,0.062438299453319884,0.09486569194151649,0.9,9.48709677419355
2029-09-21,Instagram,36-50,South India,Desktop,Video,16,1059,9,0.0780644267093985,82,1.3,106.6,0.1662497661365246,12,1724,0.93104,0.07743153918791312,0.14634146341463414,1.2999999999999998,8.883333333333333
2029-09-22,Google,18-25,West India,Mobile,Image,8,13673,9,0.0488039019128641,667,0.9,600.3000000000001,0.1198092504771951,73,1725,0.931,0.04878227163022014,0.10944527736131934,0.9000000000000001,8.223287671232878
2029-09-23,Google,26-35,West India,Desktop,Image,7,56351,9,0.0533480303204569,3006,0.9,2705.4,0.0518886650265111,144,1726,0.93096,0.05334421749392203,0.04790419161676647,0.9,18.7875
2029-09-24,Instagram,36-50,South India,Mobile,Text,1,89231,9,0.0341958206296097,3051,1.3,3966.3,0.1246920158836098,353,1727,0.93092,0.034192152951328575,0.11569977056702721,1.3,11.235977337110482
2029-09-25,Instagram,26-35,South India,Desktop,Image,1,72067,9,0.0545875511139532,3933,1.3,5112.900000000001,0.1032252406409735,377,1728,0.93088,0.054574215660427104,0.0958555809814391,1.3,13.562068965517243
2029-09-26,Instagram,26-35,North India,Mobile,Text,4,69300,9,0.0768503601737137,5325,1.3,6922.5,0.131575849769029,651,1729,0.93084,0.07683982683982683,0.12225352112676056,1.3,10.633640552995391
2029-09-27,Google,36-50,South India,Mobile,Video,11,2794,9,0.0427445830328482,119,0.9,107.1,0.1499335353885191,15,1730,0.9308,0.04259126700071582,0.12605042016806722,0.8999999999999999,7.14
2029-09-28,Instagram,26-35,North India,Mobile,Image,15,11721,9,0.0453998636841927,532,1.3,691.6,0.0492404509580915,24,1731,0.93076,0.04538861871853937,0.045112781954887216,1.3,28.816666666666666
2029-09-29,Google,26-35,West India,Mobile,Video,13,60286,9,0.0274107337750994,1652,0.9,1486.8,0.0495486390360936,75,1732,0.93072,0.027402713731214542,0.04539951573849879,0.9,19.823999999999998
2029-09-30,Google,26-35,West India,Mobile,Text,19,6686,9,0.0264760544924427,177,0.9,159.3,0.1175989627953254,18,1733,0.93068,0.02647322763984445,0.1016949152542373,0.9,8.850000000000001
2029-10-01,Google,36-50,North India,Mobile,Video,1,48443,10,0.022104656377367,1070,0.9,963.0,0.1095215135099208,108,1734,0.93064,0.022087814544929092,0.10093457943925234,0.9,8.916666666666666
2029-10-02,Instagram,36-50,South India,Mobile,Image,23,96003,10,0.0810892016888307,7784,1.3,10119.2,0.0883513645464157,639,1735,0.9306,0.08108079955834714,0.08209146968139774,1.3,15.835993740219093
2029-10-03,Google,26-35,South India,Desktop,Video,7,65263,10,0.0597157636143374,3897,0.9,3507.3,0.1354386867632069,490,1736,0.93056,0.05971224123929332,0.12573774698486015,0.9,7.1577551020408166
2029-10-04,Google,36-50,West India,Desktop,Image,3,63722,10,0.0480399209867161,3061,0.9,2754.9,0.0501350051912392,142,1737,0.93052,0.048036784783905086,0.04639006860503104,0.9,19.400704225352115
2029-10-05,Google,36-50,North India,Mobile,Image,19,53573,10,0.0743606637985399,3983,0.9,3584.7000000000003,0.0901339165207715,334,1738,0.93048,0.07434715248352715,0.08385638965603816,0.9,10.732634730538923
2029-10-06,Google,26-35,West India,Desktop,Image,8,13888,10,0.0410943805492517,570,0.9,513.0,0.0840579661623227,43,1739,0.93044,0.0410426267281106,0.07543859649122807,0.9,11.930232558139535
2029-10-07,Instagram,36-50,West India,Mobile,Image,19,40348,10,0.0895669112930303,3613,1.3,4696.900000000001,0.1520264795205287,510,1740,0.9304,0.08954595023297314,0.14115693329642956,1.3,9.209607843137256
2029-10-08,Instagram,18-25,South India,Desktop,Image,18,14533,10,0.0497958003568734,723,1.3,939.9,0.0709275171835539,47,1741,0.93036,0.0497488474506296,0.06500691562932227,1.3,19.99787234042553
2029-10-09,Instagram,36-50,North India,Mobile,Text,1,22916,10,0.043536003028634,997,1.3,1296.1,0.1178016259438557,108,1742,0.93032,0.0435067201954966,0.10832497492477432,1.2999999999999998,12.000925925925925
2029-10-10,Google,18-25,West India,Mobile,Video,15,62422,10,0.0626819193522299,3912,0.9,3520.8,0.1320676254696886,480,1743,0.93028,0.06267021242510654,0.12269938650306748,0.9,7.335
2029-10-11,Google,26-35,South India,Mobile,Text,10,51525,10,0.0354989626598133,1829,0.9,1646.1,0.0481191325352824,81,1744,0.93024,0.0354973313925279,0.04428649535265172,0.8999999999999999,20.322222222222223
2029-10-12,Google,36-50,West India,Desktop,Video,7,4553,10,0.057156678812213,260,0.9,234.0,0.2109059961244432,50,1745,0.9302,0.057105205359103885,0.19230769230769232,0.9,4.68
2029-10-13,Google,26-35,West India,Mobile,Video,11,9144,10,0.0578181688934014,528,0.9,475.2,0.1713472210938666,83,1746,0.93016,0.05774278215223097,0.1571969696969697,0.9,5.725301204819277
2029-10-14,Google,26-35,South India,Desktop,Video,2,92045,10,0.0469212759250529,4318,0.9,3886.2,0.1008654205950155,404,1747,0.93012,0.04691183660166223,0.0935618341824919,0.8999999999999999,9.61930693069307
2029-10-15,Instagram,26-35,South India,Mobile,Text,12,60931,10,0.0562180044710561,3425,1.3,4452.5,0.1135515054778488,360,1748,0.93008,0.056211124058361095,0.10510948905109489,1.3,12.368055555555555
2029-10-16,Google,26-35,North India,Mobile,Image,1,64712,10,0.0450707896743061,2916,0.9,2624.4,0.1576914254652582,426,1749,0.93004,0.045061194214365184,0.14609053497942387,0.9,6.16056338028169
2029-10-17,Google,26-35,West India,Mobile,Image,12,6437,10,0.0508699679152279,327,0.9,294.3,0.1703129754986642,51,1750,0.93,0.050800062140748795,0.1559633027522936,0.9,5.770588235294118
2029-10-18,Google,36-50,North India,Desktop,Text,7,91083,10,0.0312316329784999,2844,0.9,2559.6,0.1149574164444044,303,1751,0.92996,0.03122426797536313,0.10654008438818566,0.9,8.447524752475248
2029-10-19,Google,18-25,South India,Mobile,Image,14,33518,10,0.0704536036508406,2361,0.9,2124.9,0.1560612038088227,342,1752,0.92992,0.07043976370905185,0.144853875476493,0.9,6.213157894736843
2029-10-20,Google,36-50,South India,Desktop,Video,23,24830,10,0.0556951473680049,1382,0.9,1243.8,0.1040563584500536,132,1753,0.92988,0.055658477648006445,0.0955137481910275,0.9,9.422727272727272
2029-10-21,Instagram,36-50,West India,Mobile,Image,20,75285,10,0.121459226469645,9144,1.3,11887.2,0.1785666731668895,1517,1754,0.92984,0.1214584578601315,0.16590113735783027,1.3,7.8359920896506265
2029-10-22,Instagram,36-50,North India,Desktop,Image,8,47553,10,0.0753045203784792,3580,1.3,4654.0,0.0703830002434755,233,1755,0.9298,0.0752844194898324,0.06508379888268156,1.3,19.974248927038627
2029-10-23,Instagram,36-50,North India,Mobile,Image,10,88885,10,0.0968782230710367,8611,1.3,11194.3,0.0498910553208004,398,1756,0.92976,0.09687798841199302,0.0462199512251771,1.2999999999999998,28.126381909547735
2029-10-24,Google,18-25,West India,Mobile,Video,21,95825,10,0.0393948355377217,3775,0.9,3397.5,0.2121998691705893,744,1757,0.92972,0.039394729976519695,0.19708609271523178,0.9,4.566532258064516
2029-10-25,Google,36-50,West India,Mobile,Image,20,6915,10,0.0311200767961797,215,0.9,193.5,0.0613983649882649,12,1758,0.92968,0.03109182935647144,0.05581395348837209,0.9,16.125
2029-10-26,Google,26-35,North India,Mobile,Image,2,29695,10,0.0245140767339571,727,0.9,654.3000000000001,0.1073745926208465,72,1759,0.92964,0.024482236066677893,0.09903713892709766,0.9000000000000001,9.0875
2029-10-27,Google,36-50,South India,Mobile,Image,6,76270,10,0.02412757934939,1840,0.9,1656.0,0.1161094841892121,198,1760,0.9296,0.024124819719417857,0.10760869565217392,0.9,8.363636363636363
2029-10-28,Instagram,36-50,South India,Desktop,Text,13,15703,10,0.0346045839275646,543,1.3,705.9,0.1484301684768719,74,1761,0.92956,0.03457937973635611,0.13627992633517497,1.3,9.53918918918919
2029-10-29,Google,18-25,West India,Mobile,Text,14,89035,10,0.0360422499854648,3209,0.9,2888.1,0.0812024479291703,241,1762,0.92952,0.03604200595271522,0.07510127765659085,0.9,11.983817427385892
2029-10-30,Google,18-25,North India,Mobile,Image,8,22478,10,0.0599706316749071,1348,0.9,1213.2,0.1047901341706957,131,1763,0.92948,0.059969748198238276,0.09718100890207715,0.9,9.261068702290077
2029-10-31,Google,26-35,North India,Mobile,Text,19,68918,10,0.0695568438866733,4793,0.9,4313.7,0.0372445469214572,165,1764,0.92944,0.06954641748164485,0.03442520342165658,0.8999999999999999,26.14363636363636
2029-11-01,Google,36-50,North India,Mobile,Text,10,31128,11,0.0518111003929213,1612,0.9,1450.8,0.0557960077967348,82,1765,0.9294,0.05178617322025186,0.05086848635235732,0.9,17.692682926829267
2029-11-02,Instagram,36-50,South India,Mobile,Video,6,54250,11,0.0356708401108894,1935,1.3,2515.5,0.2067375976548815,371,1766,0.92936,0.03566820276497696,0.1917312661498708,1.3,6.7803234501347704
2029-11-03,Google,36-50,South India,Mobile,Text,11,92119,11,0.0687750934742151,6335,0.9,5701.5,0.1000174813914348,588,1767,0.92932,0.06876974348397182,0.09281767955801105,0.9,9.696428571428571
2029-11-04,Google,26-35,North India,Desktop,Text,18,38126,11,0.0599239486782029,2284,0.9,2055.6,0.0584068309472882,123,1768,0.92928,0.05990662539998951,0.053852889667250436,0.8999999999999999,16.71219512195122
2029-11-05,Google,18-25,North India,Mobile,Image,17,47799,11,0.0369339368217412,1765,0.9,1588.5,0.0870646767005745,142,1769,0.92924,0.03692545869160443,0.08045325779036827,0.9,11.18661971830986
2029-11-06,Google,26-35,West India,Desktop,Video,12,95228,11,0.0405759898041079,3863,0.9,3476.7000000000003,0.0958960646763119,343,1770,0.9292,0.040565799974797326,0.08879109500388299,0.9,10.136151603498543
2029-11-07,Instagram,36-50,West India,Mobile,Video,10,59248,11,0.0860730774972431,5099,1.3,6628.7,0.1414450956305864,669,1771,0.92916,0.08606197677558736,0.13120219650911943,1.3,9.908370702541106
2029-11-08,Instagram,18-25,North India,Mobile,Video,0,33907,11,0.1075795589026438,3647,1.3,4741.1,0.0538107845082323,182,1772,0.92912,0.10755891113929276,0.04990403071017274,1.3,26.05
2029-11-09,Instagram,18-25,North India,Mobile,Text,5,8644,11,0.0401486184162599,347,1.3,451.1,0.0577328416268409,18,1773,0.92908,0.04014345210550671,0.05187319884726225,1.3,25.061111111111114
2029-11-10,Instagram,26-35,South India,Desktop,Image,20,35583,11,0.0858431198003895,3054,1.3,3970.2,0.0986646093700835,279,1774,0.92904,0.08582750189697327,0.09135559921414538,1.3,14.230107526881719
2029-11-11,Google,18-25,North India,Mobile,Video,1,55560,11,0.0604066295644976,3356,0.9,3020.4,0.1937429709447305,603,1775,0.929,0.06040316774658027,0.1796781883194279,0.9,5.008955223880597
2029-11-12,Instagram,18-25,West India,Desktop,Video,12,16185,11,0.0270104262795721,437,1.3,568.1,0.1527107391977451,61,1776,0.92896,0.027000308928019773,0.13958810068649885,1.3,9.313114754098361
2029-11-13,Google,36-50,South India,Mobile,Text,12,42988,11,0.0735973996453196,3163,0.9,2846.7000000000003,0.1034068035196801,303,1777,0.92892,0.07357867311807946,0.09579513120455264,0.9000000000000001,9.395049504950496
2029-11-14,Google,36-50,West India,Desktop,Video,18,11446,11,0.0383471736294798,438,0.9,394.2,0.0800583402349467,32,1778,0.92888,0.038266643368862485,0.0730593607305936,0.9,12.31875
2029-11-15,Instagram,18-25,West India,Mobile,Image,8,24162,11,0.085066841717463,2055,1.3,2671.5,0.1180994228265222,224,1779,0.92884,0.08505090638192203,0.10900243309002433,1.3,11.926339285714286
2029-11-16,Google,18-25,South India,Mobile,Video,18,15150,11,0.0655947450223683,993,0.9,893.7,0.2244809649385797,206,1780,0.9288,0.06554455445544555,0.20745216515609266,0.9,4.338349514563107
2029-11-17,Instagram,26-35,West India,Mobile,Image,22,42304,11,0.0438569335797379,1855,1.3,2411.5,0.1192833026391881,205,1781,0.92876,0.04384928139183056,0.1105121293800539,1.3,11.763414634146342
2029-11-18,Google,26-35,North India,Mobile,Image,0,96373,11,0.0538492014388449,5189,0.9,4670.1,0.0599149495749859,287,1782,0.92872,0.053842881304929806,0.0553093081518597,0.9,16.272125435540072
2029-11-19,Instagram,18-25,West India,Mobile,Image,22,37003,11,0.0475295349289916,1758,1.3,2285.4,0.1795966596076976,292,1783,0.92868,0.047509661378807126,0.16609783845278725,1.3,7.826712328767123
2029-11-20,Instagram,36-50,South India,Mobile,Text,7,52746,11,0.0439129275460126,2316,1.3,3010.8,0.1027004578664042,220,1784,0.92864,0.04390854282789216,0.09499136442141623,1.3,13.685454545454546
2029-11-21,Instagram,18-25,South India,Desktop,Text,22,67923,11,0.0711507217686745,4832,1.3,6281.6,0.079229783977165,354,1785,0.9286,0.07113937841379209,0.07326158940397351,1.3,17.744632768361583
2029-11-22,Instagram,18-25,South India,Mobile,Image,13,78745,11,0.0592087419035632,4662,1.3,6060.6,0.1215199243797807,525,1786,0.92856,0.05920375896882342,0.11261261261261261,1.3,11.544
2029-11-23,Instagram,36-50,West India,Mobile,Image,23,1983,11,0.0687860524002782,136,1.3,176.8,0.0769167113335301,9,1787,0.92852,0.06858295511850732,0.0661764705882353,1.3,19.644444444444446
2029-11-24,Google,36-50,North India,Mobile,Video,15,48114,11,0.0359220957437977,1728,0.9,1555.2,0.0504475575785855,80,1788,0.92848,0.03591470258136925,0.046296296296296294,0.9,19.44
2029-11-25,Google,26-35,South India,Mobile,Video,3,98687,11,0.0605811283936617,5978,0.9,5380.2,0.2171835340748304,1205,1789,0.92844,0.06057535440331553,0.20157243225158916,0.9,4.464896265560165
2029-11-26,Google,26-35,North India,Mobile,Video,17,52274,11,0.072780193756195,3804,0.9,3423.6,0.1140483591613541,401,1790,0.9284,0.07277040211194857,0.10541535226077813,0.9,8.537655860349126
2029-11-27,Instagram,26-35,South India,Mobile,Text,13,88339,11,0.0760799649777605,6720,1.3,8736.0,0.1359536544621341,847,1791,0.92836,0.07607059169789109,0.12604166666666666,1.3,10.314049586776859
2029-11-28,Google,26-35,North India,Desktop,Video,8,20378,11,0.0217904761270224,444,0.9,399.6,0.2006123586309057,82,1792,0.92832,0.021788202963980763,0.18468468468468469,0.9,4.873170731707317
2029-11-29,Instagram,36-50,North India,Mobile,Image,14,8548,11,0.0813908688135073,695,1.3,903.5,0.1221341476717015,77,1793,0.92828,0.08130556855404773,0.11079136690647481,1.3,11.733766233766234
2029-11-30,Google,18-25,North India,Mobile,Image,2,40621,11,0.0459395109546491,1866,0.9,1679.4,0.1299849730333378,224,1794,0.92824,0.04593683070333079,0.12004287245444802,0.9,7.497321428571429
2029-12-01,Google,26-35,South India,Mobile,Text,3,67311,12,0.0405076821610045,2726,0.9,2453.4,0.1608702400405597,406,1795,0.9282,0.04049858121258041,0.14893617021276595,0.9,6.042857142857143
2029-12-02,Instagram,26-35,West India,Mobile,Text,22,87901,12,0.1120447067594291,9848,1.3,12802.4,0.0954699790759721,872,1796,0.92816,0.1120351304308256,0.08854589764419171,1.3,14.681651376146789
2029-12-03,Google,36-50,West India,Mobile,Video,17,97243,12,0.0461798575369933,4490,0.9,4041.0,0.1017431794870763,423,1797,0.92812,0.0461729893154263,0.09420935412026726,0.9,9.553191489361701
2029-12-04,Google,36-50,West India,Mobile,Text,13,90673,12,0.0223393762442048,2025,0.9,1822.5,0.1436447265417577,269,1798,0.92808,0.02233299879787809,0.13283950617283952,0.9,6.775092936802974
2029-12-05,Google,18-25,North India,Mobile,Image,14,22531,12,0.0350105402950638,788,0.9,709.2,0.0471762164674657,34,1799,0.92804,0.03497403577293507,0.04314720812182741,0.9,20.858823529411765
2029-12-06,Instagram,18-25,South India,Mobile,Image,7,18870,12,0.0762361431908887,1438,1.3,1869.4,0.0770496248759281,102,1800,0.928,0.07620561738208798,0.07093184979137691,1.3,18.327450980392157
2029-12-07,Instagram,36-50,North India,Desktop,Text,9,50547,12,0.0284140508114631,1436,1.3,1866.8,0.0708799683760415,93,1801,0.92796,0.028409203315725957,0.06476323119777158,1.3,20.073118279569893
2029-12-08,Google,26-35,South India,Mobile,Image,23,46738,12,0.0315951207948367,1476,0.9,1328.4,0.1644451896540801,224,1802,0.92792,0.031580298686293806,0.15176151761517614,0.9,5.930357142857143
2029-12-09,Google,26-35,North India,Mobile,Text,11,68537,12,0.0257290794041331,1763,0.9,1586.7,0.1344860585515324,219,1803,0.92788,0.025723331922902958,0.12422007941009643,0.9,7.245205479452055
2029-12-10,Google,26-35,South India,Mobile,Image,20,15756,12,0.0393764484323108,620,0.9,558.0,0.113575128663163,64,1804,0.92784,0.03935008885503935,0.1032258064516129,0.9,8.71875
2029-12-11,Instagram,18-25,South India,Mobile,Video,8,58707,12,0.0405904273633057,2382,1.3,3096.6,0.1056763974215224,232,1805,0.9278,0.040574377842506004,0.09739714525608732,1.3,13.347413793103447
2029-12-12,Instagram,26-35,South India,Desktop,Text,7,41830,12,0.0450078320587067,1882,1.3,2446.6,0.0836352838132072,145,1806,0.92776,0.04499163279942625,0.07704569606801276,1.3,16.873103448275863
2029-12-13,Google,26-35,North India,Mobile,Text,16,94399,12,0.0463152908584159,4372,0.9,3934.8,0.1065226738743563,431,1807,0.92772,0.04631404993696967,0.09858188472095152,0.9,9.129466357308585
2029-12-14,Google,36-50,West India,Mobile,Text,8,11046,12,0.070279826868832,776,0.9,698.4,0.052802846875826,37,1808,0.92768,0.07025167481441245,0.04768041237113402,0.9,18.875675675675677
2029-12-15,Google,26-35,North India,Desktop,Image,12,24652,12,0.0284699528154352,701,0.9,630.9,0.1108082945208717,71,1809,0.92764,0.02843582670777219,0.10128388017118402,0.9,8.885915492957746
2029-12-16,Instagram,36-50,North India,Mobile,Video,13,56029,12,0.0574769126128837,3220,1.3,4186.0,0.1395155503637652,416,1810,0.9276,0.0574702386264256,0.12919254658385093,1.3,10.0625
2029-12-17,Instagram,26-35,South India,Desktop,Text,4,37956,12,0.053690034700526,2037,1.3,2648.1,0.130058317728511,244,1811,0.92756,0.05366740436294657,0.11978399607265587,1.3,10.852868852459016
2029-12-18,Google,18-25,South India,Desktop,Image,8,14886,12,0.0555030310297225,826,0.9,743.4,0.1370002778757167,104,1812,0.92752,0.05548837834206637,0.12590799031476999,0.9,7.148076923076923
2029-12-19,Google,26-35,West India,Mobile,Text,15,87281,12,0.0291819856620518,2547,0.9,2292.3,0.0455377189544697,106,1813,0.92748,0.029181608826663305,0.04161758932076953,0.9,21.62547169811321
2029-12-20,Google,26-35,West India,Mobile,Image,18,32823,12,0.0285027704925772,935,0.9,841.5,0.1364318442809309,117,1814,0.92744,0.028486122536026566,0.12513368983957218,0.9,7.1923076923076925
2029-12-21,Instagram,36-50,South India,Mobile,Video,23,39948,12,0.0992035935473944,3962,1.3,5150.6,0.0568189251822431,208,1815,0.9274,0.09917893261239612,0.0524987380111055,1.3,24.762500000000003
2029-12-22,Google,36-50,West India,Mobile,Image,22,14322,12,0.0858617158969035,1229,0.9,1106.1,0.0946432325056883,107,1816,0.92736,0.08581203742494065,0.0870626525630594,0.8999999999999999,10.337383177570093
2029-12-23,Instagram,36-50,West India,Mobile,Image,6,74330,12,0.0343309966646755,2551,1.3,3316.3,0.098388811279909,231,1817,0.92732,0.03431992466029867,0.09055272442179538,1.3,14.356277056277056
2029-12-24,Instagram,26-35,South India,Mobile,Text,11,7162,12,0.0463173254245045,331,1.3,430.3,0.0526669300925089,15,1818,0.92728,0.04621614074280927,0.045317220543806644,1.3,28.686666666666667
2029-12-25,Google,26-35,North India,Desktop,Image,1,83293,12,0.0322386746855486,2685,0.9,2416.5,0.0393109995449046,97,1819,0.92724,0.03223560203138319,0.036126629422718805,0.9,24.912371134020617
2029-12-26,Google,18-25,West India,Mobile,Text,17,6905,12,0.066090545075329,456,0.9,410.4,0.0424682591204002,17,1820,0.9272,0.06603910209992758,0.03728070175438596,0.8999999999999999,24.141176470588235
2029-12-27,Google,26-35,South India,Mobile,Image,17,95301,12,0.0451838969879013,4306,0.9,3875.4,0.1127301942072558,449,1821,0.92716,0.04518315652511516,0.10427310729215049,0.9,8.63118040089087
2029-12-28,Instagram,18-25,West India,Mobile,Video,15,58483,12,0.087679183205145,5127,1.3,6665.1,0.0883795126505826,419,1822,0.92712,0.08766650137646838,0.08172420518821923,1.3,15.907159904534607
2029-12-29,Instagram,36-50,West India,Desktop,Image,10,39457,12,0.029084867299927,1147,1.3,1491.1,0.0496572556924373,51,1823,0.92708,0.029069620092759207,0.044463818657367045,1.2999999999999998,29.23725490196078
2029-12-30,Instagram,36-50,South India,Mobile,Text,1,85940,12,0.0609153620131513,5235,1.3,6805.5,0.070963468293041,343,1824,0.92704,0.060914591575517804,0.06552053486150908,1.3,19.841107871720116
2029-12-31,Google,36-50,West India,Mobile,Image,13,16380,12,0.0254342398209587,416,0.9,374.4,0.1140351296214573,43,1825,0.927,0.025396825396825397,0.10336538461538461,0.8999999999999999,8.706976744186045
2030-01-01,Google,18-25,West India,Desktop,Image,3,16508,1,0.034831324716306,574,0.9,516.6,0.1438994374531344,76,1826,0.92696,0.03477102011146111,0.13240418118466898,0.9,6.7973684210526315
2030-01-02,Instagram,26-35,West India,Desktop,Video,6,20676,1,0.0541077697791473,1118,1.3,1453.4,0.1172162262956995,121,1827,0.92692,0.05407235442058425,0.10822898032200358,1.3,12.011570247933886
2030-01-03,Instagram,36-50,North India,Desktop,Text,1,89796,1,0.084034185280848,7545,1.3,9808.5,0.1016164899705745,709,1828,0.92688,0.0840237872511025,0.09396951623591783,1.3,13.834273624823695
2030-01-04,Google,26-35,North India,Desktop,Video,20,73433,1,0.0746187683839174,5479,0.9,4931.1,0.1408436419975434,714,1829,0.92684,0.07461223155801887,0.13031575104946158,0.9,6.906302521008404
2030-01-05,Instagram,26-35,West India,Mobile,Image,13,2564,1,0.0736299990411778,188,1.3,244.4,0.1654840310823424,28,1830,0.9268,0.07332293291731669,0.14893617021276595,1.3,8.72857142857143
2030-01-06,Instagram,36-50,South India,Mobile,Video,6,14870,1,0.0612002920115207,910,1.3,1183.0,0.0859520616710722,72,1831,0.92676,0.06119704102219233,0.07912087912087912,1.3,16.430555555555557
2030-01-07,Instagram,18-25,West India,Mobile,Image,8,15219,1,0.1072134987068113,1631,1.3,2120.3,0.1067002620902173,161,1832,0.92672,0.10716867074052172,0.09871244635193133,1.3,13.169565217391305
2030-01-08,Instagram,26-35,West India,Mobile,Image,7,82977,1,0.0941141168652058,7809,1.3,10151.7,0.1284561624124525,929,1833,0.92668,0.09411041613941212,0.11896529645281086,1.3,10.927556512378903
2030-01-09,Instagram,36-50,North India,Mobile,Video,8,20880,1,0.0423999118572234,885,1.3,1150.5,0.1285476830787248,104,1834,0.92664,0.042385057471264365,0.11751412429378531,1.3,11.0625
2030-01-10,Instagram,26-35,North India,Mobile,Video,6,11379,1,0.104410551267638,1188,1.3,1544.4,0.1174745171035514,128,1835,0.9266,0.10440284735038229,0.10774410774410774,1.3,12.065625
2030-01-11,Google,26-35,North India,Desktop,Image,18,55294,1,0.0435157524719216,2406,0.9,2165.4,0.1674700447014623,372,1836,0.92656,0.04351285853799689,0.1546134663341646,0.9,5.820967741935484
2030-01-12,Google,26-35,West India,Mobile,Video,16,3948,1,0.0299570239156383,118,0.9,106.2,0.206258324191033,22,1837,0.92652,0.02988855116514691,0.1864406779661017,0.9,4.827272727272727
2030-01-13,Instagram,26-35,West India,Mobile,Video,22,96129,1,0.0896432190530111,8617,1.3,11202.1,0.1507245147688849,1202,1838,0.92648,0.08963996296643052,0.13949170244864803,1.3,9.31955074875208
2030-01-14,Google,26-35,South India,Mobile,Image,12,36902,1,0.0740765022510773,2733,0.9,2459.7000000000003,0.1116946592411734,282,1839,0.92644,0.07406102650262858,0.10318331503841932,0.9000000000000001,8.722340425531916
2030-01-15,Google,18-25,West India,Desktop,Text,10,84507,1,0.0561187166950133,4742,0.9,4267.8,0.1238904724354814,543,1840,0.9264,0.056113694723514025,0.11450864614086884,0.9,7.859668508287293
2030-01-16,Google,18-25,West India,Mobile,Video,21,9969,1,0.0655026130814655,652,0.9,586.8000000000001,0.1341730373980189,80,1841,0.92636,0.06540274852041328,0.12269938650306748,0.9000000000000001,7.335000000000001
2030-01-17,Google,36-50,North India,Mobile,Video,17,63805,1,0.0440691188592804,2811,0.9,2529.9,0.2044929115825167,531,1842,0.92632,0.0440561084554502,0.18890074706510138,0.9,4.764406779661017
2030-01-18,Instagram,18-25,North India,Mobile,Text,16,21646,1,0.1076548800923427,2330,1.3,3029.0,0.1098452112249095,236,1843,0.92628,0.10764113462071515,0.10128755364806867,1.3,12.834745762711865
2030-01-19,Instagram,18-25,North India,Mobile,Video,15,61566,1,0.0961830308162513,5921,1.3,7697.3,0.0564783455196437,309,1844,0.92624,0.09617321248741188,0.052187130552271574,1.3,24.910355987055016
2030-01-20,Google,18-25,North India,Mobile,Image,9,56818,1,0.051323813732009,2916,0.9,2624.4,0.0914541170352829,246,1845,0.9262,0.05132176422964554,0.08436213991769548,0.9,10.668292682926829
2030-01-21,Google,26-35,North India,Desktop,Video,3,64451,1,0.0531351363771689,3424,0.9,3081.6,0.1621502457712954,514,1846,0.92616,0.05312563032381189,0.15011682242990654,0.9,5.995330739299611
2030-01-22,Google,26-35,South India,Desktop,Image,3,4678,1,0.0597609084943825,279,0.9,251.1,0.1737248636174298,44,1847,0.92612,0.059640872167592986,0.15770609318996415,0.9,5.706818181818182
2030-01-23,Instagram,36-50,South India,Desktop,Text,21,94055,1,0.0890834242098117,8378,1.3,10891.4,0.1438700675464563,1115,1848,0.92608,0.08907554090691616,0.1330866555263786,1.3,9.768071748878924
2030-01-24,Instagram,36-50,South India,Mobile,Text,10,69879,1,0.1093860481828803,7643,1.3,9935.9,0.1653204181153777,1169,1849,0.92604,0.10937477639920434,0.1529504121418291,1.3,8.499486740804105
2030-01-25,Google,36-50,North India,Desktop,Text,20,5014,1,0.043351179261068,217,0.9,195.3,0.0875950719589031,17,1850,0.926,0.04327881930594336,0.07834101382488479,0.9,11.488235294117647
2030-01-26,Instagram,26-35,North India,Desktop,Video,7,6107,1,0.0720636099447264,440,1.3,572.0,0.0679546999369084,26,1851,0.92596,0.07204846897003439,0.05909090909090909,1.3,22.0
2030-01-27,Instagram,18-25,North India,Desktop,Text,8,38423,1,0.0886822411611121,3407,1.3,4429.1,0.1060360916118835,334,1852,0.92592,0.08867084818988627,0.09803346052245378,1.3,13.260778443113773
2030-01-28,Instagram,18-25,South India,Mobile,Video,15,33332,1,0.0686196630978241,2287,1.3,2973.1,0.0658743980429145,138,1853,0.92588,0.06861274450978039,0.06034105815478793,1.3,21.544202898550726
2030-01-29,Instagram,26-35,North India,Desktop,Video,9,35010,1,0.0732048579358388,2562,1.3,3330.6,0.2009743193676795,475,1854,0.92584,0.07317909168808912,0.18540202966432476,1.3,7.01178947368421
2030-01-30,Google,36-50,South India,Mobile,Video,22,89935,1,0.0873317737189604,7854,0.9,7068.6,0.1929769113809006,1402,1855,0.9258,0.08732973814421527,0.17850776674306085,0.9,5.041797432239658
2030-01-31,Instagram,36-50,North India,Desktop,Text,8,3661,1,0.0614915483160777,225,1.3,292.5,0.1433318705635292,29,1856,0.92576,0.061458617863971596,0.1288888888888889,1.3,10.086206896551724
2030-02-01,Google,36-50,West India,Mobile,Text,2,5798,2,0.0765930166902747,444,0.9,399.6,0.078893105931016,32,1857,0.92572,0.07657813038978958,0.07207207207207207,0.9,12.4875
2030-02-02,Instagram,26-35,South India,Mobile,Video,1,67076,2,0.0345465303709313,2317,1.3,3012.1,0.0557192292365062,119,1858,0.92568,0.03454290655375991,0.0513595166163142,1.3,25.311764705882354
2030-02-03,Instagram,36-50,West India,Desktop,Text,8,23329,2,0.0597389016544659,1393,1.3,1810.9,0.0960334740744092,123,1859,0.92564,0.059711089202280423,0.0882986360373295,1.3,14.722764227642276
2030-02-04,Instagram,36-50,South India,Mobile,Video,12,57060,2,0.0526966312652295,3006,1.3,3907.8,0.0751946685424942,209,1860,0.9256,0.0526813880126183,0.06952761144377911,1.3,18.69760765550239
2030-02-05,Instagram,26-35,North India,Mobile,Text,5,26850,2,0.0431058374609917,1157,1.3,1504.1,0.1091319111110301,116,1861,0.92556,0.04309124767225326,0.10025929127052723,1.2999999999999998,12.966379310344827
2030-02-06,Google,18-25,North India,Desktop,Image,3,85705,2,0.0201950885953508,1730,0.9,1557.0,0.104174339518157,166,1862,0.92552,0.02018552009801062,0.09595375722543352,0.9,9.379518072289157
2030-02-07,Google,26-35,West India,Desktop,Text,13,4157,2,0.0365323890234427,151,0.9,135.9,0.123660190171987,16,1863,0.92548,0.03632427231176329,0.10596026490066225,0.9,8.49375
2030-02-08,Instagram,26-35,North India,Mobile,Text,10,38485,2,0.1026746166714334,3951,1.3,5136.3,0.0652053270400553,237,1864,0.92544,0.10266337534104196,0.05998481397114654,1.3,21.672151898734178
2030-02-09,Instagram,26-35,South India,Desktop,Text,1,6336,2,0.059619740571863,377,1.3,490.1,0.1459377723715133,50,1865,0.9254,0.059501262626262624,0.13262599469496023,1.3,9.802
2030-02-10,Google,26-35,North India,Mobile,Video,2,73701,2,0.042147693814137,3106,0.9,2795.4,0.1494709590571263,429,1866,0.92536,0.042143254501295774,0.13811976819059885,0.9,6.516083916083916
2030-02-11,Google,18-25,North India,Mobile,Video,4,94154,2,0.0280079725309312,2637,0.9,2373.3,0.2032384717773908,495,1867,0.92532,0.02800730717760265,0.18771331058020477,0.9,4.794545454545455
2030-02-12,Google,36-50,South India,Mobile,Image,6,43280,2,0.0248464319999823,1075,0.9,967.5,0.0714977830098648,70,1868,0.92528,0.024838262476894638,0.06511627906976744,0.9,13.821428571428571
2030-02-13,Instagram,26-35,West India,Mobile,Image,10,53145,2,0.051769028825625,2751,1.3,3576.3,0.0471641853264738,119,1869,0.92524,0.05176404177250917,0.043256997455470736,1.3,30.05294117647059
2030-02-14,Instagram,18-25,West India,Mobile,Image,11,80290,2,0.0508865603073305,4085,1.3,5310.5,0.1591469913663829,601,1870,0.9252,0.050878067007099265,0.14712362301101592,1.3,8.836106489184692
2030-02-15,Google,36-50,North India,Mobile,Video,10,6209,2,0.027695149500589,171,0.9,153.9,0.0996168252801786,15,1871,0.92516,0.027540666774037686,0.08771929824561403,0.9,10.26
2030-02-16,Google,36-50,South India,Desktop,Image,18,62402,2,0.0429488149484149,2680,0.9,2412.0,0.110411940057107,272,1872,0.92512,0.04294734143136438,0.10149253731343283,0.9,8.867647058823529
2030-02-17,Instagram,36-50,West India,Mobile,Image,12,81026,2,0.0986607131275504,7994,1.3,10392.2,0.1695935567242701,1253,1873,0.92508,0.09865968948238837,0.15674255691768826,1.3,8.293854748603353
2030-02-18,Instagram,26-35,West India,Desktop,Text,3,94137,2,0.073296938750479,6899,1.3,8968.7,0.0864429206115209,551,1874,0.92504,0.07328680540063949,0.07986664734019423,1.3,16.277132486388386
2030-02-19,Google,26-35,North India,Desktop,Image,13,8645,2,0.0488086058817196,421,0.9,378.9,0.0776365371516216,29,1875,0.925,0.048698669751301334,0.0688836104513064,0.8999999999999999,13.06551724137931
2030-02-20,Instagram,36-50,South India,Mobile,Text,11,39508,2,0.0736463511092614,2909,1.3,3781.7,0.0451879602402864,121,1876,0.92496,0.07363065708210995,0.041595049845307666,1.3,31.25371900826446
2030-02-21,Google,36-50,West India,Desktop,Video,1,58822,2,0.0221365141982422,1302,0.9,1171.8,0.1224131369299878,147,1877,0.92492,0.02213457549896297,0.11290322580645161,0.8999999999999999,7.9714285714285715
2030-02-22,Google,36-50,North India,Desktop,Video,7,7018,2,0.0466665356053221,327,0.9,294.3,0.1501302635407345,45,1878,0.92488,0.04659447135936164,0.13761467889908258,0.9,6.54
2030-02-23,Instagram,36-50,North India,Mobile,Text,21,51908,2,0.0522203990421918,2710,1.3,3523.0,0.0627302402771926,156,1879,0.92484,0.05220775217692841,0.057564575645756455,1.3,22.583333333333332
2030-02-24,Instagram,36-50,North India,Mobile,Image,18,27374,2,0.0868220866256019,2376,1.3,3088.8,0.1334646598413294,293,1880,0.9248,0.08679769123986264,0.12331649831649831,1.3,10.5419795221843
2030-02-25,Instagram,36-50,North India,Desktop,Video,12,6713,2,0.0393023104158538,263,1.3,341.90000000000003,0.1219309261059796,29,1881,0.92476,0.03917771488157307,0.11026615969581749,1.3,11.789655172413795
2030-02-26,Instagram,18-25,West India,Desktop,Text,20,96608,2,0.070559803448887,6816,1.3,8860.800000000001,0.136114767761817,857,1882,0.92472,0.07055316329910566,0.12573356807511737,1.3000000000000003,10.339323220536757
2030-02-27,Instagram,36-50,South India,Desktop,Video,20,88071,2,0.0546194004133012,4810,1.3,6253.0,0.0826890848766029,367,1883,0.92468,0.054615026512699984,0.0762993762993763,1.3,17.03814713896458
2030-02-28,Google,26-35,North India,Mobile,Video,0,97856,2,0.0692525567169609,6776,0.9,6098.400000000001,0.166429914257103,1042,1884,0.92464,0.06924460431654676,0.1537780401416765,0.9000000000000001,5.852591170825336
2030-03-01,Google,26-35,North India,Mobile,Image,4,94099,3,0.0808727959734803,7610,0.9,6849.0,0.1782324419729661,1253,1885,0.9246,0.08087227281905228,0.16465177398160316,0.9,5.46608140462889
2030-03-02,Google,26-35,West India,Mobile,Video,21,85498,3,0.0450353676288669,3850,0.9,3465.0,0.189810338602678,674,1886,0.92456,0.04503029310627149,0.17506493506493506,0.9,5.140949554896142
2030-03-03,Google,36-50,North India,Mobile,Text,10,2026,3,0.0732137423513391,148,0.9,133.20000000000002,0.0860103365531043,11,1887,0.92452,0.07305034550839092,0.07432432432432433,0.9000000000000001,12.109090909090911
2030-03-04,Instagram,26-35,North India,Mobile,Image,10,71009,3,0.0688557915333011,4889,1.3,6355.7,0.075515678703953,341,1888,0.92448,0.06885042741060993,0.06974841480875435,1.3,18.63841642228739
2030-03-05,Instagram,18-25,South India,Mobile,Text,12,71203,3,0.0669433722701799,4766,1.3,6195.8,0.0553039243303723,243,1889,0.92444,0.06693538193615438,0.05098615190935795,1.3,25.49711934156379
2030-03-06,Google,36-50,North India,Mobile,Text,1,52106,3,0.0672726189682855,3505,0.9,3154.5,0.1154118837639016,373,1890,0.9244,0.06726672552105324,0.10641940085592011,0.9,8.45710455764075
2030-03-07,Google,26-35,West India,Desktop,Text,18,94425,3,0.0275002921788948,2596,0.9,2336.4,0.0560996299122419,134,1891,0.92436,0.027492719089224252,0.05161787365177196,0.9,17.43582089552239
2030-03-08,Instagram,18-25,South India,Mobile,Image,15,92676,3,0.1086818611630133,10072,1.3,13093.6,0.1904087002475057,1771,1892,0.92432,0.1086797013250464,0.17583399523431295,1.3,7.393337097684924
2030-03-09,Google,18-25,West India,Mobile,Video,4,83506,3,0.0646888250168897,5401,0.9,4860.900000000001,0.230344260930118,1149,1893,0.92428,0.06467798721049985,0.21273838178115165,0.9000000000000001,4.230548302872063
2030-03-10,Instagram,26-35,South India,Desktop,Text,13,82477,3,0.0544616017148561,4491,1.3,5838.3,0.0606922837751969,251,1894,0.92424,0.054451544066830754,0.0558895568915609,1.3,23.2601593625498
2030-03-11,Instagram,18-25,South India,Desktop,Video,18,95564,3,0.0818212109999112,7819,1.3,10164.7,0.1345240439215351,971,1895,0.9242,0.08181951362437738,0.12418467834761479,1.3,10.468280123583934
2030-03-12,Instagram,26-35,North India,Mobile,Video,4,34452,3,0.0492699474790225,1697,1.3,2206.1,0.2147074908361849,336,1896,0.92416,0.049256937187971674,0.1979964643488509,1.3,6.565773809523809
2030-03-13,Google,18-25,North India,Mobile,Text,20,88962,3,0.0962646752089133,8563,0.9,7706.7,0.0940644683169816,743,1897,0.92412,0.09625458060745037,0.08676865584491417,0.9,10.372409152086137
2030-03-14,Google,36-50,North India,Desktop,Video,23,4268,3,0.0353870315682336,151,0.9,135.9,0.1441576428556387,19,1898,0.92408,0.035379568884723524,0.12582781456953643,0.9,7.152631578947369
2030-03-15,Instagram,36-50,West India,Mobile,Image,8,81729,3,0.0916797373270312,7492,1.3,9739.6,0.1591174638404295,1101,1899,0.92404,0.09166880788948843,0.14695675387079551,1.3,8.84613987284287
2030-03-16,Instagram,36-50,North India,Desktop,Image,23,94602,3,0.0459271954211555,4344,1.3,5647.2,0.072601038015952,291,1900,0.924,0.04591869093676666,0.06698895027624309,1.3,19.406185567010308
2030-03-17,Google,36-50,North India,Mobile,Video,11,1658,3,0.0376901300377846,62,0.9,55.8,0.2220594108606255,12,1901,0.92396,0.03739445114595899,0.1935483870967742,0.8999999999999999,4.6499999999999995
2030-03-18,Instagram,36-50,South India,Mobile,Video,15,35064,3,0.0994392575092581,3486,1.3,4531.8,0.2168180041832419,697,1902,0.92392,0.09941820670773442,0.19994262765347104,1.3,6.501865136298422
2030-03-19,Google,26-35,North India,Mobile,Image,18,35293,3,0.0883775170773286,3119,0.9,2807.1,0.0654089240030308,188,1903,0.92388,0.08837446519139773,0.06027572940044886,0.9,14.931382978723404
2030-03-20,Instagram,36-50,North India,Mobile,Video,14,44042,3,0.1145004181685128,5042,1.3,6554.6,0.0696593749677496,324,1904,0.92384,0.11448163117024658,0.064260214200714,1.3,20.23024691358025
2030-03-21,Google,36-50,North India,Mobile,Video,16,8792,3,0.0430704801485726,378,0.9,340.2,0.214300564089958,74,1905,0.9238,0.042993630573248405,0.19576719576719576,0.9,4.597297297297297
2030-03-22,Instagram,36-50,North India,Mobile,Video,14,7604,3,0.1100730497724351,836,1.3,1086.8,0.1704234805463854,131,1906,0.92376,0.10994213571804314,0.15669856459330145,1.3,8.29618320610687
2030-03-23,Google,36-50,South India,Desktop,Video,2,48821,3,0.0332553300831893,1623,0.9,1460.7,0.0659199619887074,97,1907,0.92372,0.033243890948567216,0.05976586568083796,0.9,15.058762886597938
2030-03-24,Google,18-25,North India,Mobile,Text,16,39557,3,0.0521099460916711,2061,0.9,1854.9,0.0531868208081924,100,1908,0.92368,0.05210202998205122,0.048520135856380396,0.9,18.549
2030-03-25,Google,36-50,South India,Mobile,Video,12,8420,3,0.0247805969919188,208,0.9,187.2,0.0678027289695113,12,1909,0.92364,0.02470308788598575,0.057692307692307696,0.8999999999999999,15.6
2030-03-26,Google,36-50,West India,Desktop,Image,8,39521,3,0.0303033046511907,1197,0.9,1077.3,0.1940085827885153,214,1910,0.9236,0.030287695149414234,0.17878028404344193,0.8999999999999999,5.03411214953271
2030-03-27,Instagram,26-35,North India,Mobile,Text,12,62951,3,0.0625917494445129,3940,1.3,5122.0,0.0974402485723799,353,1911,0.92356,0.06258836237708694,0.08959390862944162,1.3,14.509915014164307
2030-03-28,Instagram,18-25,North India,Desktop,Text,15,24018,3,0.0478342563048904,1148,1.3,1492.4,0.093000469089801,97,1912,0.92352,0.04779748521941877,0.08449477351916376,1.3,15.385567010309279
2030-03-29,Google,26-35,North India,Desktop,Image,18,64076,3,0.0615625026038712,3944,0.9,3549.6,0.1816304334919666,661,1913,0.92348,0.06155190711030651,0.16759634888438135,0.9,5.370045385779123
2030-03-30,Google,36-50,South India,Mobile,Video,13,6108,3,0.0382534196219503,233,0.9,209.7,0.1606624051588324,34,1914,0.92344,0.03814669286182056,0.1459227467811159,0.8999999999999999,6.167647058823529
2030-03-31,Instagram,26-35,North India,Mobile,Text,7,93686,3,0.113198590332885,10605,1.3,13786.5,0.0999154039936767,977,1915,0.9234,0.11319727600708751,0.09212635549269213,1.3,14.111054247697032
2030-04-01,Instagram,26-35,North India,Desktop,Text,21,71783,4,0.1101910335176435,7909,1.3,10281.7,0.1722626211805132,1257,1916,0.92336,0.11017929036122759,0.15893286129725628,1.3,8.179554494828958
2030-04-02,Instagram,36-50,West India,Mobile,Video,18,74937,4,0.1222650912654608,9162,1.3,11910.6,0.0800647348962545,676,1917,0.92332,0.1222627006685616,0.07378301680855709,1.3,17.61923076923077
2030-04-03,Google,18-25,South India,Mobile,Video,23,18007,4,0.0678716651343659,1222,0.9,1099.8,0.2819609837357046,317,1918,0.92328,0.06786249791747653,0.25941080196399346,0.8999999999999999,3.4694006309148264
2030-04-04,Google,18-25,South India,Desktop,Image,2,10997,4,0.0276220705209478,303,0.9,272.7,0.0834172758869034,23,1919,0.92324,0.027552968991543147,0.07590759075907591,0.8999999999999999,11.856521739130434
2030-04-05,Instagram,26-35,West India,Desktop,Text,22,6261,4,0.0603776619005342,378,1.3,491.4,0.1083317570042293,36,1920,0.9232,0.06037374221370388,0.09523809523809523,1.3,13.649999999999999
2030-04-06,Google,36-50,South India,Desktop,Video,20,70804,4,0.0816949734216912,5784,0.9,5205.6,0.1382292095928272,737,1921,0.92316,0.0816902999830518,0.1274204702627939,0.9,7.063229308005428
2030-04-07,Instagram,26-35,North India,Mobile,Video,17,72520,4,0.0507150697258087,3677,1.3,4780.1,0.2377022775316076,806,1922,0.92312,0.05070325427468285,0.21920043513734022,1.3,5.930645161290323
2030-04-08,Google,26-35,North India,Mobile,Image,15,21926,4,0.0608783412838472,1334,0.9,1200.6,0.1230863280878677,151,1923,0.92308,0.06084101067226124,0.11319340329835083,0.8999999999999999,7.950993377483443
2030-04-09,Instagram,26-35,West India,Mobile,Text,13,98398,4,0.043155520470977,4246,1.3,5519.8,0.0440864729977327,172,1924,0.92304,0.04315128356267404,0.04050871408384362,1.3,32.09186046511628
2030-04-10,Google,36-50,South India,Mobile,Video,15,98994,4,0.0358338432015773,3547,0.9,3192.3,0.1125222259410349,368,1925,0.923,0.03583045437097198,0.10374964758951226,0.9,8.674728260869566
2030-04-11,Instagram,36-50,South India,Mobile,Image,23,66546,4,0.1315811012270789,8756,1.3,11382.8,0.1324140661167299,1069,1926,0.92296,0.1315781564631984,0.12208771128369118,1.2999999999999998,10.648082319925162
2030-04-12,Google,18-25,South India,Mobile,Text,16,18144,4,0.0428263160491449,777,0.9,699.3000000000001,0.1511274052303613,107,1927,0.92292,0.04282407407407408,0.1377091377091377,0.9000000000000001,6.53551401869159
2030-04-13,Instagram,36-50,West India,Mobile,Text,19,26903,4,0.094899291187322,2553,1.3,3318.9,0.1210397481650867,285,1928,0.92288,0.09489647994647438,0.11163337250293771,1.3,11.645263157894737
2030-04-14,Google,26-35,North India,Mobile,Text,10,2177,4,0.0321683794809429,70,0.9,63.0,0.1540586947883098,9,1929,0.92284,0.03215434083601286,0.12857142857142856,0.9,7.0
2030-04-15,Instagram,26-35,West India,Mobile,Text,12,93482,4,0.127848174810414,11951,1.3,15536.3,0.1591003163711003,1754,1930,0.9228,0.12784279326501358,0.14676596100744707,1.3,8.85763968072976
2030-04-16,Instagram,18-25,North India,Mobile,Image,10,61952,4,0.121958076518493,7555,1.3,9821.5,0.1398452843633847,974,1931,0.92276,0.12194925103305786,0.12892124420913303,1.3,10.083675564681725
2030-04-17,Instagram,36-50,West India,Desktop,Video,3,10168,4,0.0516594919022854,525,1.3,682.5,0.1727770911897294,83,1932,0.92272,0.05163257277734068,0.1580952380952381,1.3,8.22289156626506
2030-04-18,Instagram,26-35,North India,Mobile,Text,13,3389,4,0.0474721966840084,160,1.3,208.0,0.076495825373586,11,1933,0.92268,0.0472115668338743,0.06875,1.3,18.90909090909091
2030-04-19,Instagram,18-25,South India,Desktop,Text,4,7364,4,0.0542279396728809,399,1.3,518.7,0.1953478532733373,71,1934,0.92264,0.05418250950570342,0.17794486215538846,1.3,7.305633802816902
2030-04-20,Instagram,18-25,South India,Desktop,Video,3,28033,4,0.0654551506983355,1834,1.3,2384.2000000000003,0.0804025526569298,135,1935,0.9226,0.0654228944458317,0.07360959651035986,1.3,17.660740740740742
2030-04-21,Google,26-35,South India,Mobile,Text,0,49545,4,0.0325598003091224,1613,0.9,1451.7,0.107245512997207,158,1936,0.92256,0.032556261984054896,0.09795412275263485,0.9,9.187974683544304
2030-04-22,Instagram,26-35,West India,Mobile,Text,13,12865,4,0.1111055069559303,1429,1.3,1857.7,0.1351673650385968,178,1937,0.92252,0.11107656432180334,0.1245626312106368,1.3,10.436516853932584
2030-04-23,Google,36-50,West India,Mobile,Video,6,19936,4,0.0353597865188853,704,0.9,633.6,0.2482456809772797,160,1938,0.92248,0.03531300160513644,0.22727272727272727,0.9,3.96
2030-04-24,Google,18-25,West India,Desktop,Video,9,78863,4,0.0521484320756283,4112,0.9,3700.8,0.1587084017092146,601,1939,0.92244,0.05214105474049935,0.14615758754863814,0.9,6.157737104825292
2030-04-25,Google,26-35,South India,Mobile,Text,1,98788,4,0.0543915840318454,5373,0.9,4835.7,0.1856110078076601,919,1940,0.9224,0.054389197068469855,0.17104038712078914,0.8999999999999999,5.261915125136017
2030-04-26,Google,18-25,North India,Desktop,Video,9,4741,4,0.0465709142574489,220,0.9,198.0,0.0747912534818104,14,1941,0.92236,0.04640371229698376,0.06363636363636363,0.9,14.142857142857142
2030-04-27,Instagram,36-50,South India,Desktop,Image,2,90537,4,0.0662543655197805,5998,1.3,7797.400000000001,0.151036755490213,834,1942,0.92232,0.06624915780288722,0.13904634878292765,1.3,9.349400479616307
2030-04-28,Instagram,26-35,South India,Desktop,Image,20,4839,4,0.0652993098922392,315,1.3,409.5,0.111206143440144,32,1943,0.92228,0.06509609423434594,0.10158730158730159,1.3,12.796875
2030-04-29,Instagram,36-50,North India,Mobile,Text,7,20139,4,0.1104127947000227,2223,1.3,2889.9,0.1467042227203551,300,1944,0.92224,0.1103828392670937,0.1349527665317139,1.3,9.633000000000001
2030-04-30,Google,18-25,North India,Desktop,Text,9,47905,4,0.0555914607290739,2663,0.9,2396.7000000000003,0.0991279961826142,242,1945,0.9222,0.055589186932470516,0.09087495306045813,0.9000000000000001,9.903719008264463
2030-05-01,Google,36-50,North India,Desktop,Video,7,91934,5,0.0343667526515701,3159,0.9,2843.1,0.1214502967880121,353,1946,0.92216,0.034361607239976506,0.11174422285533396,0.9,8.054107648725212
2030-05-02,Google,36-50,North India,Mobile,Video,13,53749,5,0.023488814422533,1262,0.9,1135.8,0.0559392222861401,64,1947,0.92212,0.023479506595471544,0.05071315372424723,0.8999999999999999,17.746875
2030-05-03,Google,18-25,South India,Mobile,Text,17,26036,5,0.0284090185895313,739,0.9,665.1,0.0947355170161577,64,1948,0.92208,0.028383776309724995,0.08660351826792964,0.9,10.3921875
2030-05-04,Google,36-50,West India,Mobile,Text,8,46272,5,0.0621976987796661,2878,0.9,2590.2000000000003,0.0436186149349611,115,1949,0.92204,0.06219744121715076,0.03995830437804031,0.9000000000000001,22.523478260869567
2030-05-05,Google,18-25,South India,Mobile,Image,21,2740,5,0.0507674592639669,139,0.9,125.1,0.0901325661859122,11,1950,0.922,0.05072992700729927,0.07913669064748201,0.8999999999999999,11.372727272727273
2030-05-06,Google,26-35,North India,Desktop,Video,8,85044,5,0.033049684612919,2810,0.9,2529.0,0.0658502824338208,170,1951,0.92196,0.033041719580452475,0.060498220640569395,0.9,14.876470588235295
2030-05-07,Instagram,18-25,West India,Mobile,Text,3,59788,5,0.078605380010455,4699,1.3,6108.7,0.0738032300080457,318,1952,0.92192,0.07859436676256105,0.0676739731857842,1.3,19.209748427672956
2030-05-08,Instagram,18-25,West India,Desktop,Text,2,32611,5,0.0870217207027264,2837,1.3,3688.1,0.0610592130328958,159,1953,0.92188,0.08699518567354574,0.05604511808248149,1.3,23.19559748427673
2030-05-09,Instagram,26-35,South India,Desktop,Video,13,71827,5,0.0320782112417657,2304,1.3,2995.2000000000003,0.1055012554869657,224,1954,0.92184,0.032077074080777424,0.09722222222222222,1.3,13.371428571428572
2030-05-10,Instagram,18-25,South India,Mobile,Video,13,32109,5,0.090939220904571,2919,1.3,3794.7,0.080221703250658,215,1955,0.9218,0.09090909090909091,0.0736553614251456,1.3,17.649767441860465
2030-05-11,Instagram,26-35,South India,Mobile,Text,20,20481,5,0.1199454548195239,2456,1.3,3192.8,0.0949446365436193,214,1956,0.92176,0.11991601972559933,0.08713355048859935,1.3,14.9196261682243
2030-05-12,Google,26-35,West India,Mobile,Text,15,6247,5,0.0739949638138444,462,0.9,415.8,0.0932116003431756,39,1957,0.92172,0.07395549863934689,0.08441558441558442,0.9,10.661538461538461
2030-05-13,Instagram,18-25,West India,Desktop,Text,4,54621,5,0.0480897360933166,2626,1.3,3413.8,0.1335610754865057,322,1958,0.92168,0.04807674703868475,0.12261995430312261,1.3,10.601863354037267
2030-05-14,Instagram,36-50,West India,Mobile,Video,19,22383,5,0.0724550511121132,1621,1.3,2107.3,0.1385226676462164,206,1959,0.92164,0.07242103382031005,0.1270820481184454,1.3,10.229611650485438
2030-05-15,Google,36-50,North India,Mobile,Text,22,65535,5,0.0562725845615597,3687,0.9,3318.3,0.0581610386538916,197,1960,0.9216,0.05626001373311971,0.05343097369134798,0.9,16.844162436548224
2030-05-16,Google,26-35,North India,Mobile,Text,23,26319,5,0.0638473371665017,1680,0.9,1512.0,0.1154930085042468,178,1961,0.92156,0.06383221247007866,0.10595238095238095,0.9,8.49438202247191
2030-05-17,Instagram,36-50,South India,Desktop,Text,14,40334,5,0.0358224948282248,1444,1.3,1877.2,0.0763095991489133,101,1962,0.92152,0.0358010611394853,0.06994459833795014,1.3,18.586138613861387
2030-05-18,Google,36-50,West India,Desktop,Image,20,24728,5,0.0495987286135245,1226,0.9,1103.4,0.1458955165164371,164,1963,0.92148,0.04957942413458428,0.13376835236541598,0.9,6.728048780487805
2030-05-19,Instagram,18-25,South India,Mobile,Image,8,31442,5,0.0557352015483265,1752,1.3,2277.6,0.1036232649637396,166,1964,0.92144,0.05572164620571211,0.09474885844748858,1.3,13.720481927710843
2030-05-20,Instagram,26-35,West India,Mobile,Video,6,87846,5,0.0618696576417161,5435,1.3,7065.5,0.134297410514479,671,1965,0.9214,0.06186963549848599,0.12345906163753449,1.3,10.529806259314457
2030-05-21,Google,26-35,South India,Desktop,Text,12,43521,5,0.0597308170798458,2599,0.9,2339.1,0.1033416038630066,246,1966,0.92136,0.059718296914133405,0.09465178914967295,0.8999999999999999,9.508536585365853
2030-05-22,Google,18-25,North India,Mobile,Text,22,65777,5,0.0695855193170997,4577,0.9,4119.3,0.140334631646472,591,1967,0.92132,0.06958359304924214,0.1291238802709198,0.9,6.97005076142132
2030-05-23,Google,36-50,West India,Mobile,Video,7,87988,5,0.0581745273413988,5118,0.9,4606.2,0.0738157729479108,347,1968,0.92128,0.05816702277583307,0.06779992184447049,0.8999999999999999,13.274351585014408
2030-05-24,Google,26-35,North India,Mobile,Video,11,13137,5,0.035581628136551,467,0.9,420.3,0.195393473529933,83,1969,0.92124,0.03554845094009287,0.1777301927194861,0.9,5.063855421686747
2030-05-25,Google,36-50,West India,Mobile,Video,3,44636,5,0.0675742922094968,3016,0.9,2714.4,0.1424140826729288,395,1970,0.9212,0.06756877856438749,0.1309681697612732,0.9,6.871898734177216
2030-05-26,Instagram,26-35,South India,Mobile,Text,15,15905,5,0.0850820522428661,1353,1.3,1758.9,0.1674738353012884,208,1971,0.92116,0.08506758880855077,0.15373244641537326,1.3,8.45625
2030-05-27,Google,26-35,West India,Mobile,Image,5,88309,5,0.0674436835599136,5955,0.9,5359.5,0.1202393586426207,659,1972,0.92112,0.06743367040731975,0.11066330814441645,0.9,8.132776934749621
2030-05-28,Google,26-35,North India,Mobile,Video,4,31024,5,0.0581818825658387,1805,0.9,1624.5,0.1503576270602167,249,1973,0.92108,0.05818076328004126,0.13795013850415513,0.9,6.524096385542169
2030-05-29,Google,26-35,West India,Mobile,Text,0,65966,5,0.0384626014317388,2537,0.9,2283.3,0.1231993301685728,287,1974,0.92104,0.038459206257769156,0.11312573906188411,0.9,7.955749128919861
2030-05-30,Instagram,36-50,South India,Mobile,Video,13,18702,5,0.0898973196826972,1681,1.3,2185.3,0.2046666403296223,316,1975,0.921,0.0898834349267458,0.18798334324806662,1.3,6.915506329113924
2030-05-31,Google,36-50,West India,Mobile,Text,8,17505,5,0.0262331214322735,459,0.9,413.1,0.0908300695599886,37,1976,0.92096,0.02622107969151671,0.08061002178649238,0.9,11.164864864864866
2030-06-01,Google,36-50,North India,Mobile,Video,17,70790,6,0.0515182352105916,3646,0.9,3281.4,0.1462084051597152,490,1977,0.92092,0.05150444978104252,0.13439385628085573,0.9,6.696734693877551
2030-06-02,Instagram,36-50,South India,Mobile,Text,5,62071,6,0.0515900449262606,3202,1.3,4162.6,0.1119937749554022,329,1978,0.92088,0.051586086900484926,0.10274828232354778,1.3,12.65227963525836
2030-06-03,Instagram,18-25,North India,Desktop,Video,14,9498,6,0.0599660143209841,569,1.3,739.7,0.1050425304961308,54,1979,0.92084,0.05990734891556117,0.09490333919156414,1.3,13.69814814814815
2030-06-04,Google,26-35,West India,Mobile,Image,15,78710,6,0.023964799245177,1886,0.9,1697.4,0.1471660829830658,255,1980,0.9208,0.02396137720747046,0.1352067868504772,0.9,6.656470588235295
2030-06-05,Instagram,26-35,North India,Desktop,Video,7,59456,6,0.0638098779039717,3793,1.3,4930.900000000001,0.0724990496388676,252,1981,0.92076,0.06379507534983854,0.0664381755866069,1.3,19.567063492063493
2030-06-06,Google,26-35,West India,Mobile,Video,18,95958,6,0.0414166866036849,3974,0.9,3576.6,0.0722740615358294,264,1982,0.92072,0.041413951937305904,0.06643180674383492,0.9,13.547727272727272
2030-06-07,Google,18-25,South India,Mobile,Image,4,30733,6,0.0402499555755581,1237,0.9,1113.3,0.1495409107808548,169,1983,0.92068,0.04024989425047994,0.13662085691188358,0.8999999999999999,6.587573964497041
2030-06-08,Google,36-50,North India,Mobile,Video,13,68432,6,0.0237363092047816,1624,0.9,1461.6,0.1399755232655642,208,1984,0.92064,0.023731587561374796,0.12807881773399016,0.8999999999999999,7.026923076923077
2030-06-09,Google,26-35,North India,Mobile,Image,6,58158,6,0.0587384791340475,3416,0.9,3074.4,0.0762363998205203,239,1985,0.9206,0.058736545273221225,0.06996487119437939,0.9,12.863598326359833
2030-06-10,Instagram,36-50,West India,Desktop,Text,3,4911,6,0.0634739423329365,311,1.3,404.3,0.1041014357055937,29,1986,0.92056,0.06332722459784158,0.0932475884244373,1.3,13.941379310344828
2030-06-11,Google,36-50,North India,Mobile,Image,20,50105,6,0.0259830446720292,1301,0.9,1170.9,0.1334712722560607,159,1987,0.92052,0.025965472507733758,0.12221368178324366,0.9,7.364150943396227
2030-06-12,Google,18-25,North India,Mobile,Image,0,74876,6,0.0703436055475926,5267,0.9,4740.3,0.0635136766162445,307,1988,0.92048,0.07034296703883755,0.05828745016138219,0.9,15.44071661237785
2030-06-13,Instagram,18-25,South India,Desktop,Text,3,83959,6,0.0361130044030659,3032,1.3,3941.6,0.1078292672605908,300,1989,0.92044,0.03611286461248943,0.09894459102902374,1.3,13.138666666666666
2030-06-14,Instagram,36-50,West India,Mobile,Image,13,65322,6,0.0322328727519524,2105,1.3,2736.5,0.1476805647688426,285,1990,0.9204,0.03222497780227182,0.13539192399049882,1.3,9.601754385964913
2030-06-15,Google,26-35,West India,Mobile,Image,22,37672,6,0.0855523066047717,3222,0.9,2899.8,0.0926947256107121,274,1991,0.92036,0.08552771289021023,0.08504034761018,0.9,10.583211678832118
2030-06-16,Instagram,26-35,South India,Mobile,Text,15,71412,6,0.0710185901427064,5071,1.3,6592.3,0.106628318270112,496,1992,0.92032,0.07101047443006778,0.09781108262670085,1.3,13.290927419354839
2030-06-17,Google,18-25,South India,Mobile,Video,6,67239,6,0.0483896738624843,3253,0.9,2927.7000000000003,0.0639477282420746,191,1993,0.92028,0.04837966061363197,0.058715032277897324,0.9000000000000001,15.328272251308903
2030-06-18,Instagram,18-25,West India,Mobile,Video,9,64804,6,0.0544661328760769,3529,1.3,4587.7,0.1781428089343218,577,1994,0.92024,0.054456515029936425,0.16350240861433835,1.3,7.950953206239168
2030-06-19,Instagram,18-25,South India,Mobile,Image,9,62727,6,0.0626443918030984,3929,1.3,5107.7,0.1582732877684412,571,1995,0.9202,0.062636504216685,0.1453296004072283,1.3,8.945183887915936
2030-06-20,Instagram,18-25,South India,Mobile,Video,3,7440,6,0.0874002197573667,650,1.3,845.0,0.1302600317680863,77,1996,0.92016,0.08736559139784947,0.11846153846153847,1.3,10.974025974025974
2030-06-21,Google,18-25,South India,Mobile,Video,11,98473,6,0.0288469325944028,2840,0.9,2556.0,0.071095250892647,184,1997,0.92012,0.028840392798025853,0.0647887323943662,0.9,13.891304347826088
2030-06-22,Google,18-25,West India,Desktop,Image,5,68560,6,0.0326924949484503,2241,0.9,2016.9,0.1258330382838622,258,1998,0.92008,0.032686697782963826,0.11512717536813923,0.9,7.817441860465117
2030-06-23,Google,18-25,South India,Desktop,Text,12,16751,6,0.0519886359215537,870,0.9,783.0,0.10678294279931,84,1999,0.92004,0.05193719777923706,0.09655172413793103,0.9,9.321428571428571
2030-06-24,Google,26-35,North India,Desktop,Video,20,13730,6,0.0298770235345295,410,0.9,369.0,0.1827315420546748,68,2000,0.92,0.02986161689730517,0.16585365853658537,0.9,5.426470588235294
2030-06-25,Google,18-25,North India,Desktop,Image,0,65792,6,0.0483012263072884,3177,0.9,2859.3,0.0714538077407494,208,2001,0.91996,0.04828854571984436,0.06547056971986151,0.9,13.746634615384616
2030-06-26,Instagram,18-25,West India,Desktop,Text,7,22380,6,0.0814747478600245,1823,1.3,2369.9,0.0359545067967769,59,2002,0.91992,0.08145665773011618,0.03236423477783873,1.3,40.167796610169496
2030-06-27,Google,26-35,South India,Desktop,Video,22,29972,6,0.0234593758720004,703,0.9,632.7,0.0948820859399816,60,2003,0.91988,0.02345522487655145,0.08534850640113797,0.9,10.545
2030-06-28,Google,26-35,North India,Mobile,Text,15,65385,6,0.0220719083758688,1443,0.9,1298.7,0.0766411398182925,101,2004,0.91984,0.02206928194540032,0.06999306999306999,0.9,12.85841584158416
2030-06-29,Instagram,36-50,West India,Mobile,Image,4,38113,6,0.0649960461659236,2477,1.3,3220.1,0.0586741104674906,133,2005,0.9198,0.06499094797050875,0.05369398465886153,1.3,24.21127819548872
2030-06-30,Google,18-25,North India,Mobile,Text,6,11149,6,0.0570658969801387,636,0.9,572.4,0.1359060836498209,79,2006,0.91976,0.05704547493048704,0.12421383647798742,0.8999999999999999,7.245569620253164
2030-07-01,Instagram,18-25,South India,Mobile,Text,2,56014,7,0.0615544462846419,3447,1.3,4481.1,0.0665109853020325,210,2007,0.91972,0.06153818688185097,0.060922541340295906,1.3,21.33857142857143
2030-07-02,Google,18-25,West India,Desktop,Image,23,39402,7,0.0480479985270222,1893,0.9,1703.7,0.1349005196058834,234,2008,0.91968,0.04804324653570885,0.12361331220285261,0.9,7.280769230769231
2030-07-03,Google,18-25,North India,Mobile,Video,20,83917,7,0.0703202374398467,5901,0.9,5310.900000000001,0.1180763847424305,640,2009,0.91964,0.07031948234565107,0.10845619386544654,0.9000000000000001,8.29828125
2030-07-04,Google,36-50,West India,Mobile,Video,1,50557,7,0.0663605042443347,3354,0.9,3018.6,0.1412648396108812,434,2010,0.9196,0.06634096168680895,0.12939773404889685,0.9,6.955299539170507
2030-07-05,Google,26-35,North India,Mobile,Text,1,98895,7,0.0274717088087114,2716,0.9,2444.4,0.1377394731372937,343,2011,0.91956,0.027463471358511553,0.12628865979381443,0.9,7.126530612244898
2030-07-06,Instagram,26-35,North India,Mobile,Text,19,1243,7,0.0873124808655129,108,1.3,140.4,0.0923921617987749,8,2012,0.91952,0.08688656476267095,0.07407407407407407,1.3,17.55
2030-07-07,Google,18-25,South India,Mobile,Text,22,3414,7,0.0305248098918387,104,0.9,93.6,0.0773541475254997,7,2013,0.91948,0.03046280023432923,0.0673076923076923,0.8999999999999999,13.37142857142857
2030-07-08,Google,18-25,South India,Mobile,Text,9,4856,7,0.0316770927150335,153,0.9,137.70000000000002,0.0663045928526679,9,2014,0.91944,0.03150741350906096,0.058823529411764705,0.9000000000000001,15.300000000000002
2030-07-09,Google,18-25,North India,Mobile,Video,19,72799,7,0.0478830595885054,3485,0.9,3136.5,0.187962062062295,602,2015,0.9194,0.04787153669693265,0.1727403156384505,0.9,5.210132890365449
2030-07-10,Google,36-50,West India,Mobile,Image,8,82335,7,0.0609064082236206,5014,0.9,4512.6,0.1781415091940166,820,2016,0.91936,0.060897552681119814,0.16354208216992422,0.9,5.503170731707318
2030-07-11,Instagram,36-50,West India,Mobile,Image,17,59949,7,0.0737827867932133,4423,1.3,5749.900000000001,0.0752565022452932,305,2017,0.91932,0.07377937913893476,0.06895772100384355,1.3,18.852131147540984
2030-07-12,Google,26-35,South India,Mobile,Image,5,42392,7,0.040838644791225,1731,0.9,1557.9,0.1551777956730282,246,2018,0.91928,0.04083317607095678,0.14211438474870017,0.9,6.332926829268293
2030-07-13,Instagram,18-25,North India,Desktop,Text,19,13470,7,0.0922464237613957,1242,1.3,1614.6,0.0894753185233414,102,2019,0.91924,0.09220489977728286,0.0821256038647343,1.2999999999999998,15.829411764705881
2030-07-14,Instagram,18-25,South India,Mobile,Text,5,14772,7,0.091184667156175,1346,1.3,1749.8,0.1288445144328423,159,2020,0.9192,0.09111833197942053,0.11812778603268945,1.3,11.00503144654088
2030-07-15,Instagram,18-25,North India,Mobile,Image,9,28382,7,0.0812989784965198,2307,1.3,2999.1,0.1662405381784956,352,2021,0.91916,0.08128391233880629,0.15257910706545297,1.3,8.520170454545454
2030-07-16,Instagram,18-25,North India,Desktop,Video,8,70662,7,0.0602873540578427,4260,1.3,5538.0,0.089663441856031,350,2022,0.91912,0.060287000084911266,0.08215962441314555,1.3,15.822857142857142
2030-07-17,Google,36-50,South India,Mobile,Image,8,85944,7,0.0484877895391052,4167,0.9,3750.3,0.1579516812371845,604,2023,0.91908,0.048485060039095224,0.1449484041276698,0.9,6.209105960264901
2030-07-18,Google,26-35,West India,Mobile,Video,2,81399,7,0.0532297081717845,4332,0.9,3898.8,0.1215750641862067,483,2024,0.91904,0.05321932701875944,0.11149584487534626,0.9,8.072049689440995
2030-07-19,Google,26-35,South India,Mobile,Text,11,14584,7,0.0597433281449002,871,0.9,783.9,0.1228167154397579,97,2025,0.919,0.05972298409215579,0.1113662456946039,0.9,8.081443298969072
2030-07-20,Instagram,36-50,North India,Desktop,Image,10,24391,7,0.0293025806961834,714,1.3,928.2,0.0920847048126567,59,2026,0.91896,0.02927309253413144,0.08263305322128851,1.3,15.73220338983051
2030-07-21,Instagram,18-25,South India,Mobile,Image,13,86376,7,0.0867592474286638,7493,1.3,9740.9,0.1530837409455604,1054,2027,0.91892,0.08674863387978142,0.14066462031229146,1.3,9.241840607210627
2030-07-22,Google,26-35,West India,Mobile,Text,18,37965,7,0.0548568304557527,2082,0.9,1873.8,0.0741626878209764,141,2028,0.91888,0.05483998419596997,0.06772334293948126,0.9,13.289361702127659
2030-07-23,Instagram,26-35,West India,Desktop,Video,9,92207,7,0.0839410432139386,7739,1.3,10060.7,0.13004365639558,924,2029,0.91884,0.08393072109492772,0.11939527070680966,1.3,10.888203463203464
2030-07-24,Google,36-50,North India,Mobile,Image,18,13097,7,0.0401304201098698,525,0.9,472.5,0.1322695547719072,63,2030,0.9188,0.04008551576696953,0.12,0.9,7.5
2030-07-25,Instagram,18-25,South India,Desktop,Image,4,19839,7,0.0649413958031199,1288,1.3,1674.4,0.0505768468754081,59,2031,0.91876,0.0649226271485458,0.04580745341614907,1.3,28.379661016949154
2030-07-26,Google,26-35,West India,Mobile,Video,21,84310,7,0.0839372166006156,7076,0.9,6368.400000000001,0.1031190412540112,669,2032,0.91872,0.08392835962519274,0.09454494064443188,0.9,9.519282511210763
2030-07-27,Instagram,18-25,South India,Mobile,Image,8,38693,7,0.0821215616499177,3177,1.3,4130.1,0.1281124442045194,373,2033,0.91868,0.08210787480939705,0.11740635819955933,1.3,11.072654155495979
2030-07-28,Instagram,26-35,West India,Desktop,Image,0,52988,7,0.0570419714627553,3022,1.3,3928.6,0.0503789249293318,139,2034,0.91864,0.05703178078055409,0.04599602911978822,1.3,28.263309352517986
2030-07-29,Google,36-50,North India,Mobile,Text,14,50769,7,0.0524803022225544,2664,0.9,2397.6,0.1117918729616604,272,2035,0.9186,0.052472965786208116,0.1021021021021021,0.8999999999999999,8.814705882352941
2030-07-30,Google,18-25,North India,Desktop,Video,23,3469,7,0.0602917129416261,209,0.9,188.1,0.1754005982560748,33,2036,0.91856,0.060247910060536175,0.15789473684210525,0.9,5.7
2030-07-31,Google,36-50,South India,Desktop,Image,3,13468,7,0.0588602569960087,792,0.9,712.8000000000001,0.0691524056725263,49,2037,0.91852,0.058806058806058804,0.06186868686868687,0.9000000000000001,14.546938775510206
2030-08-01,Google,26-35,North India,Mobile,Image,6,40025,8,0.0538759052068799,2156,0.9,1940.4,0.1355505791410173,268,2038,0.91848,0.05386633354153654,0.12430426716141002,0.9,7.240298507462687
2030-08-02,Google,36-50,West India,Desktop,Text,5,4165,8,0.0242529714593326,101,0.9,90.9,0.1108978160364915,10,2039,0.91844,0.024249699879951982,0.09900990099009901,0.9,9.09
2030-08-03,Instagram,36-50,North India,Mobile,Image,14,58603,8,0.1062881848297313,6228,1.3,8096.400000000001,0.0926468376887929,529,2040,0.9184,0.10627442281111889,0.08493898522800257,1.3,15.305103969754255
2030-08-04,Instagram,36-50,West India,Desktop,Text,5,77906,8,0.061613235077536,4800,1.3,6240.0,0.0536335877133323,236,2041,0.91836,0.061612712756398735,0.049166666666666664,1.3,26.440677966101696
2030-08-05,Google,26-35,West India,Mobile,Image,6,44251,8,0.0743455149299429,3289,0.9,2960.1,0.1736829707197863,524,2042,0.91832,0.07432600393211453,0.15931894192763757,0.9,5.649045801526717
2030-08-06,Google,18-25,North India,Mobile,Text,19,48526,8,0.0504127407796704,2446,0.9,2201.4,0.0847564410021294,190,2043,0.91828,0.05040596793471541,0.0776778413736713,0.9,11.586315789473685
2030-08-07,Instagram,36-50,West India,Mobile,Video,21,29942,8,0.1136210171631258,3402,1.3,4422.6,0.0788520999839065,246,2044,0.91824,0.11361966468505778,0.07231040564373897,1.3,17.978048780487807
2030-08-08,Instagram,18-25,West India,Mobile,Video,2,46017,8,0.0918000089249961,4224,1.3,5491.2,0.168651593289086,653,2045,0.9182,0.0917921637655649,0.15459280303030304,1.3,8.409188361408882
2030-08-09,Google,26-35,South India,Mobile,Image,20,61555,8,0.0315673232913893,1943,0.9,1748.7,0.1376162851546301,245,2046,0.91816,0.03156526683453822,0.12609366958311888,0.9,7.137551020408163
2030-08-10,Instagram,18-25,South India,Desktop,Image,12,33209,8,0.05807040876225,1928,1.3,2506.4,0.1696944904447099,300,2047,0.91812,0.0580565509349875,0.15560165975103735,1.3,8.354666666666667
2030-08-11,Google,36-50,South India,Desktop,Text,1,40365,8,0.0262578975092723,1059,0.9,953.1,0.1677890595618503,162,2048,0.91808,0.026235600148643626,0.1529745042492918,0.9,5.883333333333334
2030-08-12,Google,36-50,North India,Mobile,Text,2,2407,8,0.059595211069777,143,0.9,128.70000000000002,0.0373722331478324,4,2049,0.91804,0.059410054009140005,0.027972027972027972,0.9000000000000001,32.175000000000004
2030-08-13,Google,36-50,South India,Mobile,Video,12,65081,8,0.0555546665817351,3615,0.9,3253.5,0.1894255522498074,627,2050,0.918,0.05554616554754844,0.17344398340248962,0.9,5.188995215311005
2030-08-14,Google,36-50,West India,Desktop,Image,8,26976,8,0.0617871641235224,1666,0.9,1499.4,0.1784783244749409,272,2051,0.91796,0.061758600237247926,0.16326530612244897,0.9,5.5125
2030-08-15,Google,36-50,North India,Mobile,Text,21,42969,8,0.0881352558982374,3787,0.9,3408.3,0.0931470867846651,323,2052,0.91792,0.08813330540622309,0.08529178769474519,0.9,10.55201238390093
2030-08-16,Instagram,36-50,North India,Mobile,Video,18,39325,8,0.0905750382132923,3561,1.3,4629.3,0.1598260478570919,522,2053,0.91788,0.09055308328035601,0.14658803706823925,1.3,8.868390804597702
2030-08-17,Instagram,26-35,North India,Mobile,Video,17,57741,8,0.0667768435278801,3855,1.3,5011.5,0.1160012381927761,410,2054,0.91784,0.06676365147815244,0.10635538261997406,1.3,12.223170731707317
2030-08-18,Instagram,26-35,North India,Mobile,Text,4,16515,8,0.0510740576540328,843,1.3,1095.9,0.0726332683686625,55,2055,0.9178,0.05104450499545867,0.06524317912218268,1.3,19.925454545454546
2030-08-19,Google,26-35,West India,Mobile,Image,9,37174,8,0.0597103690136842,2219,0.9,1997.1,0.1375041328571666,279,2056,0.91776,0.05969225802980578,0.12573231185218567,0.8999999999999999,7.1580645161290315
2030-08-20,Google,18-25,West India,Desktop,Video,13,78330,8,0.0540425519332601,4233,0.9,3809.7,0.2139990198900696,830,2057,0.91772,0.05404059747223286,0.19607843137254902,0.8999999999999999,4.59
2030-08-21,Instagram,18-25,South India,Mobile,Text,20,6700,8,0.1107446476310529,741,1.3,963.3,0.0493991338132076,33,2058,0.91768,0.11059701492537313,0.044534412955465584,1.3,29.190909090909088
2030-08-22,Google,26-35,North India,Mobile,Video,16,74663,8,0.0687127522819362,5130,0.9,4617.0,0.1129705882753414,531,2059,0.91764,0.0687087312323373,0.10350877192982456,0.9,8.694915254237289
2030-08-23,Google,18-25,South India,Desktop,Image,2,54379,8,0.0379088762394661,2061,0.9,1854.9,0.188855295651289,356,2060,0.9176,0.037900660181319996,0.17273168364871422,0.9,5.210393258426967
2030-08-24,Google,18-25,West India,Mobile,Text,6,28391,8,0.0364049666570943,1033,0.9,929.7,0.0474229968131891,44,2061,0.91756,0.03638476982142228,0.04259438528557599,0.9,21.129545454545454
2030-08-25,Instagram,36-50,North India,Mobile,Image,8,77276,8,0.0785055972219848,6066,1.3,7885.8,0.1245741304357356,692,2062,0.91752,0.07849785185568611,0.11407847016155621,1.3,11.395664739884394
2030-08-26,Google,36-50,West India,Mobile,Image,4,68081,8,0.0699250219150776,4760,0.9,4284.0,0.1002230734881819,437,2063,0.91748,0.06991671685198514,0.09180672268907564,0.9,9.803203661327231
2030-08-27,Google,18-25,South India,Mobile,Video,3,90227,8,0.0514439117082094,4641,0.9,4176.900000000001,0.1224497187501583,521,2064,0.91744,0.05143693129551021,0.11226028873087697,0.9000000000000001,8.017082533589253
2030-08-28,Instagram,18-25,West India,Mobile,Image,2,58284,8,0.0584400877951551,3406,1.3,4427.8,0.0693215683722945,216,2065,0.9174,0.05843799327431199,0.06341749853200235,1.3,20.499074074074073
2030-08-29,Google,26-35,North India,Mobile,Video,12,83054,8,0.0613074764261992,5091,0.9,4581.900000000001,0.0737429499215105,344,2066,0.91736,0.06129746911647844,0.06757022196032214,0.9000000000000001,13.319476744186048
2030-08-30,Google,18-25,North India,Mobile,Text,8,63206,8,0.0264229428919378,1670,0.9,1503.0,0.0906662113987099,138,2067,0.91732,0.026421542258646333,0.08263473053892216,0.9,10.891304347826088
2030-08-31,Google,36-50,South India,Mobile,Text,22,94590,8,0.0652206183025414,6169,0.9,5552.1,0.0868065312024836,490,2068,0.91728,0.06521831060365789,0.07942940508996596,0.9,11.330816326530613
2030-09-01,Google,18-25,North India,Mobile,Video,6,79593,9,0.0229418496902841,1826,0.9,1643.4,0.1240504836658127,207,2069,0.91724,0.022941715980048495,0.11336254107338445,0.9,7.9391304347826095
2030-09-02,Instagram,26-35,West India,Desktop,Video,7,60485,9,0.0732944843050966,4433,1.3,5762.900000000001,0.0809174930502847,328,2070,0.9172,0.07329089856989336,0.07399052560342884,1.3,17.569817073170732
2030-09-03,Google,36-50,West India,Mobile,Video,9,72539,9,0.0412610914704494,2993,0.9,2693.7000000000003,0.1068338943478666,292,2071,0.91716,0.04126056328319938,0.0975609756097561,0.9000000000000001,9.225000000000001
2030-09-04,Google,36-50,West India,Mobile,Image,0,35032,9,0.0573812709095321,2010,0.9,1809.0,0.1794984739194523,330,2072,0.91712,0.05737611326786938,0.16417910447761194,0.9,5.4818181818181815
2030-09-05,Instagram,36-50,West India,Desktop,Text,19,19156,9,0.0838359885602003,1605,1.3,2086.5,0.0778004285456799,113,2073,0.91708,0.08378575903111296,0.07040498442367601,1.3,18.464601769911503
2030-09-06,Instagram,36-50,South India,Mobile,Text,20,50316,9,0.1286028017401147,6470,1.3,8411.0,0.09142362931368,541,2074,0.91704,0.12858732808649337,0.08361669242658423,1.3,15.54713493530499
2030-09-07,Instagram,18-25,West India,Mobile,Image,20,49787,9,0.0718356251115815,3576,1.3,4648.8,0.0427826487145782,139,2075,0.917,0.0718259786691305,0.03887024608501118,1.3,33.444604316546766
2030-09-08,Google,26-35,South India,Mobile,Video,0,94099,9,0.0442591317487962,4164,0.9,3747.6,0.1231766072579778,469,2076,0.91696,0.04425126728233031,0.11263208453410183,0.9,7.990618336886993
2030-09-09,Google,18-25,West India,Desktop,Text,18,42579,9,0.0748891610018786,3188,0.9,2869.2000000000003,0.1248435695924187,364,2077,0.91692,0.07487258977430189,0.11417816813048934,0.9000000000000001,7.882417582417583
2030-09-10,Instagram,18-25,South India,Mobile,Image,1,58574,9,0.0887382951866936,5197,1.3,6756.1,0.1234019065928258,587,2078,0.91688,0.08872537303240345,0.11294977871849143,1.3,11.50954003407155
2030-09-11,Instagram,36-50,West India,Mobile,Video,11,73261,9,0.1070393729434606,7841,1.3,10193.3,0.1583836299475127,1137,2079,0.91684,0.10702829609205444,0.1450070144114271,1.2999999999999998,8.965083553210201
2030-09-12,Google,26-35,West India,Mobile,Text,22,88218,9,0.0301602526899544,2660,0.9,2394.0,0.1002297044746349,243,2080,0.9168,0.030152576571674715,0.09135338345864662,0.9,9.851851851851851
2030-09-13,Google,36-50,South India,Mobile,Video,12,94263,9,0.0428376170429572,4038,0.9,3634.2,0.0722947479571622,266,2081,0.91676,0.04283759269278508,0.06587419514611194,0.8999999999999999,13.662406015037593
2030-09-14,Google,18-25,North India,Desktop,Image,13,60235,9,0.0441145366739551,2657,0.9,2391.3,0.0821752040581696,199,2082,0.91672,0.044110566946127666,0.07489649981181784,0.9,12.016582914572865
2030-09-15,Instagram,18-25,North India,Mobile,Text,4,53904,9,0.0360689989091366,1944,1.3,2527.2000000000003,0.1107830499220629,197,2083,0.91668,0.036064113980409616,0.10133744855967078,1.3,12.828426395939088
2030-09-16,Google,36-50,North India,Mobile,Video,2,82721,9,0.0510611011524383,4223,0.9,3800.7,0.133051049126267,514,2084,0.91664,0.05105112365662891,0.12171442102770542,0.8999999999999999,7.394357976653696
2030-09-17,Google,18-25,South India,Desktop,Video,23,37740,9,0.0411882995610351,1554,0.9,1398.6,0.177532805550287,252,2085,0.9166,0.041176470588235294,0.16216216216216217,0.8999999999999999,5.55
2030-09-18,Google,18-25,North India,Mobile,Video,16,74130,9,0.0640148801928443,4745,0.9,4270.5,0.1030848059251926,448,2086,0.91656,0.06400917307432888,0.09441517386722866,0.9,9.532366071428571
2030-09-19,Instagram,36-50,North India,Mobile,Image,0,50554,9,0.1097044350248101,5545,1.3,7208.5,0.0637606482197804,323,2087,0.91652,0.10968469359496776,0.05825067628494139,1.3,22.31733746130031
2030-09-20,Instagram,18-25,South India,Mobile,Video,13,8199,9,0.0597497227134873,489,1.3,635.7,0.2061496340128799,91,2088,0.91648,0.059641419685327476,0.18609406952965235,1.3,6.985714285714287
2030-09-21,Google,26-35,North India,Desktop,Text,5,40032,9,0.0336217711957832,1345,0.9,1210.5,0.0748408460691589,91,2089,0.91644,0.03359812150279776,0.06765799256505577,0.9,13.302197802197803
2030-09-22,Instagram,36-50,North India,Desktop,Text,16,93886,9,0.0466271572416095,4377,1.3,5690.1,0.1063489928811128,426,2090,0.9164,0.04662036938414673,0.09732693625771076,1.3,13.357042253521128
2030-09-23,Instagram,26-35,North India,Desktop,Video,3,82410,9,0.0593717704873234,4892,1.3,6359.6,0.1064469195247782,476,2091,0.91636,0.05936172794563767,0.0973017170891251,1.3,13.360504201680673
2030-09-24,Google,18-25,South India,Mobile,Image,5,5480,9,0.053763135111218,294,0.9,264.6,0.186797047820587,49,2092,0.91632,0.05364963503649635,0.16666666666666666,0.9,5.4
2030-09-25,Google,18-25,South India,Mobile,Text,0,31435,9,0.046563023723019,1463,0.9,1316.7,0.1672448562843886,223,2093,0.91628,0.046540480356290756,0.15242652084757347,0.9,5.904484304932736
2030-09-26,Google,36-50,North India,Mobile,Text,8,31120,9,0.0721628532986112,2245,0.9,2020.5,0.1056614009137537,217,2094,0.91624,0.0721401028277635,0.09665924276169265,0.9,9.311059907834101
2030-09-27,Instagram,18-25,North India,Desktop,Text,3,73155,9,0.0847037163089243,6196,1.3,8054.8,0.100373194185577,568,2095,0.9162,0.08469687649511312,0.09167204648160103,1.3,14.180985915492958
2030-09-28,Instagram,36-50,South India,Mobile,Video,8,3607,9,0.0636027017111309,229,1.3,297.7,0.2081848258275981,43,2096,0.91616,0.06348766287773773,0.18777292576419213,1.3,6.923255813953488
2030-09-29,Instagram,36-50,North India,Mobile,Text,8,75918,9,0.0764714469223583,5805,1.3,7546.5,0.0906600044531694,481,2097,0.91612,0.07646407966490161,0.08285960378983635,1.3,15.68918918918919
2030-09-30,Instagram,36-50,South India,Desktop,Video,21,75116,9,0.0804863023175009,6045,1.3,7858.5,0.2134846904166331,1181,2098,0.91608,0.08047553117844401,0.19536807278742763,1.3,6.654106689246401
2030-10-01,Google,36-50,North India,Mobile,Video,12,86324,10,0.07071455299329,6104,0.9,5493.6,0.1115049507725126,622,2099,0.91604,0.07071034706454751,0.10190039318479685,0.9,8.832154340836013
2030-10-02,Instagram,36-50,South India,Mobile,Video,22,23026,10,0.0712215939168345,1639,1.3,2130.7000000000003,0.0586945819114237,87,2100,0.916,0.07118040475983671,0.05308114704087859,1.3000000000000003,24.490804597701153
2030-10-03,Google,26-35,West India,Desktop,Video,16,18173,10,0.0434305027953279,789,0.9,710.1,0.2036671767345341,146,2101,0.91596,0.04341605678754196,0.1850443599493029,0.9,4.8636986301369864
2030-10-04,Google,36-50,West India,Mobile,Video,20,89816,10,0.0441994464959778,3969,0.9,3572.1,0.1692167831428615,614,2102,0.91592,0.04419034470472967,0.15469891660367852,0.9,5.817752442996743
2030-10-05,Instagram,26-35,South India,Mobile,Text,2,35262,10,0.0604083124833847,2130,1.3,2769.0,0.1042594161305479,203,2103,0.91588,0.060404968521354435,0.09530516431924882,1.3,13.64039408866995
2030-10-06,Instagram,18-25,West India,Mobile,Video,5,52903,10,0.0335186912769348,1773,1.3,2304.9,0.2067421479726854,335,2104,0.91584,0.03351416743851955,0.1889452904681331,1.3,6.880298507462687
2030-10-07,Google,36-50,North India,Mobile,Video,19,48156,10,0.0558990489275229,2691,0.9,2421.9,0.1871281799161129,460,2105,0.9158,0.05588088711687017,0.17094017094017094,0.9,5.265000000000001
2030-10-08,Instagram,18-25,South India,Mobile,Video,14,73246,10,0.0744352413649574,5452,1.3,7087.6,0.0728371206019291,363,2106,0.91576,0.07443409879037763,0.06658107116654438,1.3,19.525068870523416
2030-10-09,Instagram,36-50,South India,Mobile,Video,13,78764,10,0.075464414032999,5943,1.3,7725.900000000001,0.1681886478113145,914,2107,0.91572,0.07545325275506577,0.15379437994278983,1.3,8.452844638949673
2030-10-10,Google,26-35,North India,Mobile,Video,12,63301,10,0.0626317114370664,3964,0.9,3567.6,0.1314814203826663,477,2108,0.91568,0.06262144357909037,0.12033299697275479,0.9,7.479245283018868
2030-10-11,Instagram,26-35,North India,Desktop,Video,8,92591,10,0.0724704431473142,6710,1.3,8723.0,0.1695252139685657,1041,2109,0.91564,0.0724692464710393,0.15514157973174367,1.3,8.379442843419788
2030-10-12,Google,26-35,South India,Mobile,Text,22,65314,10,0.07874741854322,5143,0.9,4628.7,0.0767705223032585,360,2110,0.9156,0.0787426891631197,0.0699980556095664,0.8999999999999999,12.8575
2030-10-13,Google,18-25,North India,Mobile,Video,14,97688,10,0.034885807521933,3407,0.9,3066.3,0.046895258128417,145,2111,0.91556,0.034876341004012774,0.042559436454358675,0.9,21.14689655172414
2030-10-14,Google,36-50,South India,Mobile,Video,13,21449,10,0.0423778571371042,908,0.9,817.2,0.0870618462789302,72,2112,0.91552,0.04233297589631218,0.07929515418502203,0.9,11.350000000000001
2030-10-15,Instagram,18-25,North India,Desktop,Text,3,94242,10,0.0593819192103097,5596,1.3,7274.8,0.0561468330174925,287,2113,0.91548,0.0593790454362174,0.05128663330950679,1.3,25.347735191637632
2030-10-16,Instagram,26-35,South India,Mobile,Text,10,31466,10,0.0438565994706642,1379,1.3,1792.7,0.0755464030615997,95,2114,0.91544,0.04382508103985254,0.06889050036258158,1.3,18.870526315789473
2030-10-17,Google,18-25,North India,Desktop,Image,21,89121,10,0.0437028402826012,3894,0.9,3504.6,0.0872622488250801,310,2115,0.9154,0.043693405594640994,0.07960965588084232,0.9,11.30516129032258
2030-10-18,Google,26-35,North India,Desktop,Text,1,25279,10,0.0279841144817104,707,0.9,636.3000000000001,0.1121760194537754,72,2116,0.91536,0.027967878476205545,0.10183875530410184,0.9000000000000001,8.8375
2030-10-19,Instagram,26-35,West India,Desktop,Text,15,12837,10,0.0899879343139472,1155,1.3,1501.5,0.0428351401215416,44,2117,0.91532,0.08997429305912596,0.0380952380952381,1.3,34.125
2030-10-20,Google,26-35,West India,Desktop,Video,18,25209,10,0.0446724134005623,1126,0.9,1013.4,0.129739942311041,133,2118,0.91528,0.044666587329921854,0.11811722912966252,0.9,7.6195488721804505
2030-10-21,Instagram,36-50,West India,Mobile,Image,15,13220,10,0.0940668882788238,1243,1.3,1615.9,0.1098101153922463,124,2119,0.91524,0.09402420574886536,0.0997586484312148,1.3,13.031451612903227
2030-10-22,Instagram,36-50,North India,Desktop,Video,6,4965,10,0.089933232492212,446,1.3,579.8000000000001,0.1438928177754252,58,2120,0.9152,0.08982880161127896,0.13004484304932734,1.3,9.996551724137932
2030-10-23,Google,26-35,South India,Desktop,Image,10,43276,10,0.0266366378991477,1152,0.9,1036.8,0.0918243084230612,96,2121,0.91516,0.02661983547462797,0.08333333333333333,0.8999999999999999,10.799999999999999
2030-10-24,Instagram,18-25,North India,Desktop,Video,11,28230,10,0.0753300820520469,2126,1.3,2763.8,0.0870623077227656,169,2122,0.91512,0.0753099539496989,0.0794920037629351,1.3,16.353846153846156
2030-10-25,Google,18-25,West India,Mobile,Text,3,90165,10,0.0456791890355392,4118,0.9,3706.2,0.0915823043729496,344,2123,0.91508,0.045671823878445074,0.08353569694026226,0.8999999999999999,10.773837209302325
2030-10-26,Instagram,36-50,North India,Mobile,Text,15,42920,10,0.0332589130513887,1427,1.3,1855.1,0.1068686831482627,139,2124,0.91504,0.033247903075489284,0.09740714786264891,1.3,13.346043165467625
2030-10-27,Instagram,26-35,West India,Mobile,Image,15,66165,10,0.0504010057836905,3334,1.3,4334.2,0.0462428899814333,140,2125,0.915,0.05038917856872969,0.041991601679664065,1.3,30.958571428571428
2030-10-28,Instagram,18-25,West India,Mobile,Video,6,62544,10,0.0938146088606899,5867,1.3,7627.1,0.0973217493973764,521,2126,0.91496,0.09380596060373497,0.08880177262655531,1.3,14.639347408829176
2030-10-29,Google,26-35,South India,Desktop,Video,12,94406,10,0.0336378318367485,3175,0.9,2857.5,0.1982949461996618,575,2127,0.91492,0.03363133699129293,0.18110236220472442,0.9,4.969565217391304
2030-10-30,Instagram,18-25,South India,Desktop,Text,4,83909,10,0.0456554576139307,3830,1.3,4979.0,0.1007804110504412,352,2128,0.91488,0.04564468650561918,0.09190600522193211,1.3,14.144886363636363
2030-10-31,Google,36-50,West India,Mobile,Text,0,95691,10,0.0290973849581521,2784,0.9,2505.6,0.1472672706047179,374,2129,0.91484,0.029093645170392198,0.1343390804597701,0.9,6.699465240641711
2030-11-01,Google,26-35,West India,Desktop,Image,4,24036,11,0.0228630937340727,549,0.9,494.1,0.1614558420974363,80,2130,0.9148,0.022840738891662507,0.14571948998178508,0.9,6.1762500000000005
2030-11-02,Google,26-35,North India,Mobile,Text,21,66322,11,0.0450587137495771,2988,0.9,2689.2000000000003,0.0711829798422605,193,2131,0.91476,0.045052923615090015,0.0645917001338688,0.9000000000000001,13.933678756476686
2030-11-03,Instagram,18-25,West India,Mobile,Image,13,5847,11,0.1085280291438396,634,1.3,824.2,0.1416779393693318,81,2132,0.91472,0.10843167436292116,0.1277602523659306,1.3,10.17530864197531
2030-11-04,Google,18-25,North India,Mobile,Image,10,87250,11,0.0431365088060576,3763,0.9,3386.7000000000003,0.0744830286587186,256,2133,0.91468,0.04312893982808023,0.06803082646824342,0.9,13.229296875000001
2030-11-05,Instagram,18-25,West India,Mobile,Image,1,51772,11,0.0705450852761041,3652,1.3,4747.6,0.0645415085804121,214,2134,0.91464,0.0705400602642355,0.05859802847754655,1.3,22.185046728971965
2030-11-06,Instagram,26-35,South India,Desktop,Image,23,13893,11,0.0587784990806539,816,1.3,1060.8,0.1796771364327487,133,2135,0.9146,0.05873461455409199,0.16299019607843138,1.3,7.975939849624059
2030-11-07,Google,36-50,South India,Mobile,Text,17,5649,11,0.036379796682204,205,0.9,184.5,0.083247630756996,15,2136,0.91456,0.0362896087803151,0.07317073170731707,0.9,12.3
2030-11-08,Instagram,36-50,West India,Mobile,Image,14,31571,11,0.0734304882257255,2318,1.3,3013.4,0.0684785259736087,144,2137,0.91452,0.07342181115580755,0.062122519413287315,1.3,20.92638888888889
2030-11-09,Google,18-25,North India,Mobile,Text,13,12613,11,0.0339432061242302,428,0.9,385.2,0.1413905932852998,54,2138,0.91448,0.03393324347895029,0.1261682242990654,0.9,7.133333333333333
2030-11-10,Instagram,36-50,North India,Mobile,Image,12,54833,11,0.0848022048890946,4649,1.3,6043.7,0.0421268312366368,178,2139,0.91444,0.08478470993744643,0.03828780382878038,1.3,33.95337078651685
2030-11-11,Instagram,18-25,North India,Desktop,Text,1,63423,11,0.0325349894717265,2063,1.3,2681.9,0.0737779714846931,138,2140,0.9144,0.03252763193163363,0.06689287445467765,1.3,19.434057971014493
2030-11-12,Google,36-50,West India,Mobile,Image,18,90964,11,0.0906609595505403,8246,0.9,7421.400000000001,0.0453785051874099,341,2141,0.91436,0.0906512466470252,0.041353383458646614,0.9,21.763636363636365
2030-11-13,Instagram,26-35,West India,Mobile,Text,7,42382,11,0.1046646569166,4435,1.3,5765.5,0.0939879353340878,380,2142,0.91432,0.10464348072294842,0.08568207440811725,1.3,15.172368421052632
2030-11-14,Google,18-25,South India,Desktop,Video,21,53348,11,0.0464623548428288,2478,0.9,2230.2000000000003,0.1269372178265276,287,2143,0.91428,0.04644972632526055,0.11581920903954802,0.9000000000000001,7.770731707317074
2030-11-15,Google,36-50,South India,Mobile,Image,16,89069,11,0.0437949028408172,3900,0.9,3510.0,0.1549830063014554,552,2144,0.91424,0.043786278054092895,0.14153846153846153,0.9,6.358695652173913
2030-11-16,Instagram,26-35,West India,Desktop,Image,14,54705,11,0.0592402643505843,3240,1.3,4212.0,0.1735648284167899,513,2145,0.9142,0.059226761721963256,0.15833333333333333,1.3,8.210526315789474
2030-11-17,Google,36-50,South India,Mobile,Video,19,76642,11,0.0858196098558766,6577,0.9,5919.3,0.1488384974737465,894,2146,0.91416,0.08581456642571958,0.13592823475748822,0.9,6.621140939597316
2030-11-18,Google,26-35,North India,Mobile,Video,20,98849,11,0.08626286912307,8526,0.9,7673.400000000001,0.0911497725603604,710,2147,0.91412,0.08625276937551214,0.08327468918601924,0.9,10.807605633802817
2030-11-19,Google,26-35,North India,Desktop,Image,13,86930,11,0.0348812690868717,3032,0.9,2728.8,0.153999359961233,425,2148,0.91408,0.0348786379845853,0.14017150395778363,0.9,6.420705882352942
2030-11-20,Instagram,36-50,West India,Desktop,Text,2,78813,11,0.0859277403180135,6772,1.3,8803.6,0.1059402339095201,655,2149,0.91404,0.08592491086495882,0.09672179562906084,1.3,13.440610687022902
2030-11-21,Google,36-50,North India,Mobile,Image,16,56817,11,0.0467025487750296,2653,0.9,2387.7000000000003,0.1116134446465506,270,2150,0.914,0.04669377123044159,0.1017715793441387,0.9000000000000001,8.843333333333334
2030-11-22,Google,26-35,West India,Mobile,Text,2,81984,11,0.0409192468284491,3354,0.9,3018.6,0.0564403847292793,172,2151,0.91396,0.040910421545667444,0.05128205128205128,0.9,17.55
2030-11-23,Instagram,26-35,North India,Desktop,Video,12,79669,11,0.0299302023408503,2384,1.3,3099.2000000000003,0.0520784055499891,113,2152,0.91392,0.029923809762893973,0.047399328859060404,1.3,27.426548672566373
2030-11-24,Instagram,26-35,West India,Mobile,Text,17,45142,11,0.0428237173158866,1933,1.3,2512.9,0.0889071884350867,156,2153,0.91388,0.042820433299366446,0.08070356958096224,1.3,16.108333333333334
2030-11-25,Google,18-25,North India,Mobile,Image,0,71182,11,0.0582276246240634,4144,0.9,3729.6,0.1082302412839864,409,2154,0.91384,0.05821696496305246,0.0986969111969112,0.9,9.11882640586797
2030-11-26,Google,26-35,North India,Mobile,Video,6,14708,11,0.0729843143207475,1073,0.9,965.7,0.0658841584980517,63,2155,0.9138,0.07295349469676367,0.05871388630009319,0.9,15.32857142857143
2030-11-27,Google,18-25,South India,Mobile,Video,22,7090,11,0.0448742955999432,318,0.9,286.2,0.0637764970387605,18,2156,0.91376,0.044851904090267986,0.05660377358490566,0.8999999999999999,15.899999999999999
2030-11-28,Google,26-35,South India,Mobile,Image,4,53902,11,0.0592289839123853,3192,0.9,2872.8,0.0772763738668676,224,2157,0.91372,0.05921858187080257,0.07017543859649122,0.9,12.825000000000001
2030-11-29,Google,18-25,South India,Desktop,Image,1,93170,11,0.024460250470082,2278,0.9,2050.2000000000003,0.0537171405718612,111,2158,0.91368,0.024449930235054203,0.048726953467954345,0.9000000000000001,18.470270270270273
2030-11-30,Instagram,26-35,South India,Mobile,Video,16,92757,11,0.0361194267602955,3350,1.3,4355.0,0.0631743517133069,192,2159,0.91364,0.036115872656511096,0.057313432835820896,1.3,22.682291666666668
2030-12-01,Instagram,26-35,South India,Desktop,Text,20,81928,12,0.0813746294175951,6666,1.3,8665.800000000001,0.095541359431222,581,2160,0.9136,0.08136412459720731,0.08715871587158716,1.3000000000000003,14.915318416523238
2030-12-02,Instagram,26-35,South India,Mobile,Text,9,44752,12,0.0818181121991427,3661,1.3,4759.3,0.1434609638641617,479,2161,0.91356,0.08180639971397927,0.1308385686970773,1.3,9.935908141962422
2030-12-03,Google,36-50,West India,Mobile,Text,3,20643,12,0.0338890678670193,699,0.9,629.1,0.1130145990919983,71,2162,0.91352,0.033861357360848714,0.10157367668097282,0.9,8.86056338028169
2030-12-04,Instagram,36-50,West India,Mobile,Image,8,40647,12,0.046157873131348,1876,1.3,2438.8,0.1351179120189512,231,2163,0.91348,0.046153467660589954,0.12313432835820895,1.3,10.557575757575759
2030-12-05,Google,26-35,South India,Mobile,Video,20,66082,12,0.0770210528086254,5089,0.9,4580.1,0.1012982769843832,470,2164,0.91344,0.07701038104173602,0.09235606209471409,0.9,9.744893617021278
2030-12-06,Instagram,18-25,West India,Mobile,Text,10,81329,12,0.0673910942562861,5480,1.3,7124.0,0.0353213980078578,176,2165,0.9134,0.0673806391324128,0.032116788321167884,1.3,40.47727272727273
2030-12-07,Instagram,18-25,South India,Mobile,Video,11,98330,12,0.0909361475292029,8941,1.3,11623.3,0.1360794900809674,1110,2166,0.91336,0.09092850605105258,0.12414718711553517,1.2999999999999998,10.47144144144144
2030-12-08,Google,26-35,West India,Desktop,Text,11,73974,12,0.0559222327993601,4136,0.9,3722.4,0.0788777740729068,297,2167,0.91332,0.05591153648579231,0.07180851063829788,0.9,12.533333333333333
2030-12-09,Instagram,36-50,North India,Mobile,Video,17,85431,12,0.0840741183895762,7182,1.3,9336.6,0.1967787058827,1290,2168,0.91328,0.08406784422516417,0.1796157059314954,1.3,7.2376744186046515
2030-12-10,Google,18-25,West India,Mobile,Image,3,19474,12,0.045428118970381,884,0.9,795.6,0.0500827317331085,40,2169,0.91324,0.04539385847797063,0.04524886877828054,0.9,19.89
2030-12-11,Instagram,36-50,West India,Desktop,Image,8,38402,12,0.0676352431501293,2597,1.3,3376.1,0.1486987051987041,352,2170,0.9132,0.06762668611009844,0.13554100885637274,1.3,9.591193181818182
2030-12-12,Google,18-25,West India,Desktop,Image,7,83487,12,0.0510644223585133,4263,0.9,3836.7,0.093958264860753,365,2171,0.91316,0.05106184196341945,0.08562045507858315,0.8999999999999999,10.511506849315069
2030-12-13,Google,26-35,North India,Mobile,Text,18,17504,12,0.084413085548645,1477,0.9,1329.3,0.1260885214954205,169,2172,0.91312,0.0843807129798903,0.11442112389979689,0.9,7.865680473372781
2030-12-14,Instagram,36-50,South India,Mobile,Image,23,7768,12,0.0835972369582457,649,1.3,843.7,0.1202158160343724,71,2173,0.91308,0.08354788877445932,0.10939907550077041,1.3,11.883098591549297
2030-12-15,Google,18-25,West India,Desktop,Image,12,75043,12,0.0503094402549503,3775,0.9,3397.5,0.1548702531963406,533,2174,0.91304,0.050304492091201046,0.14119205298013246,0.9,6.374296435272045
2030-12-16,Instagram,26-35,West India,Desktop,Image,1,96346,12,0.0671111881873547,6465,1.3,8404.5,0.1053587715414262,621,2175,0.913,0.06710190355593382,0.09605568445475637,1.3,13.533816425120772
2030-12-17,Google,26-35,North India,Mobile,Video,18,1620,12,0.0732266615171284,118,0.9,106.2,0.1097367775601886,10,2176,0.91296,0.0728395061728395,0.0847457627118644,0.9,10.620000000000001
2030-12-18,Instagram,26-35,South India,Mobile,Video,13,21447,12,0.0568272962920559,1218,1.3,1583.4,0.2308933305467999,256,2177,0.91292,0.05679115960274164,0.21018062397372742,1.3,6.18515625
2030-12-19,Instagram,36-50,West India,Desktop,Video,4,99757,12,0.0478123859465153,4769,1.3,6199.7,0.1099681598189359,478,2178,0.91288,0.047806168990647276,0.1002306563220801,1.3,12.970083682008369
2030-12-20,Google,36-50,North India,Desktop,Video,9,20118,12,0.0448898978652882,903,0.9,812.7,0.1741258843877578,143,2179,0.91284,0.04488517745302714,0.1583610188261351,0.9,5.683216783216784
2030-12-21,Google,26-35,South India,Desktop,Video,23,63051,12,0.0315970449490718,1992,0.9,1792.8,0.0651876249062088,117,2180,0.9128,0.031593471951277534,0.058734939759036146,0.9,15.323076923076922
2030-12-22,Google,36-50,South India,Mobile,Video,16,47599,12,0.0263517499892202,1254,0.9,1128.6,0.0643774646141234,73,2181,0.91276,0.026345091283430325,0.058213716108452954,0.8999999999999999,15.460273972602739
2030-12-23,Google,18-25,West India,Mobile,Video,19,67494,12,0.0890560951310208,6010,0.9,5409.0,0.1216021765425974,666,2182,0.91272,0.08904495214389427,0.1108153078202995,0.9,8.121621621621621
2030-12-24,Google,26-35,West India,Mobile,Image,15,11200,12,0.0514567572209137,576,0.9,518.4,0.1219798242873787,63,2183,0.91268,0.05142857142857143,0.109375,0.8999999999999999,8.228571428571428
2030-12-25,Instagram,26-35,West India,Mobile,Image,16,95854,12,0.0748205962661537,7171,1.3,9322.3,0.1251946178693666,818,2184,0.91264,0.0748116927827738,0.11407056198577604,1.2999999999999998,11.39645476772616
2030-12-26,Instagram,36-50,West India,Mobile,Text,0,59704,12,0.0336227214495537,2007,1.3,2609.1,0.0383299442841942,69,2185,0.9126,0.03361583813479834,0.0343796711509716,1.3,37.813043478260866
2030-12-27,Instagram,26-35,North India,Mobile,Image,20,54487,12,0.0484933216165735,2642,1.3,3434.6,0.1306664138825911,314,2186,0.91256,0.0484886303154881,0.11884935654806965,1.3,10.938216560509554
2030-12-28,Instagram,18-25,North India,Mobile,Video,21,47465,12,0.1027418144709941,4876,1.3,6338.8,0.0663361896170957,294,2187,0.91252,0.10272832613504687,0.06029532403609516,1.3,21.560544217687074
2030-12-29,Instagram,36-50,West India,Mobile,Video,14,30840,12,0.0531329440928551,1638,1.3,2129.4,0.2084979566365932,311,2188,0.91248,0.05311284046692607,0.18986568986568986,1.3,6.846945337620579
2030-12-30,Instagram,36-50,South India,Desktop,Text,16,89440,12,0.0337984268546009,3022,1.3,3928.6,0.0810615319872332,222,2189,0.91244,0.033788014311270126,0.07346128391793515,1.3,17.696396396396395
2030-12-31,Google,26-35,West India,Desktop,Image,10,19435,12,0.0215077612318356,418,0.9,376.2,0.0766023044079411,29,2190,0.9124,0.02150758940056599,0.06937799043062201,0.9,12.972413793103447
2031-01-01,Instagram,26-35,South India,Desktop,Image,21,48897,1,0.0516388807769776,2524,1.3,3281.2000000000003,0.0888549666748851,204,2191,0.91236,0.051618708714236045,0.08082408874801902,1.3,16.084313725490198
2031-01-02,Instagram,26-35,South India,Desktop,Text,4,98607,1,0.0288504652083627,2844,1.3,3697.2,0.1600995653432161,415,2192,0.91232,0.02884176579756001,0.1459212376933896,1.3,8.908915662650601
2031-01-03,Instagram,36-50,South India,Mobile,Video,3,64876,1,0.0646129508546514,4191,1.3,5448.3,0.1420290557037099,542,2193,0.91228,0.06460016030581417,0.12932474349797185,1.3,10.052214022140221
2031-01-04,Google,26-35,North India,Mobile,Video,20,90727,1,0.0545240399904661,4946,0.9,4451.400000000001,0.1149748881944681,518,2194,0.91224,0.0545151939334487,0.10473109583501819,0.9000000000000001,8.593436293436294
2031-01-05,Google,18-25,South India,Mobile,Video,23,50412,1,0.0511381488939082,2577,0.9,2319.3,0.157377990707704,369,2195,0.9122,0.05111878124256129,0.14318975552968569,0.9,6.285365853658537
2031-01-06,Google,26-35,South India,Mobile,Video,8,73282,1,0.0358665430256919,2628,0.9,2365.2000000000003,0.2248047996819725,538,2196,0.91216,0.03586146666302776,0.20471841704718416,0.9000000000000001,4.396282527881041
2031-01-07,Instagram,26-35,North India,Desktop,Text,15,29484,1,0.0468432126768278,1381,1.3,1795.3,0.0671578215042034,83,2197,0.91212,0.046838963505630174,0.06010137581462708,1.3,21.63012048192771
2031-01-08,Google,36-50,South India,Mobile,Image,11,39658,1,0.0572529768032105,2270,0.9,2043.0,0.071846281600246,148,2198,0.91208,0.05723939684300772,0.06519823788546256,0.9,13.804054054054054
2031-01-09,Google,26-35,South India,Mobile,Video,17,7053,1,0.0684392870065691,482,0.9,433.8,0.1628467243779749,71,2199,0.91204,0.0683397135970509,0.14730290456431536,0.9,6.109859154929578
2031-01-10,Instagram,36-50,West India,Mobile,Image,21,83055,1,0.125534189618522,10426,1.3,13553.8,0.1088344681203092,1034,2200,0.912,0.12553127445668533,0.09917513907538845,1.2999999999999998,13.108123791102514
2031-01-11,Google,26-35,South India,Mobile,Image,2,56251,1,0.0414675737929649,2332,0.9,2098.8,0.0535431128872561,113,2201,0.91196,0.041457040763719755,0.04845626072041166,0.9000000000000001,18.57345132743363
2031-01-12,Google,18-25,South India,Mobile,Video,14,41645,1,0.05242368421846,2183,0.9,1964.7,0.1492540176355031,296,2202,0.91192,0.052419258014167365,0.13559322033898305,0.9,6.6375
2031-01-13,Google,18-25,South India,Mobile,Video,17,3545,1,0.0459403143444651,162,0.9,145.8,0.1567348235187238,22,2203,0.91188,0.045698166431593794,0.13580246913580246,0.9,6.627272727272728
2031-01-14,Instagram,36-50,South India,Mobile,Video,11,80983,1,0.043611091460234,3531,1.3,4590.3,0.1810790327608726,582,2204,0.91184,0.04360174357581221,0.16482582837723025,1.3,7.887113402061856
2031-01-15,Instagram,36-50,South India,Mobile,Image,12,96495,1,0.0917062386663284,8849,1.3,11503.7,0.1973134802572293,1592,2205,0.9118,0.09170423337996787,0.1799073341620522,1.3,7.225942211055277
2031-01-16,Google,26-35,North India,Desktop,Text,0,78213,1,0.0382315963991579,2990,0.9,2691.0,0.0799597262280284,217,2206,0.91176,0.03822893892319691,0.0725752508361204,0.9,12.400921658986174
2031-01-17,Instagram,26-35,South India,Mobile,Video,3,9560,1,0.0508611801746696,486,1.3,631.8000000000001,0.147085564848071,64,2207,0.91172,0.05083682008368201,0.13168724279835392,1.3,9.871875000000001
2031-01-18,Google,18-25,South India,Mobile,Image,7,63375,1,0.0635859345188831,4029,0.9,3626.1,0.0555503560519031,203,2208,0.91168,0.06357396449704142,0.05038471084636386,0.9,17.86256157635468
2031-01-19,Instagram,26-35,North India,Mobile,Image,18,4662,1,0.0756449070395591,352,1.3,457.6,0.1486012129868233,47,2209,0.91164,0.07550407550407551,0.13352272727272727,1.3,9.736170212765957
2031-01-20,Instagram,18-25,North India,Mobile,Video,20,79591,1,0.0898187268834484,7148,1.3,9292.4,0.0612656652449359,398,2210,0.9116,0.08980914927567188,0.05567991046446558,1.3,23.347738693467335
2031-01-21,Instagram,36-50,South India,Mobile,Text,20,40497,1,0.1188606446269248,4813,1.3,6256.900000000001,0.1596383499182069,700,2211,0.91156,0.1188483097513396,0.14543943486391026,1.3,8.938428571428572
2031-01-22,Google,26-35,South India,Mobile,Video,4,53606,1,0.0593607950799865,3182,0.9,2863.8,0.1172028631973724,339,2212,0.91152,0.059359026974592395,0.106536769327467,0.9,8.44778761061947
2031-01-23,Instagram,36-50,South India,Desktop,Video,10,63112,1,0.0671910787987018,4240,1.3,5512.0,0.1151852400893789,444,2213,0.91148,0.06718215236405121,0.10471698113207548,1.3,12.414414414414415
2031-01-24,Instagram,26-35,West India,Desktop,Text,23,79334,1,0.0829832983334784,6583,1.3,8557.9,0.0731044687026979,438,2214,0.91144,0.0829782943000479,0.06653501443111044,1.3,19.538584474885845
2031-01-25,Google,18-25,West India,Mobile,Video,23,71344,1,0.0663746863398438,4735,0.9,4261.5,0.2076822520998669,895,2215,0.9114,0.06636858039919265,0.1890179514255544,0.9,4.76145251396648
2031-01-26,Instagram,36-50,South India,Mobile,Video,16,9048,1,0.1050037883655005,950,1.3,1235.0,0.233923922694008,202,2216,0.91136,0.10499557913351017,0.21263157894736842,1.3,6.1138613861386135
2031-01-27,Google,36-50,North India,Mobile,Text,16,79643,1,0.0310783888530606,2475,0.9,2227.5,0.1423248291139498,320,2217,0.91132,0.031076177441834184,0.1292929292929293,0.9,6.9609375
2031-01-28,Instagram,26-35,South India,Mobile,Image,1,7520,1,0.0635821744076918,478,1.3,621.4,0.1525372211006657,65,2218,0.91128,0.06356382978723404,0.13598326359832635,1.3,9.56
2031-01-29,Google,36-50,North India,Mobile,Image,23,17928,1,0.0258070267075163,462,0.9,415.8,0.052770735248062,21,2219,0.91124,0.025769745649263723,0.045454545454545456,0.9,19.8
2031-01-30,Instagram,18-25,North India,Mobile,Image,0,56368,1,0.0974358979567504,5492,1.3,7139.6,0.0893861762079103,446,2220,0.9112,0.0974311666193585,0.08120903131828114,1.3,16.008071748878926
2031-01-31,Google,36-50,North India,Mobile,Image,3,24501,1,0.0301260249825808,738,0.9,664.2,0.07647812545582,51,2221,0.91116,0.030121219542059506,0.06910569105691057,0.9,13.023529411764708
2031-02-01,Google,36-50,South India,Desktop,Image,8,54751,2,0.030830665817738,1688,0.9,1519.2,0.1530919889192098,235,2222,0.91112,0.030830487114390605,0.139218009478673,0.9,6.46468085106383
2031-02-02,Google,26-35,South India,Desktop,Video,1,37191,2,0.0576486452499251,2144,0.9,1929.6,0.1438425489222723,280,2223,0.91108,0.05764835578500175,0.13059701492537312,0.8999999999999999,6.8914285714285715
2031-02-03,Google,36-50,North India,Desktop,Text,2,30476,2,0.0423223946080547,1289,0.9,1160.1,0.1019954774786908,119,2224,0.91104,0.0422955768473553,0.09231962761830877,0.8999999999999999,9.748739495798318
2031-02-04,Google,26-35,West India,Mobile,Image,5,27948,2,0.0396736142328061,1108,0.9,997.2,0.0412223506025343,40,2225,0.911,0.039645055102332905,0.036101083032490974,0.9,24.93
2031-02-05,Google,26-35,West India,Mobile,Text,12,5483,2,0.0521216789508187,285,0.9,256.5,0.1271608233891858,32,2226,0.91096,0.05197884369870509,0.11228070175438597,0.9,8.015625
2031-02-06,Instagram,36-50,West India,Mobile,Image,14,57123,2,0.0897282602270218,5125,1.3,6662.5,0.1732872571358247,808,2227,0.91092,0.08971867724034102,0.15765853658536585,1.3,8.245668316831683
2031-02-07,Google,18-25,North India,Mobile,Video,10,40887,2,0.0233845221338085,956,0.9,860.4,0.152431976975902,132,2228,0.91088,0.023381514906938634,0.13807531380753138,0.9,6.518181818181818
2031-02-08,Google,26-35,South India,Mobile,Image,9,84017,2,0.0552052863430091,4638,0.9,4174.2,0.1751983590995375,739,2229,0.91084,0.05520311365556971,0.15933592065545493,0.8999999999999999,5.648443843031123
2031-02-09,Instagram,36-50,North India,Mobile,Image,2,77254,2,0.1066247375923702,8237,1.3,10708.1,0.1016073016959905,761,2230,0.9108,0.10662231081885727,0.09238800534175064,1.3,14.071090670170829
2031-02-10,Google,26-35,West India,Mobile,Text,19,81909,2,0.0844655965194346,6918,0.9,6226.2,0.0364047614353518,228,2231,0.91076,0.08445958319598579,0.03295750216825672,0.9,27.307894736842105
2031-02-11,Instagram,18-25,South India,Desktop,Text,8,89780,2,0.042896121939463,3851,1.3,5006.3,0.1670524212013231,585,2232,0.91072,0.04289374025395411,0.1519085951700857,1.3,8.557777777777778
2031-02-12,Instagram,18-25,North India,Desktop,Video,9,62055,2,0.0889442555666567,5519,1.3,7174.7,0.0549896111388257,275,2233,0.91068,0.08893723309966965,0.04982786736727668,1.3,26.08981818181818
2031-02-13,Instagram,26-35,North India,Mobile,Text,20,94165,2,0.0754095865823256,7100,1.3,9230.0,0.0540931237373791,349,2234,0.91064,0.0753995645940636,0.04915492957746479,1.3,26.446991404011463
2031-02-14,Instagram,18-25,West India,Mobile,Text,22,32257,2,0.09945947206536,3208,1.3,4170.400000000001,0.0402403779196078,117,2235,0.9106,0.09945128189230244,0.036471321695760596,1.3000000000000003,35.644444444444446
2031-02-15,Instagram,36-50,North India,Mobile,Text,23,19327,2,0.0887367514299126,1715,1.3,2229.5,0.1029515471798017,160,2236,0.91056,0.08873596522998914,0.09329446064139942,1.3,13.934375
2031-02-16,Google,36-50,South India,Mobile,Video,22,72304,2,0.0708662792130601,5123,0.9,4610.7,0.1605810708187086,748,2237,0.91052,0.07085361805709228,0.1460081983212961,0.8999999999999999,6.16403743315508
2031-02-17,Google,26-35,West India,Mobile,Video,11,25866,2,0.0314015785164548,812,0.9,730.8000000000001,0.0832245019013272,61,2238,0.91048,0.031392561663960414,0.07512315270935961,0.9000000000000001,11.98032786885246
2031-02-18,Google,18-25,West India,Desktop,Video,7,45649,2,0.0261766091845028,1194,0.9,1074.6,0.2087177445384725,226,2239,0.91044,0.026156104186291048,0.18927973199329984,0.8999999999999999,4.7548672566371675
2031-02-19,Instagram,36-50,South India,Mobile,Text,20,10166,2,0.0826419302328386,840,1.3,1092.0,0.1569753561110138,119,2240,0.9104,0.08262836907338186,0.14166666666666666,1.3,9.176470588235293
2031-02-20,Google,36-50,West India,Mobile,Text,20,97279,2,0.0886363315195725,8622,0.9,7759.8,0.0672973969723704,528,2241,0.91036,0.08863166767750491,0.061238691718858734,0.9,14.69659090909091
2031-02-21,Instagram,36-50,North India,Mobile,Video,20,83334,2,0.0901851130118662,7515,1.3,9769.5,0.1507548163460209,1030,2242,0.91032,0.09017927856577147,0.1370592149035263,1.3,9.48495145631068
2031-02-22,Instagram,26-35,North India,Mobile,Text,16,10042,2,0.0845815561359583,849,1.3,1103.7,0.128984128767625,99,2243,0.91028,0.0845449113722366,0.1166077738515901,1.3,11.148484848484848
2031-02-23,Instagram,26-35,West India,Mobile,Text,21,12969,2,0.0963340805594947,1249,1.3,1623.7,0.0768159746850233,86,2244,0.91024,0.09630657722260776,0.0688550840672538,1.3,18.880232558139536
2031-02-24,Google,36-50,South India,Desktop,Image,4,52880,2,0.0387189769534541,2047,0.9,1842.3,0.0830517035642822,154,2245,0.9102,0.03871028744326777,0.07523204689789936,0.9,11.962987012987012
2031-02-25,Google,36-50,North India,Mobile,Video,23,73739,2,0.0241878742510181,1783,0.9,1604.7,0.0864879148072658,140,2246,0.91016,0.02417987767667042,0.07851934941110487,0.9,11.462142857142858
2031-02-26,Instagram,18-25,South India,Mobile,Video,7,64588,2,0.03905195060144,2522,1.3,3278.6,0.2044203588953478,468,2247,0.91012,0.03904750108379265,0.18556701030927836,1.3,7.0055555555555555
2031-02-27,Instagram,18-25,North India,Desktop,Text,17,5641,2,0.0399347886965563,225,1.3,292.5,0.0846500880815614,17,2248,0.91008,0.03988654493884063,0.07555555555555556,1.3,17.205882352941178
2031-02-28,Google,18-25,North India,Mobile,Text,10,29536,2,0.0651646234175361,1924,0.9,1731.6,0.113168964492105,197,2249,0.91004,0.06514084507042253,0.1023908523908524,0.8999999999999999,8.78984771573604
2031-03-01,Google,26-35,West India,Mobile,Image,21,80910,3,0.0332727301136545,2692,0.9,2422.8,0.144146321419199,353,2250,0.91,0.033271536274873316,0.1311292719167905,0.9,6.8634560906515585
2031-03-02,Instagram,36-50,West India,Mobile,Video,9,15546,3,0.1145730501608947,1781,1.3,2315.3,0.1093905099984064,176,2251,0.90996,0.11456323169947254,0.09882088714205503,1.3,13.155113636363637
2031-03-03,Instagram,26-35,South India,Desktop,Video,14,15102,3,0.0485558613616382,733,1.3,952.9,0.1003778321977463,66,2252,0.90992,0.048536617666534235,0.09004092769440655,1.3,14.437878787878788
2031-03-04,Instagram,36-50,West India,Mobile,Text,5,99895,3,0.0849056451977386,8481,1.3,11025.3,0.0538653232823064,414,2253,0.90988,0.08489914410130638,0.048814998231340646,1.2999999999999998,26.631159420289855
2031-03-05,Instagram,18-25,North India,Mobile,Video,18,10029,3,0.0999584906914748,1002,1.3,1302.6,0.0543533591714392,49,2254,0.90984,0.09991026024528867,0.04890219560878244,1.2999999999999998,26.583673469387755
2031-03-06,Instagram,18-25,North India,Desktop,Text,16,48545,3,0.0691676633151298,3357,1.3,4364.1,0.0456346417333852,139,2255,0.9098,0.06915233288701204,0.04140601727733095,1.3,31.396402877697845
2031-03-07,Google,18-25,South India,Desktop,Image,22,12322,3,0.0553681932411351,682,0.9,613.8000000000001,0.0918081866535166,56,2256,0.90976,0.05534815776659633,0.08211143695014662,0.9000000000000001,10.960714285714287
2031-03-08,Google,18-25,South India,Mobile,Text,9,13654,3,0.0587685564180684,802,0.9,721.8000000000001,0.1438912072435541,104,2257,0.90972,0.058737366339534205,0.12967581047381546,0.9000000000000001,6.940384615384616
2031-03-09,Google,36-50,North India,Desktop,Image,4,57663,3,0.0408380864345456,2354,0.9,2118.6,0.0644646403647487,137,2258,0.90968,0.04082340495638451,0.05819881053525913,0.8999999999999999,15.464233576642336
2031-03-10,Google,18-25,West India,Mobile,Text,15,76501,3,0.0387616198696927,2965,0.9,2668.5,0.1059124546961356,285,2259,0.90964,0.03875766329851897,0.09612141652613827,0.9,9.363157894736842
2031-03-11,Instagram,36-50,West India,Mobile,Image,11,60687,3,0.0607845030890537,3688,1.3,4794.400000000001,0.0817503385296811,273,2260,0.9096,0.06077084054245555,0.0740238611713666,1.3,17.561904761904763
2031-03-12,Instagram,36-50,South India,Mobile,Image,20,8508,3,0.139685338751949,1188,1.3,1544.4,0.135100577034241,145,2261,0.90956,0.13963328631875882,0.12205387205387205,1.3,10.651034482758622
2031-03-13,Instagram,26-35,South India,Mobile,Video,23,48859,3,0.0801786668453084,3917,1.3,5092.1,0.2105422717488282,749,2262,0.90952,0.08016946724247324,0.1912177687005361,1.3,6.79853137516689
2031-03-14,Google,18-25,North India,Mobile,Text,4,23132,3,0.0353348125032018,817,0.9,735.3000000000001,0.0686060833535863,50,2263,0.90948,0.035319038561300364,0.06119951040391677,0.9000000000000001,14.706000000000001
2031-03-15,Instagram,18-25,North India,Desktop,Video,20,66800,3,0.0962573946994739,6429,1.3,8357.7,0.1112371153879673,650,2264,0.90944,0.09624251497005988,0.10110437081972314,1.3,12.858
2031-03-16,Instagram,26-35,South India,Mobile,Video,0,17025,3,0.0841761091267323,1433,1.3,1862.9,0.2050515554545683,266,2265,0.9094,0.08417033773861968,0.1856245638520586,1.3,7.003383458646617
2031-03-17,Instagram,36-50,North India,Mobile,Text,1,78024,3,0.0636313089368876,4964,1.3,6453.2,0.1034698739238513,466,2266,0.90936,0.06362144981031477,0.09387590652699436,1.3,13.848068669527896
2031-03-18,Instagram,18-25,South India,Mobile,Video,4,66924,3,0.0927897724279385,6209,1.3,8071.700000000001,0.0773035038253604,435,2267,0.90932,0.0927768812384197,0.07005959091641166,1.3,18.55563218390805
2031-03-19,Google,36-50,South India,Desktop,Video,22,68607,3,0.0324654941742967,2227,0.9,2004.3,0.2121975998524992,429,2268,0.90928,0.0324602445814567,0.19263583295913786,0.9,4.672027972027972
2031-03-20,Google,26-35,West India,Desktop,Video,18,25970,3,0.0252419822516709,655,0.9,589.5,0.10407072582659,61,2269,0.90924,0.025221409318444358,0.09312977099236641,0.9,9.663934426229508
2031-03-21,Google,36-50,South India,Mobile,Text,14,48736,3,0.0805102700555992,3923,0.9,3530.7000000000003,0.096584463196684,343,2270,0.9092,0.08049491135915955,0.087433086923273,0.9,10.293586005830905
2031-03-22,Google,18-25,North India,Desktop,Video,0,80990,3,0.0260216804214447,2107,0.9,1896.3,0.0932032608283604,178,2271,0.90916,0.026015557476231632,0.08448030374940674,0.9,10.653370786516854
2031-03-23,Google,36-50,West India,Mobile,Video,10,8840,3,0.0668495614355583,590,0.9,531.0,0.1532123773831896,81,2272,0.90912,0.0667420814479638,0.13728813559322034,0.9,6.555555555555555
2031-03-24,Instagram,36-50,West India,Mobile,Video,17,30654,3,0.0521000546671369,1597,1.3,2076.1,0.1835955823250303,266,2273,0.90908,0.05209760553272004,0.16656230432060112,1.3,7.8048872180451125
2031-03-25,Instagram,18-25,North India,Desktop,Text,2,78385,3,0.0414874239955639,3251,1.3,4226.3,0.1354139706232069,399,2274,0.90904,0.041474771958920714,0.12273146724084896,1.3,10.592230576441104
2031-03-26,Instagram,18-25,North India,Mobile,Image,8,53408,3,0.1044441974943249,5578,1.3,7251.400000000001,0.176706489099748,895,2275,0.909,0.10444128220491312,0.16045177482968806,1.3,8.102122905027933
2031-03-27,Instagram,36-50,North India,Desktop,Image,23,86939,3,0.0471142702835793,4096,1.3,5324.8,0.0943533961369751,350,2276,0.90896,0.047113493368913836,0.08544921875,1.3,15.213714285714286
2031-03-28,Google,36-50,South India,Mobile,Image,3,76967,3,0.0596123351095394,4588,0.9,4129.2,0.2063848506749218,859,2277,0.90892,0.059609962711291854,0.18722755013077594,0.8999999999999999,4.806984866123399
2031-03-29,Instagram,26-35,West India,Mobile,Image,23,23442,3,0.0554966644556427,1300,1.3,1690.0,0.13901103061986,163,2278,0.90888,0.05545601911099735,0.12538461538461537,1.3,10.368098159509202
2031-03-30,Google,18-25,South India,Desktop,Video,12,66243,3,0.0631587835073364,4183,0.9,3764.7,0.1372767789027927,521,2279,0.90884,0.06314629470283653,0.12455175711212049,0.8999999999999999,7.225911708253358
2031-03-31,Google,36-50,South India,Desktop,Text,8,7630,3,0.0514801523813908,392,0.9,352.8,0.1689014700719989,59,2280,0.9088,0.05137614678899083,0.15051020408163265,0.9,5.979661016949152
2031-04-01,Google,18-25,South India,Mobile,Video,2,48736,4,0.0804721484213146,3921,0.9,3528.9,0.1918986390955258,683,2281,0.90876,0.08045387393302691,0.17419025758735016,0.9,5.166764275256223
2031-04-02,Google,26-35,South India,Mobile,Text,15,14008,4,0.0285392621218721,399,0.9,359.1,0.1162388566850183,41,2282,0.90872,0.028483723586521986,0.10275689223057644,0.9,8.758536585365855
2031-04-03,Google,36-50,West India,Desktop,Video,21,48487,4,0.0694003559274529,3365,0.9,3028.5,0.0599187125459505,182,2283,0.90868,0.06940004537298658,0.05408618127786033,0.9,16.64010989010989
2031-04-04,Google,36-50,West India,Mobile,Image,7,69395,4,0.0418247701363549,2902,0.9,2611.8,0.1685413255353865,444,2284,0.90864,0.041818574825275595,0.15299793246037216,0.9,5.882432432432433
2031-04-05,Google,36-50,South India,Desktop,Image,6,3393,4,0.0352533038381483,119,0.9,107.1,0.0670939094203459,6,2285,0.9086,0.03507220748600059,0.05042016806722689,0.8999999999999999,17.849999999999998
2031-04-06,Instagram,18-25,North India,Desktop,Text,22,95680,4,0.0861556021759704,8243,1.3,10715.9,0.0780190310494556,584,2286,0.90856,0.0861517558528428,0.07084799223583647,1.3,18.349143835616438
2031-04-07,Google,26-35,West India,Mobile,Video,16,56971,4,0.0787665752824461,4487,0.9,4038.3,0.2514775794512326,1024,2287,0.90852,0.07875936880167103,0.22821484287942947,0.9,3.94365234375
2031-04-08,Google,18-25,South India,Mobile,Image,15,80627,4,0.0509345413591444,4106,0.9,3695.4,0.0814833818267399,303,2288,0.90848,0.05092586850558746,0.07379444715051145,0.9,12.196039603960397
2031-04-09,Google,36-50,North India,Mobile,Text,20,88991,4,0.0942540838959698,8387,0.9,7548.3,0.0810566657177645,616,2289,0.90844,0.09424548549853357,0.0734470013115536,0.9,12.253733766233767
2031-04-10,Instagram,26-35,North India,Mobile,Video,21,69657,4,0.1078576279910742,7513,1.3,9766.9,0.2332816341898829,1591,2290,0.9084,0.10785707107684799,0.21176627179555438,1.3,6.138843494657448
2031-04-11,Google,36-50,South India,Desktop,Text,17,75652,4,0.0679128488120005,5137,0.9,4623.3,0.0979233741482277,456,2291,0.90836,0.06790302966213715,0.08876776328596457,0.9,10.138815789473684
2031-04-12,Google,36-50,West India,Desktop,Video,15,71507,4,0.022944803697644,1640,0.9,1476.0,0.123860875071618,184,2292,0.90832,0.0229348175703078,0.11219512195121951,0.9,8.021739130434783
2031-04-13,Google,18-25,North India,Mobile,Video,14,30644,4,0.0319106746737801,977,0.9,879.3000000000001,0.1788162624827376,158,2293,0.90828,0.03188226080146195,0.1617195496417605,0.9,5.565189873417722
2031-04-14,Google,36-50,West India,Mobile,Video,1,90615,4,0.077639219279667,7035,0.9,6331.5,0.0840816195567519,536,2294,0.90824,0.0776361529548088,0.0761904761904762,0.9,11.8125
2031-04-15,Google,26-35,West India,Mobile,Text,19,94863,4,0.0811078985241623,7694,0.9,6924.6,0.179708944149036,1255,2295,0.9082,0.08110643770490075,0.16311411489472316,0.9,5.517609561752988
2031-04-16,Google,36-50,North India,Mobile,Text,3,37122,4,0.0632953367399442,2349,0.9,2114.1,0.0760695720280799,161,2296,0.90816,0.06327784063358655,0.06853980417198809,0.8999999999999999,13.131055900621117
2031-04-17,Google,36-50,South India,Mobile,Video,4,4397,4,0.0669226012843458,294,0.9,264.6,0.2375943553860474,62,2297,0.90812,0.06686377075278599,0.2108843537414966,0.9,4.267741935483872
2031-04-18,Google,18-25,North India,Mobile,Image,6,55569,4,0.0877925814098619,4878,0.9,4390.2,0.0915032502634733,405,2298,0.90808,0.08778275657290936,0.08302583025830258,0.8999999999999999,10.84
2031-04-19,Google,26-35,North India,Mobile,Video,14,78948,4,0.0696654440749123,5499,0.9,4949.1,0.1074593238537451,535,2299,0.90804,0.06965344277245782,0.09729041643935261,0.9,9.250654205607477
2031-04-20,Instagram,18-25,West India,Desktop,Text,16,53133,4,0.0874274590654042,4645,1.3,6038.5,0.0490128147110272,206,2300,0.908,0.08742212937345906,0.04434876210979548,1.3,29.313106796116504
2031-04-21,Instagram,36-50,South India,Mobile,Video,9,49519,4,0.0839874654042731,4158,1.3,5405.400000000001,0.0898205494993557,338,2301,0.90796,0.08396776994688908,0.08128908128908129,1.3,15.992307692307694
2031-04-22,Google,18-25,West India,Desktop,Text,19,72057,4,0.0820770217254607,5914,0.9,5322.6,0.1153369317891125,619,2302,0.90792,0.08207391370720402,0.10466689212039229,0.9,8.598707592891762
2031-04-23,Google,18-25,North India,Desktop,Video,8,30151,4,0.0357432738248711,1077,0.9,969.3,0.1651970062375237,160,2303,0.90788,0.03572020828496567,0.14856081708449395,0.8999999999999999,6.0581249999999995
2031-04-24,Instagram,18-25,South India,Mobile,Video,15,4472,4,0.1124591249371553,502,1.3,652.6,0.2442814592311541,110,2304,0.90784,0.11225402504472272,0.21912350597609562,1.3,5.932727272727273
2031-04-25,Google,18-25,South India,Mobile,Image,23,52769,4,0.0649423475944633,3426,0.9,3083.4,0.0639277670465657,198,2305,0.9078,0.06492448217703575,0.05779334500875657,0.9,15.572727272727272
2031-04-26,Google,36-50,South India,Mobile,Image,2,6481,4,0.0353000657788906,228,0.9,205.2,0.1186165543126965,24,2306,0.90776,0.03517975621046135,0.10526315789473684,0.8999999999999999,8.549999999999999
2031-04-27,Instagram,36-50,South India,Mobile,Text,21,39977,4,0.0609812589130242,2437,1.3,3168.1,0.0763209522607023,167,2307,0.90772,0.0609600520299172,0.06852687730816578,1.3,18.97065868263473
2031-04-28,Google,26-35,South India,Desktop,Video,8,20883,4,0.0253557277959851,529,0.9,476.1,0.1427229167776707,68,2308,0.90768,0.02533160944308768,0.1285444234404537,0.9,7.001470588235295
2031-04-29,Google,18-25,North India,Mobile,Text,7,89915,4,0.0386073327685544,3471,0.9,3123.9,0.086825242343545,273,2309,0.90764,0.03860312517377523,0.07865168539325842,0.9,11.442857142857143
2031-04-30,Google,18-25,North India,Mobile,Video,22,25265,4,0.1039866760879199,2627,0.9,2364.3,0.1225716616947533,291,2310,0.9076,0.10397783494953493,0.11077274457556148,0.9,8.124742268041238
2031-05-01,Instagram,26-35,North India,Mobile,Video,6,53744,5,0.0499897081894253,2686,1.3,3491.8,0.0950174960358185,231,2311,0.90756,0.049977671926168504,0.08600148920327624,1.3,15.116017316017317
2031-05-02,Google,18-25,West India,Desktop,Video,16,24656,5,0.0440512334931057,1086,0.9,977.4,0.1763483204092251,173,2312,0.90752,0.044046073977936404,0.15930018416206262,0.9,5.649710982658959
2031-05-03,Instagram,26-35,South India,Mobile,Image,4,10304,5,0.0352323592689509,363,1.3,471.9,0.1502147681911947,49,2313,0.90748,0.035229037267080744,0.1349862258953168,1.3,9.630612244897959
2031-05-04,Instagram,36-50,South India,Mobile,Text,6,87616,5,0.0888754779649969,7786,1.3,10121.8,0.0820983220257169,579,2314,0.90744,0.08886504747991235,0.07436424351399949,1.2999999999999998,17.48151986183074
2031-05-05,Google,26-35,North India,Mobile,Video,12,46911,5,0.0349235448348821,1638,0.9,1474.2,0.0689795011462094,101,2315,0.9074,0.0349171836029929,0.061660561660561664,0.9,14.596039603960396
2031-05-06,Google,18-25,South India,Desktop,Video,17,44013,5,0.0379970754604947,1672,0.9,1504.8,0.1485782118846154,225,2316,0.90736,0.03798877604344171,0.13456937799043062,0.9,6.688
2031-05-07,Google,26-35,West India,Mobile,Text,21,78981,5,0.0836440065877852,6606,0.9,5945.400000000001,0.1433428668162773,858,2317,0.90732,0.08364036920271964,0.1298819255222525,0.9000000000000001,6.92937062937063
2031-05-08,Google,36-50,South India,Mobile,Text,13,41314,5,0.0426919337800646,1763,0.9,1586.7,0.0535739177185611,85,2318,0.90728,0.04267318584499201,0.04821327283040272,0.9,18.667058823529413
2031-05-09,Google,18-25,South India,Mobile,Video,17,23857,5,0.0414167015900514,988,0.9,889.2,0.1919599159011411,171,2319,0.90724,0.04141342163725531,0.17307692307692307,0.9,5.2
2031-05-10,Instagram,36-50,West India,Mobile,Image,2,29894,5,0.0805083470917626,2406,1.3,3127.8,0.1239130686987766,270,2320,0.9072,0.08048437813608082,0.11221945137157108,1.3,11.584444444444445
2031-05-11,Instagram,36-50,North India,Mobile,Image,16,39570,5,0.0364509703181134,1442,1.3,1874.6,0.1162824866308883,151,2321,0.90716,0.03644174879959566,0.10471567267683772,1.3,12.41456953642384
2031-05-12,Instagram,26-35,North India,Mobile,Video,18,67080,5,0.0789471609749364,5295,1.3,6883.5,0.194771284818058,935,2322,0.90712,0.0789355992844365,0.17658168083097261,1.3,7.362032085561498
2031-05-13,Google,36-50,South India,Mobile,Image,6,40420,5,0.0223795137845491,904,0.9,813.6,0.1912148504438521,156,2323,0.90708,0.022365165759524987,0.17256637168141592,0.9,5.2153846153846155
2031-05-14,Instagram,18-25,West India,Mobile,Text,20,82588,5,0.1233725286803829,10189,1.3,13245.7,0.0630169289238402,582,2324,0.90704,0.12337143410664987,0.05712042398665227,1.3,22.75893470790378
2031-05-15,Instagram,36-50,North India,Mobile,Image,3,57210,5,0.069520357374564,3977,1.3,5170.1,0.1455274453520749,524,2325,0.907,0.06951581891277749,0.13175760623585617,1.3,9.866603053435115
2031-05-16,Instagram,36-50,North India,Mobile,Text,14,28734,5,0.0439760049741525,1263,1.3,1641.9,0.102481352742754,116,2326,0.90696,0.04395489663812904,0.09184481393507522,1.3,14.154310344827588
2031-05-17,Google,26-35,North India,Mobile,Text,23,37219,5,0.055424884801331,2062,0.9,1855.8,0.0785199939579966,146,2327,0.90692,0.055401810903033394,0.07080504364694472,0.9,12.710958904109589
2031-05-18,Instagram,36-50,South India,Mobile,Text,7,67972,5,0.084759043155685,5761,1.3,7489.3,0.1245298294564048,650,2328,0.90688,0.08475548755369858,0.1128276340913036,1.3,11.522
2031-05-19,Google,26-35,West India,Desktop,Text,15,56813,5,0.0566781741052233,3220,0.9,2898.0,0.1477600463770736,430,2329,0.90684,0.05667716895780895,0.13354037267080746,0.9,6.73953488372093
2031-05-20,Google,26-35,South India,Mobile,Image,0,12007,5,0.0431751954040142,518,0.9,466.2,0.1235988018714195,58,2330,0.9068,0.04314150079120513,0.11196911196911197,0.9,8.037931034482758
2031-05-21,Google,18-25,North India,Mobile,Text,15,29341,5,0.0756168974333688,2218,0.9,1996.2,0.1385760255274997,278,2331,0.90676,0.0755938788725674,0.12533814247069433,0.9,7.180575539568346
2031-05-22,Instagram,18-25,West India,Mobile,Video,1,97550,5,0.0334261619603024,3260,1.3,4238.0,0.15600505559428,460,2332,0.90672,0.03341875961045618,0.1411042944785276,1.3,9.21304347826087
2031-05-23,Instagram,18-25,South India,Mobile,Text,1,50411,5,0.044718115116136,2254,1.3,2930.2000000000003,0.1006128196213067,204,2333,0.90668,0.044712463549622106,0.09050576752440107,1.3,14.36372549019608
2031-05-24,Google,18-25,North India,Mobile,Video,7,74087,5,0.0568859998484977,4214,0.9,3792.6,0.1484096022577432,566,2334,0.90664,0.05687907460148204,0.1343141907925961,0.9,6.700706713780918
2031-05-25,Google,26-35,North India,Mobile,Text,11,79649,5,0.0248787165159826,1981,0.9,1782.9,0.1004172651441017,179,2335,0.9066,0.024871624251403032,0.09035840484603735,0.9,9.960335195530726
2031-05-26,Google,36-50,South India,Desktop,Text,10,49431,5,0.0617264585026529,3051,0.9,2745.9,0.0926001819285304,255,2336,0.90656,0.061722400922498026,0.08357915437561456,0.9,10.768235294117648
2031-05-27,Google,18-25,North India,Desktop,Image,5,5841,5,0.0186242880665368,108,0.9,97.2,0.112807225679912,10,2337,0.90652,0.01848998459167951,0.09259259259259259,0.9,9.72
2031-05-28,Google,18-25,North India,Desktop,Text,18,41729,5,0.0610578091093135,2547,0.9,2292.3,0.1118022624782498,257,2338,0.90648,0.06103668911308682,0.10090302316450726,0.9,8.919455252918288
2031-05-29,Google,18-25,West India,Desktop,Text,17,83638,5,0.0580288476774642,4853,0.9,4367.7,0.1338250887967746,588,2339,0.90644,0.058023864750472276,0.12116216773130023,0.8999999999999999,7.428061224489795
2031-05-30,Instagram,36-50,North India,Desktop,Image,4,85647,5,0.0642100406450621,5499,1.3,7148.7,0.0784759878644215,390,2340,0.9064,0.06420540123997338,0.07092198581560284,1.3,18.33
2031-05-31,Google,18-25,South India,Desktop,Image,14,77629,5,0.0334510735814013,2596,0.9,2336.4,0.0462557807586614,108,2341,0.90636,0.0334411109250409,0.04160246533127889,0.9,21.633333333333333
2031-06-01,Google,36-50,West India,Mobile,Video,7,74082,6,0.0502242330431554,3720,0.9,3348.0,0.1335743771426771,449,2342,0.90632,0.05021462703490726,0.1206989247311828,0.9,7.456570155902004
2031-06-02,Google,26-35,South India,Mobile,Image,5,58804,6,0.0564200351853993,3317,0.9,2985.3,0.113382273956846,340,2343,0.90628,0.05640772736548534,0.10250226107928852,0.9,8.78029411764706
2031-06-03,Instagram,26-35,North India,Mobile,Video,11,98335,6,0.0837003963926278,8230,1.3,10699.0,0.0515376225416036,384,2344,0.90624,0.08369349672039457,0.046658566221142166,1.3,27.861979166666668
2031-06-04,Instagram,26-35,West India,Mobile,Text,18,53006,6,0.0958104314039095,5078,1.3,6601.400000000001,0.1038048496524619,477,2345,0.9062,0.09580047541787721,0.09393461992910594,1.3,13.839412997903565
2031-06-05,Instagram,36-50,West India,Mobile,Video,11,22584,6,0.0733912433524325,1657,1.3,2154.1,0.1958474970319565,293,2346,0.90616,0.0733705278072972,0.1768255884127942,1.3,7.351877133105802
2031-06-06,Google,18-25,West India,Desktop,Image,11,61591,6,0.05222852195388,3216,0.9,2894.4,0.0914968275381465,266,2347,0.90612,0.05221542108424932,0.08271144278606965,0.9,10.881203007518797
2031-06-07,Instagram,18-25,West India,Mobile,Text,8,20361,6,0.0458361834561415,933,1.3,1212.9,0.1334074193921069,112,2348,0.90608,0.04582289671430676,0.12004287245444802,1.3,10.829464285714286
2031-06-08,Google,18-25,South India,Mobile,Video,23,81020,6,0.0327600279698754,2654,0.9,2388.6,0.1929080744441604,462,2349,0.90604,0.03275734386571217,0.17407686510926904,0.8999999999999999,5.17012987012987
2031-06-09,Instagram,18-25,North India,Mobile,Video,9,48871,6,0.0941903275421055,4603,1.3,5983.900000000001,0.0678394235674908,282,2350,0.906,0.09418673651040495,0.061264392787312626,1.3,21.219503546099293
2031-06-10,Instagram,18-25,North India,Mobile,Video,21,15101,6,0.0631483314039688,953,1.3,1238.9,0.1626873685478487,140,2351,0.90596,0.06310840341699225,0.14690451206715635,1.3,8.849285714285715
2031-06-11,Instagram,36-50,West India,Mobile,Text,16,43774,6,0.0556743044895298,2437,1.3,3168.1,0.0907136225180274,200,2352,0.90592,0.055672316900443185,0.08206811653672548,1.3,15.840499999999999
2031-06-12,Instagram,26-35,North India,Mobile,Video,17,43701,6,0.0714850744405854,3123,1.3,4059.9,0.1826024562677966,516,2353,0.90588,0.07146289558591337,0.16522574447646493,1.3,7.868023255813954
2031-06-13,Instagram,18-25,South India,Mobile,Video,15,14261,6,0.0592402515677873,844,1.3,1097.2,0.0834156698972548,63,2354,0.90584,0.059182385526961645,0.07464454976303317,1.3,17.415873015873018
2031-06-14,Google,26-35,North India,Mobile,Image,3,14209,6,0.0727431304902147,1033,0.9,929.7,0.051899618504505,48,2355,0.9058,0.07270040115419804,0.046466602129719266,0.9,19.368750000000002
2031-06-15,Instagram,36-50,South India,Mobile,Video,17,29647,6,0.098441370360245,2918,1.3,3793.4,0.0925191869453509,243,2356,0.90576,0.0984247984619017,0.08327621658670323,1.3,15.610699588477367
2031-06-16,Google,36-50,South India,Mobile,Text,2,9221,6,0.046777145533949,431,0.9,387.9,0.0429448795776741,16,2357,0.90572,0.04674113436720529,0.037122969837587005,0.8999999999999999,24.24375
2031-06-17,Google,18-25,North India,Mobile,Image,15,48833,6,0.0380842670987673,1859,0.9,1673.1,0.076542120487403,128,2358,0.90568,0.03806851923903917,0.06885422270037654,0.8999999999999999,13.07109375
2031-06-18,Google,36-50,South India,Mobile,Text,13,86413,6,0.041469772420161,3583,0.9,3224.7000000000003,0.0707235715123849,229,2359,0.90564,0.04146366866096536,0.06391292213229137,0.9,14.081659388646289
2031-06-19,Google,26-35,South India,Mobile,Image,23,26557,6,0.0444979158100946,1181,0.9,1062.9,0.1026922690331183,109,2360,0.9056,0.04447038445607561,0.09229466553767993,0.9,9.751376146788992
2031-06-20,Google,18-25,South India,Mobile,Image,8,99534,6,0.0595495317245746,5927,0.9,5334.3,0.1095335647866183,587,2361,0.90556,0.05954749130950228,0.09903829930825038,0.9,9.087393526405451
2031-06-21,Google,18-25,South India,Mobile,Video,5,8526,6,0.0517954094906939,441,0.9,396.9,0.0755671394973124,29,2362,0.90552,0.05172413793103448,0.06575963718820861,0.8999999999999999,13.686206896551724
2031-06-22,Google,26-35,West India,Mobile,Text,3,2251,6,0.0711227568593267,160,0.9,144.0,0.1023202226324578,14,2363,0.90548,0.07107952021323856,0.0875,0.9,10.285714285714286
2031-06-23,Instagram,18-25,North India,Mobile,Video,1,33588,6,0.0618344466959126,2076,1.3,2698.8,0.0772172890075713,144,2364,0.90544,0.06180778849589139,0.06936416184971098,1.3,18.741666666666667
2031-06-24,Google,18-25,West India,Mobile,Image,22,55492,6,0.0590323059716679,3275,0.9,2947.5,0.0542165129698508,160,2365,0.9054,0.05901751603834787,0.04885496183206107,0.9,18.421875
2031-06-25,Google,26-35,South India,Desktop,Video,9,7889,6,0.0518697946974155,409,0.9,368.1,0.1745988754300763,64,2366,0.90536,0.051844340220560274,0.15647921760391198,0.9,5.7515625
2031-06-26,Instagram,18-25,North India,Mobile,Image,10,95302,6,0.054313037738327,5176,1.3,6728.8,0.0389726005410581,181,2367,0.90532,0.05431155694528971,0.034969088098918084,1.3,37.17569060773481
2031-06-27,Google,18-25,South India,Mobile,Image,6,30146,6,0.04521188323192,1362,0.9,1225.8,0.0956919371162625,117,2368,0.90528,0.04518012339945598,0.08590308370044053,0.8999999999999999,10.476923076923077
2031-06-28,Instagram,26-35,North India,Mobile,Text,4,53318,6,0.0450803269527,2403,1.3,3123.9,0.0461935512028002,100,2369,0.90524,0.04506920739712667,0.04161464835622139,1.3,31.239
2031-06-29,Instagram,36-50,West India,Mobile,Text,3,74588,6,0.1009730275897613,7531,1.3,9790.3,0.1320997149605204,899,2370,0.9052,0.10096798412613289,0.11937325720355862,1.2999999999999998,10.890211345939932
2031-06-30,Instagram,26-35,North India,Mobile,Text,5,99084,6,0.045159819098552,4474,1.3,5816.2,0.1192297706058182,482,2371,0.90516,0.045153607040490894,0.10773357174787662,1.3,12.066804979253112
2031-07-01,Instagram,18-25,South India,Desktop,Text,1,38638,7,0.0742497140046258,2868,1.3,3728.4,0.04532294533886,116,2372,0.90512,0.07422744448470418,0.040446304044630406,1.3,32.14137931034483
2031-07-02,Google,26-35,North India,Desktop,Video,1,2147,7,0.0618805028380877,132,0.9,118.8,0.1334519907305344,15,2373,0.90508,0.06148113646949231,0.11363636363636363,0.9,7.92
2031-07-03,Instagram,18-25,North India,Mobile,Text,15,3847,7,0.0618265238497726,237,1.3,308.1,0.0656899438377043,13,2374,0.90504,0.06160644658175202,0.05485232067510549,1.3,23.700000000000003
2031-07-04,Google,18-25,West India,Desktop,Text,22,86770,7,0.0458043506996154,3974,0.9,3576.6,0.056912919064858,204,2375,0.905,0.045799239368445314,0.051333668847508805,0.9,17.53235294117647
2031-07-05,Google,26-35,South India,Mobile,Text,22,61335,7,0.0683748021745272,4193,0.9,3773.7,0.0781804074682053,295,2376,0.90496,0.06836227276432706,0.07035535416169807,0.8999999999999999,12.792203389830508
2031-07-06,Instagram,18-25,North India,Mobile,Image,12,85990,7,0.1088796780286948,9362,1.3,12170.6,0.1465130187841052,1240,2377,0.90492,0.1088731247819514,0.13245033112582782,1.3,9.815
2031-07-07,Google,36-50,West India,Mobile,Image,20,34388,7,0.0657879091033833,2262,0.9,2035.8,0.0480997519229027,97,2378,0.90488,0.0657787600325695,0.04288240495137047,0.9,20.98762886597938
2031-07-08,Instagram,18-25,North India,Mobile,Text,6,65347,7,0.0676536526252426,4420,1.3,5746.0,0.1055827840700773,421,2379,0.90484,0.06763891226835203,0.09524886877828054,1.3,13.648456057007126
2031-07-09,Instagram,26-35,South India,Mobile,Image,4,40983,7,0.0528159337657217,2164,1.3,2813.2000000000003,0.1846590023797608,361,2380,0.9048,0.05280238147524583,0.1668207024029575,1.3,7.792797783933519
2031-07-10,Instagram,36-50,North India,Mobile,Image,16,44820,7,0.0344560794513417,1544,1.3,2007.2,0.0975914942050514,135,2381,0.90476,0.03444890673806336,0.08743523316062177,1.3,14.868148148148148
2031-07-11,Instagram,36-50,North India,Mobile,Video,12,27076,7,0.0846257169731072,2291,1.3,2978.3,0.1894816232580655,392,2382,0.90472,0.08461368001181858,0.17110432125709296,1.3,7.597704081632654
2031-07-12,Google,18-25,North India,Mobile,Image,14,31752,7,0.0246842213506556,783,0.9,704.7,0.1586044570668729,112,2383,0.90468,0.02465986394557823,0.14303959131545338,0.9,6.291964285714286
2031-07-13,Google,26-35,North India,Mobile,Video,2,61533,7,0.0634487662358881,3904,0.9,3513.6,0.1428914852147833,503,2384,0.90464,0.06344563079973348,0.1288422131147541,0.9,6.985288270377733
2031-07-14,Instagram,18-25,South India,Mobile,Image,22,17003,7,0.1093149912397556,1858,1.3,2415.4,0.1141994421495447,191,2385,0.9046,0.1092748338528495,0.10279870828848224,1.3,12.64607329842932
2031-07-15,Google,18-25,West India,Mobile,Text,3,73954,7,0.0536264183366078,3965,0.9,3568.5,0.121781974234299,435,2386,0.90456,0.053614408956919164,0.10970996216897856,0.9,8.203448275862069
2031-07-16,Instagram,26-35,West India,Mobile,Image,14,18710,7,0.09399209906479,1758,1.3,2285.4,0.1682711693958166,266,2387,0.90452,0.0939604489577766,0.15130830489192265,1.3,8.591729323308272
2031-07-17,Instagram,26-35,North India,Mobile,Image,17,66657,7,0.0615341090726109,4101,1.3,5331.3,0.1284447008064855,475,2388,0.90448,0.06152392096854044,0.11582540843696659,1.3,11.22378947368421
2031-07-18,Instagram,18-25,South India,Desktop,Video,2,38081,7,0.0718598793924463,2736,1.3,3556.8,0.0915354069592942,226,2389,0.90444,0.0718468527612195,0.08260233918128655,1.3,15.738053097345134
2031-07-19,Google,36-50,South India,Mobile,Text,6,51228,7,0.0355692535123193,1822,0.9,1639.8,0.1447452972108079,237,2390,0.9044,0.035566487077379555,0.1300768386388584,0.9,6.9189873417721515
2031-07-20,Google,18-25,South India,Desktop,Video,7,94309,7,0.03817383472077,3600,0.9,3240.0,0.2286433648955055,744,2391,0.90436,0.03817239075804006,0.20666666666666667,0.9,4.354838709677419
2031-07-21,Google,36-50,South India,Mobile,Text,10,84102,7,0.0630671890908227,5304,0.9,4773.6,0.0911049816835224,436,2392,0.90432,0.06306627666405079,0.08220211161387632,0.9,10.94862385321101
2031-07-22,Google,18-25,South India,Mobile,Text,21,21655,7,0.0629725409231791,1363,0.9,1226.7,0.12871448870404,158,2393,0.90428,0.06294158392980836,0.11592076302274394,0.9,7.7639240506329115
2031-07-23,Instagram,26-35,South India,Desktop,Video,8,9483,7,0.0886224299942279,840,1.3,1092.0,0.1485571413018019,112,2394,0.90424,0.08857956342929453,0.13333333333333333,1.3,9.75
2031-07-24,Google,36-50,North India,Mobile,Image,19,99224,7,0.0574251873662335,5697,0.9,5127.3,0.0528972218658453,272,2395,0.9042,0.05741554462630009,0.04774442689134632,0.9,18.850367647058825
2031-07-25,Google,26-35,West India,Mobile,Text,11,41094,7,0.0398603502111548,1638,0.9,1474.2,0.0756311997015047,111,2396,0.90416,0.039859833552343404,0.06776556776556776,0.9,13.281081081081082
2031-07-26,Google,26-35,West India,Mobile,Image,4,42450,7,0.0298929853948268,1268,0.9,1141.2,0.0629361451889484,71,2397,0.90412,0.029870435806831568,0.055993690851735015,0.9,16.07323943661972
2031-07-27,Instagram,26-35,North India,Mobile,Video,0,26209,7,0.104381273351589,2735,1.3,3555.5,0.1531023079937055,377,2398,0.90408,0.10435346636651532,0.13784277879341864,1.3,9.431034482758621
2031-07-28,Instagram,26-35,West India,Mobile,Video,13,47316,7,0.0390148830915229,1846,1.3,2399.8,0.1457919094543427,243,2399,0.90404,0.039014286921971425,0.13163596966413868,1.3,9.875720164609055
2031-07-29,Google,26-35,South India,Mobile,Video,2,19556,7,0.0623577582608101,1219,0.9,1097.1,0.0589971575050546,64,2400,0.904,0.06233381059521374,0.052502050861361775,0.8999999999999999,17.1421875
2031-07-30,Google,18-25,South India,Desktop,Video,14,28962,7,0.0391131694758696,1132,0.9,1018.8,0.0641849577562573,65,2401,0.90396,0.0390856985014847,0.05742049469964664,0.8999999999999999,15.673846153846153
2031-07-31,Google,36-50,West India,Mobile,Text,9,16638,7,0.0574748501020675,956,0.9,860.4,0.0650343053841396,56,2402,0.90392,0.057458829186200266,0.058577405857740586,0.9,15.364285714285714
2031-08-01,Google,18-25,South India,Mobile,Video,9,39754,8,0.0335797595036338,1334,0.9,1200.6,0.1904500415400634,229,2403,0.90388,0.033556371685868086,0.17166416791604197,0.8999999999999999,5.242794759825327
2031-08-02,Instagram,18-25,South India,Desktop,Image,23,87619,8,0.0497557624002972,4359,1.3,5666.7,0.0635327594093155,249,2404,0.90384,0.049749483559501935,0.05712319339298004,1.3,22.757831325301204
2031-08-03,Instagram,18-25,West India,Mobile,Image,2,73617,8,0.0522016298755413,3842,1.3,4994.6,0.0686683741481752,237,2405,0.9038,0.05218903242457584,0.06168662155127538,1.3,21.07426160337553
2031-08-04,Google,26-35,North India,Mobile,Text,5,55376,8,0.0396180359999889,2193,0.9,1973.7,0.1349071639399259,266,2406,0.90376,0.03960199364345565,0.12129502963976288,0.9,7.419924812030075
2031-08-05,Google,18-25,West India,Mobile,Video,4,14353,8,0.052124173161221,748,0.9,673.2,0.1397511007732079,93,2407,0.90372,0.05211454051417822,0.12433155080213903,0.9,7.238709677419355
2031-08-06,Instagram,36-50,West India,Mobile,Text,23,86388,8,0.1002933250373933,8664,1.3,11263.2,0.1078811074547891,844,2408,0.90368,0.10029170718155299,0.0974145891043398,1.3,13.345023696682466
2031-08-07,Google,18-25,West India,Mobile,Text,18,72296,8,0.0575803825597862,4162,0.9,3745.8,0.0882361712984444,331,2409,0.90364,0.05756888347903065,0.07952907256126862,0.9,11.316616314199397
2031-08-08,Instagram,26-35,West India,Mobile,Text,13,14771,8,0.0654835543278036,967,1.3,1257.1,0.0696727478719866,60,2410,0.9036,0.06546611603818292,0.06204756980351603,1.2999999999999998,20.951666666666664
2031-08-09,Google,36-50,North India,Mobile,Video,16,67026,8,0.062684432073625,4201,0.9,3780.9,0.0853611935375488,323,2411,0.90356,0.06267717005341211,0.07688645560580815,0.9,11.705572755417958
2031-08-10,Google,36-50,North India,Desktop,Image,11,5263,8,0.0482629721673929,254,0.9,228.6,0.1163662049727597,26,2412,0.90352,0.0482614478434353,0.10236220472440945,0.9,8.792307692307691
2031-08-11,Google,36-50,South India,Desktop,Image,8,8769,8,0.0414041949691068,363,0.9,326.7,0.1165301956765419,37,2413,0.90348,0.041395826205952786,0.10192837465564739,0.9,8.82972972972973
2031-08-12,Google,36-50,South India,Mobile,Text,2,26334,8,0.0266666031466308,702,0.9,631.8000000000001,0.0901570358779323,56,2414,0.90344,0.026657552973342446,0.07977207977207977,0.9000000000000001,11.282142857142858
2031-08-13,Instagram,18-25,West India,Desktop,Text,17,84117,8,0.0612639584002758,5153,1.3,6698.900000000001,0.1166318345581669,542,2415,0.9034,0.061259911789531246,0.10518144770036872,1.3,12.35959409594096
2031-08-14,Google,26-35,South India,Mobile,Image,3,33749,8,0.038445487423421,1297,0.9,1167.3,0.1062397403669565,123,2416,0.90336,0.0384307683190613,0.09483423284502698,0.8999999999999999,9.490243902439024
2031-08-15,Google,36-50,North India,Mobile,Image,13,12635,8,0.0336337247602902,424,0.9,381.6,0.0428851406645422,16,2417,0.90332,0.033557578155916104,0.03773584905660377,0.9,23.85
2031-08-16,Google,36-50,South India,Mobile,Video,23,66110,8,0.0743892034549397,4917,0.9,4425.3,0.2079710036808434,923,2418,0.90328,0.07437603993344426,0.1877160870449461,0.9,4.794474539544963
2031-08-17,Google,26-35,South India,Mobile,Text,5,2904,8,0.0445396885258452,129,0.9,116.1,0.0790790104167378,9,2419,0.90324,0.04442148760330578,0.06976744186046512,0.8999999999999999,12.899999999999999
2031-08-18,Google,18-25,South India,Desktop,Video,14,71805,8,0.0574472447396438,4124,0.9,3711.6,0.227695040612738,848,2420,0.9032,0.057433326370029944,0.20562560620756548,0.9,4.37688679245283
2031-08-19,Google,36-50,West India,Mobile,Image,16,31968,8,0.0669943826016427,2141,0.9,1926.9,0.1631381330635001,315,2421,0.90316,0.06697322322322323,0.14712751050910788,0.9,6.117142857142857
2031-08-20,Instagram,18-25,South India,Mobile,Image,23,2650,8,0.0409805823525319,108,1.3,140.4,0.0800231016134441,7,2422,0.90312,0.040754716981132075,0.06481481481481481,1.3,20.057142857142857
2031-08-21,Google,18-25,North India,Mobile,Image,4,13467,8,0.0338639138830768,456,0.9,410.4,0.1664076449809609,67,2423,0.90308,0.033860548006237466,0.14692982456140352,0.8999999999999999,6.125373134328358
2031-08-22,Google,18-25,North India,Mobile,Image,5,99331,8,0.0466026997150448,4629,0.9,4166.1,0.151523581008702,633,2424,0.90304,0.04660176581329092,0.13674659753726506,0.9000000000000001,6.581516587677726
2031-08-23,Instagram,18-25,North India,Mobile,Video,20,47900,8,0.1050325873345057,5031,1.3,6540.3,0.2028086260029005,921,2425,0.903,0.10503131524008351,0.1830649970184854,1.3,7.101302931596091
2031-08-24,Google,36-50,North India,Desktop,Image,4,89180,8,0.0616684951727513,5499,0.9,4949.1,0.1281671445337636,635,2426,0.90296,0.06166180758017493,0.1154755410074559,0.9,7.793858267716536
2031-08-25,Instagram,36-50,South India,Desktop,Text,18,36518,8,0.043766001385197,1598,1.3,2077.4,0.1592321314760713,229,2427,0.90292,0.04375924201763514,0.14330413016270338,1.3,9.071615720524019
2031-08-26,Google,18-25,West India,Mobile,Image,13,93816,8,0.0357458013535201,3353,0.9,3017.7000000000003,0.13661303708724,413,2428,0.90288,0.035740172252067874,0.12317327766179541,0.9000000000000001,7.30677966101695
2031-08-27,Instagram,18-25,North India,Mobile,Text,3,69415,8,0.0707915586320401,4913,1.3,6386.900000000001,0.1289683077904732,571,2429,0.90284,0.07077720953684362,0.11622226745369428,1.3,11.185464098073556
2031-08-28,Instagram,26-35,North India,Mobile,Image,4,5357,8,0.0483718776052392,259,1.3,336.7,0.119187095926361,27,2430,0.9028,0.04834795594549188,0.10424710424710425,1.3,12.47037037037037
2031-08-29,Instagram,26-35,West India,Desktop,Video,10,94837,8,0.0808730537113188,7669,1.3,9969.7,0.2041012945934336,1412,2431,0.90276,0.0808650632137246,0.1841178771678185,1.3,7.0606940509915015
2031-08-30,Instagram,26-35,West India,Mobile,Text,1,11865,8,0.033231085079864,394,1.3,512.2,0.0956523417699053,33,2432,0.90272,0.03320691108301728,0.08375634517766498,1.3,15.521212121212123
2031-08-31,Google,36-50,North India,Mobile,Video,21,69368,8,0.0804692643417175,5581,0.9,5022.900000000001,0.1631563686151962,821,2433,0.90268,0.08045496482527967,0.14710625335961297,0.9000000000000001,6.118026796589525
2031-09-01,Instagram,26-35,North India,Desktop,Image,1,95404,9,0.0598288215678574,5707,1.3,7419.1,0.1599557401283926,823,2434,0.90264,0.05981929478847847,0.14420886630453827,1.3,9.014702308626974
2031-09-02,Google,36-50,West India,Mobile,Video,19,62039,9,0.0718944735138988,4460,0.9,4014.0,0.1189615399489754,478,2435,0.9026,0.07189026257676623,0.10717488789237668,0.9,8.397489539748953
2031-09-03,Google,36-50,North India,Mobile,Image,11,97939,9,0.0521015829122217,5102,0.9,4591.8,0.0415114759621803,190,2436,0.90256,0.05209365012916203,0.03724029792238338,0.9,24.167368421052632
2031-09-04,Google,36-50,North India,Mobile,Video,15,72294,9,0.0410911741409574,2970,0.9,2673.0,0.0636423193844172,170,2437,0.90252,0.04108224748941821,0.05723905723905724,0.9,15.723529411764705
2031-09-05,Google,36-50,South India,Mobile,Video,16,3921,9,0.0680316149025283,266,0.9,239.4,0.2324092344353879,55,2438,0.90248,0.06783983677633257,0.20676691729323307,0.9,4.352727272727273
2031-09-06,Google,26-35,West India,Mobile,Text,3,5428,9,0.0692357694188474,375,0.9,337.5,0.1379111024056361,46,2439,0.90244,0.06908621960206338,0.12266666666666666,0.9,7.336956521739131
2031-09-07,Instagram,18-25,South India,Mobile,Image,13,74647,9,0.0616890495894834,4604,1.3,5985.2,0.1184462857286358,491,2440,0.9024,0.06167695955631171,0.10664639443961772,1.3,12.189816700610997
2031-09-08,Google,18-25,South India,Mobile,Video,6,89783,9,0.0439240677658243,3943,0.9,3548.7000000000003,0.230374211350225,819,2441,0.90236,0.04391699987748238,0.20770986558458027,0.9,4.332967032967034
2031-09-09,Instagram,18-25,West India,Mobile,Image,14,53557,9,0.0643361092972848,3445,1.3,4478.5,0.065984776408587,204,2442,0.90232,0.06432399126164647,0.059216255442670535,1.3,21.95343137254902
2031-09-10,Instagram,26-35,South India,Desktop,Text,15,96983,9,0.041728576231624,4046,1.3,5259.8,0.0519254975053827,189,2443,0.90228,0.041718651722466825,0.04671280276816609,1.3,27.82962962962963
2031-09-11,Google,18-25,North India,Mobile,Video,7,13366,9,0.0317401285587123,424,0.9,381.6,0.1415898364352842,54,2444,0.90224,0.03172228041298818,0.12735849056603774,0.9,7.066666666666667
2031-09-12,Google,26-35,South India,Desktop,Image,1,47923,9,0.0483240044167439,2315,0.9,2083.5,0.1028465257433562,214,2445,0.9022,0.04830665859816789,0.09244060475161987,0.9,9.735981308411215
2031-09-13,Google,26-35,West India,Mobile,Video,18,31564,9,0.0499868039678284,1577,0.9,1419.3,0.1050812988407771,148,2446,0.90216,0.049961982004815615,0.09384908053265695,0.9,9.589864864864865
2031-09-14,Google,26-35,North India,Mobile,Video,0,76511,9,0.066883599927769,5117,0.9,4605.3,0.1627706424683038,750,2447,0.90212,0.06687927226150488,0.1465702560093805,0.9,6.1404000000000005
2031-09-15,Google,18-25,North India,Mobile,Video,22,3642,9,0.0600393354167484,218,0.9,196.2,0.0695420963332787,13,2448,0.90208,0.05985722130697419,0.05963302752293578,0.8999999999999999,15.092307692307692
2031-09-16,Google,18-25,North India,Mobile,Video,3,14849,9,0.0398421058448356,591,0.9,531.9,0.1698404640373024,90,2449,0.90204,0.03980065997710284,0.15228426395939088,0.8999999999999999,5.91
2031-09-17,Google,18-25,North India,Mobile,Text,23,20344,9,0.0398128866987907,809,0.9,728.1,0.0729357790813609,53,2450,0.902,0.03976602438065277,0.06551297898640297,0.9,13.737735849056603
2031-09-18,Instagram,36-50,South India,Mobile,Text,20,22214,9,0.0599931146270843,1332,1.3,1731.6,0.1665639463367978,199,2451,0.90196,0.05996218600882326,0.1493993993993994,1.2999999999999998,8.701507537688443
2031-09-19,Instagram,26-35,South India,Mobile,Image,21,39226,9,0.0981403969685831,3849,1.3,5003.7,0.168546897382382,584,2452,0.90192,0.09812369346861775,0.15172772148610028,1.3,8.567979452054795
2031-09-20,Google,36-50,North India,Mobile,Image,10,92691,9,0.061111357935467,5664,0.9,5097.6,0.1239477337590467,633,2453,0.90188,0.06110625627083536,0.11175847457627118,0.9,8.05308056872038
2031-09-21,Instagram,26-35,West India,Desktop,Video,9,23522,9,0.0886005836717877,2084,1.3,2709.2000000000003,0.0865469733489297,162,2454,0.90184,0.08859790834112745,0.07773512476007678,1.3,16.723456790123457
2031-09-22,Google,18-25,North India,Mobile,Video,17,7680,9,0.0489614448918981,376,0.9,338.40000000000003,0.1982456630182302,66,2455,0.9018,0.04895833333333333,0.17553191489361702,0.9000000000000001,5.127272727272728
2031-09-23,Google,26-35,South India,Mobile,Video,0,13507,9,0.0261884362041129,353,0.9,317.7,0.0588817753489601,18,2456,0.90176,0.026134596875694086,0.05099150141643059,0.9,17.65
2031-09-24,Instagram,26-35,North India,Mobile,Text,16,75955,9,0.0503560045371758,3824,1.3,4971.2,0.0575496926300552,198,2457,0.90172,0.05034559936804687,0.05177824267782427,1.3,25.107070707070704
2031-09-25,Google,36-50,South India,Mobile,Video,15,50007,9,0.036627514519406,1831,0.9,1647.9,0.0595961510300599,98,2458,0.90168,0.03661487391765153,0.05352266521026761,0.9,16.81530612244898
2031-09-26,Google,26-35,North India,Desktop,Image,11,50353,9,0.0580151313827413,2921,0.9,2628.9,0.166546651905662,438,2459,0.90164,0.05801044624947868,0.1499486477233824,0.9,6.002054794520548
2031-09-27,Instagram,18-25,West India,Mobile,Video,15,89095,9,0.0557464170317182,4966,1.3,6455.8,0.1944035193005323,870,2460,0.9016,0.05573825691677423,0.1751913008457511,1.3,7.420459770114943
2031-09-28,Instagram,26-35,North India,Mobile,Text,8,69696,9,0.0693273099671337,4831,1.3,6280.3,0.1399357716188485,609,2461,0.90156,0.06931531221303948,0.1260608569654316,1.3,10.312479474548441
2031-09-29,Instagram,26-35,West India,Mobile,Video,16,45233,9,0.1034463776617543,4679,1.3,6082.7,0.1681258776087869,708,2462,0.90152,0.10344217717153406,0.15131438341525968,1.3,8.59138418079096
2031-09-30,Instagram,26-35,West India,Desktop,Text,2,51865,9,0.0746027601633769,3869,1.3,5029.7,0.0372634638298189,129,2463,0.90148,0.0745975127735467,0.03334194882398553,1.3,38.98992248062015
2031-10-01,Instagram,36-50,North India,Mobile,Text,17,8872,10,0.0677037262206656,600,1.3,780.0,0.137606305658813,73,2464,0.90144,0.06762849413886383,0.12166666666666667,1.3,10.684931506849315
2031-10-02,Google,26-35,West India,Mobile,Text,14,8839,10,0.0477394017790373,421,0.9,378.9,0.0840933798300171,31,2465,0.9014,0.04762982237809707,0.07363420427553444,0.8999999999999999,12.22258064516129
2031-10-03,Google,26-35,West India,Mobile,Text,14,16652,10,0.0285825668467494,475,0.9,427.5,0.0778159034175146,32,2466,0.90136,0.02852510208983906,0.06736842105263158,0.9,13.359375
2031-10-04,Google,36-50,South India,Mobile,Image,15,7859,10,0.0679573247385002,534,0.9,480.6,0.0877563838927065,41,2467,0.90132,0.06794757602748441,0.07677902621722846,0.9,11.721951219512196
2031-10-05,Google,36-50,South India,Mobile,Text,19,34520,10,0.0539378478655971,1861,0.9,1674.9,0.0749418355914394,125,2468,0.90128,0.05391077636152955,0.06716818914562063,0.9,13.3992
2031-10-06,Google,36-50,West India,Desktop,Image,0,79840,10,0.0297206010175899,2372,0.9,2134.8,0.1520879972826479,324,2469,0.90124,0.02970941883767535,0.13659359190556492,0.9,6.5888888888888895
2031-10-07,Google,36-50,North India,Desktop,Image,0,50266,10,0.0534722441915874,2687,0.9,2418.3,0.0720984706230943,173,2470,0.9012,0.05345561612222974,0.06438407145515444,0.9,13.978612716763006
2031-10-08,Instagram,18-25,West India,Mobile,Video,3,70516,10,0.0955670248153846,6739,1.3,8760.7,0.0853232256496708,517,2471,0.90116,0.09556696352600828,0.07671761388930108,1.3,16.945261121856866
2031-10-09,Instagram,18-25,North India,Mobile,Video,12,40093,10,0.1019678995894821,4088,1.3,5314.400000000001,0.157003932603081,577,2472,0.90112,0.10196293617339686,0.14114481409001958,1.3,9.210398613518198
2031-10-10,Instagram,26-35,South India,Mobile,Text,3,52970,10,0.051530113653994,2729,1.3,3547.7000000000003,0.0750289153447249,183,2473,0.90108,0.05151972814800831,0.0670575302308538,1.3,19.386338797814208
2031-10-11,Google,18-25,North India,Mobile,Video,22,50620,10,0.0694662973625619,3516,0.9,3164.4,0.0476956976494309,150,2474,0.90104,0.06945871197155275,0.042662116040955635,0.9,21.096
2031-10-12,Instagram,26-35,West India,Mobile,Text,7,1425,10,0.0742255963686126,105,1.3,136.5,0.144880200062122,13,2475,0.901,0.07368421052631578,0.12380952380952381,1.3,10.5
2031-10-13,Google,18-25,West India,Mobile,Video,12,74677,10,0.0332195989076175,2480,0.9,2232.0,0.1006787330132277,224,2476,0.90096,0.03320968973043909,0.09032258064516129,0.9,9.964285714285714
2031-10-14,Instagram,36-50,West India,Desktop,Text,23,51727,10,0.076567143268929,3960,1.3,5148.0,0.1249609167723037,445,2477,0.90092,0.07655576391439674,0.11237373737373738,1.3,11.568539325842696
2031-10-15,Google,36-50,West India,Mobile,Video,7,76593,10,0.0393399631190439,3013,0.9,2711.7000000000003,0.126789870990009,344,2478,0.90088,0.0393377984933349,0.1141719216727514,0.9000000000000001,7.882848837209303
2031-10-16,Instagram,18-25,West India,Desktop,Video,13,50985,10,0.0670228951486898,3417,1.3,4442.1,0.0705254095174851,216,2479,0.90084,0.06701971167990585,0.06321334503950835,1.3,20.56527777777778
2031-10-17,Google,18-25,North India,Mobile,Image,0,98339,10,0.0417354197780044,4104,0.9,3693.6,0.1260364557169893,465,2480,0.9008,0.041733188256947905,0.11330409356725146,0.9,7.943225806451613
2031-10-18,Instagram,26-35,West India,Mobile,Video,8,48084,10,0.0781127352619092,3755,1.3,4881.5,0.0869020509298418,293,2481,0.90076,0.0780925047832959,0.07802929427430093,1.3,16.660409556313994
2031-10-19,Instagram,26-35,South India,Mobile,Video,23,70642,10,0.0561547679170187,3966,1.3,5155.8,0.1060072232879938,378,2482,0.90072,0.05614223832847315,0.09531013615733737,1.3,13.639682539682541
2031-10-20,Google,26-35,West India,Desktop,Text,0,86623,10,0.044511539432663,3855,0.9,3469.5,0.0378563573234527,130,2483,0.90068,0.04450319199288873,0.03372243839169909,0.9,26.68846153846154
2031-10-21,Google,36-50,North India,Mobile,Image,6,2408,10,0.0388130570130653,93,0.9,83.7,0.040181645565123,2,2484,0.90064,0.038621262458471764,0.021505376344086023,0.9,41.85
2031-10-22,Instagram,36-50,West India,Desktop,Text,19,86401,10,0.0788543594255998,6813,1.3,8856.9,0.0951207154085084,583,2485,0.9006,0.07885325401326373,0.08557170115954792,1.3,15.191938250428816
2031-10-23,Google,36-50,West India,Desktop,Video,12,56337,10,0.0322819036979943,1818,0.9,1636.2,0.0577095446922548,93,2486,0.90056,0.032270088929122955,0.05115511551155116,0.9,17.593548387096774
2031-10-24,Instagram,36-50,North India,Mobile,Text,14,40612,10,0.0424636016025713,1724,1.3,2241.2000000000003,0.0559746565150813,86,2487,0.90052,0.042450507239239633,0.04988399071925754,1.3000000000000003,26.060465116279072
2031-10-25,Instagram,26-35,West India,Mobile,Image,8,40163,10,0.0475076775459866,1908,1.3,2480.4,0.1693330012473941,290,2488,0.90048,0.047506411373652364,0.1519916142557652,1.3,8.553103448275863
2031-10-26,Google,36-50,North India,Desktop,Text,15,16843,10,0.0340766790193165,573,0.9,515.7,0.0416668095948979,20,2489,0.90044,0.034020067683904295,0.034904013961605584,0.9000000000000001,25.785000000000004
2031-10-27,Google,36-50,West India,Mobile,Video,16,50364,10,0.0246797378422725,1242,0.9,1117.8,0.0968526357684454,108,2490,0.9004,0.02466047176554682,0.08695652173913043,0.8999999999999999,10.35
2031-10-28,Google,36-50,South India,Mobile,Text,8,29477,10,0.0475218209345834,1400,0.9,1260.0,0.1325025364238863,166,2491,0.90036,0.04749465685110425,0.11857142857142858,0.9,7.590361445783133
2031-10-29,Instagram,36-50,West India,Mobile,Video,5,98993,10,0.0373510841881037,3697,1.3,4806.1,0.1965666146938662,653,2492,0.90032,0.037346074974998235,0.17662969975655937,1.3,7.360030627871364
2031-10-30,Google,18-25,North India,Desktop,Image,19,62082,10,0.03133977976036,1945,0.9,1750.5,0.0441460828858442,76,2493,0.90028,0.03132953190941014,0.0390745501285347,0.9,23.032894736842106
2031-10-31,Google,26-35,South India,Mobile,Image,11,28330,10,0.0300111538885099,850,0.9,765.0,0.0725576859890382,54,2494,0.9002399999999999,0.030003529827038473,0.06352941176470588,0.9,14.166666666666666
2031-11-01,Google,26-35,North India,Desktop,Text,15,95747,11,0.0392332974860165,3756,0.9,3380.4,0.0761502229076111,257,2495,0.9002,0.03922838313471962,0.06842385516506923,0.9,13.15330739299611
2031-11-02,Instagram,36-50,West India,Mobile,Image,20,38569,11,0.0577054979556708,2225,1.3,2892.5,0.0905391929284327,180,2496,0.90016,0.05768881744406129,0.08089887640449438,1.3,16.069444444444443
2031-11-03,Instagram,18-25,South India,Mobile,Text,14,99203,11,0.0552667157830296,5482,1.3,7126.6,0.0751680186860319,370,2497,0.90012,0.055260425591967983,0.067493615468807,1.3,19.26108108108108
2031-11-04,Instagram,26-35,North India,Mobile,Video,6,49114,11,0.0868702221770082,4266,1.3,5545.8,0.0842722914152652,323,2498,0.90008,0.08685914403225149,0.07571495546179091,1.3,17.16965944272446
2031-11-05,Google,26-35,South India,Mobile,Text,9,68294,11,0.0638487437683042,4360,0.9,3924.0,0.0725674414716606,284,2499,0.90004,0.06384162591150028,0.06513761467889909,0.9,13.816901408450704
2031-11-06,Instagram,36-50,South India,Desktop,Video,3,65106,11,0.0586115096962111,3815,1.3,4959.5,0.0774570466688105,265,2500,0.9,0.05859674991552238,0.06946264744429882,1.3,18.71509433962264
2031-11-07,Instagram,36-50,North India,Desktop,Image,23,39548,11,0.0354713643120653,1402,1.3,1822.6,0.0597224407974397,74,2501,0.89996,0.03545059168605239,0.052781740370898715,1.3,24.62972972972973
2031-11-08,Instagram,26-35,South India,Desktop,Video,2,63598,11,0.0560553230489928,3565,1.3,4634.5,0.1649305230865376,528,2502,0.89992,0.056055221862322716,0.14810659186535766,1.3,8.777462121212121
2031-11-09,Instagram,26-35,North India,Desktop,Video,17,95705,11,0.0663578938817902,6350,1.3,8255.0,0.0922337030329993,526,2503,0.89988,0.06634972049527194,0.08283464566929134,1.3,15.693916349809886
2031-11-10,Google,18-25,South India,Mobile,Video,0,12260,11,0.0706993940213705,866,0.9,779.4,0.1266618379655195,98,2504,0.89984,0.07063621533442088,0.11316397228637413,0.9,7.953061224489796
2031-11-11,Google,26-35,South India,Mobile,Video,12,33350,11,0.0702208380781254,2341,0.9,2106.9,0.1289313890025271,270,2505,0.8997999999999999,0.07019490254872564,0.11533532678342588,0.9,7.803333333333334
2031-11-12,Instagram,26-35,South India,Mobile,Video,21,42741,11,0.1262190788968256,5394,1.3,7012.2,0.0730794893921967,354,2506,0.89976,0.12620200744016283,0.06562847608453838,1.3,19.808474576271188
2031-11-13,Google,36-50,West India,Desktop,Text,17,99214,11,0.0290799158956441,2885,0.9,2596.5,0.1315197609929218,340,2507,0.89972,0.029078557461648558,0.11785095320623917,0.9,7.636764705882353
2031-11-14,Instagram,26-35,West India,Mobile,Video,7,46181,11,0.09147632141704,4224,1.3,5491.2,0.2086684241689856,792,2508,0.89968,0.09146618739308374,0.1875,1.3,6.933333333333333
2031-11-15,Instagram,36-50,North India,Desktop,Video,10,84446,11,0.0467483997298514,3947,1.3,5131.1,0.0876612804238527,310,2509,0.89964,0.046739928475001774,0.07854066379528755,1.3,16.55193548387097
2031-11-16,Google,26-35,South India,Mobile,Video,9,1840,11,0.068346533546277,125,0.9,112.5,0.1072070023201526,11,2510,0.8996,0.06793478260869565,0.088,0.9,10.227272727272727
2031-11-17,Instagram,26-35,North India,Desktop,Video,3,63422,11,0.0463206765315522,2937,1.3,3818.1,0.156227348589627,411,2511,0.89956,0.04630885181798114,0.13993871297242083,1.3,9.28978102189781
2031-11-18,Google,26-35,West India,Mobile,Video,3,18725,11,0.0417449527553391,781,0.9,702.9,0.0615388480475499,43,2512,0.89952,0.04170894526034713,0.05505761843790013,0.9,16.346511627906978
2031-11-19,Google,18-25,West India,Mobile,Video,3,13299,11,0.0665068877513735,884,0.9,795.6,0.2004302532096747,159,2513,0.89948,0.06647116324535679,0.17986425339366516,0.9,5.003773584905661
2031-11-20,Instagram,36-50,West India,Desktop,Image,11,51652,11,0.0804763339792967,4156,1.3,5402.8,0.0568825030124229,212,2514,0.89944,0.0804615503755905,0.05101058710298364,1.3,25.484905660377358
2031-11-21,Instagram,18-25,West India,Desktop,Text,7,96525,11,0.075266982031963,7265,1.3,9444.5,0.1211154340383412,790,2515,0.8994,0.07526547526547527,0.10874053682037164,1.3,11.95506329113924
2031-11-22,Google,26-35,North India,Mobile,Video,12,91041,11,0.0287287758956733,2615,0.9,2353.5,0.0921258061178173,215,2516,0.8993599999999999,0.028723322459111827,0.08221797323135756,0.9,10.946511627906977
2031-11-23,Google,18-25,South India,Desktop,Text,7,72095,11,0.0378831856280096,2731,0.9,2457.9,0.079715351622889,195,2517,0.89932,0.037880574242319165,0.07140241669718052,0.9,12.604615384615386
2031-11-24,Instagram,36-50,North India,Desktop,Image,20,33597,11,0.0913419848860489,3068,1.3,3988.4,0.0567323378232655,156,2518,0.89928,0.09131767717355717,0.05084745762711865,1.3,25.566666666666666
2031-11-25,Instagram,26-35,South India,Mobile,Image,2,9707,11,0.0630533505658407,612,1.3,795.6,0.1435360256649152,78,2519,0.89924,0.06304728546409807,0.12745098039215685,1.3,10.200000000000001
2031-11-26,Instagram,18-25,West India,Mobile,Video,11,49943,11,0.106103274033138,5299,1.3,6888.7,0.1815590526821204,865,2520,0.8992,0.10610095508880123,0.1632383468578977,1.3,7.963815028901734
2031-11-27,Google,18-25,South India,Mobile,Text,17,64803,11,0.0591963171135132,3836,0.9,3452.4,0.1617866222292956,557,2521,0.89916,0.05919479036464361,0.14520333680917621,0.9,6.198204667863555
2031-11-28,Google,36-50,West India,Mobile,Video,14,94555,11,0.050004295526757,4728,0.9,4255.2,0.1037003050181001,440,2522,0.89912,0.05000264396383058,0.09306260575296109,0.8999999999999999,9.67090909090909
2031-11-29,Google,18-25,North India,Desktop,Image,13,89377,11,0.0552941420467119,4942,0.9,4447.8,0.1206170610544489,535,2523,0.89908,0.05529386754981707,0.10825576689599352,0.9,8.313644859813085
2031-11-30,Instagram,36-50,South India,Mobile,Image,8,86176,11,0.0480124827036122,4137,1.3,5378.1,0.1079089140353284,400,2524,0.89904,0.04800640549572967,0.09668842156151801,1.3,13.445250000000001
2031-12-01,Google,26-35,North India,Mobile,Text,4,99162,12,0.0676937956741353,6712,0.9,6040.8,0.0953642272033458,575,2525,0.899,0.06768721889433452,0.08566746126340882,0.9,10.505739130434783
2031-12-02,Google,26-35,West India,Mobile,Video,14,76276,12,0.0371999913773496,2837,0.9,2553.3,0.0753725305101528,191,2526,0.89896,0.0371938748754523,0.06732463870285513,0.9,13.368062827225131
2031-12-03,Instagram,18-25,North India,Mobile,Text,7,4155,12,0.0615170483130836,255,1.3,331.5,0.0980671643328798,22,2527,0.8989199999999999,0.061371841155234655,0.08627450980392157,1.3,15.068181818181818
2031-12-04,Google,26-35,West India,Mobile,Text,22,24572,12,0.0348763933095925,856,0.9,770.4,0.1350407900383517,103,2528,0.89888,0.03483639915350806,0.12032710280373832,0.9,7.479611650485436
2031-12-05,Instagram,26-35,West India,Mobile,Image,2,60694,12,0.1067990198513498,6482,1.3,8426.6,0.1609114415907334,937,2529,0.89884,0.1067980360496919,0.144554149953718,1.3,8.9931696905016
2031-12-06,Instagram,18-25,West India,Mobile,Text,11,67514,12,0.0420949263399045,2841,1.3,3693.3,0.0915233299850692,233,2530,0.8988,0.042080161151761115,0.0820133755719817,1.3,15.851072961373392
2031-12-07,Instagram,26-35,North India,Mobile,Image,4,77033,12,0.1015415497402127,7822,1.3,10168.6,0.0693542799043785,487,2531,0.89876,0.10154089805667701,0.062260291485553565,1.3,20.880082135523615
2031-12-08,Google,18-25,North India,Desktop,Video,8,45843,12,0.0329983269777876,1512,0.9,1360.8,0.1791339642623161,242,2532,0.89872,0.03298213467704993,0.16005291005291006,0.9,5.623140495867768
2031-12-09,Google,36-50,South India,Mobile,Text,19,85967,12,0.0613240121306956,5271,0.9,4743.900000000001,0.1682251928533697,796,2533,0.8986799999999999,0.0613142252259588,0.15101498766837412,0.9000000000000001,5.9596733668341715
2031-12-10,Instagram,36-50,South India,Mobile,Text,2,36357,12,0.0891227091407992,3240,1.3,4212.0,0.0867701971280205,252,2534,0.89864,0.08911626371812856,0.07777777777777778,1.3,16.714285714285715
2031-12-11,Instagram,36-50,North India,Mobile,Video,22,24167,12,0.0489212438345708,1182,1.3,1536.6,0.1931292453443981,204,2535,0.8986,0.04890967021144536,0.17258883248730963,1.2999999999999998,7.5323529411764705
2031-12-12,Instagram,18-25,North India,Mobile,Text,7,72478,12,0.0512493140283246,3714,1.3,4828.2,0.1434801670332808,478,2536,0.89856,0.05124313584811943,0.12870220786214323,1.3,10.100836820083682
2031-12-13,Google,18-25,North India,Mobile,Video,20,19983,12,0.0479153701879723,957,0.9,861.3000000000001,0.1087398804140159,93,2537,0.89852,0.04789070710103588,0.09717868338557993,0.9,9.261290322580646
2031-12-14,Instagram,26-35,North India,Desktop,Image,12,36276,12,0.036748116565444,1333,1.3,1732.9,0.1332658274543962,159,2538,0.89848,0.036746057999779466,0.11927981995498875,1.3,10.89874213836478
2031-12-15,Instagram,26-35,West India,Mobile,Image,7,46279,12,0.0580611933294678,2687,1.3,3493.1,0.1213529504450695,292,2539,0.89844,0.058060891549082734,0.1086713807219948,1.3,11.962671232876712
2031-12-16,Instagram,26-35,West India,Desktop,Text,4,60483,12,0.0497428922598038,3008,1.3,3910.4,0.1199410489549087,323,2540,0.8984,0.049732982821619295,0.10738031914893617,1.3,12.106501547987616
2031-12-17,Instagram,26-35,West India,Mobile,Image,6,84113,12,0.0783377977987876,6589,1.3,8565.7,0.0615813828428731,363,2541,0.89836,0.0783350968340209,0.05509181969949917,1.3,23.596969696969698
2031-12-18,Instagram,26-35,North India,Desktop,Image,4,72451,12,0.0767657976970818,5561,1.3,7229.3,0.0867737386744011,432,2542,0.89832,0.07675532428813957,0.07768386980758857,1.3,16.734490740740743
2031-12-19,Instagram,18-25,West India,Desktop,Video,8,92869,12,0.0415411094415736,3857,1.3,5014.1,0.0585500708465264,202,2543,0.89828,0.041531619808547526,0.052372310085558725,1.3,24.822277227722775
2031-12-20,Google,18-25,West India,Mobile,Image,4,3045,12,0.0451351138576628,137,0.9,123.3,0.1258502591445974,15,2544,0.8982399999999999,0.04499178981937603,0.10948905109489052,0.9,8.22
2031-12-21,Google,36-50,South India,Mobile,Image,7,90716,12,0.0328348600914366,2978,0.9,2680.2000000000003,0.1867112500510193,499,2545,0.8982,0.03282772609021562,0.16756212222968436,0.9000000000000001,5.371142284569139
2031-12-22,Google,36-50,South India,Mobile,Image,11,43344,12,0.0416882202321712,1806,0.9,1625.4,0.1302836198273935,211,2546,0.89816,0.041666666666666664,0.1168327796234773,0.9,7.7033175355450245
2031-12-23,Google,36-50,West India,Mobile,Video,3,10564,12,0.0628639669981693,664,0.9,597.6,0.0598157122490885,35,2547,0.89812,0.0628549791745551,0.05271084337349398,0.9,17.074285714285715
2031-12-24,Google,36-50,West India,Desktop,Text,8,12105,12,0.03708279540962,448,0.9,403.2,0.144714910587999,57,2548,0.89808,0.03700950020652623,0.12723214285714285,0.9,7.073684210526316
2031-12-25,Google,18-25,West India,Mobile,Video,21,57754,12,0.0428694982960885,2475,0.9,2227.5,0.0703381049886058,156,2549,0.89804,0.042854174602624924,0.06303030303030303,0.9,14.278846153846153
2031-12-26,Google,18-25,North India,Mobile,Text,21,21056,12,0.0546091681876839,1149,0.9,1034.1,0.1321165285529376,135,2550,0.898,0.05456876899696048,0.1174934725848564,0.8999999999999999,7.659999999999999
2031-12-27,Google,18-25,South India,Desktop,Text,13,64565,12,0.0384663009457197,2483,0.9,2234.7000000000003,0.1308923464688744,291,2551,0.89796,0.03845736854332843,0.11719693918646798,0.9000000000000001,7.67938144329897
2031-12-28,Instagram,26-35,South India,Desktop,Image,18,48689,12,0.0352111490870344,1714,1.3,2228.2000000000003,0.142000634311853,218,2552,0.89792,0.03520302327014315,0.12718786464410736,1.3000000000000003,10.221100917431194
2031-12-29,Instagram,26-35,South India,Mobile,Image,12,33135,12,0.0733868611084845,2431,1.3,3160.3,0.1343745300342449,292,2553,0.89788,0.07336653085860873,0.12011517893870835,1.3,10.822945205479453
2031-12-30,Google,36-50,West India,Desktop,Video,2,33812,12,0.0525431708499895,1776,0.9,1598.4,0.0700330680933652,111,2554,0.89784,0.05252573050987815,0.0625,0.9,14.4
2031-12-31,Instagram,26-35,North India,Mobile,Video,3,71047,12,0.0594968140805519,4227,1.3,5495.1,0.1255346628790045,475,2555,0.8977999999999999,0.05949582670626487,0.11237284125857583,1.3,11.56863157894737
2032-01-01,Google,18-25,South India,Mobile,Video,0,23772,1,0.0690176841513579,1640,0.9,1476.0,0.0891488734878307,131,2556,0.89776,0.06898872623254249,0.0798780487804878,0.9,11.267175572519085
2032-01-02,Google,36-50,South India,Mobile,Image,21,81957,1,0.0703836669205194,5768,0.9,5191.2,0.1320547163029856,683,2557,0.89772,0.07037836914479544,0.1184119278779473,0.9,7.600585651537335
2032-01-03,Google,36-50,North India,Desktop,Text,0,93652,1,0.05359411543748,5019,0.9,4517.1,0.0828722103050667,372,2558,0.89768,0.05359202152650237,0.07411835026897788,0.9,12.142741935483873
2032-01-04,Google,26-35,West India,Mobile,Video,10,8775,1,0.0446889104485297,392,0.9,352.8,0.162185494380635,56,2559,0.89764,0.04467236467236467,0.14285714285714285,0.9,6.3
2032-01-05,Instagram,36-50,West India,Mobile,Text,15,93482,1,0.03497639617108,3269,1.3,4249.7,0.1509171465536029,442,2560,0.8976,0.0349692989024625,0.13520954420312023,1.3,9.61470588235294
2032-01-06,Instagram,26-35,South India,Mobile,Image,3,55523,1,0.0547031897989465,3037,1.3,3948.1,0.0995963721568212,271,2561,0.89756,0.05469805305909263,0.08923279552189661,1.3,14.568634686346863
2032-01-07,Google,26-35,South India,Mobile,Image,6,11707,1,0.0374355515274848,438,0.9,394.2,0.1389738784363543,53,2562,0.89752,0.037413513282651405,0.12100456621004566,0.9,7.437735849056604
2032-01-08,Google,36-50,North India,Mobile,Image,11,14372,1,0.0422406825078323,607,0.9,546.3000000000001,0.1529661212289681,82,2563,0.89748,0.0422349011967715,0.13509060955518945,0.9000000000000001,6.66219512195122
2032-01-09,Google,26-35,South India,Desktop,Image,5,96350,1,0.0461461601438698,4446,0.9,4001.4,0.0583107015668402,232,2564,0.89744,0.04614426569797613,0.05218173639226271,0.9,17.247413793103448
2032-01-10,Google,26-35,North India,Mobile,Text,23,62526,1,0.0475316206636646,2971,0.9,2673.9,0.1227678172262847,326,2565,0.8974,0.04751623324696926,0.10972736452372939,0.9,8.202147239263804
2032-01-11,Google,26-35,South India,Mobile,Text,19,66106,1,0.0665173253199377,4397,0.9,3957.3,0.0687407286685966,271,2566,0.8973599999999999,0.06651438598614347,0.06163293154423471,0.9,14.60258302583026
2032-01-12,Google,26-35,South India,Desktop,Video,8,89143,1,0.0500997300531246,4466,0.9,4019.4,0.1526430082355868,611,2567,0.89732,0.050099278687053383,0.1368114643976713,0.9,6.578396072013094
2032-01-13,Instagram,36-50,South India,Desktop,Text,7,54475,1,0.0816652585552963,4448,1.3,5782.400000000001,0.1671875383042294,666,2568,0.89728,0.08165213400642496,0.14973021582733814,1.3,8.682282282282284
2032-01-14,Instagram,18-25,West India,Mobile,Text,13,58201,1,0.1034416616969979,6020,1.3,7826.0,0.1511021973734229,815,2569,0.89724,0.10343464888919435,0.13538205980066445,1.3,9.602453987730062
2032-01-15,Google,18-25,North India,Mobile,Text,14,28957,1,0.0313997129899602,909,0.9,818.1,0.0680009231433943,54,2570,0.8972,0.031391373415754396,0.0594059405940594,0.9,15.15
2032-01-16,Instagram,26-35,North India,Desktop,Video,20,96814,1,0.0483681030082889,4682,1.3,6086.6,0.066629367803769,279,2571,0.89716,0.04836077426818435,0.05958991883810338,1.3,21.815770609319
2032-01-17,Google,26-35,West India,Desktop,Text,21,57243,1,0.0487687713641275,2791,0.9,2511.9,0.1456440193747844,364,2572,0.89712,0.04875705326415457,0.13041920458616982,0.9,6.900824175824176
2032-01-18,Google,26-35,West India,Mobile,Text,4,74752,1,0.0626988327074958,4686,0.9,4217.400000000001,0.1403300027648722,589,2573,0.89708,0.0626872859589041,0.12569355527102005,0.9000000000000001,7.160271646859084
2032-01-19,Google,18-25,West India,Mobile,Text,14,76542,1,0.0370027368658957,2832,0.9,2548.8,0.1073077956522526,271,2574,0.89704,0.03699929450497766,0.09569209039548023,0.9,9.405166051660517
2032-01-20,Instagram,26-35,North India,Mobile,Image,5,34993,1,0.0589705668763987,2063,1.3,2681.9,0.0423105817153906,78,2575,0.897,0.05895464807247164,0.03780901599612215,1.3,34.38333333333333
2032-01-21,Instagram,36-50,South India,Mobile,Text,0,35016,1,0.0711840422293858,2492,1.3,3239.6,0.1357425944236288,303,2576,0.89696,0.07116746630111949,0.12158908507223114,1.3,10.691749174917492
2032-01-22,Instagram,36-50,West India,Mobile,Video,19,26354,1,0.0517353703618286,1363,1.3,1771.9,0.0750236758245554,91,2577,0.8969199999999999,0.051718904151172494,0.06676449009537784,1.3,19.47142857142857
2032-01-23,Google,36-50,West India,Mobile,Video,8,49637,1,0.0594746096424823,2952,0.9,2656.8,0.2064275736456851,546,2578,0.89688,0.05947176501400165,0.18495934959349594,0.9,4.865934065934066
2032-01-24,Instagram,18-25,West India,Mobile,Video,3,85762,1,0.0430056109684092,3688,1.3,4794.400000000001,0.1211011797259094,399,2579,0.89684,0.043002728481145495,0.10818872017353579,1.3,12.016040100250628
2032-01-25,Google,26-35,South India,Desktop,Video,1,84502,1,0.0514812728468619,4350,0.9,3915.0,0.1664733643904352,649,2580,0.8968,0.05147807152493432,0.1491954022988506,0.9,6.0323574730354395
2032-01-26,Instagram,26-35,South India,Mobile,Image,5,5848,1,0.0671382220491255,392,1.3,509.6,0.0872863105452741,30,2581,0.89676,0.06703146374829001,0.07653061224489796,1.3,16.986666666666668
2032-01-27,Google,26-35,West India,Mobile,Video,1,43673,1,0.0598078692074061,2611,0.9,2349.9,0.1278127482449878,298,2582,0.89672,0.05978522199070364,0.11413251627728839,0.9,7.885570469798658
2032-01-28,Google,18-25,South India,Desktop,Image,2,12783,1,0.0369855001557083,472,0.9,424.8,0.1602138674958189,67,2583,0.89668,0.03692403974028006,0.1419491525423729,0.9,6.340298507462687
2032-01-29,Instagram,18-25,West India,Mobile,Image,6,65694,1,0.074442214095913,4890,1.3,6357.0,0.1088823187459684,477,2584,0.89664,0.07443602155447986,0.09754601226993866,1.3,13.327044025157234
2032-01-30,Instagram,18-25,South India,Mobile,Image,19,62865,1,0.0855686478386992,5379,1.3,6992.7,0.1744683887382164,841,2585,0.8966,0.08556430446194226,0.1563487637107269,1.3,8.31474435196195
2032-01-31,Google,18-25,North India,Desktop,Video,16,54907,1,0.0193906267860417,1064,0.9,957.6,0.1593991787855318,151,2586,0.89656,0.019378221356111242,0.14191729323308272,0.9,6.341721854304636
2032-02-01,Instagram,36-50,North India,Mobile,Video,8,51669,2,0.0515675633796222,2664,1.3,3463.2000000000003,0.0579465877398055,138,2587,0.89652,0.05155896185333565,0.0518018018018018,1.3,25.095652173913045
2032-02-02,Google,18-25,South India,Desktop,Image,21,11924,2,0.0645569321684396,769,0.9,692.1,0.1374526522614933,94,2588,0.8964799999999999,0.06449178128144918,0.1222366710013004,0.9,7.3627659574468085
2032-02-03,Instagram,18-25,North India,Mobile,Image,8,71178,2,0.0995879570522743,7088,1.3,9214.4,0.1194757245438218,758,2589,0.89644,0.0995813313102363,0.10694130925507901,1.3,12.156200527704485
2032-02-04,Instagram,18-25,North India,Mobile,Video,18,71732,2,0.1160020779906939,8321,1.3,10817.3,0.1063913770416168,793,2590,0.8964,0.11600122678860202,0.09530104554741017,1.2999999999999998,13.640983606557375
2032-02-05,Instagram,26-35,North India,Desktop,Text,4,77691,2,0.0485080598274775,3768,1.3,4898.400000000001,0.0687839400085859,232,2591,0.89636,0.048499826234699,0.06157112526539278,1.3,21.113793103448277
2032-02-06,Instagram,26-35,West India,Mobile,Text,5,78591,2,0.0455169228681152,3577,1.3,4650.1,0.0414836236872263,132,2592,0.89632,0.045514117392576756,0.03690243220575901,1.3,35.22803030303031
2032-02-07,Google,26-35,South India,Desktop,Text,17,21152,2,0.0272934254522429,577,0.9,519.3000000000001,0.0958018830276071,49,2593,0.89628,0.02727874432677761,0.08492201039861352,0.9000000000000001,10.59795918367347
2032-02-08,Google,36-50,South India,Mobile,Video,0,9072,2,0.0222076046402167,201,0.9,180.9,0.1150030254109499,20,2594,0.8962399999999999,0.022156084656084655,0.09950248756218906,0.9,9.045
2032-02-09,Instagram,36-50,South India,Mobile,Video,16,82501,2,0.0370179789849998,3054,1.3,3970.2,0.2285564072296495,625,2595,0.8962,0.037017733118386444,0.20464963981663392,1.3,6.35232
2032-02-10,Google,18-25,North India,Desktop,Image,13,45687,2,0.0602243864236201,2751,0.9,2475.9,0.1276651927854317,314,2596,0.89616,0.06021406527020816,0.11414031261359506,0.9,7.885031847133758
2032-02-11,Google,26-35,West India,Mobile,Video,14,98526,2,0.0370779196741356,3653,0.9,3287.7000000000003,0.1252903169753707,409,2597,0.89612,0.037076507723849544,0.11196277032575964,0.9,8.03838630806846
2032-02-12,Google,36-50,South India,Mobile,Video,4,22942,2,0.0571018682423049,1310,0.9,1179.0,0.1922522940189243,224,2598,0.89608,0.057100514340510854,0.17099236641221374,0.9,5.263392857142857
2032-02-13,Google,26-35,North India,Mobile,Video,16,48417,2,0.0621081759587384,3007,0.9,2706.3,0.1698916341596075,456,2599,0.89604,0.06210628498254745,0.151646158962421,0.9,5.934868421052632
2032-02-14,Instagram,36-50,West India,Mobile,Image,20,93379,2,0.1002237491420662,9358,1.3,12165.4,0.1072638248204281,898,2600,0.896,0.10021525182321507,0.09596067535798247,1.3,13.547216035634744
2032-02-15,Google,36-50,West India,Desktop,Image,20,62259,2,0.0671199304412572,4178,0.9,3760.2,0.050606092290326,189,2601,0.89596,0.06710676368075298,0.04523695548109143,0.8999999999999999,19.895238095238096
2032-02-16,Instagram,18-25,South India,Desktop,Text,22,6490,2,0.0937920535796975,608,1.3,790.4,0.1395741432113258,75,2602,0.89592,0.09368258859784284,0.12335526315789473,1.3,10.538666666666666
2032-02-17,Google,18-25,South India,Mobile,Text,22,22719,2,0.085568606253914,1944,0.9,1749.6,0.0492181812009287,85,2603,0.89588,0.08556714644130463,0.04372427983539095,0.8999999999999999,20.583529411764705
2032-02-18,Google,36-50,North India,Mobile,Video,10,50200,2,0.043561045614157,2186,0.9,1967.4,0.180862089510212,353,2604,0.89584,0.043545816733067726,0.1614821591948765,0.9,5.573371104815864
2032-02-19,Google,18-25,South India,Mobile,Video,9,39684,2,0.0484379511866135,1922,0.9,1729.8,0.1145521937540722,197,2605,0.8957999999999999,0.04843261767966939,0.10249739854318418,0.9,8.780710659898476
2032-02-20,Google,36-50,North India,Mobile,Image,16,19894,2,0.0464603507731919,924,0.9,831.6,0.1228860482689746,101,2606,0.89576,0.04644616467276566,0.10930735930735931,0.9,8.233663366336634
2032-02-21,Google,36-50,West India,Desktop,Text,0,31837,2,0.0419078800336209,1334,0.9,1200.6,0.1221081298965341,145,2607,0.89572,0.041900932876841414,0.10869565217391304,0.8999999999999999,8.28
2032-02-22,Instagram,26-35,West India,Mobile,Text,4,53812,2,0.046482229749419,2501,1.3,3251.3,0.038187903373794,85,2608,0.89568,0.04647662231472534,0.03398640543782487,1.3,38.25058823529412
2032-02-23,Google,18-25,West India,Mobile,Text,15,68282,2,0.0610688888138555,4169,0.9,3752.1,0.0797691023955786,297,2609,0.89564,0.061055622272341174,0.0712401055408971,0.9,12.633333333333333
2032-02-24,Instagram,18-25,West India,Desktop,Video,6,91607,2,0.0721245854929723,6607,1.3,8589.1,0.1494960253438982,883,2610,0.8956,0.07212330935408866,0.13364613288935978,1.3,9.72718006795017
2032-02-25,Google,18-25,South India,Mobile,Video,11,74706,2,0.0596625290804889,4457,0.9,4011.3,0.2095370569004746,835,2611,0.89556,0.05966053596765989,0.1873457482611622,0.9,4.803952095808383
2032-02-26,Google,26-35,South India,Mobile,Video,7,99937,2,0.0406063593974885,4058,0.9,3652.2,0.1854438374517396,673,2612,0.89552,0.0406055815163553,0.16584524396254313,0.8999999999999999,5.4267459138187215
2032-02-27,Instagram,26-35,North India,Mobile,Image,17,57132,2,0.0612413117833731,3498,1.3,4547.400000000001,0.1571867748397899,491,2613,0.89548,0.061226633060281456,0.1403659233847913,1.3000000000000003,9.261507128309573
2032-02-28,Google,26-35,North India,Desktop,Text,0,79425,2,0.0209038958909896,1660,0.9,1494.0,0.0416517979740249,61,2614,0.89544,0.020900220333648096,0.03674698795180723,0.9,24.491803278688526
2032-02-29,Google,18-25,North India,Mobile,Image,19,61161,2,0.0624056801650321,3816,0.9,3434.4,0.0475523262933729,162,2615,0.8954,0.06239270123117673,0.04245283018867924,0.9,21.2
2032-03-01,Google,18-25,North India,Mobile,Text,11,20104,3,0.0294874686493137,592,0.9,532.8000000000001,0.124260394010196,65,2616,0.8953599999999999,0.029446876243533624,0.1097972972972973,0.9000000000000001,8.196923076923078
2032-03-02,Google,18-25,North India,Desktop,Video,3,16140,3,0.041716968283828,673,0.9,605.7,0.1201256179895765,71,2617,0.89532,0.041697645600991325,0.10549777117384844,0.9,8.530985915492959
2032-03-03,Instagram,26-35,West India,Desktop,Image,11,94272,3,0.0874355304944764,8242,1.3,10714.6,0.1181712142326447,871,2618,0.89528,0.08742786829599457,0.1056782334384858,1.3,12.301492537313433
2032-03-04,Google,26-35,West India,Desktop,Image,21,9152,3,0.0794120649052092,726,0.9,653.4,0.1370646694837894,88,2619,0.89524,0.07932692307692307,0.12121212121212122,0.9,7.425
2032-03-05,Instagram,36-50,West India,Mobile,Video,0,49486,3,0.0480616872200094,2378,1.3,3091.4,0.235001982130903,499,2620,0.8952,0.04805399506931253,0.20984020185029437,1.3,6.195190380761523
2032-03-06,Instagram,26-35,North India,Mobile,Text,0,86277,3,0.108166931745476,9332,1.3,12131.6,0.0438824472717954,366,2621,0.89516,0.10816324165188869,0.03921988855550793,1.3,33.14644808743169
2032-03-07,Google,36-50,West India,Mobile,Text,2,39147,3,0.0715135863572707,2799,0.9,2519.1,0.0516543410258876,128,2622,0.89512,0.07149973178021304,0.045730618077884956,0.9,19.68046875
2032-03-08,Instagram,18-25,West India,Mobile,Text,20,88890,3,0.0492324109624241,4376,1.3,5688.8,0.145957102541935,571,2623,0.89508,0.049229384632692094,0.13048446069469835,1.3,9.962872154115587
2032-03-09,Google,26-35,West India,Mobile,Text,11,9666,3,0.0735430863823083,710,0.9,639.0,0.0400866257853512,25,2624,0.89504,0.07345334160976619,0.035211267605633804,0.9,25.56
2032-03-10,Instagram,18-25,West India,Mobile,Video,21,94939,3,0.080733113754144,7664,1.3,9963.2,0.136044054566609,932,2625,0.895,0.08072551849082042,0.12160751565762004,1.3,10.690128755364807
2032-03-11,Google,18-25,South India,Mobile,Video,20,35726,3,0.0804410177742829,2873,0.9,2585.7000000000003,0.2154427659163596,553,2626,0.89496,0.08041762301964955,0.192481726418378,0.9000000000000001,4.675768535262207
2032-03-12,Instagram,18-25,North India,Mobile,Video,12,49689,3,0.0907340806069286,4508,1.3,5860.400000000001,0.0844413942207453,340,2627,0.8949199999999999,0.09072430517820845,0.07542147293700088,1.3,17.236470588235296
2032-03-13,Google,18-25,North India,Desktop,Video,12,47116,3,0.0332659135007873,1567,0.9,1410.3,0.0829914954497922,116,2628,0.89488,0.03325834111554461,0.07402680280791321,0.9,12.157758620689656
2032-03-14,Google,26-35,South India,Mobile,Image,20,72420,3,0.0411594613032832,2980,0.9,2682.0,0.1009567471299559,268,2629,0.89484,0.04114885390776029,0.08993288590604027,0.9,10.007462686567164
2032-03-15,Instagram,18-25,West India,Mobile,Image,8,78848,3,0.0960435129424927,7572,1.3,9843.6,0.0671015921929015,454,2630,0.8948,0.09603287337662338,0.05995773903856313,1.3,21.68193832599119
2032-03-16,Instagram,36-50,West India,Mobile,Image,17,86534,3,0.0901587233531876,7801,1.3,10141.3,0.1484971394731711,1036,2631,0.89476,0.09014953659833129,0.1328034867324702,1.2999999999999998,9.788899613899613
2032-03-17,Google,26-35,West India,Mobile,Video,0,4820,3,0.0760675624124951,366,0.9,329.40000000000003,0.0897854195167319,28,2632,0.89472,0.07593360995850622,0.07650273224043716,0.9000000000000001,11.764285714285716
2032-03-18,Google,18-25,North India,Mobile,Text,5,5322,3,0.056174388389384,298,0.9,268.2,0.0637408692680421,16,2633,0.89468,0.055993987222848554,0.053691275167785234,0.8999999999999999,16.7625
2032-03-19,Instagram,26-35,North India,Mobile,Image,22,39235,3,0.0453949458387717,1781,1.3,2315.3,0.1259130121658294,200,2634,0.89464,0.04539314387664076,0.11229646266142616,1.3,11.576500000000001
2032-03-20,Instagram,36-50,North India,Desktop,Image,23,60961,3,0.0299817689453731,1827,1.3,2375.1,0.1833219997693412,298,2635,0.8946,0.029969980807401455,0.1631089217296114,1.3,7.970134228187919
2032-03-21,Instagram,18-25,North India,Desktop,Video,4,51356,3,0.06784539267178,3484,1.3,4529.2,0.210601224405021,655,2636,0.89456,0.06784017446841654,0.18800229621125145,1.3,6.914809160305343
2032-03-22,Instagram,36-50,North India,Mobile,Text,3,25923,3,0.0806919869657432,2091,1.3,2718.3,0.1430344908127558,267,2637,0.89452,0.08066196042124754,0.12769010043041606,1.3,10.180898876404495
2032-03-23,Instagram,18-25,South India,Desktop,Text,5,89478,3,0.0346435297291857,3099,1.3,4028.7,0.1175877227608729,325,2638,0.8944799999999999,0.03463421176155033,0.10487253952888029,1.3,12.395999999999999
2032-03-24,Instagram,36-50,North India,Mobile,Text,2,34750,3,0.0779746298649735,2709,1.3,3521.7000000000003,0.0725569270420849,175,2639,0.89444,0.0779568345323741,0.06459948320413436,1.3,20.124000000000002
2032-03-25,Google,18-25,West India,Desktop,Video,16,98869,3,0.0634739386749362,6275,0.9,5647.5,0.1832257745448994,1027,2640,0.8944,0.063467821056145,0.16366533864541832,0.9,5.4990262901655305
2032-03-26,Google,26-35,North India,Mobile,Text,10,89448,3,0.0643775934067074,5758,0.9,5182.2,0.0839758826269421,431,2641,0.89436,0.06437259636883999,0.0748523792983675,0.9,12.023665893271462
2032-03-27,Instagram,18-25,South India,Mobile,Image,3,22983,3,0.0801419304271976,1841,1.3,2393.3,0.1801777817932468,296,2642,0.89432,0.08010268459296001,0.16078218359587182,1.3,8.085472972972974
2032-03-28,Instagram,26-35,West India,Desktop,Image,19,88610,3,0.0953412670284671,8448,1.3,10982.4,0.0464934887789063,350,2643,0.89428,0.09533912650942332,0.04142992424242424,1.3,31.378285714285713
2032-03-29,Google,18-25,South India,Mobile,Image,0,6905,3,0.0277752817255249,191,0.9,171.9,0.1381040829397762,23,2644,0.8942399999999999,0.027661115133960898,0.12041884816753927,0.9,7.4739130434782615
2032-03-30,Google,18-25,West India,Mobile,Video,3,56483,3,0.0545041229331626,3078,0.9,2770.2000000000003,0.1151423714755144,316,2645,0.8942,0.0544942726129986,0.10266406757634827,0.9000000000000001,8.766455696202533
2032-03-31,Instagram,36-50,North India,Desktop,Text,22,26028,3,0.0479516614432914,1248,1.3,1622.4,0.0665005015562082,73,2646,0.89416,0.0479483633010604,0.058493589743589744,1.3,22.224657534246578
2032-04-01,Google,36-50,South India,Desktop,Video,2,70609,4,0.0610629273826278,4311,0.9,3879.9,0.2101289371115818,809,2647,0.89412,0.06105453978954524,0.18765947575968453,0.9,4.795920889987639
2032-04-02,Google,36-50,West India,Mobile,Text,9,53046,4,0.067460971546276,3578,0.9,3220.2000000000003,0.1348157120396665,430,2648,0.89408,0.06745089167892018,0.12017887087758525,0.9,7.488837209302326
2032-04-03,Google,18-25,North India,Mobile,Video,21,3234,4,0.0341828907282865,110,0.9,99.0,0.0618191059197572,5,2649,0.89404,0.034013605442176874,0.045454545454545456,0.9,19.8
2032-04-04,Google,18-25,West India,Desktop,Image,0,81809,4,0.0407248445742809,3331,0.9,2997.9,0.2072134128506691,616,2650,0.894,0.04071679155105184,0.1849294506154308,0.9,4.866720779220779
2032-04-05,Google,18-25,South India,Desktop,Video,3,74167,4,0.0402760562167542,2987,0.9,2688.3,0.1436045292967392,382,2651,0.89396,0.04027397629673574,0.12788751255440242,0.9,7.037434554973823
2032-04-06,Google,26-35,South India,Mobile,Video,18,56011,4,0.0746131860349845,4179,0.9,3761.1,0.2668043569211187,995,2652,0.89392,0.07461034439663637,0.23809523809523808,0.9,3.78
2032-04-07,Google,26-35,South India,Desktop,Video,0,13061,4,0.0355227000847251,463,0.9,416.7,0.1928057445765968,79,2653,0.89388,0.03544904678049154,0.17062634989200864,0.9,5.274683544303797
2032-04-08,Instagram,18-25,South India,Desktop,Image,15,50253,4,0.0532083942335578,2673,1.3,3474.9,0.1733987193870015,413,2654,0.89384,0.05319085427735658,0.15450804339693228,1.3,8.413801452784504
2032-04-09,Google,36-50,North India,Mobile,Video,18,90354,4,0.0808521753660793,7305,0.9,6574.5,0.2386779435598423,1557,2655,0.8937999999999999,0.08084866192974301,0.2131416837782341,0.9,4.222543352601156
2032-04-10,Instagram,36-50,West India,Desktop,Video,19,45667,4,0.0614098427081739,2804,1.3,3645.2,0.2233549715806604,559,2656,0.89376,0.06140101167144765,0.199358059914408,1.3,6.520930232558139
2032-04-11,Instagram,36-50,North India,Mobile,Image,20,90240,4,0.0915977925908335,8265,1.3,10744.5,0.0679495876008276,501,2657,0.89372,0.09158909574468085,0.06061705989110708,1.3,21.44610778443114
2032-04-12,Google,18-25,South India,Mobile,Text,21,59796,4,0.0845959058192979,5058,0.9,4552.2,0.0457001088041609,206,2658,0.89368,0.08458759783263095,0.04072756030051404,0.8999999999999999,22.098058252427183
2032-04-13,Instagram,36-50,West India,Mobile,Video,17,95898,4,0.1158296868897667,11107,1.3,14439.1,0.1198112158768978,1188,2659,0.89364,0.1158209764541492,0.10695957504276582,1.3,12.154124579124579
2032-04-14,Google,18-25,South India,Mobile,Image,1,65065,4,0.0365295590266061,2376,0.9,2138.4,0.1430817474428328,302,2660,0.8936,0.03651732882502113,0.1271043771043771,0.9,7.080794701986755
2032-04-15,Instagram,26-35,North India,Desktop,Video,5,77386,4,0.0775767305859772,6003,1.3,7803.900000000001,0.1949413471556132,1045,2661,0.89356,0.07757217067686661,0.17407962685324005,1.3,7.4678468899521535
2032-04-16,Google,36-50,North India,Mobile,Image,20,31638,4,0.0907247048991068,2870,0.9,2583.0,0.1511033215074831,386,2662,0.89352,0.09071369871673304,0.13449477351916375,0.9,6.691709844559585
2032-04-17,Instagram,26-35,North India,Desktop,Text,0,83455,4,0.1004582581356732,8383,1.3,10897.9,0.081202068213491,607,2663,0.89348,0.10044934395782158,0.0724084456638435,1.3,17.953706754530476
2032-04-18,Instagram,36-50,West India,Desktop,Text,18,24884,4,0.0885462349776044,2203,1.3,2863.9,0.1181970272525273,232,2664,0.89344,0.08853078283234207,0.1053109396277803,1.3,12.344396551724138
2032-04-19,Google,18-25,West India,Desktop,Video,4,98016,4,0.0337663823236037,3309,0.9,2978.1,0.1888281565105943,557,2665,0.8934,0.03375979431929481,0.1683288002417649,0.9,5.346678635547576
2032-04-20,Google,18-25,South India,Mobile,Image,1,31697,4,0.0598529606742565,1897,0.9,1707.3,0.1477410373376947,250,2666,0.8933599999999999,0.05984793513581727,0.13178703215603585,0.9,6.8292
2032-04-21,Instagram,18-25,West India,Mobile,Text,0,84620,4,0.0446248741787602,3776,1.3,4908.8,0.1391855294748305,468,2667,0.89332,0.04462302056251477,0.1239406779661017,1.3,10.488888888888889
2032-04-22,Instagram,18-25,West India,Mobile,Text,15,96837,4,0.0976402581999242,9455,1.3,12291.5,0.1100891666638222,929,2668,0.89328,0.09763829941034935,0.0982548915917504,1.3,13.230893433799785
2032-04-23,Google,36-50,North India,Desktop,Image,20,8114,4,0.0546098863251295,443,0.9,398.7,0.1301377271145846,50,2669,0.89324,0.05459699285186098,0.11286681715575621,0.9,7.974
2032-04-24,Instagram,26-35,South India,Mobile,Video,1,31550,4,0.1236621367736384,3901,1.3,5071.3,0.2719863289307427,947,2670,0.8932,0.12364500792393027,0.24275826711099718,1.3,5.355121436114045
2032-04-25,Google,18-25,North India,Desktop,Text,3,8469,4,0.0723544033368349,612,0.9,550.8000000000001,0.0915531915941883,50,2671,0.89316,0.07226354941551541,0.08169934640522876,0.9000000000000001,11.016000000000002
2032-04-26,Instagram,36-50,South India,Desktop,Text,2,48771,4,0.0452706931754868,2207,1.3,2869.1,0.1635865075735334,322,2672,0.89312,0.04525230157265588,0.145899410965111,1.3,8.91024844720497
2032-04-27,Google,26-35,South India,Desktop,Text,22,7492,4,0.0803455804267616,601,0.9,540.9,0.0974509918717279,51,2673,0.89308,0.08021890016017084,0.08485856905158069,0.8999999999999999,10.605882352941176
2032-04-28,Instagram,18-25,West India,Mobile,Video,16,2971,4,0.0648675102152757,192,1.3,249.6,0.1245018743348175,20,2674,0.89304,0.06462470548636823,0.10416666666666667,1.3,12.48
2032-04-29,Google,26-35,North India,Mobile,Text,14,47350,4,0.0439374823159258,2080,0.9,1872.0,0.1644722688320726,305,2675,0.893,0.04392819429778247,0.1466346153846154,0.9,6.137704918032787
2032-04-30,Google,18-25,West India,Desktop,Image,9,10644,4,0.0671179559356227,714,0.9,642.6,0.1653768129110051,105,2676,0.89296,0.06708004509582864,0.14705882352941177,0.9,6.12
2032-05-01,Google,26-35,West India,Mobile,Video,11,92705,5,0.0443645956546441,4112,0.9,3700.8,0.204064992380232,749,2677,0.8929199999999999,0.04435575211693005,0.1821498054474708,0.9,4.940987983978639
2032-05-02,Google,26-35,West India,Desktop,Text,11,65194,5,0.0515761378999989,3362,0.9,3025.8,0.1523551939791335,457,2678,0.89288,0.051569162806393225,0.13593099345627602,0.9,6.621006564551423
2032-05-03,Google,18-25,South India,Mobile,Image,19,83632,5,0.0396919142816112,3319,0.9,2987.1,0.0440312874399376,130,2679,0.89284,0.03968576621388942,0.0391684242241639,0.9,22.97769230769231
2032-05-04,Google,36-50,North India,Desktop,Image,6,13534,5,0.0545380240383588,738,0.9,664.2,0.1687589831208049,110,2680,0.8928,0.054529333530367964,0.14905149051490515,0.9,6.038181818181819
2032-05-05,Instagram,26-35,North India,Desktop,Video,9,13768,5,0.0662164633849208,911,1.3,1184.3,0.0616989668607038,49,2681,0.89276,0.06616792562463684,0.05378704720087816,1.3,24.16938775510204
2032-05-06,Google,18-25,West India,Mobile,Image,4,23625,5,0.0368806738694022,871,0.9,783.9,0.0498576071913053,38,2682,0.89272,0.03686772486772487,0.04362801377726751,0.9,20.628947368421052
2032-05-07,Google,26-35,South India,Mobile,Video,19,29660,5,0.0806488727119122,2392,0.9,2152.8,0.1946912519188307,415,2683,0.89268,0.08064733648010788,0.17349498327759197,0.9,5.187469879518073
2032-05-08,Google,26-35,North India,Desktop,Video,19,90680,5,0.0619465979783799,5617,0.9,5055.3,0.1014894622590327,508,2684,0.89264,0.06194309660344067,0.09043973651415346,0.9,9.951377952755905
2032-05-09,Google,36-50,North India,Mobile,Video,10,76176,5,0.0495685715245209,3775,0.9,3397.5,0.1920827850654083,647,2685,0.8926,0.0495562906952321,0.17139072847682119,0.9,5.251159196290572
2032-05-10,Google,26-35,West India,Mobile,Image,1,21032,5,0.0590036025859614,1240,0.9,1116.0,0.1162309196504264,128,2686,0.89256,0.05895777862305059,0.1032258064516129,0.9,8.71875
2032-05-11,Google,26-35,South India,Mobile,Video,23,65935,5,0.0322065713472761,2123,0.9,1910.7,0.1241534317652482,234,2687,0.89252,0.03219837718965648,0.11022138483278379,0.9,8.165384615384616
2032-05-12,Google,18-25,West India,Mobile,Video,15,38892,5,0.0587269992290454,2284,0.9,2055.6,0.0603374787636661,122,2688,0.8924799999999999,0.05872673043299393,0.053415061295971976,0.8999999999999999,16.84918032786885
2032-05-13,Google,18-25,North India,Mobile,Image,11,93125,5,0.022438689203782,2089,0.9,1880.1,0.0997965682863016,185,2689,0.89244,0.022432214765100673,0.08855911919578746,0.8999999999999999,10.162702702702703
2032-05-14,Google,36-50,South India,Desktop,Video,15,75186,5,0.0554947140321677,4172,0.9,3754.8,0.1041555012524422,387,2690,0.8924,0.055489053813209906,0.09276126558005753,0.9,9.70232558139535
2032-05-15,Instagram,26-35,West India,Mobile,Text,3,69379,5,0.0681976115284417,4731,1.3,6150.3,0.0431169590310517,181,2691,0.89236,0.06819066288069878,0.03825829634326781,1.3,33.979558011049726
2032-05-16,Google,26-35,North India,Mobile,Image,1,25357,5,0.073913314838527,1874,0.9,1686.6,0.1271616744599616,212,2692,0.89232,0.07390464171629135,0.11312700106723586,0.8999999999999999,7.95566037735849
2032-05-17,Google,26-35,West India,Desktop,Image,9,83512,5,0.0395173920295251,3300,0.9,2970.0,0.1768271636896804,520,2693,0.89228,0.03951527924130664,0.15757575757575756,0.9,5.711538461538462
2032-05-18,Instagram,36-50,West India,Mobile,Image,12,1497,5,0.0954108214696744,142,1.3,184.6,0.0930480279555163,11,2694,0.89224,0.09485637942551771,0.07746478873239436,1.3,16.78181818181818
2032-05-19,Google,26-35,West India,Mobile,Text,22,3134,5,0.0561034856182557,175,0.9,157.5,0.0693745255508248,10,2695,0.8922,0.05583918315252074,0.05714285714285714,0.9,15.75
2032-05-20,Instagram,18-25,South India,Desktop,Video,18,19833,5,0.1044788198754911,2072,1.3,2693.6,0.069424643169382,127,2696,0.89216,0.10447234407300963,0.061293436293436296,1.3,21.209448818897638
2032-05-21,Google,36-50,North India,Desktop,Image,14,71948,5,0.0255003787729194,1834,0.9,1650.6,0.0676783144069754,110,2697,0.89212,0.025490632123200088,0.05997818974918211,0.8999999999999999,15.005454545454544
2032-05-22,Instagram,18-25,North India,Mobile,Image,22,33666,5,0.0763888526826415,2571,1.3,3342.3,0.0759013092231879,173,2698,0.89208,0.07636784886829442,0.06728899260987943,1.3,19.31965317919075
2032-05-23,Instagram,18-25,North India,Desktop,Image,0,57600,5,0.0588792118388061,3391,1.3,4408.3,0.0837753565071965,253,2699,0.8920399999999999,0.05887152777777778,0.07460925980536715,1.3,17.42411067193676
2032-05-24,Google,36-50,North India,Desktop,Text,16,70828,5,0.0418098792684986,2961,0.9,2664.9,0.103969974804039,273,2700,0.892,0.04180550064946067,0.09219858156028368,0.9,9.761538461538462
2032-05-25,Instagram,18-25,South India,Mobile,Text,19,93923,5,0.0777252590915602,7300,1.3,9490.0,0.0524368335585611,340,2701,0.89196,0.07772324137857607,0.04657534246575343,1.3,27.91176470588235
2032-05-26,Google,26-35,West India,Mobile,Text,3,98362,5,0.0253139629992699,2489,0.9,2240.1,0.0409524456973588,90,2702,0.89192,0.02530448750533743,0.03615910004017678,0.8999999999999999,24.89
2032-05-27,Google,36-50,North India,Desktop,Video,19,1026,5,0.0538478943918036,55,0.9,49.5,0.1941208580398363,8,2703,0.89188,0.05360623781676413,0.14545454545454545,0.9,6.1875
2032-05-28,Instagram,18-25,South India,Mobile,Video,8,13108,5,0.046504038623842,609,1.3,791.7,0.2004900702469501,108,2704,0.89184,0.046460176991150445,0.17733990147783252,1.3,7.330555555555556
2032-05-29,Instagram,26-35,West India,Mobile,Text,5,15470,5,0.0504820468748714,780,1.3,1014.0,0.0671084283429273,46,2705,0.8917999999999999,0.05042016806722689,0.05897435897435897,1.3,22.043478260869566
2032-05-30,Google,26-35,South India,Desktop,Video,2,30785,5,0.0254238561272278,782,0.9,703.8000000000001,0.1708487966788625,118,2706,0.89176,0.0254019814844892,0.15089514066496162,0.9000000000000001,5.964406779661018
2032-05-31,Google,18-25,South India,Mobile,Text,21,3253,5,0.0340644027481539,110,0.9,99.0,0.1149572394258076,10,2707,0.89172,0.03381494005533354,0.09090909090909091,0.9,9.9
2032-06-01,Google,26-35,North India,Mobile,Video,1,65538,6,0.0679139230727802,4450,0.9,4005.0,0.1559752646753294,618,2708,0.89168,0.06789953919863286,0.13887640449438202,0.9,6.480582524271845
2032-06-02,Google,36-50,North India,Mobile,Video,17,65889,6,0.0575605778722971,3792,0.9,3412.8,0.1736062288630604,586,2709,0.89164,0.057551336338387285,0.15453586497890295,0.9,5.823890784982935
2032-06-03,Instagram,18-25,West India,Mobile,Text,22,21026,6,0.0426297918880271,896,1.3,1164.8,0.0727438692895075,57,2710,0.8916,0.042613906591838675,0.06361607142857142,1.3,20.435087719298245
2032-06-04,Google,26-35,West India,Mobile,Image,18,53807,6,0.0302432585582625,1627,0.9,1464.3,0.125890653702468,181,2711,0.89156,0.030237701414314123,0.11124769514443761,0.9,8.090055248618784
2032-06-05,Google,26-35,North India,Mobile,Image,6,63878,6,0.0680615216749733,4347,0.9,3912.3,0.1374378686488516,532,2712,0.89152,0.06805159835937255,0.12238325281803543,0.9,7.353947368421053
2032-06-06,Google,18-25,South India,Mobile,Video,2,45258,6,0.0650842883295261,2945,0.9,2650.5,0.1729281081639795,453,2713,0.89148,0.06507136859781697,0.1538200339558574,0.9,5.8509933774834435
2032-06-07,Google,18-25,North India,Mobile,Video,17,95810,6,0.067568925807787,6473,0.9,5825.7,0.1831341979336094,1056,2714,0.89144,0.06756079741154368,0.1631391935733045,0.9,5.5167613636363635
2032-06-08,Google,18-25,West India,Desktop,Video,19,47147,6,0.0208156396739462,981,0.9,882.9,0.1245521174538883,108,2715,0.8914,0.020807262392092817,0.11009174311926606,0.9,8.174999999999999
2032-06-09,Instagram,18-25,South India,Desktop,Video,19,46417,6,0.1023077763347974,4748,1.3,6172.400000000001,0.1910715825589085,808,2716,0.8913599999999999,0.10229010922722279,0.17017691659646167,1.3,7.63910891089109
2032-06-10,Instagram,36-50,South India,Mobile,Video,18,2086,6,0.0394030512745234,82,1.3,106.6,0.2098741998049888,15,2717,0.89132,0.039309683604985615,0.18292682926829268,1.2999999999999998,7.1066666666666665
2032-06-11,Instagram,18-25,South India,Desktop,Video,8,25406,6,0.0764627428318578,1942,1.3,2524.6,0.1479562027140825,255,2718,0.89128,0.07643863654254901,0.131307929969104,1.3,9.900392156862745
2032-06-12,Google,36-50,North India,Desktop,Text,15,87987,6,0.0371583849593303,3269,0.9,2942.1,0.0325422821828063,94,2719,0.89124,0.037153215815972813,0.028754970939125116,0.9,31.298936170212766
2032-06-13,Instagram,36-50,North India,Desktop,Image,5,76443,6,0.0639744945238681,4890,1.3,6357.0,0.1394553573802986,606,2720,0.8912,0.063969231976767,0.12392638036809817,1.3,10.490099009900991
2032-06-14,Instagram,18-25,West India,Mobile,Image,20,73659,6,0.0689163899868519,5076,1.3,6598.8,0.1505225182081416,680,2721,0.89116,0.06891214922820021,0.13396375098502758,1.3,9.704117647058824
2032-06-15,Instagram,36-50,South India,Mobile,Text,11,92838,6,0.0589076103918869,5468,1.3,7108.400000000001,0.0852534289219749,415,2722,0.89112,0.058898295956397166,0.07589612289685442,1.3,17.128674698795184
2032-06-16,Google,18-25,South India,Desktop,Text,5,8084,6,0.046086655285681,372,0.9,334.8,0.064017003827731,20,2723,0.89108,0.04601682335477486,0.053763440860215055,0.9,16.740000000000002
2032-06-17,Google,18-25,North India,Mobile,Image,12,86383,6,0.0550943706442842,4759,0.9,4283.1,0.1596891598781296,676,2724,0.89104,0.055091858351759025,0.1420466484555579,0.9,6.335946745562131
2032-06-18,Google,26-35,West India,Mobile,Image,23,54493,6,0.0572248097495244,3118,0.9,2806.2000000000003,0.1113659364582581,309,2725,0.891,0.05721835832125227,0.09910198845413727,0.9000000000000001,9.081553398058253
2032-06-19,Google,18-25,West India,Mobile,Video,4,23805,6,0.0387753764232609,923,0.9,830.7,0.1279822778073692,105,2726,0.89096,0.03877336693971855,0.11375947995666305,0.9,7.911428571428572
2032-06-20,Google,26-35,South India,Desktop,Image,12,62786,6,0.0307893940417394,1933,0.9,1739.7,0.1802106692471318,310,2727,0.8909199999999999,0.03078711814735769,0.1603724780134506,0.9,5.611935483870968
2032-06-21,Google,36-50,North India,Mobile,Video,19,15248,6,0.0742579912375607,1132,0.9,1018.8,0.1051956841663203,106,2728,0.89088,0.0742392444910808,0.09363957597173145,0.8999999999999999,9.611320754716981
2032-06-22,Google,26-35,South India,Mobile,Video,6,71003,6,0.0236738489066924,1680,0.9,1512.0,0.1990587558483178,297,2729,0.89084,0.023660972071602608,0.1767857142857143,0.9,5.090909090909091
2032-06-23,Instagram,36-50,North India,Mobile,Image,11,26384,6,0.088508914790903,2335,1.3,3035.5,0.1246272645505493,259,2730,0.8908,0.08850060642813827,0.11092077087794433,1.3,11.72007722007722
2032-06-24,Google,18-25,West India,Desktop,Video,20,3896,6,0.0622700733191988,242,0.9,217.8,0.2000473733909599,42,2731,0.89076,0.062114989733059546,0.17355371900826447,0.9,5.185714285714286
2032-06-25,Google,36-50,South India,Mobile,Video,3,11362,6,0.0481534933883825,547,0.9,492.3,0.1254139594743153,60,2732,0.89072,0.04814293258229185,0.10968921389396709,0.9,8.205
2032-06-26,Instagram,36-50,South India,Mobile,Text,4,86048,6,0.0400703993569181,3447,1.3,4481.1,0.1483978173416415,455,2733,0.89068,0.04005903681666047,0.13199883957064112,1.3,9.848571428571429
2032-06-27,Instagram,18-25,South India,Mobile,Image,15,87175,6,0.0344316646357368,3001,1.3,3901.3,0.1250272489203746,333,2734,0.89064,0.03442500716948666,0.11096301232922359,1.3,11.715615615615617
2032-06-28,Instagram,36-50,West India,Mobile,Text,3,57032,6,0.0654508162067332,3732,1.3,4851.6,0.086097835207542,285,2735,0.8906,0.06543694767849628,0.07636655948553055,1.3,17.023157894736844
2032-06-29,Instagram,18-25,South India,Mobile,Video,7,62022,6,0.0746289192903968,4628,1.3,6016.400000000001,0.1038222918777326,427,2736,0.89056,0.07461868369288317,0.09226447709593777,1.3,14.08992974238876
2032-06-30,Google,26-35,West India,Mobile,Video,15,84254,6,0.0682315771848992,5748,0.9,5173.2,0.1338106034043754,684,2737,0.89052,0.06822228024782206,0.11899791231732777,0.9,7.563157894736841
2032-07-01,Instagram,18-25,North India,Mobile,Text,7,91629,7,0.0881323563544429,8075,1.3,10497.5,0.0970269974904674,697,2738,0.8904799999999999,0.08812712132621768,0.0863157894736842,1.3,15.060975609756097
2032-07-02,Google,18-25,West India,Mobile,Text,16,89998,7,0.0452019681844215,4068,0.9,3661.2,0.1409085451849075,510,2739,0.89044,0.04520100446676593,0.12536873156342182,0.8999999999999999,7.178823529411765
2032-07-03,Google,36-50,North India,Desktop,Text,13,84208,7,0.0255080945517146,2147,0.9,1932.3,0.1118942237155924,213,2740,0.8904,0.025496389891696752,0.09920819748486259,0.9,9.071830985915494
2032-07-04,Google,26-35,West India,Mobile,Video,11,9937,7,0.0377481104128775,375,0.9,337.5,0.1868475745185322,62,2741,0.89036,0.03773774781121063,0.16533333333333333,0.9,5.443548387096774
2032-07-05,Google,18-25,West India,Mobile,Image,2,48391,7,0.052431298838268,2537,0.9,2283.3,0.1476782050965206,332,2742,0.89032,0.05242710421359344,0.13086322428064642,0.9,6.877409638554218
2032-07-06,Google,26-35,South India,Mobile,Video,19,95079,7,0.0641583306062916,6100,0.9,5490.0,0.1039242830873508,563,2743,0.89028,0.06415717456010266,0.09229508196721312,0.9,9.75133214920071
2032-07-07,Instagram,26-35,West India,Mobile,Text,1,88567,7,0.0845212492261705,7485,1.3,9730.5,0.058489910242161,389,2744,0.89024,0.08451229013063556,0.05197060788243153,1.3,25.01413881748072
2032-07-08,Instagram,36-50,South India,Mobile,Image,12,39696,7,0.0846761081861284,3361,1.3,4369.3,0.083806128781194,250,2745,0.8902,0.08466848045143087,0.07438262421898245,1.3,17.4772
2032-07-09,Instagram,18-25,North India,Mobile,Text,20,54954,7,0.0421461025387427,2316,1.3,3010.8,0.0488708039256315,100,2746,0.89016,0.04214433890162682,0.04317789291882556,1.3,30.108
2032-07-10,Google,36-50,North India,Desktop,Video,10,83617,7,0.0297378101926128,2486,0.9,2237.4,0.107199522989397,236,2747,0.89012,0.02973079636915938,0.09493161705551086,0.9,9.480508474576272
2032-07-11,Instagram,18-25,South India,Mobile,Image,23,12226,7,0.0924305293066458,1130,1.3,1469.0,0.1447007100448469,145,2748,0.89008,0.0924259774251595,0.12831858407079647,1.3,10.13103448275862
2032-07-12,Instagram,26-35,North India,Mobile,Image,11,17858,7,0.0918522409710887,1640,1.3,2132.0,0.109418006476592,159,2749,0.8900399999999999,0.0918355918915892,0.09695121951219512,1.3,13.40880503144654
2032-07-13,Google,18-25,West India,Mobile,Video,17,96868,7,0.0568360468833141,5505,0.9,4954.5,0.1621080072258535,793,2750,0.89,0.05682991287112359,0.14405086285195276,0.9,6.247793190416141
2032-07-14,Instagram,18-25,South India,Mobile,Text,8,57848,7,0.0775177937889537,4484,1.3,5829.2,0.0840132875481863,334,2751,0.88996,0.07751348361222514,0.07448706512042819,1.3,17.452694610778444
2032-07-15,Google,26-35,South India,Mobile,Text,6,40300,7,0.0399046342244175,1608,0.9,1447.2,0.0642708622638927,91,2752,0.88992,0.03990074441687345,0.056592039800995024,0.9,15.903296703296704
2032-07-16,Google,26-35,South India,Mobile,Text,5,42470,7,0.0655100001836995,2782,0.9,2503.8,0.0639410416359261,157,2753,0.88988,0.06550506239698611,0.056434219985621856,0.9,15.947770700636944
2032-07-17,Instagram,18-25,North India,Mobile,Video,23,26113,7,0.092847534155421,2424,1.3,3151.2000000000003,0.1414976624543918,304,2754,0.88984,0.09282732738482748,0.1254125412541254,1.3,10.365789473684211
2032-07-18,Google,36-50,North India,Mobile,Text,13,53096,7,0.0600077858996428,3186,0.9,2867.4,0.0508735225039811,144,2755,0.8897999999999999,0.06000452011450957,0.04519774011299435,0.9,19.9125
2032-07-19,Google,18-25,West India,Mobile,Image,17,23016,7,0.0529945094927365,1219,0.9,1097.1,0.0956034041228678,103,2756,0.88976,0.052963156065345844,0.0844954881050041,0.8999999999999999,10.651456310679611
2032-07-20,Instagram,26-35,West India,Mobile,Text,13,71920,7,0.0497921877169008,3581,1.3,4655.3,0.0593270963903492,188,2757,0.88972,0.04979143492769744,0.05249930187098576,1.3,24.762234042553192
2032-07-21,Instagram,36-50,South India,Mobile,Text,4,18750,7,0.0960540750337217,1801,1.3,2341.3,0.1241553343610189,198,2758,0.88968,0.09605333333333334,0.10993892282065519,1.3,11.824747474747475
2032-07-22,Google,26-35,West India,Mobile,Image,19,18445,7,0.0357950320632412,660,0.9,594.0,0.1261589174291587,73,2759,0.88964,0.03578205475738683,0.11060606060606061,0.9,8.136986301369863
2032-07-23,Google,26-35,North India,Mobile,Image,23,95440,7,0.0439139568510324,4191,0.9,3771.9,0.0886896205814127,330,2760,0.8896,0.043912405699916175,0.07874015748031496,0.9,11.43
2032-07-24,Google,36-50,West India,Mobile,Text,12,36075,7,0.0389707958488486,1405,0.9,1264.5,0.0493173848246061,61,2761,0.88956,0.038946638946638946,0.04341637010676157,0.9,20.729508196721312
2032-07-25,Instagram,26-35,North India,Mobile,Image,0,17691,7,0.109784887467585,1942,1.3,2524.6,0.0661716363214078,113,2762,0.88952,0.10977333107229664,0.05818743563336766,1.3,22.341592920353982
2032-07-26,Google,26-35,West India,Mobile,Video,11,95610,7,0.0650299296133658,6217,0.9,5595.3,0.1273311218787919,703,2763,0.88948,0.06502457901893108,0.11307704680714172,0.9,7.959174964438122
2032-07-27,Google,26-35,North India,Mobile,Image,18,75724,7,0.0375088944090902,2840,0.9,2556.0,0.1672869624497445,422,2764,0.88944,0.03750462204849189,0.14859154929577464,0.9,6.056872037914692
2032-07-28,Instagram,26-35,North India,Mobile,Video,9,26860,7,0.0346683911231809,931,1.3,1210.3,0.0888156519360708,72,2765,0.8894,0.03466120625465376,0.07733619763694952,1.3,16.80972222222222
2032-07-29,Google,26-35,West India,Mobile,Image,23,31171,7,0.0223967730797006,698,0.9,628.2,0.0667666499668249,40,2766,0.8893599999999999,0.022392608514324213,0.05730659025787966,0.9,15.705000000000002
2032-07-30,Google,26-35,West India,Mobile,Video,4,30421,7,0.0511532201038393,1556,0.9,1400.4,0.0850748142648863,117,2767,0.88932,0.05114887742020315,0.07519280205655526,0.9,11.96923076923077
2032-07-31,Google,26-35,North India,Mobile,Video,19,43089,7,0.0605080667317284,2607,0.9,2346.3,0.1586190061324062,367,2768,0.88928,0.060502680498503096,0.14077483697736862,0.9,6.393188010899183
2032-08-01,Instagram,26-35,South India,Desktop,Text,5,32990,8,0.0368377491994428,1215,1.3,1579.5,0.1571321572502737,168,2769,0.88924,0.03682934222491664,0.1382716049382716,1.3,9.401785714285714
2032-08-02,Google,26-35,West India,Desktop,Image,11,66839,8,0.0287865238650603,1924,0.9,1731.6,0.0505240273486949,86,2770,0.8892,0.02878558925178414,0.0446985446985447,0.8999999999999999,20.134883720930233
2032-08-03,Google,18-25,North India,Mobile,Image,20,7486,8,0.0270505507753932,202,0.9,181.8,0.137655376028972,24,2771,0.88916,0.026983702912102593,0.1188118811881188,0.9,7.575
2032-08-04,Instagram,18-25,West India,Desktop,Image,2,72102,8,0.0841185908905899,6065,1.3,7884.5,0.1092449351523298,588,2772,0.88912,0.0841169454384067,0.09694971145919208,1.3,13.409013605442176
2032-08-05,Google,26-35,West India,Mobile,Video,13,88077,8,0.025927341619204,2283,0.9,2054.7000000000003,0.1866319984058196,378,2773,0.88908,0.025920501379474777,0.16557161629434955,0.9000000000000001,5.435714285714287
2032-08-06,Google,18-25,West India,Mobile,Text,20,70427,8,0.0852847965292533,6006,0.9,5405.400000000001,0.0841591334097204,448,2774,0.88904,0.08527979326110724,0.07459207459207459,0.9000000000000001,12.065625
2032-08-07,Google,36-50,West India,Desktop,Image,3,10046,8,0.0258149846560128,259,0.9,233.1,0.0407302752347509,8,2775,0.889,0.02578140553454111,0.03088803088803089,0.9,29.1375
2032-08-08,Google,18-25,West India,Desktop,Text,16,30741,8,0.0371354835374397,1141,0.9,1026.9,0.1152527688308189,116,2776,0.88896,0.037116554438697505,0.1016652059596845,0.9000000000000001,8.852586206896552
2032-08-09,Google,26-35,South India,Desktop,Text,16,60089,8,0.0375300175608172,2255,0.9,2029.5,0.1431634603816883,286,2777,0.8889199999999999,0.03752766729351462,0.12682926829268293,0.9,7.096153846153846
2032-08-10,Google,26-35,South India,Mobile,Video,13,6724,8,0.0524075556311012,352,0.9,316.8,0.219493498199503,68,2778,0.88888,0.052349791790600834,0.19318181818181818,0.9,4.658823529411765
2032-08-11,Google,18-25,South India,Mobile,Image,14,49347,8,0.0650392791823718,3209,0.9,2888.1,0.1316338985206352,375,2779,0.88884,0.06502928242851642,0.11685883452789031,0.9,7.7016
2032-08-12,Google,26-35,North India,Mobile,Text,6,23664,8,0.0479681482779828,1135,0.9,1021.5,0.0460975830655376,46,2780,0.8888,0.0479631507775524,0.04052863436123348,0.9,22.206521739130434
2032-08-13,Instagram,36-50,South India,Mobile,Image,3,71886,8,0.0469998688290405,3378,1.3,4391.400000000001,0.1009545352107356,303,2781,0.88876,0.04699106919288874,0.08969804618117229,1.3000000000000003,14.493069306930694
2032-08-14,Instagram,36-50,South India,Mobile,Image,16,80561,8,0.054559080960441,4395,1.3,5713.5,0.1647745377486512,643,2782,0.88872,0.05455493352863048,0.14630261660978386,1.3,8.885692068429238
2032-08-15,Instagram,26-35,North India,Desktop,Image,5,94761,8,0.0381670446747694,3616,1.3,4700.8,0.1037569244178859,333,2783,0.88868,0.03815915830352149,0.09209070796460177,1.3,14.116516516516517
2032-08-16,Instagram,36-50,South India,Mobile,Text,10,10164,8,0.0764143540781743,776,1.3,1008.8,0.1289311035028276,88,2784,0.88864,0.07634789452971272,0.1134020618556701,1.3,11.463636363636363
2032-08-17,Google,36-50,West India,Mobile,Video,11,75906,8,0.0661886229758542,5024,0.9,4521.6,0.0487878668042782,217,2785,0.8886,0.06618712618238347,0.043192675159235666,0.9,20.836866359447008
2032-08-18,Instagram,18-25,South India,Mobile,Video,14,33872,8,0.0475804894050858,1611,1.3,2094.3,0.0662908323834781,94,2786,0.88856,0.04756140765233821,0.05834885164494103,1.3,22.279787234042555
2032-08-19,Google,36-50,South India,Mobile,Text,11,91366,8,0.0467008564926217,4266,0.9,3839.4,0.1265643176549263,478,2787,0.88852,0.04669132937854344,0.11204875761837788,0.9,8.032217573221757
2032-08-20,Instagram,18-25,South India,Mobile,Image,10,90491,8,0.0387299185432674,3504,1.3,4555.2,0.0886910896646543,275,2788,0.8884799999999999,0.038722082859068856,0.07848173515981735,1.3,16.564363636363634
2032-08-21,Instagram,26-35,West India,Desktop,Image,16,60879,8,0.0738193113419522,4494,1.3,5842.2,0.0943461362791047,375,2789,0.88844,0.07381855812349086,0.08344459279038718,1.3,15.5792
2032-08-22,Instagram,18-25,West India,Mobile,Video,7,48037,8,0.0410336786594998,1971,1.3,2562.3,0.1558783291781146,272,2790,0.8884,0.04103087203613881,0.13800101471334347,1.3,9.420220588235296
2032-08-23,Instagram,26-35,West India,Mobile,Text,11,23985,8,0.0780826344879529,1872,1.3,2433.6,0.0473297247380161,78,2791,0.88836,0.07804878048780488,0.041666666666666664,1.3,31.2
2032-08-24,Instagram,26-35,West India,Desktop,Text,8,89591,8,0.0898619957017257,8050,1.3,10465.0,0.1330922942795834,951,2792,0.88832,0.08985277539038519,0.11813664596273292,1.3,11.004206098843323
2032-08-25,Google,26-35,North India,Desktop,Video,10,91702,8,0.04928924258105,4519,0.9,4067.1,0.0686517079220443,275,2793,0.88828,0.04927918693158274,0.06085417127683116,0.9,14.789454545454545
2032-08-26,Google,26-35,West India,Desktop,Text,2,58868,8,0.0341173404833043,2008,0.9,1807.2,0.1212606227421008,215,2794,0.88824,0.03411021267921451,0.10707171314741036,0.9,8.405581395348838
2032-08-27,Instagram,26-35,West India,Desktop,Text,6,78925,8,0.0836008792013103,6598,1.3,8577.4,0.0688374129162312,403,2795,0.8882,0.08359835286664555,0.061079114883297966,1.3,21.283870967741933
2032-08-28,Google,18-25,West India,Mobile,Video,20,20347,8,0.0606213649059419,1233,0.9,1109.7,0.0916751223101232,100,2796,0.88816,0.06059861404629675,0.08110300081103,0.9,11.097000000000001
2032-08-29,Instagram,26-35,West India,Desktop,Video,2,42623,8,0.0580294718246715,2473,1.3,3214.9,0.185972469429459,407,2797,0.88812,0.05802031766886423,0.16457743631217145,1.3,7.899017199017199
2032-08-30,Instagram,36-50,North India,Mobile,Text,20,17360,8,0.0915939509877513,1590,1.3,2067.0,0.0947264074139435,133,2798,0.88808,0.09158986175115208,0.08364779874213836,1.3,15.541353383458647
2032-08-31,Google,36-50,South India,Desktop,Text,15,15214,8,0.0234797522240006,357,0.9,321.3,0.0642996600532136,19,2799,0.8880399999999999,0.02346522939397923,0.05322128851540616,0.9,16.910526315789475
2032-09-01,Instagram,26-35,South India,Mobile,Video,9,28222,9,0.0988597772102973,2790,1.3,3627.0,0.0532705471684115,131,2800,0.888,0.09885904613422153,0.04695340501792115,1.3,27.68702290076336
2032-09-02,Instagram,36-50,West India,Mobile,Video,22,73279,9,0.108462857913098,7948,1.3,10332.4,0.2114698597391666,1491,2801,0.88796,0.10846217879610802,0.18759436336185203,1.3,6.929845741113347
2032-09-03,Instagram,18-25,West India,Mobile,Image,6,35303,9,0.0824699152897114,2911,1.3,3784.3,0.1003940664771635,259,2802,0.88792,0.08245758150865365,0.08897286155960152,1.3,14.611196911196911
2032-09-04,Instagram,18-25,West India,Mobile,Text,23,15698,9,0.1047441800634893,1644,1.3,2137.2000000000003,0.0812933125921316,118,2803,0.88788,0.10472671677920754,0.07177615571776155,1.3000000000000003,18.111864406779663
2032-09-05,Google,26-35,South India,Mobile,Text,19,30602,9,0.0473269632260185,1448,0.9,1303.2,0.0439861793359181,55,2804,0.88784,0.04731716881249592,0.03798342541436464,0.9,23.694545454545455
2032-09-06,Instagram,26-35,South India,Mobile,Video,14,15947,9,0.0724145373579894,1154,1.3,1500.2,0.2180857611360579,222,2805,0.8877999999999999,0.07236470809556657,0.1923743500866551,1.3,6.757657657657658
2032-09-07,Instagram,26-35,West India,Desktop,Video,20,53338,9,0.106162421216451,5662,1.3,7360.6,0.0716187329174467,359,2806,0.88776,0.10615321159398552,0.06340515718827269,1.3,20.503064066852367
2032-09-08,Google,36-50,South India,Mobile,Image,20,36537,9,0.0640488192381738,2340,0.9,2106.0,0.0956601795879104,197,2807,0.88772,0.06404466704983988,0.0841880341880342,0.9,10.690355329949238
2032-09-09,Google,36-50,North India,Mobile,Image,9,23469,9,0.0544816856989318,1278,0.9,1150.2,0.0940068180331114,106,2808,0.88768,0.05445481273168861,0.08294209702660407,0.9,10.850943396226416
2032-09-10,Instagram,18-25,West India,Desktop,Video,11,7486,9,0.0372238207806283,278,1.3,361.4,0.1840977657950512,45,2809,0.88764,0.03713598717606198,0.1618705035971223,1.2999999999999998,8.03111111111111
2032-09-11,Google,36-50,West India,Mobile,Text,17,73777,9,0.0580979450389435,4286,0.9,3857.4,0.0767765292247447,292,2810,0.8876,0.05809398593057457,0.06812879141390574,0.9,13.21027397260274
2032-09-12,Instagram,18-25,North India,Mobile,Image,22,97390,9,0.0998679974725469,9726,1.3,12643.8,0.1086845181329241,938,2811,0.88756,0.09986651606941165,0.0964425251902118,1.2999999999999998,13.479530916844348
2032-09-13,Instagram,36-50,North India,Mobile,Video,22,20371,9,0.0678672742858518,1382,1.3,1796.6,0.114025542554795,139,2812,0.88752,0.0678415394433263,0.10057887120115774,1.3,12.925179856115108
2032-09-14,Google,18-25,South India,Mobile,Video,8,33524,9,0.0221092049241323,741,0.9,666.9,0.1104288996599613,71,2813,0.88748,0.022103567593365948,0.09581646423751687,0.9,9.392957746478872
2032-09-15,Instagram,26-35,North India,Desktop,Video,8,66101,9,0.0305682311757123,2020,1.3,2626.0,0.1966299723514688,352,2814,0.88744,0.030559295623364246,0.17425742574257425,1.3,7.4602272727272725
2032-09-16,Instagram,36-50,West India,Desktop,Text,3,23474,9,0.0353126817083524,828,1.3,1076.4,0.1288283404883548,94,2815,0.8874,0.035273068075317375,0.11352657004830918,1.3,11.451063829787236
2032-09-17,Google,18-25,South India,Desktop,Video,4,79203,9,0.02223501694491,1761,0.9,1584.9,0.0850204270033425,132,2816,0.8873599999999999,0.02223400628764062,0.07495741056218058,0.9,12.006818181818183
2032-09-18,Google,36-50,North India,Mobile,Video,6,80337,9,0.0487879490055236,3919,0.9,3527.1,0.1341311310480487,465,2817,0.88732,0.04878200580056512,0.11865271752998213,0.9,7.5851612903225805
2032-09-19,Google,26-35,South India,Mobile,Text,6,48141,9,0.0303377361903294,1460,0.9,1314.0,0.1416697195878977,182,2818,0.88728,0.030327579402172785,0.12465753424657534,0.9,7.21978021978022
2032-09-20,Google,18-25,South India,Mobile,Video,10,5405,9,0.0741811997687246,400,0.9,360.0,0.1599451869417851,55,2819,0.88724,0.07400555041628122,0.1375,0.9,6.545454545454546
2032-09-21,Instagram,36-50,South India,Mobile,Video,9,3153,9,0.0792952679467132,250,1.3,325.0,0.144050413160848,31,2820,0.8872,0.0792895654931811,0.124,1.3,10.483870967741936
2032-09-22,Google,36-50,South India,Mobile,Image,10,26131,9,0.0495905902578349,1295,0.9,1165.5,0.0550971472057403,62,2821,0.88716,0.04955799624966515,0.047876447876447875,0.9,18.798387096774192
2032-09-23,Instagram,26-35,North India,Mobile,Video,23,20680,9,0.1008666755295621,2085,1.3,2710.5,0.0625282434856373,115,2822,0.88712,0.1008220502901354,0.05515587529976019,1.3,23.569565217391304
2032-09-24,Google,26-35,West India,Mobile,Text,23,86233,9,0.0403018596476684,3475,0.9,3127.5,0.0631835046888811,194,2823,0.88708,0.04029779782681804,0.055827338129496404,0.9,16.121134020618555
2032-09-25,Google,18-25,West India,Mobile,Image,17,54644,9,0.0366743498509949,2004,0.9,1803.6,0.1118755367672782,198,2824,0.88704,0.036673742771393014,0.09880239520958084,0.8999999999999999,9.10909090909091
2032-09-26,Instagram,36-50,North India,Mobile,Video,11,29283,9,0.0790503002792617,2314,1.3,3008.2000000000003,0.20317255085714,416,2825,0.887,0.07902195813270499,0.1797752808988764,1.3,7.231250000000001
2032-09-27,Instagram,36-50,West India,Desktop,Text,15,94980,9,0.0308935245628579,2934,1.3,3814.2,0.1294696768571406,336,2826,0.88696,0.030890713834491473,0.11451942740286299,1.3,11.351785714285715
2032-09-28,Google,26-35,South India,Mobile,Video,3,61357,9,0.0401938787030206,2466,0.9,2219.4,0.0731374248858024,159,2827,0.8869199999999999,0.040191013250321886,0.06447688564476886,0.9,13.958490566037737
2032-09-29,Google,26-35,South India,Desktop,Image,16,88899,9,0.0227644927941785,2023,0.9,1820.7,0.154457946629622,276,2828,0.88688,0.022756161486630896,0.13643104300543746,0.9,6.596739130434782
2032-09-30,Google,18-25,South India,Desktop,Text,16,20646,9,0.0398019159903126,821,0.9,738.9,0.1434906982977101,103,2829,0.88684,0.03976557202363654,0.12545676004872108,0.9,7.17378640776699
2032-10-01,Google,36-50,North India,Mobile,Image,20,40804,10,0.0825137291940424,3366,0.9,3029.4,0.0930970160193809,277,2830,0.8868,0.08249191255759239,0.08229352346999406,0.9,10.936462093862817
2032-10-02,Instagram,36-50,South India,Mobile,Text,22,17036,10,0.0731867921054595,1246,1.3,1619.8,0.0806163238999824,88,2831,0.88676,0.07313923456210378,0.07062600321027288,1.3,18.40681818181818
2032-10-03,Google,18-25,South India,Mobile,Text,4,7726,10,0.0616316186289468,476,0.9,428.4,0.1139261171185293,47,2832,0.88672,0.06161014755371473,0.09873949579831932,0.8999999999999999,9.114893617021275
2032-10-04,Google,18-25,North India,Mobile,Video,12,42160,10,0.0421350455209919,1776,0.9,1598.4,0.1284569073729652,202,2833,0.88668,0.04212523719165085,0.11373873873873874,0.9,7.912871287128714
2032-10-05,Google,26-35,South India,Mobile,Text,2,19274,10,0.0609630494375128,1175,0.9,1057.5,0.0721164609988146,74,2834,0.88664,0.06096295527653834,0.06297872340425532,0.9,14.29054054054054
2032-10-06,Instagram,26-35,South India,Desktop,Text,22,91123,10,0.035975050901221,3278,1.3,4261.400000000001,0.0894167580233068,259,2835,0.8866,0.035973354696399375,0.07901159243441122,1.3000000000000003,16.453281853281855
2032-10-07,Instagram,18-25,West India,Desktop,Video,16,88091,10,0.0660447414456386,5817,1.3,7562.1,0.1394655027366402,719,2836,0.88656,0.06603398758102416,0.12360323190648101,1.3,10.517524339360223
2032-10-08,Google,18-25,North India,Mobile,Text,10,11168,10,0.0450477362487928,503,0.9,452.7,0.0978604496066812,43,2837,0.88652,0.04503939828080229,0.08548707753479125,0.9,10.527906976744186
2032-10-09,Instagram,36-50,South India,Desktop,Text,0,16103,10,0.0332615793271467,535,1.3,695.5,0.107006012382408,50,2838,0.8864799999999999,0.033223622927404835,0.09345794392523364,1.3,13.91
2032-10-10,Google,18-25,South India,Mobile,Text,17,92437,10,0.0282965550398594,2615,0.9,2353.5,0.1481554732013178,343,2839,0.88644,0.02828953773921698,0.13116634799235183,0.9,6.8615160349854225
2032-10-11,Google,18-25,South India,Desktop,Text,16,31567,10,0.0190376688805924,600,0.9,540.0,0.0415554257081583,21,2840,0.8864,0.019007191053948744,0.035,0.9,25.714285714285715
2032-10-12,Instagram,36-50,South India,Mobile,Video,8,79743,10,0.070709166054665,5638,1.3,7329.400000000001,0.1143353841455375,570,2841,0.88636,0.07070213059453494,0.1010996807378503,1.3,12.858596491228072
2032-10-13,Instagram,18-25,West India,Mobile,Video,19,24691,10,0.0906842523743748,2239,1.3,2910.7000000000003,0.1739720471262394,344,2842,0.88632,0.09068081487181565,0.15364001786511836,1.3,8.461337209302327
2032-10-14,Instagram,26-35,West India,Mobile,Image,6,70092,10,0.0717345215605652,5028,1.3,6536.400000000001,0.1312495644435944,584,2843,0.88628,0.07173429207327513,0.11614956245027844,1.3,11.192465753424658
2032-10-15,Instagram,26-35,West India,Desktop,Text,4,41072,10,0.0303889554548472,1248,1.3,1622.4,0.1432737288726414,157,2844,0.88624,0.030385664199454616,0.12580128205128205,1.3,10.33375796178344
2032-10-16,Google,36-50,West India,Mobile,Video,15,55118,10,0.0692147341629321,3814,0.9,3432.6,0.1467875328287158,495,2845,0.8862,0.06919699553684822,0.12978500262191925,0.9,6.934545454545455
2032-10-17,Instagram,18-25,North India,Mobile,Text,6,34133,10,0.0724094190398013,2471,1.3,3212.3,0.1044429599467077,228,2846,0.88616,0.07239328509067472,0.09227033589639821,1.3,14.0890350877193
2032-10-18,Google,26-35,South India,Desktop,Video,12,16893,10,0.0299680490636916,506,0.9,455.4,0.1830742351906878,81,2847,0.88612,0.029953235067779554,0.1600790513833992,0.8999999999999999,5.622222222222222
2032-10-19,Instagram,26-35,West India,Desktop,Image,12,82402,10,0.0698860437860483,5758,1.3,7485.400000000001,0.0660680838776739,336,2848,0.88608,0.0698769447343511,0.058353594998263286,1.3,22.277976190476192
2032-10-20,Google,26-35,South India,Mobile,Text,14,1656,10,0.0464224886278897,76,0.9,68.4,0.1359996411398376,8,2849,0.8860399999999999,0.04589371980676329,0.10526315789473684,0.9,8.55
2032-10-21,Instagram,26-35,North India,Desktop,Image,22,42120,10,0.0485402574876119,2044,1.3,2657.2000000000003,0.0778853219259532,140,2850,0.886,0.04852801519468186,0.0684931506849315,1.3,18.98
2032-10-22,Google,18-25,South India,Mobile,Image,16,81632,10,0.0490692206757219,4005,0.9,3604.5,0.1093731817301086,388,2851,0.88596,0.04906164249313995,0.0968789013732834,0.9,9.289948453608247
2032-10-23,Google,18-25,South India,Mobile,Image,16,58518,10,0.0479097111364161,2803,0.9,2522.7000000000003,0.0461570012421829,114,2852,0.88592,0.04789979151714002,0.04067070995362112,0.9000000000000001,22.128947368421056
2032-10-24,Instagram,18-25,West India,Mobile,Video,18,81983,10,0.0562883281956521,4614,1.3,5998.2,0.1897190764220328,775,2853,0.88588,0.056279960479611625,0.16796705678370177,1.3,7.739612903225806
2032-10-25,Google,18-25,West India,Mobile,Text,9,20854,10,0.0688159786021722,1435,0.9,1291.5,0.1474656544009422,186,2854,0.88584,0.06881173875515488,0.12961672473867597,0.9,6.943548387096774
2032-10-26,Google,26-35,North India,Mobile,Video,1,54212,10,0.0263095404301199,1426,0.9,1283.4,0.0552064758090926,69,2855,0.8858,0.026304139304950933,0.04838709677419355,0.9,18.6
2032-10-27,Google,36-50,South India,Mobile,Video,13,88519,10,0.0390643602059172,3457,0.9,3111.3,0.170184993221517,520,2856,0.88576,0.03905376246907444,0.15041943881978595,0.9,5.983269230769231
2032-10-28,Google,36-50,West India,Mobile,Text,22,50696,10,0.0708488927335318,3591,0.9,3231.9,0.1483326624628142,471,2857,0.88572,0.07083399084740413,0.1311612364243943,0.9,6.861783439490446
2032-10-29,Google,26-35,West India,Desktop,Text,2,97732,10,0.0408265897863613,3990,0.9,3591.0,0.1062211938029185,374,2858,0.88568,0.0408259321409569,0.093734335839599,0.9,9.601604278074866
2032-10-30,Google,26-35,West India,Desktop,Text,6,78582,10,0.0576620247137191,4531,0.9,4077.9,0.1289561674753809,517,2859,0.88564,0.05765951490163142,0.11410284705363055,0.9,7.88762088974855
2032-10-31,Instagram,36-50,North India,Mobile,Text,10,67492,10,0.0637405451401588,4301,1.3,5591.3,0.0456544591254646,173,2860,0.8855999999999999,0.06372607123807265,0.04022320390606836,1.3,32.31965317919075
2032-11-01,Google,36-50,South India,Mobile,Video,16,58795,11,0.0577174135724851,3393,0.9,3053.7000000000003,0.0980482380249768,294,2861,0.88556,0.0577089888595969,0.08664898320070734,0.9000000000000001,10.386734693877552
2032-11-02,Instagram,26-35,West India,Mobile,Text,14,25560,11,0.0980492387453655,2506,1.3,3257.8,0.0751424478546303,166,2862,0.88552,0.09804381846635368,0.06624102154828412,1.3,19.625301204819277
2032-11-03,Instagram,26-35,South India,Desktop,Text,18,90711,11,0.1077384445716899,9773,1.3,12704.9,0.1658347144398891,1434,2863,0.88548,0.10773776058030449,0.1467307889082165,1.3,8.859762900976289
2032-11-04,Google,18-25,North India,Mobile,Text,10,87831,11,0.0628788548911926,5522,0.9,4969.8,0.1206799995497431,589,2864,0.88544,0.06287074039917569,0.10666425208257878,0.9,8.437691001697793
2032-11-05,Instagram,18-25,South India,Mobile,Image,14,81391,11,0.0624792447979032,5085,1.3,6610.5,0.1803920819021745,811,2865,0.8854,0.06247619515671266,0.15948869223205506,1.3,8.151048088779286
2032-11-06,Google,36-50,West India,Mobile,Text,14,52317,11,0.0512370047330176,2680,0.9,2412.0,0.0919620939425223,217,2866,0.8853599999999999,0.05122617887111264,0.08097014925373135,0.9,11.11520737327189
2032-11-07,Instagram,26-35,South India,Mobile,Text,5,84539,11,0.0555196042499409,4693,1.3,6100.900000000001,0.131229821130949,544,2867,0.88532,0.05551284022758727,0.11591732367355637,1.3,11.214889705882355
2032-11-08,Google,36-50,South India,Mobile,Video,14,79572,11,0.0487426544563853,3878,0.9,3490.2000000000003,0.1879932014419274,645,2868,0.88528,0.04873573618860906,0.16632284682826198,0.9,5.4111627906976745
2032-11-09,Google,18-25,North India,Desktop,Image,8,80380,11,0.0550517789501389,4425,0.9,3982.5,0.1136667670924009,444,2869,0.88524,0.055051007713361536,0.10033898305084746,0.9,8.969594594594595
2032-11-10,Instagram,18-25,North India,Mobile,Video,4,1645,11,0.0886697722909093,145,1.3,188.5,0.1857238764524166,23,2870,0.8852,0.08814589665653495,0.15862068965517243,1.3,8.195652173913043
2032-11-11,Instagram,36-50,South India,Mobile,Image,18,34146,11,0.1123846589141698,3837,1.3,4988.1,0.0683706887975302,231,2871,0.88516,0.1123704094183799,0.060203283815480846,1.3,21.593506493506496
2032-11-12,Instagram,18-25,South India,Mobile,Video,23,40877,11,0.0622543307201223,2544,1.3,3307.2000000000003,0.0634296386870733,142,2872,0.88512,0.06223548694865083,0.05581761006289308,1.3,23.290140845070425
2032-11-13,Google,26-35,South India,Desktop,Video,4,53736,11,0.0293220741121731,1575,0.9,1417.5,0.1089896404033884,151,2873,0.88508,0.0293099598034837,0.09587301587301587,0.9,9.387417218543046
2032-11-14,Instagram,36-50,North India,Mobile,Text,21,45693,11,0.0418295818515856,1911,1.3,2484.3,0.0422791281878421,70,2874,0.88504,0.04182259864749524,0.03663003663003663,1.3,35.49
2032-11-15,Google,26-35,North India,Mobile,Text,12,84060,11,0.0427783118618538,3595,0.9,3235.5,0.039118742188198,123,2875,0.885,0.04276707113966215,0.03421418636995827,0.9,26.304878048780488
2032-11-16,Google,26-35,South India,Mobile,Image,17,21119,11,0.0666869989544671,1408,0.9,1267.2,0.1085398287216407,134,2876,0.88496,0.06666982338178891,0.09517045454545454,0.9,9.456716417910448
2032-11-17,Google,18-25,North India,Desktop,Image,19,48679,11,0.0482645889654576,2349,0.9,2114.1,0.0646672560639632,133,2877,0.8849199999999999,0.048254894307606974,0.05661983822903363,0.8999999999999999,15.89548872180451
2032-11-18,Instagram,26-35,West India,Mobile,Image,16,93125,11,0.069670317018057,6488,1.3,8434.4,0.1506206495978133,864,2878,0.88488,0.06966979865771812,0.13316892725030827,1.3,9.762037037037036
2032-11-19,Google,36-50,North India,Mobile,Text,14,83581,11,0.0712163945731142,5952,0.9,5356.8,0.0978446248334012,514,2879,0.88484,0.07121235687536641,0.08635752688172044,0.9,10.421789883268483
2032-11-20,Google,26-35,North India,Desktop,Video,13,14163,11,0.0448939744057852,635,0.9,571.5,0.1031506189296504,57,2880,0.8848,0.0448351337993363,0.08976377952755905,0.9,10.026315789473685
2032-11-21,Instagram,26-35,North India,Desktop,Image,15,91123,11,0.0594058217581054,5413,1.3,7036.900000000001,0.0761103708604476,363,2881,0.88476,0.05940322421342581,0.06706077960465547,1.3,19.385399449035813
2032-11-22,Google,26-35,West India,Mobile,Text,3,88129,11,0.0650804078832783,5735,0.9,5161.5,0.1010134406663716,512,2882,0.88472,0.06507506042278932,0.0892763731473409,0.9,10.0810546875
2032-11-23,Google,26-35,West India,Desktop,Text,16,99691,11,0.0300143791430628,2992,0.9,2692.8,0.085646249752429,226,2883,0.88468,0.030012739364636727,0.07553475935828877,0.9,11.91504424778761
2032-11-24,Google,26-35,West India,Mobile,Video,19,31802,11,0.0274130129624283,871,0.9,783.9,0.0573635102798695,43,2884,0.88464,0.027388214577699514,0.04936854190585534,0.9,18.230232558139534
2032-11-25,Instagram,18-25,South India,Mobile,Video,13,53175,11,0.0959660330322175,5102,1.3,6632.6,0.1757272249465506,792,2885,0.8846,0.09594734367653973,0.15523324186593493,1.3,8.37449494949495
2032-11-26,Google,36-50,South India,Mobile,Text,17,94945,11,0.0499275773093227,4740,0.9,4266.0,0.1028182682329784,430,2886,0.88456,0.04992364000210648,0.09071729957805907,0.9,9.92093023255814
2032-11-27,Google,18-25,West India,Mobile,Video,5,11111,11,0.0383494495691316,426,0.9,383.4,0.0945191319638256,35,2887,0.88452,0.03834038340383404,0.08215962441314555,0.8999999999999999,10.954285714285714
2032-11-28,Instagram,36-50,South India,Mobile,Video,21,60936,11,0.0585544971973639,3568,1.3,4638.400000000001,0.1064687111334816,335,2888,0.8844799999999999,0.058553236182223974,0.09389013452914798,1.3,13.845970149253732
2032-11-29,Instagram,36-50,South India,Mobile,Text,7,66526,11,0.0443293318711336,2949,1.3,3833.7,0.0966695032603323,252,2889,0.88444,0.044328533205062685,0.08545269582909461,1.3,15.213095238095237
2032-11-30,Google,36-50,South India,Desktop,Image,8,22119,11,0.0304780456515507,674,0.9,606.6,0.1714492391565677,101,2890,0.8844,0.030471540304715404,0.14985163204747776,0.9,6.005940594059406
2032-12-01,Instagram,36-50,West India,Desktop,Image,23,91211,12,0.0627107833741344,5719,1.3,7434.7,0.0992270812440537,501,2891,0.88436,0.06270077074037123,0.08760272774960658,1.3,14.839720558882235
2032-12-02,Instagram,36-50,North India,Mobile,Text,0,62896,12,0.0679529619477585,4273,1.3,5554.900000000001,0.1272146130102492,480,2892,0.88432,0.06793754769778683,0.11233325532412824,1.3,11.572708333333335
2032-12-03,Instagram,26-35,West India,Mobile,Image,12,36539,12,0.0475912734998657,1738,1.3,2259.4,0.0994808498955339,152,2893,0.88428,0.04756561482251841,0.08745684695051784,1.3,14.864473684210527
2032-12-04,Google,18-25,West India,Mobile,Text,2,90183,12,0.0527432604076187,4756,0.9,4280.400000000001,0.1327596667377551,557,2894,0.88424,0.05273721211314771,0.11711522287636669,0.9000000000000001,7.684739676840216
2032-12-05,Instagram,18-25,South India,Mobile,Text,5,56387,12,0.0604197807748936,3406,1.3,4427.8,0.1593372723117317,479,2895,0.8842,0.06040399382836469,0.14063417498532002,1.3,9.24384133611691
2032-12-06,Google,26-35,South India,Mobile,Video,16,93489,12,0.0737528694836938,6895,0.9,6205.5,0.0566020527630242,344,2896,0.88416,0.07375199221298763,0.049891225525743294,0.9,18.039244186046513
2032-12-07,Google,36-50,North India,Mobile,Image,7,43823,12,0.0501201156699834,2196,0.9,1976.4,0.0462793048255775,89,2897,0.88412,0.05011067247792255,0.04052823315118397,0.9,22.20674157303371
2032-12-08,Google,18-25,North India,Mobile,Text,5,70555,12,0.0290931303525372,2052,0.9,1846.8,0.047450881384058,85,2898,0.88408,0.029083693572390334,0.041423001949317736,0.9,21.72705882352941
2032-12-09,Google,26-35,North India,Mobile,Image,15,87190,12,0.0373783448788356,3259,0.9,2933.1,0.0542420237556896,155,2899,0.8840399999999999,0.03737813969491914,0.04756060141147591,0.9,18.92322580645161
2032-12-10,Google,26-35,North India,Desktop,Image,0,48418,12,0.0508390873261044,2461,0.9,2214.9,0.098445558487764,213,2900,0.884,0.0508282043867983,0.08655018285249898,0.9,10.398591549295775
2032-12-11,Instagram,18-25,West India,Desktop,Image,9,94870,12,0.0297762458593133,2824,1.3,3671.2,0.1469647700162864,366,2901,0.88396,0.029767049646885212,0.12960339943342777,1.3,10.030601092896175
2032-12-12,Google,18-25,North India,Mobile,Text,17,49695,12,0.0735799892408323,3656,0.9,3290.4,0.1409781773345866,455,2902,0.88392,0.07356876949391288,0.12445295404814004,0.9,7.231648351648352
2032-12-13,Google,36-50,West India,Mobile,Video,21,62936,12,0.0557816768339032,3510,0.9,3159.0,0.1181871767465883,365,2903,0.88388,0.05577094190924113,0.10398860398860399,0.9,8.654794520547945
2032-12-14,Google,36-50,South India,Mobile,Image,13,17418,12,0.0506593462623048,882,0.9,793.8000000000001,0.1500260950308636,116,2904,0.88384,0.05063727178780572,0.13151927437641722,0.9,6.843103448275863
2032-12-15,Google,18-25,North India,Mobile,Text,23,27742,12,0.076362672971174,2118,0.9,1906.2,0.1041440563806364,194,2905,0.8838,0.07634633407829285,0.09159584513692162,0.9,9.82577319587629
2032-12-16,Instagram,36-50,South India,Mobile,Image,4,80218,12,0.0611945519714543,4908,1.3,6380.400000000001,0.1045502643333037,453,2906,0.88376,0.06118327557406068,0.09229828850855745,1.3,14.084768211920531
2032-12-17,Google,26-35,South India,Mobile,Video,16,49028,12,0.0741259196954085,3634,0.9,3270.6,0.1860636262933376,597,2907,0.88372,0.07412091050012237,0.1642817831590534,0.9,5.478391959798995
2032-12-18,Google,36-50,West India,Mobile,Image,13,78700,12,0.0723377113686234,5692,0.9,5122.8,0.1228731516702447,617,2908,0.88368,0.07232528589580686,0.10839775122979621,0.9,8.302755267423015
2032-12-19,Google,36-50,North India,Mobile,Text,17,8618,12,0.0737723540766417,635,0.9,571.5,0.1182111628646049,66,2909,0.88364,0.07368298909259689,0.10393700787401575,0.9,8.659090909090908
2032-12-20,Google,26-35,West India,Mobile,Image,3,69916,12,0.06668051816208,4662,0.9,4195.8,0.067110818499687,275,2910,0.8835999999999999,0.06668001601922306,0.05898755898755899,0.9,15.257454545454546
2032-12-21,Google,36-50,South India,Mobile,Image,19,55628,12,0.0459622735808102,2556,0.9,2300.4,0.0994817933315567,224,2911,0.88356,0.04594808369885669,0.08763693270735524,0.9,10.269642857142857
2032-12-22,Instagram,26-35,North India,Mobile,Image,22,90463,12,0.1186480455171996,10733,1.3,13952.9,0.1272725145331827,1206,2912,0.88352,0.11864519195693267,0.11236373800428585,1.3,11.569568822553897
2032-12-23,Instagram,36-50,South India,Desktop,Video,1,81699,12,0.0660418144208131,5395,1.3,7013.5,0.0758636798723871,361,2913,0.88348,0.06603507998873916,0.06691380908248377,1.3,19.42797783933518
2032-12-24,Google,18-25,South India,Desktop,Image,6,86096,12,0.0620631377825487,5343,0.9,4808.7,0.1626412254703237,766,2914,0.88344,0.062058632224493586,0.14336515066442074,0.8999999999999999,6.277676240208877
2032-12-25,Instagram,36-50,North India,Mobile,Text,6,15725,12,0.0617752647643898,971,1.3,1262.3,0.0473853662558261,40,2915,0.8834,0.06174880763116057,0.0411946446961895,1.3,31.557499999999997
2032-12-26,Instagram,18-25,North India,Mobile,Image,6,42135,12,0.0445620681933012,1877,1.3,2440.1,0.0811524020875492,134,2916,0.8833599999999999,0.044547288477512756,0.0713905167820991,1.3,18.209701492537313
2032-12-27,Instagram,18-25,North India,Desktop,Image,12,71223,12,0.0642565162059403,4576,1.3,5948.8,0.0695913135535463,280,2917,0.88332,0.06424890835825506,0.06118881118881119,1.3,21.245714285714286
2032-12-28,Google,18-25,West India,Mobile,Image,18,46969,12,0.0505601772444154,2374,0.9,2136.6,0.048537978626399,101,2918,0.88328,0.05054397581383466,0.04254422914911542,0.8999999999999999,21.154455445544553
2032-12-29,Google,18-25,West India,Desktop,Video,21,96498,12,0.0551305392331955,5319,0.9,4787.1,0.093470348597596,438,2919,0.88324,0.055120313374370455,0.0823463056965595,0.9,10.929452054794522
2032-12-30,Google,18-25,South India,Mobile,Text,5,68122,12,0.0728398226745182,4961,0.9,4464.900000000001,0.1567168172952408,686,2920,0.8832,0.07282522533102376,0.1382785728683733,0.9000000000000001,6.50860058309038
2032-12-31,Instagram,26-35,North India,Desktop,Image,19,9056,12,0.095672817729572,866,1.3,1125.8,0.0415815100441873,31,2921,0.88316,0.09562720848056537,0.03579676674364896,1.3,36.31612903225806
2033-01-01,Instagram,26-35,South India,Desktop,Text,16,71958,1,0.0615839961411964,4431,1.3,5760.3,0.0396029070301336,154,2922,0.88312,0.06157758692570666,0.03475513428120063,1.3,37.404545454545456
2033-01-02,Google,26-35,South India,Mobile,Text,17,86578,1,0.0573574410455824,4965,0.9,4468.5,0.1295885303919931,567,2923,0.88308,0.05734713206588279,0.11419939577039274,0.9,7.880952380952381
2033-01-03,Google,18-25,South India,Mobile,Video,23,61346,1,0.0556819552167183,3415,0.9,3073.5,0.1205975602877243,362,2924,0.88304,0.05566785120464252,0.10600292825768667,0.9,8.490331491712707
2033-01-04,Instagram,36-50,South India,Mobile,Text,0,1952,1,0.0400597319835878,78,1.3,101.4,0.0674731072247145,4,2925,0.883,0.039959016393442626,0.05128205128205128,1.3,25.35
2033-01-05,Instagram,26-35,South India,Mobile,Image,22,96068,1,0.0673752455144338,6472,1.3,8413.6,0.122366311286985,698,2926,0.88296,0.06736894699587792,0.10784919653893696,1.3,12.053868194842407
2033-01-06,Instagram,36-50,North India,Mobile,Video,12,13521,1,0.0460199255971147,622,1.3,808.6,0.0881614156973155,47,2927,0.8829199999999999,0.046002514606907775,0.07556270096463022,1.3,17.20425531914894
2033-01-07,Instagram,36-50,West India,Mobile,Video,18,11906,1,0.0868596149575802,1034,1.3,1344.2,0.1138590109855136,103,2928,0.88288,0.0868469679153368,0.09961315280464217,1.3,13.050485436893204
2033-01-08,Google,18-25,North India,Mobile,Text,15,69514,1,0.0536447062264431,3729,0.9,3356.1,0.1131687787417543,372,2929,0.88284,0.05364387029950801,0.0997586484312148,0.9,9.021774193548387
2033-01-09,Instagram,18-25,North India,Mobile,Video,9,43769,1,0.0507648216630313,2221,1.3,2887.3,0.064258367491493,125,2930,0.8828,0.0507436770316891,0.05628095452498874,1.3,23.0984
2033-01-10,Instagram,18-25,North India,Desktop,Text,12,32275,1,0.0730469227157558,2357,1.3,3064.1,0.14078913431002,292,2931,0.88276,0.0730286599535244,0.12388629613915995,1.3,10.493493150684932
2033-01-11,Google,26-35,West India,Mobile,Text,9,44766,1,0.0491181780049442,2198,0.9,1978.2,0.0390609134280173,75,2932,0.88272,0.04909976321315284,0.034121929026387623,0.9,26.376
2033-01-12,Google,18-25,West India,Mobile,Video,13,13343,1,0.0358003368768238,477,0.9,429.3,0.1834982756951423,76,2933,0.88268,0.03574908191561118,0.15932914046121593,0.9,5.648684210526316
2033-01-13,Instagram,26-35,West India,Mobile,Image,8,78487,1,0.0812627946451878,6378,1.3,8291.4,0.1414427671531974,796,2934,0.88264,0.08126186502223298,0.12480401379742866,1.3,10.416331658291456
2033-01-14,Google,26-35,North India,Mobile,Text,20,81227,1,0.0767277057774975,6232,0.9,5608.8,0.0641902266942721,353,2935,0.8826,0.07672325704507121,0.056643132220795894,0.9,15.888951841359773
2033-01-15,Instagram,26-35,West India,Mobile,Video,10,78056,1,0.0519165727310391,4052,1.3,5267.6,0.0678782390607791,242,2936,0.88256,0.05191144819104233,0.05972359328726555,1.3,21.766942148760332
2033-01-16,Instagram,26-35,South India,Desktop,Video,2,77862,1,0.0852093778290441,6634,1.3,8624.2,0.2103188885782971,1231,2937,0.88252,0.08520202409390974,0.18555924027735907,1.3,7.005848903330626
2033-01-17,Instagram,18-25,West India,Mobile,Text,7,31521,1,0.0604932938779001,1906,1.3,2477.8,0.114873783543615,192,2938,0.8824799999999999,0.06046762475809778,0.10073452256033578,1.3,12.905208333333334
2033-01-18,Google,26-35,North India,Mobile,Text,11,1805,1,0.0467940704127014,84,0.9,75.60000000000001,0.0651841223206282,4,2939,0.88244,0.04653739612188366,0.047619047619047616,0.9000000000000001,18.900000000000002
2033-01-19,Google,18-25,North India,Mobile,Text,2,36868,1,0.0688255719192872,2537,0.9,2283.3,0.0342138428573244,75,2940,0.8824,0.06881306281870457,0.029562475364603862,0.9,30.444000000000003
2033-01-20,Instagram,18-25,South India,Mobile,Text,6,35343,1,0.0915034542506894,3234,1.3,4204.2,0.1602483858159772,457,2941,0.88236,0.0915032679738562,0.14131106988249845,1.3,9.199562363238512
2033-01-21,Google,26-35,West India,Desktop,Image,13,78458,1,0.059728162493043,4686,0.9,4217.400000000001,0.0965954433043946,398,2942,0.88232,0.059726222947309386,0.08493384549722578,0.9000000000000001,10.596482412060302
2033-01-22,Instagram,18-25,West India,Mobile,Image,6,75327,1,0.0936318109621932,7053,1.3,9168.9,0.0646773585785015,402,2943,0.88228,0.0936317655024095,0.056997022543598466,1.3,22.80820895522388
2033-01-23,Instagram,36-50,South India,Mobile,Image,6,36383,1,0.0804163491720075,2925,1.3,3802.5,0.1844224275828808,475,2944,0.88224,0.08039468982766677,0.1623931623931624,1.3,8.005263157894737
2033-01-24,Google,18-25,North India,Mobile,Image,13,16040,1,0.0588945711379324,944,0.9,849.6,0.0857497456988922,70,2945,0.8822,0.05885286783042394,0.07415254237288135,0.9,12.137142857142857
2033-01-25,Google,18-25,North India,Desktop,Video,11,26187,1,0.0333385204866608,873,0.9,785.7,0.1195349619032165,91,2946,0.88216,0.03333715202199564,0.10423825887743414,0.9,8.634065934065935
2033-01-26,Google,26-35,West India,Mobile,Text,0,63678,1,0.0618381263998924,3937,0.9,3543.3,0.1171356209426858,406,2947,0.88212,0.06182669053676309,0.1031242062484125,0.9,8.727339901477833
2033-01-27,Google,26-35,West India,Desktop,Video,4,97396,1,0.0324191296185353,3157,0.9,2841.3,0.1856623629417778,516,2948,0.88208,0.032414062179144935,0.1634463097877732,0.9,5.506395348837209
2033-01-28,Instagram,18-25,West India,Mobile,Video,10,27525,1,0.0971186597593818,2673,1.3,3474.9,0.06482986178942,152,2949,0.8820399999999999,0.09711171662125341,0.05686494575383464,1.3,22.861184210526318
2033-01-29,Instagram,26-35,West India,Mobile,Image,0,39394,1,0.1017695564885173,4009,1.3,5211.7,0.1658143465661323,585,2950,0.882,0.1017667665126669,0.1459216762284859,1.3,8.908888888888889
2033-01-30,Instagram,36-50,West India,Mobile,Video,22,91672,1,0.1273483701595798,11674,1.3,15176.2,0.2046666726447542,2107,2951,0.88196,0.12734531809058383,0.18048655131060476,1.3,7.202752728998576
2033-01-31,Instagram,36-50,North India,Mobile,Image,12,83546,1,0.0652138987869044,5448,1.3,7082.400000000001,0.0724828736463278,347,2952,0.88192,0.06520958513872598,0.06369309838472834,1.3,20.410374639769454
2033-02-01,Google,26-35,North India,Mobile,Text,23,64989,2,0.0699545802326528,4546,0.9,4091.4,0.0885297066104378,354,2953,0.88188,0.06995029928141686,0.07787065552133744,0.9,11.557627118644069
2033-02-02,Instagram,18-25,North India,Mobile,Image,22,40652,2,0.0929051369043259,3776,1.3,4908.8,0.1520974194502531,506,2954,0.88184,0.09288595887041227,0.1340042372881356,1.3,9.701185770750989
2033-02-03,Instagram,36-50,North India,Mobile,Text,16,78510,2,0.083133789658132,6526,1.3,8483.800000000001,0.0873947289177585,502,2955,0.8818,0.08312316902305439,0.07692307692307693,1.3000000000000003,16.900000000000002
2033-02-04,Instagram,36-50,South India,Desktop,Image,2,75402,2,0.0271547494761879,2047,1.3,2661.1,0.1182240839983649,213,2956,0.88176,0.027147821012705232,0.10405471421592574,1.3,12.493427230046947
2033-02-05,Instagram,18-25,North India,Mobile,Video,9,50200,2,0.0978871047003925,4913,1.3,6386.900000000001,0.1443163010999446,625,2957,0.88172,0.09786852589641434,0.12721351516385102,1.3,10.219040000000001
2033-02-06,Google,26-35,South India,Mobile,Video,18,84822,2,0.0669751336201085,5680,0.9,5112.0,0.1946227849863755,974,2958,0.88168,0.06696375940204193,0.1714788732394366,0.9,5.248459958932238
2033-02-07,Instagram,36-50,North India,Mobile,Image,6,16015,2,0.0693566332934637,1110,1.3,1443.0,0.1265271123108286,123,2959,0.88164,0.06931002185451139,0.11081081081081082,1.3,11.731707317073171
2033-02-08,Google,18-25,West India,Mobile,Text,19,61911,2,0.0501108134815429,3102,0.9,2791.8,0.1085614303868622,296,2960,0.8815999999999999,0.05010418180937152,0.09542230818826564,0.9,9.431756756756757
2033-02-09,Google,18-25,West India,Mobile,Text,2,93206,2,0.0605259839737952,5641,0.9,5076.900000000001,0.0782288887867975,388,2961,0.88156,0.06052185481621355,0.0687821308278674,0.9000000000000001,13.084793814432992
2033-02-10,Google,36-50,West India,Mobile,Image,21,57221,2,0.0300831607755918,1721,0.9,1548.9,0.1282103187881101,193,2962,0.88152,0.03007637056325475,0.11214410226612434,0.9,8.02538860103627
2033-02-11,Instagram,26-35,South India,Mobile,Video,11,21695,2,0.0349121592710201,757,1.3,984.1,0.07188482694025,47,2963,0.88148,0.03489283244987324,0.062087186261558784,1.3,20.938297872340424
2033-02-12,Instagram,36-50,North India,Mobile,Text,21,25805,2,0.0736728853801557,1901,1.3,2471.3,0.078600545109878,131,2964,0.88144,0.07366789381902732,0.06891109942135717,1.3,18.864885496183206
2033-02-13,Instagram,18-25,North India,Mobile,Image,9,25190,2,0.0520352189822413,1310,1.3,1703.0,0.0630507206112668,72,2965,0.8814,0.05200476379515681,0.0549618320610687,1.3,23.65277777777778
2033-02-14,Instagram,36-50,South India,Desktop,Text,20,8997,2,0.1052883590076512,947,1.3,1231.1,0.1077676304849938,89,2966,0.88136,0.10525730799155274,0.09398099260823653,1.2999999999999998,13.83258426966292
2033-02-15,Instagram,26-35,South India,Mobile,Video,11,23752,2,0.0533456265687778,1267,1.3,1647.1,0.1012259506976008,112,2967,0.88132,0.05334287638935668,0.08839779005524862,1.2999999999999998,14.706249999999999
2033-02-16,Instagram,18-25,South India,Mobile,Text,14,19069,2,0.1056379646561371,2014,1.3,2618.2000000000003,0.1036268681775145,183,2968,0.88128,0.10561644553988148,0.09086395233366434,1.3,14.307103825136613
2033-02-17,Google,26-35,South India,Desktop,Image,5,62485,2,0.022793918594247,1424,0.9,1281.6,0.1637080548956446,205,2969,0.88124,0.022789469472673442,0.14396067415730338,0.8999999999999999,6.25170731707317
2033-02-18,Google,36-50,South India,Mobile,Text,18,58291,2,0.0810141912711712,4722,0.9,4249.8,0.0942096437175496,391,2970,0.8812,0.08100735962670053,0.08280389665396018,0.9,10.869053708439898
2033-02-19,Google,36-50,West India,Mobile,Text,4,31508,2,0.0370833843559355,1168,0.9,1051.2,0.0600287108970951,61,2971,0.8811599999999999,0.037069950488764755,0.052226027397260275,0.9,17.232786885245904
2033-02-20,Instagram,26-35,North India,Mobile,Video,19,88053,2,0.0397843590677991,3503,1.3,4553.900000000001,0.0811878752466723,250,2972,0.88112,0.03978285805140086,0.07136739937196689,1.3000000000000003,18.215600000000002
2033-02-21,Instagram,36-50,South India,Desktop,Video,1,52574,2,0.0770146343054639,4048,1.3,5262.400000000001,0.2202758220270036,785,2973,0.88108,0.07699623387986457,0.19392292490118576,1.3,6.703694267515925
2033-02-22,Google,26-35,West India,Desktop,Video,20,52902,2,0.0246418022140511,1303,0.9,1172.7,0.1791920004569906,205,2974,0.88104,0.024630448754300406,0.15732924021488873,0.9,5.720487804878049
2033-02-23,Google,36-50,South India,Desktop,Video,18,63426,2,0.0329330183319598,2088,0.9,1879.2,0.0595586289780016,109,2975,0.881,0.03292025352379151,0.05220306513409962,0.9,17.240366972477066
2033-02-24,Instagram,26-35,West India,Mobile,Image,18,9524,2,0.0597785532982367,569,1.3,739.7,0.171981193156172,85,2976,0.88096,0.05974380512389752,0.14938488576449913,1.3,8.702352941176471
2033-02-25,Google,26-35,South India,Mobile,Text,3,11071,2,0.0627675741033573,694,0.9,624.6,0.0521347830064213,31,2977,0.8809199999999999,0.0626862975340981,0.0446685878962536,0.9,20.148387096774194
2033-02-26,Instagram,18-25,North India,Mobile,Text,19,42466,2,0.0875615521706423,3718,1.3,4833.400000000001,0.1061151366493532,347,2978,0.88088,0.08755239485706212,0.09332974717590102,1.3,13.929106628242076
2033-02-27,Instagram,18-25,South India,Mobile,Text,4,87132,2,0.0582931298000977,5079,1.3,6602.7,0.1095917533784883,489,2979,0.88084,0.05829086902630492,0.09627879503839339,1.3,13.50245398773006
2033-02-28,Google,26-35,South India,Desktop,Text,6,51094,2,0.0628627991383084,3211,0.9,2889.9,0.0435094757816752,122,2980,0.8808,0.06284495244059968,0.03799439426969791,0.9,23.687704918032786
2033-03-01,Google,36-50,North India,Mobile,Image,3,76317,3,0.0718895874123371,5486,0.9,4937.400000000001,0.0849838501722338,410,2981,0.88076,0.07188437700643369,0.07473569084943492,0.9000000000000001,12.042439024390244
2033-03-02,Instagram,36-50,North India,Mobile,Video,10,41239,3,0.0610573356188468,2517,1.3,3272.1,0.1863688586456179,413,2982,0.88072,0.061034457673561436,0.16408422725466826,1.3,7.922760290556901
2033-03-03,Instagram,36-50,South India,Desktop,Text,22,48560,3,0.0579653383508806,2814,1.3,3658.2,0.0853276282281681,211,2983,0.88068,0.057948929159802307,0.0749822316986496,1.3,17.337440758293837
2033-03-04,Google,26-35,North India,Desktop,Text,2,46924,3,0.0201049451609823,943,0.9,848.7,0.0952617348321234,78,2984,0.88064,0.020096325973915266,0.08271474019088017,0.9,10.880769230769232
2033-03-05,Instagram,26-35,North India,Mobile,Video,4,55542,3,0.0764508922687709,4246,1.3,5519.8,0.1726921972425733,645,2985,0.8806,0.07644665298332794,0.15190767781441356,1.3,8.557829457364342
2033-03-06,Google,26-35,West India,Mobile,Video,19,93375,3,0.0943065383439993,8805,0.9,7924.5,0.0660266615477232,511,2986,0.88056,0.09429718875502008,0.058035207268597386,0.9,15.507827788649706
2033-03-07,Google,26-35,North India,Mobile,Text,14,50264,3,0.0255146288654787,1282,0.9,1153.8,0.1390686835010235,156,2987,0.88052,0.02550533184784339,0.12168486739469579,0.8999999999999999,7.396153846153846
2033-03-08,Instagram,18-25,North India,Mobile,Video,20,68799,3,0.1405558050650882,9670,1.3,12571.0,0.0574599919294799,488,2988,0.8804799999999999,0.1405543685227983,0.05046535677352637,1.3,25.760245901639344
2033-03-09,Instagram,26-35,South India,Mobile,Text,17,91538,3,0.1093427817519337,10009,1.3,13011.7,0.0789211687042541,694,2989,0.88044,0.10934256811378881,0.06933759616345289,1.3,18.74884726224784
2033-03-10,Google,36-50,South India,Mobile,Text,15,39022,3,0.0322509848625094,1258,0.9,1132.2,0.151014055577875,166,2990,0.8804,0.032238224591256213,0.13195548489666137,0.9,6.820481927710843
2033-03-11,Instagram,18-25,West India,Desktop,Text,15,92178,3,0.0445498651693165,4106,1.3,5337.8,0.1567644573571396,566,2991,0.88036,0.044544251339799085,0.13784705309303458,1.3,9.430742049469965
2033-03-12,Instagram,36-50,South India,Mobile,Text,9,36579,3,0.0523329506632973,1914,1.3,2488.2000000000003,0.1506218915517349,253,2992,0.88032,0.05232510456819486,0.13218390804597702,1.3,9.834782608695653
2033-03-13,Google,26-35,North India,Mobile,Text,0,13571,3,0.0531302878082139,721,0.9,648.9,0.063758505263373,39,2993,0.88028,0.053127993515584705,0.05409153952843273,0.9,16.638461538461538
2033-03-14,Google,18-25,North India,Mobile,Text,22,83753,3,0.039581275354701,3315,0.9,2983.5,0.1581096857331761,461,2994,0.88024,0.039580671737131805,0.13906485671191554,0.9,6.471800433839479
2033-03-15,Instagram,26-35,North India,Mobile,Video,10,49225,3,0.0789494937584515,3886,1.3,5051.8,0.1227249569763385,418,2995,0.8802,0.07894362620619604,0.10756562017498714,1.3,12.085645933014355
2033-03-16,Google,18-25,South India,Mobile,Image,16,8227,3,0.0811116461627095,667,0.9,600.3000000000001,0.1121708351492281,65,2996,0.88016,0.08107451075726267,0.09745127436281859,0.9000000000000001,9.235384615384616
2033-03-17,Google,36-50,North India,Desktop,Image,23,42189,3,0.0481363479752498,2030,0.9,1827.0,0.1683839535838934,300,2997,0.88012,0.04811680769868923,0.1477832512315271,0.9,6.09
2033-03-18,Google,26-35,North India,Desktop,Text,14,15207,3,0.0246856502831666,375,0.9,337.5,0.0437634172630581,14,2998,0.88008,0.024659696192542907,0.037333333333333336,0.9,24.107142857142858
2033-03-19,Instagram,26-35,West India,Mobile,Video,6,79208,3,0.1118031336734974,8855,1.3,11511.5,0.1555638480477489,1211,2999,0.8800399999999999,0.1117942632057368,0.1367588932806324,1.3,9.50578034682081
2033-03-20,Instagram,18-25,West India,Desktop,Text,5,54406,3,0.0987698720861083,5373,1.3,6984.900000000001,0.1638004240442181,774,3000,0.88,0.09875748998272249,0.1440536013400335,1.3,9.024418604651164
2033-03-21,Instagram,18-25,West India,Mobile,Video,14,42783,3,0.1162486925172774,4973,1.3,6464.900000000001,0.0713040860739139,311,3001,0.87996,0.11623775798798588,0.06253770359943696,1.3,20.787459807073958
2033-03-22,Google,26-35,South India,Mobile,Text,14,86587,3,0.0800207690170383,6928,0.9,6235.2,0.1190168548694868,725,3002,0.87992,0.08001201104091839,0.10464780600461894,0.9,8.600275862068965
2033-03-23,Instagram,18-25,North India,Mobile,Text,6,29879,3,0.0728671917085402,2177,1.3,2830.1,0.0520016426080679,99,3003,0.87988,0.07286053750125507,0.045475424896646764,1.3,28.586868686868687
2033-03-24,Instagram,26-35,North India,Desktop,Image,2,29845,3,0.0336980816077315,1005,1.3,1306.5,0.1720037760550399,151,3004,0.87984,0.0336739822415815,0.15024875621890546,1.3,8.652317880794701
2033-03-25,Instagram,18-25,North India,Mobile,Video,13,11015,3,0.0878116698137447,967,1.3,1257.1,0.1533451067501995,130,3005,0.8798,0.08778937812074444,0.1344364012409514,1.2999999999999998,9.67
2033-03-26,Instagram,36-50,West India,Mobile,Video,8,83961,3,0.0541446520717426,4546,1.3,5909.8,0.0961547053287031,384,3006,0.87976,0.054144185991114924,0.08446986361636603,1.3,15.390104166666667
2033-03-27,Google,18-25,North India,Desktop,Image,2,22496,3,0.0388518248713945,874,0.9,786.6,0.0867203928336026,65,3007,0.87972,0.03885135135135135,0.07437070938215103,0.9,12.101538461538462
2033-03-28,Instagram,36-50,North India,Mobile,Image,5,1707,3,0.0827917350809213,141,1.3,183.3,0.1173831113921528,14,3008,0.87968,0.08260105448154657,0.09929078014184398,1.3,13.092857142857143
2033-03-29,Google,18-25,North India,Mobile,Image,19,18767,3,0.0584704873527139,1097,0.9,987.3,0.1479184279018278,142,3009,0.87964,0.05845366867373581,0.12944393801276208,0.8999999999999999,6.95281690140845
2033-03-30,Google,18-25,North India,Mobile,Image,8,27467,3,0.0572472856500768,1572,0.9,1414.8,0.1131204029803807,155,3010,0.8795999999999999,0.05723231514180653,0.09860050890585242,0.9,9.12774193548387
2033-03-31,Google,26-35,North India,Mobile,Video,0,84222,3,0.0378362179737326,3186,0.9,2867.4,0.0833875290987769,233,3011,0.87956,0.03782859585381492,0.07313245448838669,0.9,12.306437768240343
2033-04-01,Google,18-25,South India,Mobile,Video,8,8118,4,0.0364411214839446,295,0.9,265.5,0.2203951786459962,57,3012,0.87952,0.0363389997536339,0.19322033898305085,0.9,4.657894736842105
2033-04-02,Google,18-25,North India,Mobile,Image,11,64884,4,0.0689901655451745,4476,0.9,4028.4,0.0644908514801008,253,3013,0.87948,0.06898464952838912,0.0565236818588025,0.9,15.922529644268774
2033-04-03,Instagram,36-50,South India,Desktop,Text,3,12213,4,0.0886562609894695,1082,1.3,1406.6,0.1720216985304055,163,3014,0.87944,0.08859412101858676,0.15064695009242143,1.2999999999999998,8.629447852760736
2033-04-04,Google,18-25,North India,Mobile,Text,15,98021,4,0.0266863645888147,2615,0.9,2353.5,0.0924271118593478,211,3015,0.8794,0.02667795676436682,0.08068833652007648,0.9,11.154028436018958
2033-04-05,Instagram,26-35,South India,Mobile,Text,4,82037,4,0.072865435865206,5977,1.3,7770.1,0.1474077787330535,774,3016,0.87936,0.07285736923583261,0.12949640287769784,1.3,10.03888888888889
2033-04-06,Google,36-50,North India,Mobile,Text,16,9868,4,0.0688762518188523,679,0.9,611.1,0.0855220228700979,51,3017,0.87932,0.06880826915281718,0.07511045655375552,0.9,11.98235294117647
2033-04-07,Google,26-35,North India,Desktop,Video,16,52716,4,0.0654614646695522,3450,0.9,3105.0,0.1828609627625473,553,3018,0.87928,0.06544502617801047,0.16028985507246377,0.9,5.6148282097649185
2033-04-08,Instagram,26-35,North India,Desktop,Video,5,95869,4,0.1002169965221127,9607,1.3,12489.1,0.2250170772684829,1900,3019,0.87924,0.10020966110004277,0.19777245758301237,1.3,6.57321052631579
2033-04-09,Google,26-35,North India,Mobile,Video,14,43523,4,0.0691308003730643,3008,0.9,2707.2000000000003,0.1890529457626502,499,3020,0.8792,0.06911288284355398,0.1658909574468085,0.9000000000000001,5.4252505010020045
2033-04-10,Google,26-35,West India,Mobile,Text,0,35028,4,0.0439070233899558,1537,0.9,1383.3,0.1366772030049625,184,3021,0.8791599999999999,0.043879182368391,0.11971372804163956,0.9,7.5179347826086955
2033-04-11,Instagram,36-50,North India,Desktop,Image,12,11545,4,0.1054500543051263,1217,1.3,1582.1,0.1664827655892196,177,3022,0.87912,0.105413598960589,0.14543960558751026,1.2999999999999998,8.938418079096044
2033-04-12,Google,18-25,South India,Desktop,Text,15,1357,4,0.0592891919277729,80,0.9,72.0,0.1234533026215707,7,3023,0.87908,0.058953574060427415,0.0875,0.9,10.285714285714286
2033-04-13,Google,26-35,West India,Mobile,Video,1,22788,4,0.0349947487242929,797,0.9,717.3000000000001,0.1020110023716765,71,3024,0.87904,0.034974548007723365,0.0890840652446675,0.9000000000000001,10.10281690140845
2033-04-14,Google,36-50,West India,Mobile,Text,18,17802,4,0.0843551108909787,1501,0.9,1350.9,0.157256548757008,207,3025,0.879,0.08431636894730929,0.13790806129247168,0.9,6.526086956521739
2033-04-15,Instagram,26-35,North India,Mobile,Image,22,55739,4,0.1510472187237454,8419,1.3,10944.7,0.1490977266938623,1103,3026,0.87896,0.15104325517142395,0.13101318446371302,1.3,9.92266545784225
2033-04-16,Instagram,18-25,South India,Mobile,Image,1,86875,4,0.0414502536793938,3600,1.3,4680.0,0.1107940987241575,349,3027,0.8789199999999999,0.04143884892086331,0.09694444444444444,1.3,13.40974212034384
2033-04-17,Instagram,36-50,South India,Desktop,Text,20,2593,4,0.1232486950043128,319,1.3,414.7,0.0882136859623305,24,3028,0.87888,0.12302352487466256,0.07523510971786834,1.3,17.279166666666665
2033-04-18,Instagram,36-50,West India,Mobile,Video,11,5602,4,0.0975686311289415,546,1.3,709.8000000000001,0.1583856722512463,75,3029,0.87884,0.09746519100321314,0.13736263736263737,1.3,9.464
2033-04-19,Google,18-25,South India,Mobile,Video,11,76113,4,0.0774757375300918,5896,0.9,5306.400000000001,0.1093321016731216,565,3030,0.8788,0.07746377097210726,0.09582767978290366,0.9000000000000001,9.391858407079647
2033-04-20,Google,36-50,North India,Mobile,Video,7,96865,4,0.0319780236046404,3097,0.9,2787.3,0.2229203011350796,606,3031,0.87876,0.03197233262788417,0.19567323216015498,0.9,4.599504950495049
2033-04-21,Instagram,18-25,North India,Mobile,Text,11,11943,4,0.0886224540399609,1058,1.3,1375.4,0.1457378499163481,135,3032,0.87872,0.08858745708783387,0.1275992438563327,1.3,10.188148148148148
2033-04-22,Google,36-50,North India,Mobile,Video,23,34012,4,0.0334014358992135,1136,0.9,1022.4,0.1137684821563927,113,3033,0.87868,0.0333999764788898,0.0994718309859155,0.9,9.04778761061947
2033-04-23,Google,36-50,North India,Mobile,Text,10,71108,4,0.040092295853218,2850,0.9,2565.0,0.0454620852680292,113,3034,0.87864,0.04007987849468414,0.039649122807017545,0.9,22.699115044247787
2033-04-24,Google,18-25,North India,Mobile,Video,1,17250,4,0.0604482198097583,1042,0.9,937.8,0.0646537765077764,58,3035,0.8786,0.06040579710144928,0.05566218809980806,0.8999999999999999,16.16896551724138
2033-04-25,Google,18-25,West India,Mobile,Image,0,83169,4,0.05696952360148,4738,0.9,4264.2,0.0979161193532214,406,3036,0.87856,0.056968341569575205,0.08569016462642465,0.8999999999999999,10.502955665024631
2033-04-26,Instagram,36-50,North India,Mobile,Image,3,45053,4,0.0875158662594019,3942,1.3,5124.6,0.0691421849179247,238,3037,0.87852,0.08749694803897631,0.06037544393708777,1.3,21.531932773109244
2033-04-27,Google,36-50,North India,Desktop,Video,8,40388,4,0.0534315805161717,2157,0.9,1941.3,0.2219805921223218,419,3038,0.8784799999999999,0.053406952560166386,0.1942512749188688,0.9,4.6331742243436755
2033-04-28,Google,18-25,West India,Desktop,Text,6,92707,4,0.0392815221433333,3641,0.9,3276.9,0.1008877858500972,322,3039,0.87844,0.0392742727086412,0.08843724251579237,0.9,10.176708074534162
2033-04-29,Google,18-25,West India,Mobile,Video,21,72405,4,0.1029717903886836,7455,0.9,6709.5,0.1277621409995847,836,3040,0.8784,0.10296250258960017,0.11213950368879946,0.9,8.025717703349283
2033-04-30,Instagram,36-50,West India,Desktop,Text,9,72507,4,0.0537226549830764,3895,1.3,5063.5,0.0719159907942088,245,3041,0.87836,0.05371895127367013,0.06290115532734275,1.3,20.66734693877551
2033-05-01,Google,36-50,South India,Mobile,Image,19,50662,5,0.0444691919224271,2252,0.9,2026.8,0.1735449573715089,342,3042,0.87832,0.04445146263471635,0.15186500888099466,0.9,5.926315789473684
2033-05-02,Google,36-50,South India,Mobile,Text,13,62311,5,0.0491904487359372,3065,0.9,2758.5,0.1411339303710932,379,3043,0.87828,0.04918874677023319,0.1236541598694943,0.9,7.278364116094987
2033-05-03,Instagram,18-25,North India,Desktop,Video,0,80493,5,0.0653576594371368,5260,1.3,6838.0,0.1069385141230448,493,3044,0.87824,0.06534729728050886,0.09372623574144487,1.3,13.870182555780932
2033-05-04,Instagram,36-50,North India,Mobile,Image,4,72504,5,0.0513769338285385,3725,1.3,4842.5,0.0605245940953409,197,3045,0.8782,0.05137647578064659,0.05288590604026846,1.3,24.581218274111674
2033-05-05,Google,26-35,North India,Mobile,Text,12,87789,5,0.0592615768507031,5202,0.9,4681.8,0.1399222713528563,638,3046,0.87816,0.05925571540853638,0.12264513648596694,0.9,7.3382445141065835
2033-05-06,Google,18-25,South India,Desktop,Text,5,92477,5,0.0506734769267443,4686,0.9,4217.400000000001,0.0787460738011588,324,3047,0.87812,0.05067205899845367,0.06914212548015365,0.9000000000000001,13.016666666666667
2033-05-07,Google,36-50,North India,Desktop,Image,21,57657,5,0.0572205929818979,3299,0.9,2969.1,0.1405551990105331,406,3048,0.87808,0.05721768388920686,0.12306759624128524,0.9,7.313054187192118
2033-05-08,Google,18-25,North India,Mobile,Video,16,74183,5,0.063788799781737,4732,0.9,4258.8,0.1195027113133013,496,3049,0.8780399999999999,0.0637881994527048,0.10481825866441251,0.9,8.586290322580645
2033-05-09,Google,26-35,South India,Desktop,Image,14,26499,5,0.026674290977811,706,0.9,635.4,0.1643734786106752,101,3050,0.878,0.026642514811879695,0.14305949008498584,0.9,6.2910891089108905
2033-05-10,Google,18-25,West India,Mobile,Video,6,32785,5,0.031749205771888,1040,0.9,936.0,0.1289103533465156,117,3051,0.87796,0.03172182400488028,0.1125,0.9,8.0
2033-05-11,Google,36-50,South India,Mobile,Video,7,82993,5,0.0419189839085272,3478,0.9,3130.2000000000003,0.2238434517511719,683,3052,0.87792,0.04190714879568156,0.1963772282921219,0.9000000000000001,4.583016105417277
2033-05-12,Google,26-35,North India,Mobile,Text,20,75536,5,0.0825633454005249,6236,0.9,5612.400000000001,0.1227878624354748,671,3053,0.87788,0.08255666172421097,0.10760102629890955,0.9000000000000001,8.364232488822653
2033-05-13,Instagram,26-35,South India,Mobile,Video,1,53030,5,0.0400051144806654,2121,1.3,2757.3,0.1009014141712262,187,3054,0.87784,0.03999622854987743,0.08816595945308817,1.3,14.744919786096258
2033-05-14,Instagram,36-50,West India,Mobile,Video,17,38909,5,0.0585851852508066,2279,1.3,2962.7000000000003,0.1203034662344611,240,3055,0.8778,0.05857256675833355,0.10530934620447564,1.3,12.344583333333334
2033-05-15,Instagram,36-50,West India,Mobile,Image,20,35894,5,0.1301337071944154,4671,1.3,6072.3,0.0540825728951932,221,3056,0.87776,0.13013316988911797,0.047313209162920145,1.3,27.476470588235294
2033-05-16,Google,36-50,West India,Mobile,Image,22,85124,5,0.0419629507397671,3572,0.9,3214.8,0.1664859838437609,521,3057,0.87772,0.041962313801043184,0.14585666293393057,0.9,6.1704414587332055
2033-05-17,Google,18-25,West India,Mobile,Video,6,73006,5,0.0661932668402444,4832,0.9,4348.8,0.0596417820889139,252,3058,0.87768,0.06618634084869737,0.052152317880794705,0.9,17.257142857142856
2033-05-18,Instagram,18-25,West India,Mobile,Text,19,16473,5,0.1240022945490574,2042,1.3,2654.6,0.0361707513811944,64,3059,0.87764,0.12396042008134524,0.031341821743388835,1.3,41.478125
2033-05-19,Google,18-25,West India,Mobile,Image,15,82697,5,0.0621659608455021,5140,0.9,4626.0,0.1095006291298847,493,3060,0.8775999999999999,0.06215461262198145,0.09591439688715954,0.9,9.383367139959432
2033-05-20,Google,36-50,North India,Desktop,Text,18,21063,5,0.0315702503062137,664,0.9,597.6,0.1004837454890269,57,3061,0.87756,0.03152447419645824,0.0858433734939759,0.9,10.48421052631579
2033-05-21,Instagram,36-50,North India,Mobile,Image,8,79444,5,0.0443359789402952,3522,1.3,4578.6,0.0676875141768213,208,3062,0.87752,0.04433311515029455,0.059057353776263484,1.3,22.012500000000003
2033-05-22,Instagram,18-25,South India,Mobile,Image,11,12850,5,0.0450499697856183,578,1.3,751.4,0.1318645590509494,66,3063,0.87748,0.04498054474708171,0.11418685121107267,1.3,11.384848484848485
2033-05-23,Instagram,26-35,North India,Mobile,Video,13,1984,5,0.0762211795653218,151,1.3,196.3,0.1885316762252746,24,3064,0.87744,0.07610887096774194,0.15894039735099338,1.3,8.179166666666667
2033-05-24,Google,18-25,West India,Desktop,Image,6,51450,5,0.0377254080403038,1940,0.9,1746.0,0.1276561208453884,216,3065,0.8774,0.03770651117589893,0.11134020618556702,0.9,8.083333333333334
2033-05-25,Google,26-35,North India,Mobile,Image,1,57700,5,0.0567971084497009,3277,0.9,2949.3,0.0986135312219557,283,3066,0.87736,0.056793760831889084,0.08635947512969179,0.9,10.421554770318021
2033-05-26,Instagram,36-50,South India,Mobile,Text,16,73723,5,0.1043378388781264,7692,1.3,9999.6,0.0563057540568058,379,3067,0.87732,0.1043365028552826,0.049271970878835156,1.3,26.384168865435356
2033-05-27,Google,36-50,West India,Mobile,Image,10,94392,5,0.0741035924969072,6994,0.9,6294.6,0.0636518421051202,390,3068,0.87728,0.07409526231036528,0.055762081784386616,0.9,16.14
2033-05-28,Instagram,18-25,North India,Mobile,Image,17,21339,5,0.0882427172755662,1883,1.3,2447.9,0.1024191753139464,168,3069,0.87724,0.08824218566943155,0.08921933085501858,1.3,14.570833333333335
2033-05-29,Instagram,18-25,North India,Mobile,Text,11,39481,5,0.0586399083477044,2315,1.3,3009.5,0.0846558695893078,171,3070,0.8772,0.058635799498492944,0.07386609071274298,1.3,17.599415204678362
2033-05-30,Instagram,36-50,South India,Mobile,Video,2,65351,5,0.1048798823134938,6854,1.3,8910.2,0.1493374254253289,897,3071,0.8771599999999999,0.10487980291043748,0.13087248322147652,1.3,9.933333333333334
2033-05-31,Google,18-25,West India,Desktop,Video,20,53839,5,0.0512172357232543,2757,0.9,2481.3,0.1333255919083787,321,3072,0.87712,0.05120823195081632,0.11643090315560392,0.9,7.729906542056075
2033-06-01,Google,36-50,South India,Mobile,Image,13,65236,6,0.0629000912297526,4103,0.9,3692.7,0.0917291024894026,329,3073,0.87708,0.06289472070635846,0.08018523031927857,0.8999999999999999,11.22401215805471
2033-06-02,Instagram,36-50,West India,Desktop,Image,14,80619,6,0.0610277431532672,4919,1.3,6394.7,0.1305498627972096,563,3074,0.87704,0.06101539339361689,0.11445415734905469,1.3,11.358259325044404
2033-06-03,Instagram,26-35,West India,Desktop,Text,18,49287,6,0.0862957650732857,4253,1.3,5528.900000000001,0.0562904667676691,209,3075,0.877,0.08629050256659972,0.04914178227133788,1.3,26.454066985645937
2033-06-04,Instagram,18-25,North India,Desktop,Video,9,61306,6,0.0330360495964996,2025,1.3,2632.5,0.1725500980225582,306,3076,0.87696,0.03303102469578834,0.1511111111111111,1.3,8.602941176470589
2033-06-05,Google,36-50,South India,Desktop,Video,8,53197,6,0.0568586163412791,3024,0.9,2721.6,0.0842881821409541,222,3077,0.87692,0.05684531082579845,0.07341269841269842,0.9,12.259459459459459
2033-06-06,Google,18-25,South India,Desktop,Video,9,26435,6,0.0360064767668015,951,0.9,855.9,0.1231731918692486,102,3078,0.87688,0.035975033100056744,0.10725552050473186,0.9,8.391176470588235
2033-06-07,Instagram,26-35,South India,Mobile,Text,19,68621,6,0.0532889535995383,3656,1.3,4752.8,0.0617370011890452,197,3079,0.87684,0.053278151003337174,0.05388402625820569,1.3,24.1258883248731
2033-06-08,Instagram,26-35,West India,Mobile,Text,22,31837,6,0.1112419718168025,3541,1.3,4603.3,0.102216089607306,316,3080,0.8768,0.11122279109212552,0.08924032759107597,1.3,14.56740506329114
2033-06-09,Instagram,18-25,South India,Mobile,Text,3,82719,6,0.039806394025879,3292,1.3,4279.6,0.094926641228935,273,3081,0.87676,0.039797386332039796,0.08292831105710814,1.3,15.676190476190477
2033-06-10,Google,18-25,West India,Desktop,Image,18,36495,6,0.0417929225073394,1525,0.9,1372.5,0.0877837599750919,116,3082,0.8767199999999999,0.04178654610220578,0.0760655737704918,0.9,11.831896551724139
2033-06-11,Instagram,36-50,South India,Mobile,Video,9,99680,6,0.0561744524078172,5599,1.3,7278.7,0.1335744342043402,654,3083,0.87668,0.056169743178170146,0.1168065726022504,1.3,11.129510703363914
2033-06-12,Instagram,26-35,South India,Mobile,Image,16,40760,6,0.0658560152009057,2684,1.3,3489.2000000000003,0.1034274783973735,242,3084,0.87664,0.06584887144259077,0.09016393442622951,1.3,14.41818181818182
2033-06-13,Instagram,26-35,North India,Mobile,Image,11,23084,6,0.0533412443038167,1231,1.3,1600.3,0.1441501638429581,155,3085,0.8766,0.05332697972621729,0.12591389114541024,1.3,10.324516129032258
2033-06-14,Google,26-35,South India,Desktop,Text,0,38458,6,0.0446580117376165,1717,0.9,1545.3,0.0509831604661436,76,3086,0.87656,0.04464610744188465,0.0442632498543972,0.9,20.332894736842103
2033-06-15,Google,18-25,North India,Desktop,Video,10,52946,6,0.0454975521254208,2408,0.9,2167.2000000000003,0.1635821670958557,344,3087,0.87652,0.04548030068371548,0.14285714285714285,0.9000000000000001,6.300000000000001
2033-06-16,Instagram,36-50,North India,Mobile,Image,12,67601,6,0.047670731659775,3222,1.3,4188.6,0.1189008929246223,335,3088,0.8764799999999999,0.0476620168340705,0.10397268777157045,1.3,12.503283582089553
2033-06-17,Google,18-25,West India,Mobile,Video,0,70218,6,0.0481010720568862,3377,0.9,3039.3,0.1011919322241548,298,3089,0.87644,0.048093081546042325,0.0882440035534498,0.9,10.198993288590605
2033-06-18,Google,18-25,South India,Mobile,Image,0,60351,6,0.0528301878199872,3188,0.9,2869.2000000000003,0.1762646315470412,491,3090,0.8764,0.05282431111332041,0.1540150564617315,0.9000000000000001,5.843584521384929
2033-06-19,Instagram,18-25,South India,Mobile,Text,20,48561,6,0.0585673876838931,2844,1.3,3697.2,0.0575340726553827,142,3091,0.87636,0.05856551553715945,0.04992967651195499,1.3,26.036619718309858
2033-06-20,Google,36-50,South India,Mobile,Image,15,51203,6,0.0618742816864679,3168,0.9,2851.2000000000003,0.0871951764987796,241,3092,0.87632,0.06187137472413726,0.07607323232323232,0.9000000000000001,11.830705394190872
2033-06-21,Instagram,18-25,North India,Mobile,Text,6,99024,6,0.0346731032792743,3433,1.3,4462.900000000001,0.070941993443563,212,3093,0.87628,0.03466836322507675,0.06175356830760268,1.3000000000000003,21.051415094339625
2033-06-22,Google,26-35,South India,Desktop,Video,22,97996,6,0.0220813942833239,2163,0.9,1946.7,0.1638871151082883,310,3094,0.87624,0.022072329482836033,0.14331946370781323,0.9,6.279677419354839
2033-06-23,Instagram,26-35,West India,Mobile,Image,9,9820,6,0.0713070217781903,700,1.3,910.0,0.1638727088879331,99,3095,0.8762,0.07128309572301425,0.14142857142857143,1.3,9.191919191919192
2033-06-24,Instagram,26-35,West India,Mobile,Image,15,58232,6,0.0919501955252518,5354,1.3,6960.2,0.1169285657428174,548,3096,0.87616,0.09194257452946833,0.10235338064998133,1.3,12.701094890510948
2033-06-25,Google,36-50,South India,Desktop,Text,0,19757,6,0.0580300185827579,1146,0.9,1031.4,0.1420159432781171,141,3097,0.87612,0.05800475780735942,0.12303664921465969,0.9000000000000001,7.314893617021277
2033-06-26,Google,18-25,North India,Mobile,Text,21,47588,6,0.052140793126663,2481,0.9,2232.9,0.1278768688833838,277,3098,0.87608,0.052134992014793644,0.11164852881902458,0.9,8.06101083032491
2033-06-27,Google,36-50,West India,Mobile,Video,8,89682,6,0.0301347601679276,2702,0.9,2431.8,0.120047608536843,283,3099,0.8760399999999999,0.03012867688053344,0.10473723168023687,0.9,8.592932862190814
2033-06-28,Google,18-25,West India,Mobile,Text,5,9058,6,0.045626524172263,413,0.9,371.7,0.085708678031794,30,3100,0.876,0.04559505409582689,0.07263922518159806,0.9,12.389999999999999
2033-06-29,Instagram,26-35,North India,Desktop,Video,14,89388,6,0.070685712073908,6318,1.3,8213.4,0.0812246584420537,449,3101,0.87596,0.07068062827225131,0.07106679328901551,1.3,18.292650334075724
2033-06-30,Instagram,18-25,West India,Mobile,Image,3,80654,6,0.0871039962694696,7025,1.3,9132.5,0.1180110064087317,726,3102,0.87592,0.08710045379026458,0.10334519572953736,1.3,12.579201101928374
2033-07-01,Google,18-25,North India,Mobile,Video,14,37742,7,0.0664370978632322,2507,0.9,2256.3,0.0647564404972242,141,3103,0.87588,0.06642467277833713,0.05624252094136418,0.9,16.00212765957447
2033-07-02,Google,18-25,West India,Desktop,Video,9,73195,7,0.0475012794571549,3476,0.9,3128.4,0.1545672268865706,470,3104,0.87584,0.04748958262176378,0.13521288837744533,0.9,6.656170212765957
2033-07-03,Google,36-50,North India,Desktop,Video,15,57980,7,0.0263373897329718,1527,0.9,1374.3,0.1881063786971927,251,3105,0.8758,0.026336667816488444,0.16437459070072036,0.9,5.475298804780876
2033-07-04,Instagram,18-25,West India,Mobile,Image,12,71377,7,0.0566203174225009,4041,1.3,5253.3,0.1465099963495373,518,3106,0.87576,0.05661487594042899,0.12818609255134866,1.3,10.141505791505791
2033-07-05,Google,18-25,South India,Desktop,Image,18,19335,7,0.0535623955170353,1035,0.9,931.5,0.1439750101101221,130,3107,0.87572,0.05352986811481769,0.12560386473429952,0.9,7.165384615384616
2033-07-06,Instagram,18-25,West India,Desktop,Text,19,48351,7,0.0656707704119654,3175,1.3,4127.5,0.1337700752261556,371,3108,0.87568,0.06566565324398668,0.1168503937007874,1.3,11.125336927223719
2033-07-07,Instagram,36-50,West India,Desktop,Video,3,86841,7,0.0454457583310084,3946,1.3,5129.8,0.1706089477377286,589,3109,0.87564,0.04543936619799403,0.14926507856056767,1.3,8.709337860780986
2033-07-08,Instagram,36-50,South India,Desktop,Image,19,69960,7,0.0488069428759367,3414,1.3,4438.2,0.1255679493933714,374,3110,0.8755999999999999,0.048799313893653516,0.10954891622729936,1.3,11.866844919786097
2033-07-09,Google,36-50,South India,Mobile,Video,21,48501,7,0.0565959065983141,2744,0.9,2469.6,0.1490926955420408,358,3111,0.87556,0.056576153069008886,0.130466472303207,0.9,6.898324022346369
2033-07-10,Instagram,18-25,South India,Mobile,Video,15,56877,7,0.0349792251576288,1989,1.3,2585.7000000000003,0.0725741800621753,126,3112,0.87552,0.034970198850150326,0.06334841628959276,1.3,20.521428571428572
2033-07-11,Google,26-35,South India,Mobile,Video,10,15538,7,0.0618049888252816,960,0.9,864.0,0.1330798452393161,111,3113,0.87548,0.06178401338653623,0.115625,0.9,7.783783783783784
2033-07-12,Google,26-35,North India,Mobile,Image,14,4769,7,0.0344171818557154,164,0.9,147.6,0.1074857781401145,14,3114,0.87544,0.03438876074648773,0.08536585365853659,0.8999999999999999,10.542857142857143
2033-07-13,Instagram,26-35,North India,Desktop,Video,10,32586,7,0.043653053779487,1422,1.3,1848.6,0.1205987570137251,149,3115,0.8754,0.04363837230712576,0.10478199718706048,1.3,12.406711409395973
2033-07-14,Instagram,18-25,West India,Desktop,Video,22,92983,7,0.0386410284391548,3592,1.3,4669.6,0.1783703315341891,560,3116,0.87536,0.038630717442973445,0.155902004454343,1.3,8.338571428571429
2033-07-15,Google,26-35,West India,Mobile,Text,10,86551,7,0.0241946798836208,2094,0.9,1884.6,0.0531544818322039,97,3117,0.87532,0.024193827916488546,0.04632282712511939,0.8999999999999999,19.42886597938144
2033-07-16,Google,26-35,West India,Mobile,Video,2,68879,7,0.0678941261033203,4676,0.9,4208.400000000001,0.1815430169832323,742,3118,0.87528,0.06788716444779977,0.15868263473053892,0.9000000000000001,5.6716981132075475
2033-07-17,Google,26-35,North India,Mobile,Text,23,69922,7,0.0427560113166133,2989,0.9,2690.1,0.1161449757893209,303,3119,0.87524,0.04274763307685707,0.1013716962194714,0.9,8.878217821782178
2033-07-18,Google,18-25,West India,Mobile,Video,23,53219,7,0.0259979078260664,1383,0.9,1244.7,0.1993381509669066,240,3120,0.8752,0.025986959544523573,0.1735357917570499,0.9,5.18625
2033-07-19,Google,26-35,West India,Desktop,Text,16,36107,7,0.0386054593684416,1393,0.9,1253.7,0.0784411441282396,95,3121,0.8751599999999999,0.03857977677458665,0.0681981335247667,0.9,13.196842105263158
2033-07-20,Google,26-35,North India,Mobile,Image,4,1683,7,0.0308814443350378,51,0.9,45.9,0.0614802707412047,2,3122,0.87512,0.030303030303030304,0.0392156862745098,0.9,22.95
2033-07-21,Google,18-25,West India,Mobile,Image,12,91987,7,0.0607427928049065,5587,0.9,5028.3,0.1462080021754177,714,3123,0.87508,0.06073684324958962,0.12779667084302845,0.9,7.042436974789916
2033-07-22,Instagram,36-50,North India,Mobile,Video,9,67590,7,0.0512730247008117,3465,1.3,4504.5,0.1395135639442552,422,3124,0.87504,0.05126498002663116,0.1217893217893218,1.3,10.674170616113743
2033-07-23,Instagram,26-35,North India,Mobile,Text,4,62097,7,0.0353213586947629,2193,1.3,2850.9,0.1128472599706747,216,3125,0.875,0.03531571573505966,0.09849521203830369,1.3,13.198611111111111
2033-07-24,Instagram,36-50,South India,Desktop,Image,11,90131,7,0.0339178173087218,3057,1.3,3974.1,0.1974980325138514,527,3126,0.87496,0.033917298154907856,0.1723912332351979,1.3,7.540986717267552
2033-07-25,Google,26-35,South India,Mobile,Video,7,64402,7,0.0380459941540569,2450,0.9,2205.0,0.0887509457300909,189,3127,0.87492,0.03804229682308003,0.07714285714285714,0.9,11.666666666666666
2033-07-26,Instagram,18-25,North India,Desktop,Video,23,86934,7,0.0541394330837297,4706,1.3,6117.8,0.1112038362336723,457,3128,0.87488,0.05413302045229715,0.09711007224819379,1.3,13.386870897155362
2033-07-27,Instagram,36-50,North India,Mobile,Text,11,24685,7,0.1078674611782706,2662,1.3,3460.6,0.0540843724174672,125,3129,0.87484,0.10783876848288435,0.04695717505634861,1.3,27.6848
2033-07-28,Instagram,36-50,South India,Mobile,Text,15,66884,7,0.0688781526101281,4606,1.3,5987.8,0.1500555752102487,604,3130,0.8748,0.06886549847497159,0.13113330438558402,1.3,9.913576158940398
2033-07-29,Instagram,36-50,West India,Mobile,Video,1,95426,7,0.0852112134750739,8131,1.3,10570.3,0.0508528122655531,361,3131,0.87476,0.08520738582776183,0.044397983027917844,1.2999999999999998,29.280609418282545
2033-07-30,Instagram,36-50,West India,Desktop,Text,2,17362,7,0.0580086631079406,1007,1.3,1309.1,0.0500915510579354,43,3132,0.8747199999999999,0.05800023038820412,0.04270109235352532,1.2999999999999998,30.444186046511625
2033-07-31,Google,26-35,West India,Mobile,Text,17,91561,7,0.0726560457700492,6652,0.9,5986.8,0.0634965622455223,369,3133,0.87468,0.07265101953888664,0.05547203848466627,0.9,16.22439024390244
2033-08-01,Google,26-35,North India,Mobile,Image,16,1503,8,0.0424986421064941,63,0.9,56.7,0.1405859861230078,6,3134,0.87464,0.041916167664670656,0.09523809523809523,0.9,9.450000000000001
2033-08-02,Instagram,36-50,South India,Mobile,Text,1,42045,8,0.099148699238922,4168,1.3,5418.400000000001,0.1196646551554275,435,3135,0.8746,0.09913188250683791,0.10436660268714011,1.3,12.45609195402299
2033-08-03,Instagram,26-35,West India,Mobile,Video,21,14576,8,0.0537060329658148,782,1.3,1016.6,0.1132868717665333,76,3136,0.87456,0.053649835345773875,0.09718670076726342,1.3,13.376315789473685
2033-08-04,Instagram,36-50,South India,Mobile,Text,11,34290,8,0.0404608084260606,1387,1.3,1803.1,0.0581738696868499,69,3137,0.87452,0.04044911052785068,0.04974765681326604,1.3,26.131884057971014
2033-08-05,Google,36-50,South India,Mobile,Video,16,61495,8,0.0739399967882686,4546,0.9,4091.4,0.1122332870256488,445,3138,0.8744799999999999,0.07392470932596146,0.09788825340959086,0.9,9.194157303370787
2033-08-06,Google,18-25,North India,Mobile,Video,5,12884,8,0.0703533596303865,906,0.9,815.4,0.1642498733173862,129,3139,0.87444,0.07031977646693574,0.1423841059602649,0.9,6.32093023255814
2033-08-07,Google,36-50,West India,Mobile,Text,16,52660,8,0.0621915197241378,3275,0.9,2947.5,0.0794522522028345,227,3140,0.8744,0.062191416635017094,0.06931297709923664,0.9,12.984581497797357
2033-08-08,Instagram,26-35,South India,Mobile,Text,1,26205,8,0.081910151169426,2146,1.3,2789.8,0.0979537289960901,183,3141,0.87436,0.08189276855561915,0.08527493010251631,1.3,15.2448087431694
2033-08-09,Instagram,36-50,North India,Mobile,Text,7,64739,8,0.0517531657280579,3350,1.3,4355.0,0.1011051710147871,295,3142,0.87432,0.0517462426049213,0.0880597014925373,1.3,14.76271186440678
2033-08-10,Google,18-25,North India,Desktop,Image,13,33785,8,0.0238021328202043,804,0.9,723.6,0.1594140432416433,111,3143,0.87428,0.023797543288441615,0.13805970149253732,0.9,6.518918918918919
2033-08-11,Google,26-35,North India,Mobile,Image,5,2268,8,0.0305117230737081,69,0.9,62.1,0.0712640005567479,3,3144,0.87424,0.03042328042328042,0.043478260869565216,0.9,20.7
2033-08-12,Google,18-25,West India,Desktop,Text,8,67712,8,0.0310908234322301,2105,0.9,1894.5,0.0873115914860425,159,3145,0.8742,0.031087547258979206,0.07553444180522566,0.9,11.915094339622641
2033-08-13,Instagram,18-25,West India,Mobile,Video,0,19016,8,0.0709031037798769,1348,1.3,1752.4,0.1001339859466783,117,3146,0.87416,0.0708876735380732,0.08679525222551929,1.3,14.977777777777778
2033-08-14,Instagram,36-50,North India,Desktop,Text,4,62939,8,0.0656175294704069,4129,1.3,5367.7,0.0850024318532666,305,3147,0.87412,0.06560320310141565,0.07386776459191087,1.3,17.59901639344262
2033-08-15,Instagram,18-25,West India,Mobile,Image,6,79281,8,0.039607468439897,3140,1.3,4082.0,0.1375046180742057,376,3148,0.87408,0.03960595855249051,0.1197452229299363,1.3,10.856382978723405
2033-08-16,Google,18-25,West India,Mobile,Image,8,78497,8,0.0391568968223507,3073,0.9,2765.7000000000003,0.1074889733612798,288,3149,0.8740399999999999,0.03914799291692676,0.09371949235274976,0.9000000000000001,9.603125
2033-08-17,Instagram,26-35,South India,Desktop,Text,13,50266,8,0.0595200624018008,2991,1.3,3888.3,0.1466408076019188,382,3150,0.874,0.059503441690208096,0.12771648278167838,1.3,10.178795811518325
2033-08-18,Google,18-25,North India,Desktop,Video,8,42712,8,0.0503235081188913,2149,0.9,1934.1,0.1338999926547444,250,3151,0.87396,0.05031372916276456,0.11633317822242904,0.8999999999999999,7.7364
2033-08-19,Instagram,36-50,North India,Desktop,Video,3,7768,8,0.0689281988224895,535,1.3,695.5,0.1071681214362246,49,3152,0.87392,0.06887229660144181,0.09158878504672897,1.3,14.193877551020408
2033-08-20,Google,36-50,West India,Desktop,Image,19,60214,8,0.0385580438782101,2321,0.9,2088.9,0.1495249492509399,303,3153,0.87388,0.03854585312385824,0.13054717794054288,0.9,6.894059405940594
2033-08-21,Google,36-50,North India,Mobile,Image,14,19972,8,0.0373173520818104,745,0.9,670.5,0.0953660791021091,62,3154,0.87384,0.0373022231123573,0.08322147651006712,0.9,10.814516129032258
2033-08-22,Instagram,18-25,North India,Mobile,Image,3,99625,8,0.0714719401853616,7120,1.3,9256.0,0.1065685006064617,662,3155,0.8738,0.07146800501882057,0.09297752808988764,1.3,13.981873111782477
2033-08-23,Instagram,26-35,North India,Mobile,Video,2,74162,8,0.0712549458170549,5284,1.3,6869.2,0.2043493896864911,942,3156,0.87376,0.07124942693023381,0.17827403482210447,1.3,7.292144373673036
2033-08-24,Google,36-50,West India,Desktop,Image,23,64412,8,0.0219254291027501,1412,0.9,1270.8,0.1501004420739987,184,3157,0.87372,0.021921381109110103,0.13031161473087818,0.9,6.906521739130435
2033-08-25,Instagram,18-25,West India,Mobile,Image,20,46281,8,0.0790740679115059,3659,1.3,4756.7,0.1597199060037503,510,3158,0.87368,0.07906052159633543,0.13938234490297896,1.3,9.326862745098039
2033-08-26,Google,36-50,West India,Desktop,Video,22,29403,8,0.0660002215638487,1940,0.9,1746.0,0.1475989727138638,249,3159,0.87364,0.0659796619392579,0.1283505154639175,0.9,7.0120481927710845
2033-08-27,Google,36-50,South India,Mobile,Image,21,95568,8,0.0702030304627883,6709,0.9,6038.1,0.0976253358499173,571,3160,0.8735999999999999,0.07020132261844969,0.08510955433000447,0.9,10.57460595446585
2033-08-28,Google,26-35,North India,Mobile,Image,13,31226,8,0.0451659829441176,1410,0.9,1269.0,0.1698388585479206,208,3161,0.87356,0.045154678793313266,0.1475177304964539,0.9,6.100961538461538
2033-08-29,Google,36-50,South India,Mobile,Text,8,50985,8,0.0378929236039331,1931,0.9,1737.9,0.0693422305715719,116,3162,0.87352,0.03787388447582622,0.06007250129466598,0.9,14.98189655172414
2033-08-30,Google,26-35,West India,Mobile,Image,18,29783,8,0.0534234468577638,1591,0.9,1431.9,0.1621943724415184,225,3163,0.87348,0.053419736091058656,0.14142049025769957,0.9,6.364000000000001
2033-08-31,Google,18-25,South India,Desktop,Text,5,74939,8,0.0370726868199262,2778,0.9,2500.2000000000003,0.1566893447086451,379,3164,0.87344,0.037070150388983036,0.13642908567314616,0.9000000000000001,6.596833773087072
2033-09-01,Google,36-50,North India,Mobile,Image,2,96155,9,0.0586311455659878,5637,0.9,5073.3,0.1467347858925535,722,3165,0.8734,0.05862409651084187,0.1280823132872095,0.9,7.0267313019390585
2033-09-02,Instagram,18-25,North India,Desktop,Image,17,69155,9,0.0831250450610252,5748,1.3,7472.400000000001,0.0531731742015661,266,3166,0.87336,0.0831176342997614,0.04627696590118302,1.3,28.09172932330827
2033-09-03,Google,18-25,West India,Desktop,Text,15,67883,9,0.0211763920251572,1437,0.9,1293.3,0.1356394478355384,169,3167,0.87332,0.0211687756875801,0.11760612386917188,0.9,7.652662721893491
2033-09-04,Instagram,18-25,West India,Mobile,Image,2,69700,9,0.1011121509100192,7047,1.3,9161.1,0.1329289115455131,817,3168,0.87328,0.10110473457675753,0.11593585923087839,1.3,11.213096695226438
2033-09-05,Google,36-50,South India,Desktop,Text,1,80095,9,0.0589590577602915,4722,0.9,4249.8,0.1265198582967948,521,3169,0.87324,0.05895499094824896,0.11033460398136383,0.9,8.15700575815739
2033-09-06,Instagram,26-35,West India,Mobile,Image,1,28788,9,0.047423253817538,1365,1.3,1774.5,0.1501144207898851,178,3170,0.8732,0.04741558982909545,0.1304029304029304,1.3,9.969101123595506
2033-09-07,Google,36-50,South India,Mobile,Text,22,8166,9,0.038516612051632,314,0.9,282.6,0.1016113374345597,27,3171,0.8731599999999999,0.038452118540289,0.08598726114649681,0.9,10.466666666666667
2033-09-08,Google,18-25,North India,Mobile,Text,9,36219,9,0.0391377580795807,1417,0.9,1275.3,0.0625021215250198,76,3172,0.87312,0.039123112178690744,0.053634438955539876,0.9,16.780263157894737
2033-09-09,Google,26-35,North India,Mobile,Image,14,66441,9,0.0527816322530855,3506,0.9,3155.4,0.1144659795896052,350,3173,0.87308,0.05276862178474135,0.09982886480319453,0.9,9.015428571428572
2033-09-10,Google,18-25,North India,Mobile,Image,2,1403,9,0.0293961907843237,41,0.9,36.9,0.0524538355072976,1,3174,0.87304,0.029223093371347115,0.024390243902439025,0.8999999999999999,36.9
2033-09-11,Google,26-35,North India,Desktop,Text,7,76569,9,0.0270150728972349,2068,0.9,1861.2,0.108586717149752,195,3175,0.873,0.027008319293708942,0.09429400386847195,0.9,9.544615384615385
2033-09-12,Instagram,36-50,North India,Mobile,Video,17,28224,9,0.0972720875101329,2745,1.3,3568.5,0.1226773731830052,293,3176,0.87296,0.09725765306122448,0.10673952641165756,1.3,12.179180887372013
2033-09-13,Instagram,26-35,South India,Mobile,Image,10,84610,9,0.0746904406403681,6319,1.3,8214.7,0.1213589664431476,668,3177,0.87292,0.07468384351731473,0.10571292926095902,1.3,12.29745508982036
2033-09-14,Instagram,36-50,North India,Mobile,Image,6,4485,9,0.0812612712019573,364,1.3,473.2,0.0627143385045966,19,3178,0.87288,0.08115942028985507,0.0521978021978022,1.3,24.905263157894737
2033-09-15,Instagram,18-25,South India,Mobile,Video,18,75984,9,0.1143706412990996,8690,1.3,11297.0,0.0604290666154165,458,3179,0.87284,0.11436618235417982,0.052704257767548904,1.3,24.66593886462882
2033-09-16,Google,26-35,North India,Desktop,Video,6,66491,9,0.0579862402600832,3855,0.9,3469.5,0.1431586576198195,480,3180,0.8728,0.05797777142771202,0.1245136186770428,0.9,7.228125
2033-09-17,Google,18-25,South India,Desktop,Text,1,87208,9,0.0331219153168509,2888,0.9,2599.2000000000003,0.1236409703711582,311,3181,0.87276,0.03311622786900285,0.10768698060941828,0.9000000000000001,8.357556270096463
2033-09-18,Google,26-35,South India,Mobile,Image,5,79946,9,0.0310440627946661,2481,0.9,2232.9,0.1207369606710448,260,3182,0.8727199999999999,0.031033447577114553,0.10479645304312778,0.9,8.588076923076924
2033-09-19,Google,36-50,South India,Desktop,Text,4,15262,9,0.0511655246593002,780,0.9,702.0,0.1376342253303818,93,3183,0.87268,0.05110732538330494,0.11923076923076924,0.9,7.548387096774194
2033-09-20,Google,26-35,West India,Mobile,Image,13,94296,9,0.0644906767270247,6081,0.9,5472.900000000001,0.1189202713960809,630,3184,0.87264,0.06448841944515143,0.10360138135175136,0.9000000000000001,8.687142857142858
2033-09-21,Google,26-35,South India,Mobile,Video,17,76370,9,0.0759018394233299,5796,0.9,5216.400000000001,0.2095466239115171,1059,3185,0.8726,0.07589367552703942,0.18271221532091098,0.9000000000000001,4.925779036827196
2033-09-22,Google,36-50,South India,Mobile,Text,3,98815,9,0.0296748018293872,2932,0.9,2638.8,0.0751147240741577,191,3186,0.87256,0.02967160856145322,0.06514324693042292,0.9,13.815706806282723
2033-09-23,Google,36-50,North India,Mobile,Image,3,28928,9,0.0610181485468143,1765,0.9,1588.5,0.0703334080101143,108,3187,0.87252,0.061013550884955754,0.06118980169971672,0.9,14.708333333333334
2033-09-24,Instagram,36-50,South India,Desktop,Image,23,64179,9,0.0737222661675135,4731,1.3,6150.3,0.0842163813431129,347,3188,0.87248,0.07371570139765343,0.07334601564151343,1.3,17.72420749279539
2033-09-25,Instagram,26-35,South India,Mobile,Video,12,87365,9,0.1079482666850602,9430,1.3,12259.0,0.0584398142286637,480,3189,0.87244,0.10793796142620042,0.05090137857900318,1.3,25.539583333333333
2033-09-26,Google,18-25,West India,Mobile,Video,22,89379,9,0.0533168383660034,4765,0.9,4288.5,0.1993048441808142,827,3190,0.8724,0.053312299309681246,0.17355718782791185,0.9,5.185610640870617
2033-09-27,Instagram,26-35,North India,Mobile,Image,20,35712,9,0.1118431423127703,3994,1.3,5192.2,0.1708918131778514,594,3191,0.87236,0.11183915770609319,0.14872308462694042,1.3,8.74107744107744
2033-09-28,Instagram,26-35,West India,Mobile,Video,0,86491,9,0.036406650190645,3148,1.3,4092.4,0.1851757882998134,507,3192,0.87232,0.03639685053936248,0.1610546378653113,1.3,8.071794871794872
2033-09-29,Google,18-25,West India,Mobile,Video,19,35328,9,0.047581827815998,1680,0.9,1512.0,0.1173161437063038,171,3193,0.8722799999999999,0.04755434782608696,0.10178571428571428,0.9,8.842105263157896
2033-09-30,Google,36-50,West India,Mobile,Text,4,32632,9,0.0440462258715756,1437,0.9,1293.3,0.0761180931772285,95,3194,0.87224,0.044036528560921794,0.06610995128740431,0.9,13.613684210526316
2033-10-01,Google,26-35,South India,Desktop,Image,23,38515,10,0.0187878939470032,723,0.9,650.7,0.1633011154516516,102,3195,0.8722,0.01877190704920161,0.14107883817427386,0.9,6.379411764705883
2033-10-02,Instagram,18-25,West India,Desktop,Text,2,63074,10,0.0868100359362259,5475,1.3,7117.5,0.0946834679653143,451,3196,0.87216,0.08680280305672702,0.08237442922374429,1.3,15.78159645232816
2033-10-03,Instagram,36-50,West India,Mobile,Video,20,73690,10,0.0499435276719482,3680,1.3,4784.0,0.2058289187643907,660,3197,0.87212,0.04993893336952097,0.1793478260869565,1.3,7.248484848484848
2033-10-04,Google,36-50,North India,Desktop,Image,18,65947,10,0.0650073457332265,4287,0.9,3858.3,0.075184092842461,280,3198,0.87208,0.0650067478429648,0.06531373921156987,0.9,13.779642857142857
2033-10-05,Google,26-35,North India,Mobile,Video,12,29170,10,0.0278911937395186,813,0.9,731.7,0.0972813506343224,68,3199,0.8720399999999999,0.027871100445663353,0.08364083640836409,0.9,10.76029411764706
2033-10-06,Instagram,36-50,North India,Mobile,Video,6,47857,10,0.0446057407647446,2134,1.3,2774.2000000000003,0.2050124557501568,381,3200,0.872,0.044591177884113084,0.17853795688847235,1.3,7.281364829396326
2033-10-07,Google,36-50,North India,Mobile,Image,9,50744,10,0.0612706348802203,3109,0.9,2798.1,0.1680972436034411,455,3201,0.87196,0.0612683272899259,0.14634930845931168,0.9,6.14967032967033
2033-10-08,Google,18-25,West India,Mobile,Video,2,97699,10,0.0352980280280708,3448,0.9,3103.2000000000003,0.1967122148664348,591,3202,0.87192,0.03529207054319901,0.17140371229698376,0.9000000000000001,5.2507614213197975
2033-10-09,Instagram,18-25,North India,Desktop,Text,22,78621,10,0.080157434962243,6302,1.3,8192.6,0.078043273135454,428,3203,0.87188,0.08015670113582885,0.06791494763567121,1.3,19.14158878504673
2033-10-10,Instagram,36-50,South India,Mobile,Image,1,93780,10,0.0710842324818896,6666,1.3,8665.800000000001,0.1729923611941183,1005,3204,0.87184,0.07108125399872041,0.15076507650765075,1.3000000000000003,8.62268656716418
2033-10-11,Instagram,18-25,West India,Desktop,Video,6,6327,10,0.0566745926221562,358,1.3,465.4,0.0956100581416706,29,3205,0.8718,0.056582898688161846,0.08100558659217877,1.3,16.048275862068966
2033-10-12,Instagram,36-50,North India,Mobile,Video,8,62246,10,0.0968477648080114,6028,1.3,7836.400000000001,0.0862588454522818,452,3206,0.87176,0.09684156411656974,0.07498341074983411,1.3,17.337168141592922
2033-10-13,Instagram,26-35,West India,Mobile,Video,20,83675,10,0.0470598535009088,3937,1.3,5118.1,0.1398015265717107,479,3207,0.87172,0.04705109052883179,0.12166624333248667,1.3,10.684968684759918
2033-10-14,Google,18-25,North India,Desktop,Image,11,92411,10,0.0360397270646573,3330,0.9,2997.0,0.1524149647926151,441,3208,0.87168,0.036034671197151855,0.13243243243243244,0.9,6.795918367346939
2033-10-15,Instagram,36-50,West India,Mobile,Text,21,34264,10,0.0808139615555328,2769,1.3,3599.7000000000003,0.0455993118757779,109,3209,0.87164,0.08081368199859912,0.03936439147706754,1.3,33.02477064220184
2033-10-16,Google,36-50,North India,Mobile,Video,9,79596,10,0.0757064611878823,6025,0.9,5422.5,0.1358228196583636,712,3210,0.8715999999999999,0.07569475853057943,0.11817427385892117,0.9,7.615870786516854
2033-10-17,Instagram,18-25,South India,Mobile,Video,18,16656,10,0.0475155888849886,791,1.3,1028.3,0.1654796483501447,113,3211,0.87156,0.04749039385206532,0.14285714285714285,1.3,9.1
2033-10-18,Google,18-25,North India,Mobile,Video,12,19805,10,0.0700136523052498,1386,0.9,1247.4,0.1381357226116962,166,3212,0.87152,0.0699823276950265,0.11976911976911978,0.9,7.514457831325302
2033-10-19,Instagram,26-35,West India,Desktop,Image,9,29855,10,0.0421860066737276,1259,1.3,1636.7,0.0705896183680682,76,3213,0.87148,0.042170490705074525,0.06036536934074663,1.3,21.535526315789475
2033-10-20,Google,36-50,West India,Mobile,Video,4,5127,10,0.0749578301856171,384,0.9,345.6,0.058773696318527,19,3214,0.87144,0.07489760093622001,0.049479166666666664,0.9,18.189473684210526
2033-10-21,Google,26-35,South India,Mobile,Video,14,62722,10,0.0596208412960433,3739,0.9,3365.1,0.2181944989291027,710,3215,0.8714,0.05961225726220465,0.1898903450120353,0.9,4.7395774647887325
2033-10-22,Google,26-35,West India,Desktop,Video,20,39319,10,0.0665277121100741,2615,0.9,2353.5,0.1445180840713055,328,3216,0.87136,0.0665072865535746,0.1254302103250478,0.9,7.175304878048781
2033-10-23,Google,26-35,South India,Mobile,Image,2,70126,10,0.0495481318779899,3474,0.9,3126.6,0.1622572827136507,490,3217,0.87132,0.04953940050765764,0.14104778353483016,0.9,6.380816326530612
2033-10-24,Instagram,18-25,West India,Mobile,Text,7,13973,10,0.0856885434308764,1197,1.3,1556.1,0.0773680031544833,80,3218,0.87128,0.08566521147928147,0.06683375104427736,1.2999999999999998,19.451249999999998
2033-10-25,Instagram,26-35,West India,Mobile,Image,5,83381,10,0.0717138599626983,5979,1.3,7772.7,0.0459503178018901,238,3219,0.87124,0.07170698360537772,0.03980598762334839,1.3,32.65840336134454
2033-10-26,Google,18-25,South India,Mobile,Text,18,49087,10,0.0585041647985635,2871,0.9,2583.9,0.0713770989723261,177,3220,0.8712,0.05848799071037138,0.06165099268547544,0.9,14.598305084745764
2033-10-27,Google,18-25,West India,Mobile,Text,16,58711,10,0.0752705199996858,4419,0.9,3977.1,0.0427305134662842,163,3221,0.8711599999999999,0.07526698574372775,0.036886173342385156,0.9,24.399386503067483
2033-10-28,Google,26-35,West India,Mobile,Image,9,28281,10,0.0360173556271388,1018,0.9,916.2,0.0509537750673775,44,3222,0.87112,0.03599589830628337,0.043222003929273084,0.9,20.822727272727274
2033-10-29,Google,26-35,South India,Desktop,Video,0,17549,10,0.0626570546144051,1099,0.9,989.1,0.0924320869242361,87,3223,0.87108,0.06262465097726366,0.0791628753412193,0.9,11.36896551724138
2033-10-30,Google,36-50,North India,Mobile,Text,12,62426,10,0.0342333575084682,2137,0.9,1923.3,0.1039260080797857,193,3224,0.87104,0.03423253131707942,0.09031352363125877,0.9,9.965284974093263
2033-10-31,Instagram,26-35,South India,Mobile,Video,9,28623,10,0.080997429580215,2318,1.3,3013.4,0.2039240658256542,411,3225,0.871,0.08098382419732383,0.17730802415875754,1.3,7.331873479318735
2033-11-01,Google,36-50,West India,Mobile,Text,11,90616,11,0.0546709087608709,4954,0.9,4458.6,0.131741486680349,567,3226,0.87096,0.05467025690827227,0.1144529672991522,0.9,7.863492063492064
2033-11-02,Google,26-35,North India,Mobile,Video,1,5697,11,0.0601327682551472,342,0.9,307.8,0.1952659420179705,57,3227,0.87092,0.06003159557661927,0.16666666666666666,0.9,5.4
2033-11-03,Google,26-35,North India,Desktop,Video,9,16730,11,0.0504126976052883,843,0.9,758.7,0.1503585028834807,109,3228,0.87088,0.050388523610280934,0.12930011862396204,0.9,6.960550458715597
2033-11-04,Google,26-35,North India,Mobile,Image,20,29245,11,0.0578326589892329,1691,0.9,1521.9,0.0406415052308833,59,3229,0.87084,0.05782184988886989,0.03489059727971614,0.9,25.79491525423729
2033-11-05,Google,26-35,South India,Mobile,Video,22,45134,11,0.0314705791530307,1420,0.9,1278.0,0.1225439700091249,151,3230,0.8708,0.03146186910089954,0.10633802816901408,0.9,8.463576158940397
2033-11-06,Instagram,36-50,North India,Mobile,Text,0,32313,11,0.1003349373971162,3242,1.3,4214.6,0.0449006035191385,126,3231,0.87076,0.10033113607526382,0.038864898210980874,1.3,33.44920634920635
2033-11-07,Google,36-50,North India,Mobile,Video,0,85093,11,0.0404078373895018,3438,0.9,3094.2000000000003,0.1696833736562825,507,3232,0.8707199999999999,0.04040285334868908,0.1474694589877836,0.9000000000000001,6.1029585798816575
2033-11-08,Google,26-35,North India,Mobile,Video,19,66573,11,0.0698052701952357,4647,0.9,4182.3,0.0647023810531416,261,3233,0.87068,0.0698030733180118,0.05616526791478373,0.9,16.024137931034485
2033-11-09,Google,26-35,West India,Mobile,Video,14,54595,11,0.0320251571291141,1748,0.9,1573.2,0.065794972368674,100,3234,0.87064,0.03201758402784138,0.057208237986270026,0.9,15.732000000000001
2033-11-10,Google,36-50,South India,Mobile,Text,21,30908,11,0.0523982134335893,1619,0.9,1457.1,0.0410925098808854,57,3235,0.8706,0.052381260515077,0.035206917850525016,0.8999999999999999,25.56315789473684
2033-11-11,Google,18-25,South India,Mobile,Text,0,68557,11,0.0751365534700293,5151,0.9,4635.900000000001,0.1624753141626474,727,3236,0.87056,0.07513455956357483,0.14113764317608232,0.9000000000000001,6.3767537826685015
2033-11-12,Instagram,18-25,West India,Mobile,Text,20,40648,11,0.1043218888452547,4240,1.3,5512.0,0.1274994968190672,470,3237,0.87052,0.10431017516236961,0.11084905660377359,1.3,11.727659574468085
2033-11-13,Instagram,18-25,North India,Mobile,Video,8,38289,11,0.0687399236814011,2631,1.3,3420.3,0.098796406502852,225,3238,0.87048,0.06871425213507797,0.08551881413911061,1.3,15.201333333333334
2033-11-14,Instagram,36-50,West India,Mobile,Image,23,63710,11,0.1062254147864774,6767,1.3,8797.1,0.0927015071516783,545,3239,0.87044,0.1062156647308115,0.08053790453672233,1.3,16.141467889908256
2033-11-15,Google,36-50,West India,Desktop,Text,6,9839,11,0.0250648045172981,246,0.9,221.4,0.0410719830167545,8,3240,0.8704,0.025002540908628926,0.032520325203252036,0.9,27.675
2033-11-16,Google,18-25,North India,Mobile,Video,15,97541,11,0.0552713913737181,5391,0.9,4851.900000000001,0.0708035413938721,331,3241,0.87036,0.05526906634133339,0.061398627341866074,0.9000000000000001,14.6583081570997
2033-11-17,Google,18-25,North India,Desktop,Text,15,69838,11,0.0379797985160003,2652,0.9,2386.8,0.0675095778103815,155,3242,0.87032,0.03797359603654171,0.058446455505279035,0.9,15.398709677419356
2033-11-18,Instagram,26-35,South India,Mobile,Image,12,9511,11,0.066186983764737,629,1.3,817.7,0.1037316702648353,56,3243,0.8702799999999999,0.06613395016296919,0.0890302066772655,1.3,14.601785714285715
2033-11-19,Instagram,36-50,North India,Desktop,Video,9,87527,11,0.0533946012452843,4673,1.3,6074.900000000001,0.1445482356217719,587,3244,0.87024,0.05338923989169057,0.12561523646479777,1.3,10.349063032367974
2033-11-20,Google,36-50,West India,Mobile,Text,17,76450,11,0.0669482133381035,5118,0.9,4606.2,0.0756895496961684,336,3245,0.8702,0.06694571615434924,0.06565064478311841,0.8999999999999999,13.70892857142857
2033-11-21,Google,18-25,West India,Mobile,Text,8,10948,11,0.0708389797185682,775,0.9,697.5,0.1475974611462715,99,3246,0.87016,0.07078918523931312,0.12774193548387097,0.9,7.045454545454546
2033-11-22,Google,18-25,North India,Mobile,Image,11,45638,11,0.0558940206461016,2550,0.9,2295.0,0.0835916299279217,185,3247,0.87012,0.05587449055611552,0.07254901960784314,0.9,12.405405405405405
2033-11-23,Instagram,36-50,South India,Mobile,Text,23,94890,11,0.0947690204638679,8992,1.3,11689.6,0.1606548326197972,1256,3248,0.87008,0.09476235641268838,0.1396797153024911,1.3,9.307006369426752
2033-11-24,Instagram,26-35,West India,Mobile,Video,12,6873,11,0.0725810780784475,498,1.3,647.4,0.1706164282378991,73,3249,0.8700399999999999,0.07245744216499345,0.1465863453815261,1.3,8.868493150684932
2033-11-25,Google,18-25,North India,Mobile,Video,10,32461,11,0.0626894705922344,2034,0.9,1830.6,0.1892236475152456,334,3250,0.87,0.06265980715319923,0.16420845624385447,0.8999999999999999,5.480838323353293
2033-11-26,Google,36-50,South India,Mobile,Image,14,74034,11,0.0506714933078729,3751,0.9,3375.9,0.1522862064787579,496,3251,0.86996,0.05066591025744928,0.1322314049586777,0.9,6.80625
2033-11-27,Instagram,36-50,South India,Mobile,Image,9,90092,11,0.0480490047919013,4328,1.3,5626.400000000001,0.1315619417012979,494,3252,0.86992,0.048039781556631,0.11414048059149723,1.3,11.389473684210527
2033-11-28,Google,26-35,West India,Mobile,Image,9,99142,11,0.0298066463232043,2955,0.9,2659.5,0.1112715897471552,285,3253,0.86988,0.029805733190776864,0.09644670050761421,0.9,9.33157894736842
2033-11-29,Google,26-35,West India,Mobile,Video,8,28091,11,0.0416395522242646,1169,0.9,1052.1,0.0969448128478466,98,3254,0.86984,0.04161475205581859,0.08383233532934131,0.8999999999999999,10.735714285714284
2033-11-30,Google,18-25,South India,Mobile,Image,2,72171,11,0.0257302854584153,1856,0.9,1670.4,0.0899187939108962,144,3255,0.8698,0.025716700613819955,0.07758620689655173,0.9,11.600000000000001
2033-12-01,Instagram,18-25,South India,Mobile,Text,22,53999,12,0.0585400586957614,3161,1.3,4109.3,0.0666176449800487,182,3256,0.86976,0.05853812107631623,0.057576716229041446,1.3,22.57857142857143
2033-12-02,Google,18-25,South India,Mobile,Text,15,34532,12,0.058102046926745,2006,0.9,1805.4,0.0878672945058207,153,3257,0.86972,0.05809104598633152,0.07627118644067797,0.9,11.8
2033-12-03,Google,36-50,North India,Mobile,Video,11,23690,12,0.0226836671763485,537,0.9,483.3,0.0658648920902655,30,3258,0.86968,0.022667792317433516,0.055865921787709494,0.9,16.11
2033-12-04,Instagram,18-25,West India,Mobile,Text,16,18036,12,0.0586625744028639,1058,1.3,1375.4,0.0801250027908822,73,3259,0.86964,0.05866045686404968,0.06899810964083176,1.3,18.84109589041096
2033-12-05,Google,36-50,South India,Mobile,Image,14,46040,12,0.0644796307761006,2968,0.9,2671.2000000000003,0.1723965370306794,444,3260,0.8695999999999999,0.06446568201563857,0.1495956873315364,0.9000000000000001,6.0162162162162165
2033-12-06,Google,18-25,West India,Desktop,Text,2,57196,12,0.0256569188188993,1467,0.9,1320.3,0.1375647820611164,174,3261,0.86956,0.02564864675851458,0.11860940695296524,0.9,7.587931034482758
2033-12-07,Google,26-35,West India,Mobile,Image,4,48911,12,0.0319532709761324,1562,0.9,1405.8,0.1299962522093044,176,3262,0.86952,0.0319355564188015,0.11267605633802817,0.9,7.9875
2033-12-08,Google,26-35,West India,Desktop,Text,12,45562,12,0.0192985364931066,879,0.9,791.1,0.0645603662658188,48,3263,0.86948,0.0192923927834599,0.05460750853242321,0.9,16.48125
2033-12-09,Instagram,36-50,South India,Mobile,Video,23,11321,12,0.1094640546310706,1239,1.3,1610.7,0.097216583631157,104,3264,0.86944,0.1094426287430439,0.08393866020984665,1.3,15.4875
2033-12-10,Google,26-35,North India,Desktop,Image,5,30152,12,0.0474564400592722,1430,0.9,1287.0,0.074964544275797,93,3265,0.8694,0.047426373043247545,0.06503496503496503,0.9,13.838709677419354
2033-12-11,Google,36-50,South India,Desktop,Text,8,86884,12,0.0385609311938078,3350,0.9,3015.0,0.1028551346860984,299,3266,0.86936,0.03855715666866166,0.08925373134328358,0.9,10.08361204013378
2033-12-12,Instagram,36-50,West India,Mobile,Video,18,87531,12,0.1063981249373058,9313,1.3,12106.9,0.2120426724705605,1716,3267,0.86932,0.10639659092207332,0.18425856329861484,1.3,7.05530303030303
2033-12-13,Instagram,26-35,South India,Mobile,Text,6,55911,12,0.0732572165395927,4095,1.3,5323.5,0.0516922493441554,183,3268,0.86928,0.07324140151311906,0.04468864468864469,1.3,29.09016393442623
2033-12-14,Instagram,36-50,South India,Mobile,Video,12,91298,12,0.0655358577118953,5983,1.3,7777.900000000001,0.1452946350509959,755,3269,0.86924,0.06553265131766303,0.12619087414340632,1.3,10.301854304635762
2033-12-15,Google,26-35,West India,Mobile,Text,21,1145,12,0.0286119442847936,32,0.9,28.8,0.1151870790104614,2,3270,0.8692,0.02794759825327511,0.0625,0.9,14.4
2033-12-16,Google,18-25,West India,Desktop,Image,4,71637,12,0.0532718352374673,3816,0.9,3434.4,0.0743925260358009,245,3271,0.8691599999999999,0.053268562335106164,0.06420335429769392,0.9,14.01795918367347
2033-12-17,Instagram,18-25,South India,Desktop,Image,15,5247,12,0.0288203246684479,151,1.3,196.3,0.1932432905455247,25,3272,0.86912,0.028778349533066513,0.16556291390728478,1.3,7.852
2033-12-18,Google,26-35,South India,Desktop,Image,3,76114,12,0.0288641949370838,2196,0.9,1976.4,0.0977493462394958,185,3273,0.86908,0.028851459652626324,0.08424408014571949,0.9,10.683243243243243
2033-12-19,Instagram,26-35,South India,Desktop,Image,4,70724,12,0.0477937675894485,3380,1.3,4394.0,0.1875827641785465,550,3274,0.86904,0.0477914145127538,0.16272189349112426,1.3,7.989090909090909
2033-12-20,Instagram,26-35,South India,Desktop,Image,19,98310,12,0.0637173646999995,6264,1.3,8143.200000000001,0.1359927362709393,739,3275,0.869,0.06371681415929203,0.1179757343550447,1.3,11.019215155615697
2033-12-21,Instagram,26-35,North India,Mobile,Text,18,64289,12,0.0975248343736938,6269,1.3,8149.700000000001,0.0327611798637758,178,3276,0.86896,0.09751279379053959,0.02839368320306269,1.3,45.78483146067416
2033-12-22,Google,18-25,South India,Mobile,Text,22,44547,12,0.0378868036190909,1687,0.9,1518.3,0.0781245788772412,113,3277,0.86892,0.03787011471030597,0.06698280972139893,0.9,13.436283185840708
2033-12-23,Google,36-50,North India,Mobile,Text,5,3696,12,0.0232265212311359,85,0.9,76.5,0.0347360742858175,1,3278,0.86888,0.022997835497835496,0.011764705882352941,0.9,76.5
2033-12-24,Instagram,36-50,West India,Mobile,Text,3,63041,12,0.0646939375356736,4078,1.3,5301.400000000001,0.0793956118755034,280,3279,0.86884,0.06468806015133009,0.06866110838646396,1.3,18.93357142857143
2033-12-25,Google,18-25,North India,Mobile,Image,0,20713,12,0.0619361829566939,1282,0.9,1153.8,0.1620270261841888,179,3280,0.8688,0.061893496837734756,0.13962558502340094,0.8999999999999999,6.4458100558659215
2033-12-26,Google,36-50,West India,Mobile,Video,16,45549,12,0.0726562027047122,3309,0.9,2978.1,0.1788748594208922,513,3281,0.86876,0.07264703945201871,0.15503173164097914,0.9,5.8052631578947365
2033-12-27,Instagram,18-25,North India,Mobile,Image,8,44548,12,0.1001487635419612,4461,1.3,5799.3,0.1204775733964887,466,3282,0.8687199999999999,0.10013917572057107,0.10446088321004258,1.3,12.444849785407726
2033-12-28,Instagram,36-50,West India,Mobile,Text,15,53633,12,0.0636918666414375,3415,1.3,4439.5,0.0980876932277158,290,3283,0.86868,0.0636734846083568,0.0849194729136164,1.3,15.308620689655172
2033-12-29,Google,26-35,South India,Desktop,Image,22,97411,12,0.0755727900697014,7361,0.9,6624.900000000001,0.1013776161710612,648,3284,0.86864,0.075566414470645,0.08803151745686727,0.9,10.223611111111111
2033-12-30,Google,26-35,North India,Mobile,Image,1,91886,12,0.0375618929455115,3451,0.9,3105.9,0.0661347805163872,198,3285,0.8686,0.03755740809263653,0.05737467400753405,0.9,15.686363636363637
2033-12-31,Google,26-35,North India,Mobile,Image,10,5641,12,0.0322922287989499,182,0.9,163.8,0.0463158140692019,6,3286,0.86856,0.032263783017195534,0.03296703296703297,0.9,27.3
2034-01-01,Instagram,18-25,West India,Desktop,Video,4,72095,1,0.0427645103775279,3083,1.3,4007.9,0.0799446400097819,213,3287,0.86852,0.04276302101393994,0.06908855011352578,1.3,18.81643192488263
2034-01-02,Instagram,18-25,West India,Mobile,Image,12,12631,1,0.0608807773888393,768,1.3,998.4,0.0892128115823042,59,3288,0.86848,0.06080278679439474,0.07682291666666667,1.3,16.922033898305084
2034-01-03,Google,36-50,North India,Mobile,Image,19,36816,1,0.0498183430828595,1834,0.9,1650.6,0.1071588185117324,170,3289,0.86844,0.04981529769665363,0.09269356597600872,0.8999999999999999,9.709411764705882
2034-01-04,Google,36-50,West India,Mobile,Video,16,3023,1,0.0602524493474926,182,0.9,163.8,0.0823398544721999,12,3290,0.8684,0.06020509427720807,0.06593406593406594,0.9,13.65
2034-01-05,Instagram,36-50,South India,Mobile,Image,14,26656,1,0.1010764064799177,2694,1.3,3502.2000000000003,0.1940466029475347,453,3291,0.86836,0.10106542617046818,0.16815144766146994,1.3,7.73112582781457
2034-01-06,Google,18-25,North India,Desktop,Image,21,87190,1,0.0491583470265435,4286,0.9,3857.4,0.0482210695119366,178,3292,0.86832,0.049157013418970066,0.041530564629024734,0.9,21.670786516853934
2034-01-07,Google,36-50,South India,Mobile,Image,11,88253,1,0.0495069827175433,4369,0.9,3932.1,0.0585979377551793,222,3293,0.8682799999999999,0.049505399249883855,0.050812542915999084,0.9,17.712162162162162
2034-01-08,Instagram,26-35,North India,Mobile,Image,5,35842,1,0.046002637145261,1648,1.3,2142.4,0.1287861141354031,184,3294,0.86824,0.045979577032531666,0.11165048543689321,1.3,11.643478260869566
2034-01-09,Google,36-50,South India,Mobile,Image,19,99086,1,0.0875799011182131,8677,0.9,7809.3,0.160279483057774,1206,3295,0.8682,0.08757039339563612,0.13898812953785872,0.9,6.4753731343283585
2034-01-10,Instagram,26-35,North India,Desktop,Text,12,56189,1,0.0556533116918217,3127,1.3,4065.1,0.1422356385775086,385,3296,0.86816,0.055651462029934685,0.12312120243044451,1.3,10.558701298701298
2034-01-11,Google,18-25,West India,Mobile,Image,17,46923,1,0.0387954374684052,1820,0.9,1638.0,0.1142621910063373,179,3297,0.86812,0.03878694883106366,0.09835164835164835,0.9,9.150837988826815
2034-01-12,Google,26-35,North India,Desktop,Video,23,36080,1,0.049032495894073,1769,0.9,1592.1,0.0720830549506601,110,3298,0.86808,0.04902993348115299,0.06218202374222725,0.8999999999999999,14.473636363636363
2034-01-13,Instagram,26-35,South India,Mobile,Image,14,4474,1,0.0894657222962077,400,1.3,520.0,0.1884410590347635,65,3299,0.8680399999999999,0.08940545373267769,0.1625,1.3,8.0
2034-01-14,Google,26-35,North India,Desktop,Text,14,80707,1,0.0614944975715791,4963,0.9,4466.7,0.1431154981748627,616,3300,0.868,0.06149404636524713,0.12411847672778561,0.8999999999999999,7.2511363636363635
2034-01-15,Instagram,18-25,South India,Desktop,Video,7,4260,1,0.0506716546143897,215,1.3,279.5,0.2234653701394182,41,3301,0.86796,0.05046948356807512,0.19069767441860466,1.3,6.817073170731708
2034-01-16,Instagram,18-25,South India,Desktop,Video,18,61218,1,0.0846973243561013,5185,1.3,6740.5,0.2138820617876848,961,3302,0.86792,0.08469731124832565,0.18534233365477337,1.3,7.014047866805411
2034-01-17,Google,18-25,South India,Mobile,Image,22,50109,1,0.0781666721313453,3916,0.9,3524.4,0.0559464121059752,190,3303,0.86788,0.07814963379831966,0.04851889683350358,0.9,18.549473684210525
2034-01-18,Google,18-25,West India,Desktop,Text,13,6618,1,0.0363895040412858,240,0.9,216.0,0.1357299007771983,27,3304,0.86784,0.03626473254759746,0.1125,0.9,8.0
2034-01-19,Google,36-50,North India,Mobile,Image,6,46765,1,0.0261035587328861,1220,0.9,1098.0,0.1647791775678895,174,3305,0.8678,0.026087886239709184,0.14262295081967213,0.9,6.310344827586207
2034-01-20,Google,18-25,South India,Desktop,Text,13,35118,1,0.0498045992850272,1749,0.9,1574.1,0.109697965149636,165,3306,0.86776,0.049803519562617464,0.09433962264150944,0.8999999999999999,9.54
2034-01-21,Google,26-35,West India,Mobile,Text,4,10285,1,0.0442537608165642,455,0.9,409.5,0.1259379498617951,49,3307,0.86772,0.04423918327661643,0.1076923076923077,0.9,8.357142857142858
2034-01-22,Google,18-25,South India,Mobile,Image,14,58083,1,0.0731675899231124,4249,0.9,3824.1,0.1457779286587822,537,3308,0.86768,0.07315393488628343,0.1263826782772417,0.9,7.12122905027933
2034-01-23,Google,36-50,North India,Mobile,Text,20,74677,1,0.0466330401457329,3482,0.9,3133.8,0.0648649708219577,195,3309,0.86764,0.04662747566185037,0.056002297530155086,0.9,16.070769230769233
2034-01-24,Instagram,36-50,West India,Mobile,Image,14,29352,1,0.1045312749294913,3068,1.3,3988.4,0.1222527733111772,325,3310,0.8675999999999999,0.10452439356772962,0.1059322033898305,1.3,12.272
2034-01-25,Instagram,36-50,South India,Mobile,Text,23,45056,1,0.0563533536696296,2539,1.3,3300.7000000000003,0.1538189848363928,338,3311,0.86756,0.056352095170454544,0.13312327688066167,1.3,9.765384615384615
2034-01-26,Instagram,26-35,South India,Mobile,Video,3,64045,1,0.092150801970477,5901,1.3,7671.3,0.14453199984732,739,3312,0.86752,0.09213834022952612,0.1252330113540078,1.3,10.38064952638701
2034-01-27,Google,18-25,South India,Mobile,Image,0,24707,1,0.0380535032401455,940,0.9,846.0,0.1348823827968294,109,3313,0.86748,0.038045897923665355,0.11595744680851064,0.9,7.761467889908257
2034-01-28,Google,18-25,North India,Desktop,Text,16,23161,1,0.0387605431493389,897,0.9,807.3000000000001,0.0923819741082849,71,3314,0.86744,0.038728897715988087,0.07915273132664437,0.9,11.370422535211269
2034-01-29,Instagram,18-25,West India,Mobile,Video,19,68390,1,0.0563313190415526,3852,1.3,5007.6,0.0954440193871102,318,3315,0.8674,0.05632402398011405,0.08255451713395638,1.3,15.747169811320756
2034-01-30,Google,26-35,West India,Mobile,Video,0,19650,1,0.0574100350551493,1128,0.9,1015.2,0.1561354022210582,152,3316,0.86736,0.057404580152671754,0.1347517730496454,0.9,6.678947368421053
2034-01-31,Google,26-35,West India,Desktop,Video,15,17944,1,0.03419648547729,613,0.9,551.7,0.1335909661242053,70,3317,0.86732,0.034161836825679893,0.11419249592169657,0.9,7.881428571428572
2034-02-01,Instagram,36-50,South India,Mobile,Video,12,8546,2,0.1090882127582334,932,1.3,1211.6,0.0957744998347434,77,3318,0.86728,0.10905686871050783,0.08261802575107297,1.2999999999999998,15.735064935064933
2034-02-02,Instagram,36-50,West India,Mobile,Image,17,55139,2,0.0480735126259733,2650,1.3,3445.0,0.1653529413247513,379,3319,0.86724,0.048060356553437676,0.1430188679245283,1.3,9.089709762532982
2034-02-03,Google,18-25,South India,Mobile,Text,9,8207,2,0.0628016397477635,515,0.9,463.5,0.1617609944262168,71,3320,0.8672,0.06275130985743878,0.1378640776699029,0.9,6.528169014084507
2034-02-04,Google,26-35,North India,Mobile,Video,22,95804,2,0.0669584950834819,6414,0.9,5772.6,0.0544374757829713,302,3321,0.8671599999999999,0.06694918792534758,0.04708450265045214,0.9,19.114569536423843
2034-02-05,Instagram,26-35,West India,Mobile,Text,17,73022,2,0.0702431841722238,5129,1.3,6667.7,0.1080595020592729,480,3322,0.86712,0.07023910602284243,0.0935854942483915,1.3,13.891041666666666
2034-02-06,Instagram,18-25,South India,Mobile,Text,16,32222,2,0.0720339031079839,2321,1.3,3017.3,0.0917294808530961,183,3323,0.86708,0.07203153125193967,0.07884532529082292,1.3,16.487978142076503
2034-02-07,Instagram,18-25,West India,Desktop,Text,8,30121,2,0.0686573327692364,2068,1.3,2688.4,0.0965885629247032,172,3324,0.86704,0.06865641910959132,0.08317214700193423,1.3,15.630232558139536
2034-02-08,Instagram,36-50,West India,Mobile,Image,13,85303,2,0.0957477232693828,8167,1.3,10617.1,0.092336161608497,653,3325,0.867,0.09574106420641712,0.07995592016652382,1.3,16.25895865237366
2034-02-09,Instagram,36-50,North India,Mobile,Image,20,39915,2,0.0703957754857765,2809,1.3,3651.7,0.1010896783171975,245,3326,0.86696,0.07037454591005887,0.08721965112139551,1.3,14.904897959183673
2034-02-10,Google,36-50,West India,Desktop,Video,12,11017,2,0.0218708989907234,240,0.9,216.0,0.1023369008800215,20,3327,0.86692,0.021784514840700736,0.08333333333333333,0.9,10.8
2034-02-11,Google,18-25,North India,Mobile,Text,19,16094,2,0.0511958844703167,823,0.9,740.7,0.0455950505661202,32,3328,0.86688,0.051137069715421896,0.038882138517618466,0.9,23.146875
2034-02-12,Instagram,18-25,West India,Mobile,Image,19,32236,2,0.1007574784289391,3248,1.3,4222.400000000001,0.0822845691274085,231,3329,0.86684,0.1007569177317285,0.07112068965517242,1.3000000000000003,18.27878787878788
2034-02-13,Instagram,36-50,West India,Desktop,Image,13,8664,2,0.0337103589471936,292,1.3,379.6,0.1338465169132111,33,3330,0.8668,0.033702677746999074,0.11301369863013698,1.3,11.503030303030304
2034-02-14,Instagram,36-50,West India,Mobile,Image,10,30921,2,0.0709209050510918,2192,1.3,2849.6,0.0470534131544777,89,3331,0.86676,0.07089033343035478,0.0406021897810219,1.3,32.01797752808989
2034-02-15,Google,26-35,West India,Desktop,Video,12,96381,2,0.0604782375895716,5828,0.9,5245.2,0.1122990408704967,566,3332,0.8667199999999999,0.06046834957097353,0.09711736444749486,0.9,9.267137809187279
2034-02-16,Google,26-35,West India,Mobile,Image,16,81109,2,0.027634961539962,2241,0.9,2016.9,0.0459218833839482,88,3333,0.86668,0.027629486246902316,0.0392681838464971,0.9,22.919318181818184
2034-02-17,Instagram,36-50,West India,Desktop,Text,2,68219,2,0.0304325046358436,2076,1.3,2698.8,0.0763956859561558,136,3334,0.86664,0.030431404740614783,0.06551059730250482,1.3,19.844117647058823
2034-02-18,Instagram,36-50,North India,Mobile,Image,0,64590,2,0.1020675244994795,6592,1.3,8569.6,0.0496523549707923,283,3335,0.8666,0.10205914228208701,0.04293082524271845,1.3,30.281272084805654
2034-02-19,Instagram,26-35,North India,Mobile,Image,20,10390,2,0.1017671931686685,1057,1.3,1374.1,0.0831721329471907,75,3336,0.86656,0.10173243503368623,0.07095553453169347,1.2999999999999998,18.32133333333333
2034-02-20,Instagram,36-50,South India,Mobile,Video,4,34777,2,0.0939744794296918,3268,1.3,4248.400000000001,0.2076786059734968,587,3337,0.86652,0.09397015268712079,0.17962056303549573,1.3000000000000003,7.237478705281092
2034-02-21,Instagram,26-35,West India,Desktop,Text,12,49588,2,0.0564638075215732,2799,1.3,3638.7,0.1069956354826669,259,3338,0.86648,0.05644510768734371,0.09253304751697035,1.3,14.049034749034748
2034-02-22,Instagram,26-35,North India,Desktop,Image,23,98313,2,0.0806695575220834,7930,1.3,10309.0,0.1287451584310105,883,3339,0.86644,0.08066074679849053,0.11134930643127365,1.3,11.674971687429219
2034-02-23,Instagram,26-35,West India,Mobile,Text,4,43667,2,0.1002241254159621,4376,1.3,5688.8,0.0939522151994646,356,3340,0.8664,0.10021297547346966,0.08135283363802559,1.3,15.979775280898878
2034-02-24,Instagram,18-25,West India,Desktop,Text,4,95647,2,0.0494795491100473,4732,1.3,6151.6,0.1437634224650012,589,3341,0.86636,0.049473585162106495,0.12447168216398985,1.3,10.44414261460102
2034-02-25,Instagram,18-25,North India,Mobile,Image,22,30980,2,0.0744213935355069,2305,1.3,2996.5,0.1099740988811136,219,3342,0.86632,0.07440284054228534,0.09501084598698481,1.3,13.682648401826484
2034-02-26,Google,36-50,West India,Mobile,Video,11,24808,2,0.0613316923026702,1521,0.9,1368.9,0.065521406806465,85,3343,0.8662799999999999,0.061310867462108995,0.055884286653517426,0.9,16.104705882352942
2034-02-27,Google,26-35,North India,Mobile,Text,1,64470,2,0.0596902984995016,3848,0.9,3463.2000000000003,0.1377873010041137,459,3344,0.86624,0.059686675973320925,0.11928274428274428,0.9,7.545098039215687
2034-02-28,Instagram,18-25,North India,Desktop,Image,22,73762,2,0.1076800832505136,7942,1.3,10324.6,0.0556974279353292,382,3345,0.8662,0.10767061630649928,0.04809871568874339,1.3,27.02774869109948
2034-03-01,Google,36-50,South India,Desktop,Text,15,88983,3,0.0273024801979245,2429,0.9,2186.1,0.1850105375176655,388,3346,0.86616,0.027297348931818437,0.15973651708522024,0.8999999999999999,5.634278350515464
2034-03-02,Google,36-50,South India,Mobile,Text,16,18926,3,0.0394752653145305,747,0.9,672.3000000000001,0.1038309798588577,66,3347,0.86612,0.03946951283948008,0.08835341365461848,0.9000000000000001,10.186363636363637
2034-03-03,Google,36-50,South India,Desktop,Text,4,18621,3,0.0395554790547521,736,0.9,662.4,0.0517211724056151,32,3348,0.86608,0.03952526717147307,0.043478260869565216,0.9,20.7
2034-03-04,Google,36-50,South India,Mobile,Image,11,12167,3,0.0810201616087267,985,0.9,886.5,0.1947788966644376,165,3349,0.86604,0.08095668611818854,0.16751269035532995,0.9,5.372727272727273
2034-03-05,Google,36-50,West India,Mobile,Text,14,72245,3,0.0649704878636681,4693,0.9,4223.7,0.0495583718058897,200,3350,0.866,0.06495951276904977,0.04261666311527807,0.8999999999999999,21.118499999999997
2034-03-06,Google,26-35,West India,Mobile,Text,5,79776,3,0.0396379020342271,3162,0.9,2845.8,0.0602331908204462,164,3351,0.86596,0.039635980746089046,0.05186590765338393,0.9,17.352439024390247
2034-03-07,Instagram,36-50,South India,Desktop,Video,12,36031,3,0.0662915995193325,2388,1.3,3104.4,0.1429183087375594,295,3352,0.86592,0.06627626210762955,0.12353433835845896,1.3,10.523389830508474
2034-03-08,Google,26-35,North India,Mobile,Image,10,33146,3,0.0655955478137855,2174,0.9,1956.6,0.1407260514441044,264,3353,0.86588,0.06558860797682978,0.12143514259429623,0.8999999999999999,7.411363636363636
2034-03-09,Google,18-25,North India,Mobile,Image,16,8998,3,0.0620317674843711,558,0.9,502.2,0.0595227844013558,28,3354,0.8658399999999999,0.06201378084018671,0.05017921146953405,0.9,17.935714285714287
2034-03-10,Google,36-50,North India,Mobile,Text,8,41508,3,0.0650836868109093,2701,0.9,2430.9,0.1129565547451536,264,3355,0.8658,0.06507179338922617,0.09774157719363198,0.9,9.207954545454546
2034-03-11,Instagram,18-25,North India,Mobile,Video,15,77348,3,0.081345393332388,6291,1.3,8178.3,0.1871646332244776,1018,3356,0.86576,0.08133371257175363,0.16181847083134637,1.3,8.033693516699412
2034-03-12,Google,26-35,West India,Mobile,Text,16,32101,3,0.0554762746421344,1780,0.9,1602.0,0.0535656400327752,82,3357,0.86572,0.055449985981745116,0.046067415730337076,0.9,19.536585365853657
2034-03-13,Instagram,26-35,North India,Mobile,Text,19,80764,3,0.0616776405090375,4981,1.3,6475.3,0.11605864345424,500,3358,0.86568,0.06167351790401664,0.1003814495081309,1.3,12.9506
2034-03-14,Instagram,18-25,North India,Desktop,Image,23,25747,3,0.0782092842174454,2013,1.3,2616.9,0.1820835414671509,316,3359,0.86564,0.07818386608148523,0.15697963238946847,1.3,8.28132911392405
2034-03-15,Instagram,36-50,South India,Mobile,Video,17,61800,3,0.054110168298153,3344,1.3,4347.2,0.254732062947055,736,3360,0.8655999999999999,0.054110032362459544,0.22009569377990432,1.3,5.906521739130435
2034-03-16,Google,36-50,North India,Mobile,Text,12,96326,3,0.0408642282612189,3936,0.9,3542.4,0.0556335530918839,188,3361,0.86556,0.04086124203226543,0.047764227642276426,0.9,18.842553191489362
2034-03-17,Instagram,18-25,West India,Desktop,Image,10,2882,3,0.0438145056021636,126,1.3,163.8,0.1609944293306132,17,3362,0.86552,0.04371963913948647,0.1349206349206349,1.3,9.63529411764706
2034-03-18,Google,18-25,North India,Mobile,Text,12,39955,3,0.0366160385129783,1462,0.9,1315.8,0.1408129764230689,177,3363,0.86548,0.03659116506069328,0.1210670314637483,0.9,7.433898305084745
2034-03-19,Instagram,18-25,North India,Desktop,Text,23,85195,3,0.0743203340396427,6331,1.3,8230.300000000001,0.1460770234688163,799,3364,0.86544,0.07431187276248606,0.12620439109145476,1.3000000000000003,10.300750938673342
2034-03-20,Instagram,36-50,West India,Mobile,Video,12,60965,3,0.0791281815595211,4824,1.3,6271.2,0.1126163261494441,469,3365,0.8654,0.0791273681620602,0.09722222222222222,1.3,13.371428571428572
2034-03-21,Google,36-50,South India,Mobile,Video,11,89794,3,0.0255801436584195,2296,0.9,2066.4,0.1129896784074581,224,3366,0.86536,0.025569637169521348,0.0975609756097561,0.9,9.225
2034-03-22,Google,36-50,West India,Mobile,Video,13,90422,3,0.0764414192371297,6911,0.9,6219.900000000001,0.0616447248412642,368,3367,0.86532,0.07643051469775054,0.05324844450875416,0.9000000000000001,16.901902173913044
2034-03-23,Google,18-25,South India,Desktop,Text,12,42560,3,0.0363054978696603,1545,0.9,1390.5,0.0986599417288545,131,3368,0.86528,0.03630169172932331,0.08478964401294499,0.9,10.614503816793894
2034-03-24,Instagram,36-50,North India,Desktop,Video,8,32343,3,0.0414275137290449,1339,1.3,1740.7,0.0719217941696478,83,3369,0.86524,0.04139999381628173,0.0619865571321882,1.3,20.972289156626506
2034-03-25,Google,26-35,South India,Mobile,Image,13,84943,3,0.0346488960576208,2943,0.9,2648.7000000000003,0.1815919891895942,462,3370,0.8652,0.03464676312350635,0.15698267074413863,0.9000000000000001,5.7331168831168835
2034-03-26,Instagram,18-25,South India,Mobile,Text,0,4950,3,0.0486125951399875,240,1.3,312.0,0.0617257566833541,12,3371,0.8651599999999999,0.048484848484848485,0.05,1.3,26.0
2034-03-27,Google,36-50,South India,Mobile,Video,8,4889,3,0.0637931000718821,311,0.9,279.90000000000003,0.2245470795147084,59,3372,0.86512,0.0636121906320311,0.18971061093247588,0.9000000000000001,4.74406779661017
2034-03-28,Instagram,18-25,North India,Mobile,Text,3,31410,3,0.0903603933220568,2838,1.3,3689.4,0.0489122844371876,119,3373,0.86508,0.09035339063992359,0.04193093727977449,1.3,31.003361344537815
2034-03-29,Instagram,26-35,South India,Mobile,Text,11,95504,3,0.0747117874882521,7135,1.3,9275.5,0.1103438228588104,680,3374,0.86504,0.07470891271569777,0.09530483531885074,1.3,13.640441176470588
2034-03-30,Instagram,26-35,South India,Mobile,Image,23,19976,3,0.097297640905525,1943,1.3,2525.9,0.1135570433091241,190,3375,0.865,0.0972667200640769,0.09778692743180649,1.3,13.29421052631579
2034-03-31,Instagram,18-25,North India,Mobile,Image,13,24016,3,0.109790162896827,2636,1.3,3426.8,0.1298058556895545,295,3376,0.86496,0.1097601598934044,0.11191198786039454,1.3,11.61627118644068
2034-04-01,Google,18-25,West India,Mobile,Image,8,75747,4,0.0805731233146056,6103,0.9,5492.7,0.1351536719163857,712,3377,0.86492,0.08057084769033757,0.11666393576929379,0.9,7.714466292134831
2034-04-02,Google,26-35,West India,Desktop,Text,2,23742,4,0.0438832370758599,1041,0.9,936.9,0.1262838679349479,113,3378,0.86488,0.0438463482436189,0.10854947166186359,0.9,8.291150442477877
2034-04-03,Instagram,18-25,West India,Mobile,Text,5,24553,4,0.069204891163615,1699,1.3,2208.7000000000003,0.0409376142471403,59,3379,0.86484,0.06919724677228851,0.034726309593878756,1.3000000000000003,37.43559322033899
2034-04-04,Google,26-35,North India,Mobile,Image,2,64338,4,0.0764109252513501,4916,0.9,4424.400000000001,0.0659495773242317,280,3380,0.8648,0.07640896515278685,0.05695687550854353,0.9000000000000001,15.801428571428573
2034-04-05,Google,26-35,North India,Mobile,Text,0,30332,4,0.0711769492893393,2158,0.9,1942.2,0.1089125242633785,203,3381,0.86476,0.07114598443887643,0.09406858202038924,0.9,9.567487684729064
2034-04-06,Google,36-50,West India,Mobile,Image,21,79625,4,0.0577935219283057,4601,0.9,4140.900000000001,0.0865839054193557,344,3382,0.8647199999999999,0.05778335949764521,0.07476635514018691,0.9000000000000001,12.037500000000001
2034-04-07,Google,18-25,South India,Desktop,Image,20,5436,4,0.0667901140975947,363,0.9,326.7,0.066903410183936,20,3383,0.86468,0.06677704194260485,0.05509641873278237,0.9,16.335
2034-04-08,Google,18-25,West India,Mobile,Video,2,18087,4,0.0598479832351552,1082,0.9,973.8,0.1014885386730594,94,3384,0.86464,0.05982197158179908,0.08687615526802218,0.8999999999999999,10.359574468085105
2034-04-09,Instagram,36-50,North India,Mobile,Image,13,56702,4,0.1119723314518887,6349,1.3,8253.7,0.1700655854857121,932,3385,0.8646,0.11197135903495467,0.146794770830052,1.3,8.85590128755365
2034-04-10,Google,26-35,South India,Mobile,Video,19,26428,4,0.1101075096039712,2909,0.9,2618.1,0.1834860820714355,460,3386,0.86456,0.1100726502194642,0.15812994156067378,0.9,5.691521739130435
2034-04-11,Instagram,18-25,South India,Desktop,Image,1,75033,4,0.1021143054019099,7661,1.3,9959.3,0.0879262081921413,581,3387,0.86452,0.10210174190023057,0.07583866335987469,1.2999999999999998,17.141652323580033
2034-04-12,Google,36-50,North India,Mobile,Text,11,29154,4,0.028511089556642,831,0.9,747.9,0.0409276259490606,29,3388,0.86448,0.028503807367771146,0.03489771359807461,0.9,25.78965517241379
2034-04-13,Instagram,36-50,South India,Mobile,Video,9,93045,4,0.0558602348451833,5197,1.3,6756.1,0.1426603988455344,640,3389,0.86444,0.05585469396528561,0.12314796998268232,1.3,10.55640625
2034-04-14,Google,18-25,West India,Mobile,Text,12,45747,4,0.0744487157718241,3405,0.9,3064.5,0.0918466577093852,269,3390,0.8644,0.07443111023673683,0.07900146842878121,0.9,11.392193308550185
2034-04-15,Instagram,36-50,North India,Mobile,Text,19,35349,4,0.0492509994196223,1740,1.3,2262.0,0.1384870858046328,207,3391,0.86436,0.04922345752355088,0.11896551724137931,1.3,10.927536231884059
2034-04-16,Instagram,26-35,North India,Mobile,Image,3,70493,4,0.0500624925830648,3529,1.3,4587.7,0.19234201455561,586,3392,0.86432,0.050061708254720325,0.1660527061490507,1.3,7.828839590443685
2034-04-17,Google,36-50,North India,Mobile,Image,18,38358,4,0.0332210036821219,1274,0.9,1146.6,0.1049734438113462,114,3393,0.8642799999999999,0.03321341050106888,0.08948194662480377,0.8999999999999999,10.057894736842105
2034-04-18,Instagram,26-35,North India,Desktop,Text,21,53484,4,0.0511675809490239,2736,1.3,3556.8,0.1321120795035424,311,3394,0.86424,0.05115548575274848,0.11366959064327485,1.3,11.436655948553055
2034-04-19,Instagram,26-35,South India,Desktop,Image,0,81449,4,0.0892515205168705,7269,1.3,9449.7,0.1701305433454413,1068,3395,0.8642,0.08924603125882453,0.14692529921584813,1.3,8.84803370786517
2034-04-20,Instagram,18-25,North India,Mobile,Image,10,51837,4,0.12141840453237,6293,1.3,8180.900000000001,0.1129640133957534,613,3396,0.86416,0.1213997723633698,0.09740982043540442,1.3,13.34567699836868
2034-04-21,Instagram,36-50,North India,Mobile,Image,15,76333,4,0.0653648419146729,4989,1.3,6485.7,0.0561160568465099,241,3397,0.86412,0.06535836401032319,0.048306273802365206,1.3,26.91161825726141
2034-04-22,Google,26-35,South India,Mobile,Text,18,8531,4,0.0562129959607263,479,0.9,431.1,0.1192518038334741,49,3398,0.86408,0.05614816551400774,0.1022964509394572,0.9,8.79795918367347
2034-04-23,Instagram,26-35,North India,Mobile,Video,18,14825,4,0.0777857702782228,1153,1.3,1498.9,0.1225446161736798,121,3399,0.86404,0.07777403035413154,0.1049436253252385,1.3,12.387603305785126
2034-04-24,Google,36-50,South India,Mobile,Video,11,65028,4,0.07626877110453,4959,0.9,4463.1,0.1853711070062486,794,3400,0.864,0.07625945746447683,0.16011292599314378,0.9,5.62103274559194
2034-04-25,Google,26-35,South India,Mobile,Text,2,73447,4,0.0536208139184095,3938,0.9,3544.2000000000003,0.0645773730856637,219,3401,0.86396,0.05361689381458739,0.055611985779583546,0.9,16.183561643835617
2034-04-26,Instagram,36-50,North India,Mobile,Image,22,33316,4,0.1540918711558548,5133,1.3,6672.900000000001,0.1611886725532816,714,3402,0.86392,0.1540701164605595,0.13909994155464642,1.3,9.345798319327733
2034-04-27,Google,18-25,West India,Mobile,Image,23,72267,4,0.0650183454202019,4698,0.9,4228.2,0.1803420728882577,731,3403,0.86388,0.06500892523558471,0.1555981268624947,0.8999999999999999,5.784131326949384
2034-04-28,Instagram,26-35,North India,Mobile,Video,17,18279,4,0.1311076491986038,2396,1.3,3114.8,0.1291181735883312,266,3404,0.8638399999999999,0.1310793807101045,0.11101836393989983,1.3,11.709774436090227
2034-04-29,Instagram,26-35,West India,Mobile,Text,16,45223,4,0.0407505362897776,1842,1.3,2394.6,0.0658293929362144,104,3405,0.8638,0.0407314861906552,0.05646036916395222,1.3,23.025
2034-04-30,Instagram,36-50,South India,Mobile,Text,4,90952,4,0.0813364300333578,7397,1.3,9616.1,0.1428316340075671,912,3406,0.86376,0.0813286128947137,0.1232932269839124,1.3,10.543969298245614
2034-05-01,Instagram,36-50,West India,Desktop,Image,15,29000,5,0.0428641417103783,1243,1.3,1615.9,0.1738136754603446,186,3407,0.86372,0.04286206896551724,0.14963797264682221,1.3,8.68763440860215
2034-05-02,Google,36-50,North India,Mobile,Image,23,13045,5,0.0256878933822081,335,0.9,301.5,0.1311669215341507,37,3408,0.86368,0.025680337293982367,0.11044776119402985,0.9,8.14864864864865
2034-05-03,Google,36-50,North India,Desktop,Image,13,52498,5,0.031678496269312,1663,0.9,1496.7,0.0544231371179587,77,3409,0.86364,0.03167739723418035,0.04630186410102225,0.9,19.43766233766234
2034-05-04,Google,26-35,West India,Mobile,Text,18,37299,5,0.0694626228785258,2590,0.9,2331.0,0.0812691916819659,181,3410,0.8635999999999999,0.06943885895064211,0.06988416988416989,0.9,12.878453038674033
2034-05-05,Google,18-25,North India,Desktop,Video,5,77202,5,0.0321953851280155,2485,0.9,2236.5,0.1916928680274533,411,3411,0.86356,0.03218828527758348,0.16539235412474848,0.9,5.4416058394160585
2034-05-06,Google,18-25,West India,Mobile,Text,2,19245,5,0.0468064086156171,900,0.9,810.0,0.1094962915010747,84,3412,0.86352,0.04676539360872954,0.09333333333333334,0.9,9.642857142857142
2034-05-07,Google,18-25,South India,Desktop,Text,5,99102,5,0.0189040888144933,1873,0.9,1685.7,0.0566622224784109,91,3413,0.86348,0.01889971948093883,0.048585157501334755,0.9,18.524175824175824
2034-05-08,Instagram,18-25,West India,Mobile,Text,11,28339,5,0.0569463914798115,1613,1.3,2096.9,0.120226471783493,166,3414,0.86344,0.05691802815907407,0.10291382517048978,1.3,12.631927710843375
2034-05-09,Instagram,36-50,West India,Mobile,Video,19,71388,5,0.0534343961703712,3814,1.3,4958.2,0.1073911565520061,353,3415,0.8634,0.053426346164621503,0.0925537493445202,1.3,14.045892351274787
2034-05-10,Google,26-35,West India,Mobile,Image,10,82950,5,0.0757272806297125,6281,0.9,5652.900000000001,0.1085348149018614,587,3416,0.86336,0.07572031344183243,0.0934564559783474,0.9000000000000001,9.63015332197615
2034-05-11,Instagram,26-35,West India,Mobile,Image,6,64819,5,0.0339256453075414,2199,1.3,2858.7000000000003,0.0981065185076022,185,3417,0.86332,0.0339252379703482,0.08412914961346066,1.3,15.452432432432435
2034-05-12,Google,26-35,South India,Mobile,Text,0,80817,5,0.0237476944333133,1919,0.9,1727.1,0.1323936854315058,219,3418,0.86328,0.02374500414516748,0.11412193850964043,0.8999999999999999,7.8863013698630136
2034-05-13,Google,36-50,South India,Mobile,Text,15,29031,5,0.0578519682497245,1679,0.9,1511.1,0.0659239127542679,94,3419,0.86324,0.05783472839378595,0.05598570577724836,0.8999999999999999,16.075531914893617
2034-05-14,Instagram,26-35,South India,Mobile,Video,15,17626,5,0.083617766551795,1473,1.3,1914.9,0.1245707352989289,157,3420,0.8632,0.08356972654033813,0.10658520027155464,1.3,12.196815286624204
2034-05-15,Instagram,36-50,West India,Mobile,Video,16,24302,5,0.0373411034395224,907,1.3,1179.1,0.1730836807015827,134,3421,0.8631599999999999,0.037322031108550736,0.14773980154355015,1.2999999999999998,8.799253731343283
2034-05-16,Instagram,26-35,South India,Mobile,Image,14,47691,5,0.0954175684191492,4550,1.3,5915.0,0.1525365502266699,599,3422,0.86312,0.09540584177308087,0.13164835164835165,1.3,9.874791318864775
2034-05-17,Google,18-25,North India,Mobile,Text,20,31112,5,0.0916110475092256,2850,0.9,2565.0,0.0551071904868724,135,3423,0.86308,0.09160452558498329,0.04736842105263158,0.9,19.0
2034-05-18,Instagram,36-50,South India,Mobile,Video,8,72047,5,0.0678634879486197,4889,1.3,6355.7,0.1176026959757857,495,3424,0.86304,0.06785848126917152,0.10124769891593373,1.3,12.839797979797979
2034-05-19,Instagram,26-35,West India,Desktop,Video,4,71204,5,0.0412877624640703,2939,1.3,3820.7,0.0504131561653938,127,3425,0.863,0.04127577102409977,0.04321197686287853,1.3,30.084251968503935
2034-05-20,Instagram,18-25,North India,Desktop,Text,19,7087,5,0.0694475356081186,492,1.3,639.6,0.0922360033675345,38,3426,0.86296,0.06942288697615352,0.07723577235772358,1.3,16.83157894736842
2034-05-21,Instagram,18-25,West India,Desktop,Text,7,73551,5,0.0499252876861274,3672,1.3,4773.6,0.0674320268626554,213,3427,0.86292,0.04992454215442346,0.05800653594771242,1.3,22.411267605633803
2034-05-22,Instagram,18-25,North India,Desktop,Text,20,97955,5,0.0509323145806715,4989,1.3,6485.7,0.0336414418819484,144,3428,0.86288,0.050931550201623196,0.028863499699338546,1.3,45.03958333333333
2034-05-23,Instagram,36-50,West India,Mobile,Text,0,32314,5,0.0459873542584524,1486,1.3,1931.8,0.0845398957725609,107,3429,0.86284,0.04598625982546265,0.07200538358008075,1.3,18.054205607476636
2034-05-24,Instagram,36-50,West India,Desktop,Text,6,78150,5,0.0728851407760312,5695,1.3,7403.5,0.1442974956897115,708,3430,0.8628,0.07287268074216251,0.12431957857769974,1.3,10.456920903954803
2034-05-25,Instagram,26-35,North India,Mobile,Text,10,70539,5,0.0439373089474345,3099,1.3,4028.7,0.136690501778103,364,3431,0.86276,0.04393314336749883,0.11745724427234591,1.3,11.067857142857143
2034-05-26,Instagram,18-25,South India,Mobile,Video,19,27235,5,0.0551215364434179,1501,1.3,1951.3,0.1215646073546569,157,3432,0.8627199999999999,0.055112906186891866,0.10459693537641572,1.3,12.428662420382166
2034-05-27,Google,26-35,North India,Desktop,Text,20,61572,5,0.0300004232295715,1847,0.9,1662.3,0.083079559511364,131,3433,0.86268,0.029997401416228156,0.07092582566323768,0.9,12.689312977099236
2034-05-28,Instagram,26-35,North India,Mobile,Image,12,34366,5,0.0504079680638122,1732,1.3,2251.6,0.0702766346419222,104,3434,0.86264,0.05039864982831869,0.06004618937644342,1.3,21.65
2034-05-29,Google,18-25,North India,Mobile,Text,21,52347,5,0.057837329898146,3027,0.9,2724.3,0.0400221942717087,104,3435,0.8626,0.05782566336179724,0.03435744962008589,0.9,26.19519230769231
2034-05-30,Google,26-35,North India,Mobile,Image,12,33837,5,0.0484077868050014,1637,0.9,1473.3,0.1302922488107045,183,3436,0.86256,0.048378993409581225,0.1117898594990837,0.9,8.050819672131148
2034-05-31,Instagram,36-50,North India,Mobile,Image,6,9139,5,0.0541310912876009,494,1.3,642.2,0.1444070100065853,61,3437,0.86252,0.05405405405405406,0.12348178137651822,1.3,10.527868852459017
2034-06-01,Instagram,26-35,West India,Mobile,Image,10,10585,6,0.0564809934511039,597,1.3,776.1,0.1550539173009233,79,3438,0.86248,0.05640056683986774,0.1323283082077052,1.3,9.824050632911392
2034-06-02,Instagram,18-25,West India,Mobile,Text,17,4659,6,0.046726629398879,217,1.3,282.1,0.1380342282625825,25,3439,0.86244,0.046576518566215926,0.1152073732718894,1.3,11.284
2034-06-03,Google,36-50,South India,Mobile,Text,0,92761,6,0.0361209903762952,3350,0.9,3015.0,0.149434624367025,431,3440,0.8624,0.03611431528336262,0.12865671641791046,0.9,6.995359628770301
2034-06-04,Google,36-50,South India,Mobile,Image,11,6634,6,0.0665569186847081,441,0.9,396.9,0.045806194948405,17,3441,0.86236,0.06647573108230329,0.03854875283446712,0.8999999999999999,23.34705882352941
2034-06-05,Google,26-35,North India,Mobile,Text,2,4682,6,0.0261422648429984,122,0.9,109.8,0.1357299479119634,13,3442,0.86232,0.026057240495514736,0.10655737704918032,0.9,8.446153846153846
2034-06-06,Instagram,26-35,South India,Mobile,Video,0,36451,6,0.0791411172416649,2884,1.3,3749.2,0.1167853749143874,289,3443,0.8622799999999999,0.07911991440564045,0.10020804438280166,1.3,12.973010380622837
2034-06-07,Instagram,36-50,South India,Desktop,Video,3,71098,6,0.063708282893507,4529,1.3,5887.7,0.2057250651504743,802,3444,0.86224,0.06370080733635264,0.1770810333406933,1.3,7.341271820448878
2034-06-08,Instagram,26-35,North India,Mobile,Video,5,5652,6,0.0888811460729146,502,1.3,652.6,0.1101480615622295,47,3445,0.8622,0.08881811748053786,0.09362549800796813,1.3,13.885106382978725
2034-06-09,Instagram,18-25,West India,Desktop,Video,4,87851,6,0.0682583184694383,5996,1.3,7794.8,0.1129816055595887,583,3446,0.86216,0.06825192655746662,0.09723148765843896,1.3,13.37015437392796
2034-06-10,Instagram,26-35,West India,Mobile,Text,10,76038,6,0.032211687540053,2449,1.3,3183.7000000000003,0.033565098907745,70,3447,0.86212,0.032207580420316156,0.028583095140873826,1.3,45.48142857142857
2034-06-11,Instagram,26-35,South India,Mobile,Image,19,71249,6,0.0647630763799723,4614,1.3,5998.2,0.049472183754588,196,3448,0.86208,0.06475880363233168,0.04247941048981361,1.3,30.603061224489796
2034-06-12,Google,36-50,West India,Mobile,Text,22,6413,6,0.0421445270842759,270,0.9,243.0,0.1081880983027875,24,3449,0.86204,0.04210198035240917,0.08888888888888889,0.9,10.125
2034-06-13,Google,26-35,West India,Mobile,Video,12,22984,6,0.0427982631919393,983,0.9,884.7,0.1952474409452702,164,3450,0.862,0.0427688827010094,0.16683621566632756,0.9,5.394512195121951
2034-06-14,Instagram,26-35,South India,Mobile,Text,10,21487,6,0.0389739919047002,837,1.3,1088.1,0.0634352951646317,45,3451,0.86196,0.038953786010145666,0.053763440860215055,1.2999999999999998,24.18
2034-06-15,Instagram,26-35,North India,Mobile,Text,5,3075,6,0.0515494133333625,158,1.3,205.4,0.0407716689585151,5,3452,0.86192,0.05138211382113821,0.03164556962025317,1.3,41.08
2034-06-16,Google,18-25,South India,Mobile,Video,18,34550,6,0.078069145946281,2697,0.9,2427.3,0.0877047407108236,203,3453,0.86188,0.07806078147612157,0.07526881720430108,0.9,11.957142857142857
2034-06-17,Instagram,26-35,South India,Mobile,Image,14,86726,6,0.0952229234737082,8258,1.3,10735.4,0.072862393552435,517,3454,0.8618399999999999,0.09521942670018219,0.06260595785904577,1.3,20.764796905222436
2034-06-18,Google,18-25,South India,Mobile,Text,20,98799,6,0.0540838465633157,5343,0.9,4808.7,0.0719828779754352,330,3455,0.8618,0.05407949473172805,0.06176305446378439,0.8999999999999999,14.57181818181818
2034-06-19,Google,18-25,North India,Desktop,Text,12,43293,6,0.0208907039469798,904,0.9,813.6,0.0408602115556272,31,3456,0.86176,0.020880973829487445,0.034292035398230086,0.9,26.24516129032258
2034-06-20,Instagram,18-25,North India,Mobile,Video,9,78445,6,0.058200782117393,4565,1.3,5934.5,0.0790305600691371,310,3457,0.86172,0.0581936388552489,0.06790799561883899,1.3,19.143548387096775
2034-06-21,Instagram,18-25,North India,Desktop,Image,0,30212,6,0.0292595764838602,883,1.3,1147.9,0.1525030753179572,115,3458,0.86168,0.029226797299086456,0.13023782559456398,1.3,9.981739130434784
2034-06-22,Instagram,36-50,North India,Desktop,Video,12,15962,6,0.0301536097373571,481,1.3,625.3000000000001,0.1782950407820735,73,3459,0.86164,0.03013406841247964,0.15176715176715178,1.3,8.565753424657535
2034-06-23,Google,18-25,South India,Mobile,Video,5,16853,6,0.052030243813586,876,0.9,788.4,0.1056903900569635,79,3460,0.8616,0.0519788761644811,0.09018264840182648,0.9,9.979746835443038
2034-06-24,Google,26-35,West India,Desktop,Text,20,51209,6,0.054781616023464,2805,0.9,2524.5,0.1449988054105223,349,3461,0.86156,0.054775527739264585,0.12442067736185383,0.9,7.23352435530086
2034-06-25,Instagram,18-25,South India,Desktop,Image,23,80911,6,0.0318901141881335,2580,1.3,3354.0,0.0854490596245521,189,3462,0.86152,0.03188688806219179,0.07325581395348837,1.3,17.746031746031747
2034-06-26,Instagram,26-35,North India,Mobile,Video,19,46964,6,0.0606397383652809,2847,1.3,3701.1,0.1527638371686593,373,3463,0.86148,0.060620901115748235,0.13101510361784335,1.3,9.922520107238606
2034-06-27,Google,18-25,West India,Mobile,Text,11,68645,6,0.0700238469207955,4806,0.9,4325.400000000001,0.1051051973331944,435,3464,0.86144,0.07001238254789133,0.09051186017478152,0.9000000000000001,9.943448275862071
2034-06-28,Instagram,36-50,South India,Mobile,Video,16,61501,6,0.03669128896665,2256,1.3,2932.8,0.0614931257746277,118,3465,0.8613999999999999,0.03668233036861189,0.05230496453900709,1.3,24.854237288135593
2034-06-29,Google,18-25,West India,Mobile,Text,17,67856,6,0.0673629077497537,4570,0.9,4113.0,0.070996658440831,279,3466,0.86136,0.06734850271162461,0.061050328227571116,0.9,14.741935483870968
2034-06-30,Instagram,18-25,North India,Mobile,Image,23,82523,6,0.0917782757221087,7573,1.3,9844.9,0.156321976708243,1018,3467,0.86132,0.09176835548877282,0.1344249306747656,1.3,9.67082514734774
2034-07-01,Instagram,36-50,West India,Desktop,Video,7,38185,7,0.0438792633538533,1675,1.3,2177.5,0.0565456447909484,80,3468,0.86128,0.043865392169700146,0.04776119402985075,1.3,27.21875
2034-07-02,Google,18-25,West India,Desktop,Image,13,70235,7,0.0212519356584311,1492,0.9,1342.8,0.0644838054952156,82,3469,0.86124,0.02124297002918773,0.054959785522788206,0.9,16.37560975609756
2034-07-03,Google,26-35,North India,Mobile,Image,4,50884,7,0.0630406649172468,3207,0.9,2886.3,0.1671357881908057,461,3470,0.8612,0.0630257055262951,0.14374805113813532,0.9,6.260954446854664
2034-07-04,Instagram,18-25,West India,Mobile,Text,21,63858,7,0.0996603308163713,6364,1.3,8273.2,0.0387353384220756,211,3471,0.8611599999999999,0.09965861755770616,0.03315524827152734,1.3,39.20947867298579
2034-07-05,Instagram,18-25,South India,Desktop,Video,1,94745,7,0.0772558619934302,7319,1.3,9514.7,0.1353330379722095,852,3472,0.86112,0.07724945907435748,0.11640934553900806,1.3,11.1674882629108
2034-07-06,Instagram,18-25,West India,Mobile,Video,21,65326,7,0.0663224696086504,4332,1.3,5631.6,0.2022829745458436,754,3473,0.86108,0.06631356580840707,0.17405355493998154,1.3,7.468965517241379
2034-07-07,Instagram,36-50,South India,Mobile,Text,10,40330,7,0.1097520233641207,4426,1.3,5753.8,0.1609275534202773,613,3474,0.86104,0.10974460699231342,0.13849977406235878,1.3,9.386296900489397
2034-07-08,Instagram,18-25,West India,Mobile,Text,2,47415,7,0.0438490204830682,2079,1.3,2702.7000000000003,0.1505391860980316,268,3475,0.861,0.04384688389750079,0.12890812890812892,1.3,10.084701492537315
2034-07-09,Instagram,18-25,West India,Mobile,Image,21,62006,7,0.1284829868946359,7966,1.3,10355.8,0.1073849766140655,736,3476,0.86096,0.1284714382479115,0.09239266884258097,1.2999999999999998,14.070380434782608
2034-07-10,Google,26-35,North India,Mobile,Video,15,50127,7,0.0676773869806512,3392,0.9,3052.8,0.0594022060579019,173,3477,0.86092,0.06766812296766214,0.05100235849056604,0.9,17.646242774566474
2034-07-11,Google,18-25,North India,Mobile,Video,20,23547,7,0.082776308722432,1949,0.9,1754.1,0.1689234437493023,283,3478,0.86088,0.08277062895485625,0.14520266803488968,0.8999999999999999,6.1982332155477025
2034-07-12,Google,18-25,South India,Mobile,Text,15,23939,7,0.0653128984202747,1563,0.9,1406.7,0.1302059364975308,174,3479,0.86084,0.06529094782572371,0.11132437619961612,0.9,8.08448275862069
2034-07-13,Google,18-25,North India,Mobile,Text,8,80738,7,0.0686183631777198,5540,0.9,4986.0,0.0978252942787261,465,3480,0.8608,0.06861700810027496,0.08393501805054152,0.9,10.72258064516129
2034-07-14,Instagram,18-25,North India,Mobile,Text,12,95756,7,0.0566222221767886,5421,1.3,7047.3,0.1327150652876079,618,3481,0.86076,0.05661264046117215,0.1140011068068622,1.3,11.403398058252428
2034-07-15,Google,26-35,North India,Mobile,Video,9,88298,7,0.0735616444955229,6495,0.9,5845.5,0.1910865862022901,1068,3482,0.8607199999999999,0.07355772497678316,0.16443418013856814,0.9,5.473314606741573
2034-07-16,Instagram,26-35,North India,Desktop,Video,16,75332,7,0.0838496750049588,6316,1.3,8210.800000000001,0.1546457860112713,840,3483,0.86068,0.08384219189720173,0.13299556681443953,1.3000000000000003,9.774761904761906
2034-07-17,Instagram,36-50,North India,Mobile,Image,20,2722,7,0.0459062110405011,124,1.3,161.20000000000002,0.052909292978415,5,3484,0.86064,0.045554739162380606,0.04032258064516129,1.3,32.24
2034-07-18,Instagram,18-25,South India,Mobile,Text,16,44364,7,0.1027257075405059,4557,1.3,5924.1,0.0499042451343928,195,3485,0.8606,0.10271842034081688,0.042791310072416065,1.3,30.380000000000003
2034-07-19,Google,36-50,South India,Mobile,Image,9,12674,7,0.0412178550695228,522,0.9,469.8,0.1069289818305248,47,3486,0.86056,0.041186681394981856,0.09003831417624521,0.9,9.995744680851065
2034-07-20,Google,36-50,North India,Mobile,Video,7,3812,7,0.0247545294811414,94,0.9,84.60000000000001,0.0923150155277268,6,3487,0.86052,0.02465897166841553,0.06382978723404255,0.9000000000000001,14.100000000000001
2034-07-21,Google,18-25,North India,Desktop,Image,6,3278,7,0.0517434927929173,169,0.9,152.1,0.055686763528501,7,3488,0.86048,0.05155582672361196,0.04142011834319527,0.8999999999999999,21.728571428571428
2034-07-22,Google,26-35,South India,Mobile,Image,13,36118,7,0.0360024048675699,1300,0.9,1170.0,0.1381233864636296,154,3489,0.86044,0.0359931336175868,0.11846153846153847,0.9,7.597402597402597
2034-07-23,Google,26-35,West India,Mobile,Image,21,70159,7,0.0576995635939773,4048,0.9,3643.2,0.135694172554895,472,3490,0.8604,0.05769751564303938,0.116600790513834,0.8999999999999999,7.7186440677966095
2034-07-24,Instagram,18-25,South India,Desktop,Text,17,7530,7,0.0348152412538074,262,1.3,340.6,0.128764045658765,28,3491,0.86036,0.034794156706507304,0.10687022900763359,1.3,12.164285714285715
2034-07-25,Instagram,18-25,West India,Mobile,Video,20,50866,7,0.0979212958554382,4980,1.3,6474.0,0.0774465794734801,331,3492,0.86032,0.09790429756615421,0.06646586345381526,1.3,19.55891238670695
2034-07-26,Instagram,26-35,North India,Mobile,Text,18,82523,7,0.1119207915915905,9236,1.3,12006.8,0.0668756423943122,530,3493,0.8602799999999999,0.11192031312482581,0.057384148982243394,1.2999999999999998,22.65433962264151
2034-07-27,Instagram,18-25,North India,Mobile,Image,17,1924,7,0.0508087158868526,97,1.3,126.1,0.0644740361741049,5,3494,0.86024,0.05041580041580042,0.05154639175257732,1.3,25.22
2034-07-28,Google,18-25,South India,Desktop,Text,13,20546,7,0.028501723415865,585,0.9,526.5,0.1161146508611977,57,3495,0.8602,0.02847269541516597,0.09743589743589744,0.9,9.236842105263158
2034-07-29,Instagram,18-25,North India,Mobile,Video,9,54305,7,0.0380493915237335,2066,1.3,2685.8,0.1361061970805634,241,3496,0.86016,0.03804437897062886,0.11665053242981607,1.3,11.144398340248964
2034-07-30,Instagram,26-35,West India,Desktop,Video,0,78806,7,0.0584224093916864,4604,1.3,5985.2,0.1325566574319445,524,3497,0.86012,0.0584219475674441,0.11381407471763684,1.3,11.422137404580152
2034-07-31,Google,36-50,West India,Mobile,Image,8,19953,7,0.0455773119876438,909,0.9,818.1,0.0814479181970953,63,3498,0.86008,0.04555705908885882,0.06930693069306931,0.9,12.985714285714286
2034-08-01,Instagram,36-50,South India,Mobile,Image,17,36583,8,0.0827221353366195,3026,1.3,3933.8,0.0805061507267583,208,3499,0.86004,0.08271601563567778,0.06873760740251157,1.3,18.9125
2034-08-02,Google,18-25,West India,Desktop,Text,12,89892,8,0.0250685587971154,2253,0.9,2027.7,0.1399585320384725,270,3500,0.86,0.025063409424642906,0.11984021304926765,0.9,7.51
2034-08-03,Instagram,26-35,South India,Mobile,Video,16,71114,8,0.0426628006954957,3033,1.3,3942.9,0.0618282111783638,160,3501,0.85996,0.04264982985066232,0.05275304978569074,1.3,24.643125
2034-08-04,Instagram,18-25,South India,Desktop,Video,22,5462,8,0.0664432585269004,362,1.3,470.6,0.1741024204185884,54,3502,0.85992,0.06627608934456243,0.14917127071823205,1.3,8.714814814814815
2034-08-05,Google,26-35,West India,Desktop,Text,21,1888,8,0.0546043093922166,103,0.9,92.7,0.0363296607426031,2,3503,0.85988,0.05455508474576271,0.019417475728155338,0.9,46.35
2034-08-06,Instagram,18-25,West India,Desktop,Video,15,88868,8,0.047399100018817,4212,1.3,5475.6,0.0805648054496186,291,3504,0.8598399999999999,0.047396138092451724,0.06908831908831908,1.3,18.816494845360825
2034-08-07,Instagram,26-35,West India,Mobile,Image,23,86398,8,0.0699728409435538,6045,1.3,7858.5,0.0805276856408129,417,3505,0.8598,0.06996689738188384,0.06898263027295286,1.3,18.845323741007196
2034-08-08,Instagram,26-35,West India,Mobile,Image,10,86509,8,0.1008160927943704,8721,1.3,11337.3,0.1641080356965739,1230,3506,0.85976,0.10081032031349339,0.14103887168902648,1.2999999999999998,9.217317073170731
2034-08-09,Google,36-50,West India,Desktop,Text,22,68259,8,0.0402999063495334,2750,0.9,2475.0,0.0503904570951478,118,3507,0.85972,0.04028772762566109,0.04290909090909091,0.9,20.97457627118644
2034-08-10,Instagram,18-25,West India,Mobile,Text,8,24410,8,0.0332189023285564,810,1.3,1053.0,0.1455989800943526,100,3508,0.85968,0.03318312167144613,0.12345679012345678,1.3,10.53
2034-08-11,Google,36-50,West India,Mobile,Text,6,9602,8,0.0590608421714206,567,0.9,510.3,0.1310393002040361,63,3509,0.85964,0.05905019787544261,0.1111111111111111,0.9,8.1
2034-08-12,Google,36-50,North India,Mobile,Image,21,19614,8,0.0635196147585764,1245,0.9,1120.5,0.1283131744075333,136,3510,0.8596,0.06347506882838788,0.10923694779116466,0.9,8.238970588235293
2034-08-13,Google,26-35,South India,Mobile,Text,0,19444,8,0.0688446935001178,1338,0.9,1204.2,0.0912975705376806,104,3511,0.85956,0.06881300144003291,0.07772795216741404,0.9,11.578846153846154
2034-08-14,Instagram,18-25,South India,Mobile,Video,8,54050,8,0.0399247174834275,2157,1.3,2804.1,0.2200914708923511,407,3512,0.85952,0.039907493061979646,0.18868799258229021,1.3,6.889680589680589
2034-08-15,Instagram,26-35,West India,Mobile,Text,9,69149,8,0.0954736652214831,6601,1.3,8581.300000000001,0.0968266485472532,549,3513,0.85948,0.0954605272672056,0.08316921678533555,1.3000000000000003,15.630783242258653
2034-08-16,Instagram,26-35,South India,Mobile,Video,15,89618,8,0.104912469818058,9402,1.3,12222.6,0.1213991511632764,980,3514,0.85944,0.10491195965096298,0.10423314188470538,1.3,12.472040816326531
2034-08-17,Instagram,26-35,West India,Mobile,Image,20,82516,8,0.1238794843896683,10222,1.3,13288.6,0.1219873586090451,1070,3515,0.8593999999999999,0.12387900528382374,0.10467618861279593,1.3,12.419252336448599
2034-08-18,Google,18-25,North India,Mobile,Video,17,45866,8,0.0318810244669685,1462,0.9,1315.8,0.0826699168400323,103,3516,0.85936,0.03187546330615271,0.0704514363885089,0.9,12.774757281553397
2034-08-19,Google,18-25,South India,Desktop,Video,13,67213,8,0.0217579804877862,1462,0.9,1315.8,0.1032278871500752,128,3517,0.85932,0.02175174445419785,0.08755129958960328,0.9,10.2796875
2034-08-20,Google,26-35,South India,Desktop,Video,10,77638,8,0.0380402312926305,2953,0.9,2657.7000000000003,0.2226893210805084,564,3518,0.85928,0.038035498080836706,0.19099221131053165,0.9000000000000001,4.712234042553192
2034-08-21,Google,18-25,North India,Mobile,Image,23,58239,8,0.0592313515063841,3449,0.9,3104.1,0.1435922699232153,425,3519,0.85924,0.05922148388536891,0.12322412293418382,0.9,7.303764705882353
2034-08-22,Google,26-35,North India,Mobile,Video,3,44211,8,0.0633363921824687,2800,0.9,2520.0,0.1275547163757094,306,3520,0.8592,0.06333265476917509,0.10928571428571429,0.9,8.235294117647058
2034-08-23,Google,18-25,North India,Mobile,Video,18,4004,8,0.0527160034314278,211,0.9,189.9,0.1120841556405909,19,3521,0.8591599999999999,0.052697302697302696,0.09004739336492891,0.9,9.994736842105263
2034-08-24,Google,18-25,South India,Mobile,Text,12,64789,8,0.0482924527000876,3128,0.9,2815.2000000000003,0.1431109050161765,384,3522,0.85912,0.04827980058343237,0.12276214833759591,0.9000000000000001,7.331250000000001
2034-08-25,Google,36-50,South India,Desktop,Text,0,75522,8,0.051996172201866,3926,0.9,3533.4,0.1120962960366922,377,3523,0.85908,0.05198485209607796,0.09602649006622517,0.9,9.372413793103448
2034-08-26,Google,26-35,North India,Desktop,Text,20,65084,8,0.0406462228366506,2645,0.9,2380.5,0.079219563578507,179,3524,0.85904,0.04063978858091082,0.06767485822306238,0.9,13.298882681564246
2034-08-27,Google,36-50,North India,Desktop,Video,18,27269,8,0.0639773754084705,1744,0.9,1569.6,0.127865627202518,190,3525,0.859,0.06395540723898933,0.10894495412844037,0.8999999999999999,8.261052631578947
2034-08-28,Instagram,36-50,North India,Mobile,Video,14,80709,8,0.0693675138103206,5598,1.3,7277.400000000001,0.0827403953205325,397,3526,0.85896,0.06936029439096011,0.07091818506609504,1.3,18.33098236775819
2034-08-29,Instagram,26-35,North India,Mobile,Image,19,22118,8,0.0555858810080841,1229,1.3,1597.7,0.064861994399612,67,3527,0.85892,0.055565602676553034,0.05451586655817738,1.3,23.84626865671642
2034-08-30,Instagram,26-35,North India,Mobile,Video,14,99494,8,0.0950300124176811,9454,1.3,12290.2,0.2034588883309412,1651,3528,0.85888,0.09502080527468994,0.17463507510048656,1.3,7.444094488188977
2034-08-31,Google,18-25,West India,Mobile,Video,10,15089,8,0.0538735172188908,812,0.9,730.8000000000001,0.2108914259537124,146,3529,0.85884,0.0538140367154881,0.17980295566502463,0.9000000000000001,5.005479452054795
2034-09-01,Google,26-35,North India,Mobile,Image,22,43956,9,0.0736841415193003,3238,0.9,2914.2000000000003,0.09397000549793,261,3530,0.8588,0.07366457366457367,0.08060531192093885,0.9000000000000001,11.16551724137931
2034-09-02,Instagram,36-50,West India,Mobile,Video,4,86786,9,0.0428639642925971,3719,1.3,4834.7,0.1345639373457257,429,3531,0.85876,0.042852533818818705,0.11535358967464372,1.3,11.26969696969697
2034-09-03,Google,36-50,South India,Mobile,Image,23,92601,9,0.0659580954986957,6107,0.9,5496.3,0.1713878972184509,898,3532,0.8587199999999999,0.06594961177525081,0.14704437530702472,0.9,6.1206013363028955
2034-09-04,Google,26-35,South India,Mobile,Image,21,80226,9,0.055236521688515,4431,0.9,3987.9,0.1557786908828584,592,3533,0.85868,0.055231471094159004,0.13360415256149855,0.9,6.736317567567568
2034-09-05,Google,36-50,West India,Mobile,Text,9,14740,9,0.0685762856955238,1010,0.9,909.0,0.045846358786445,39,3534,0.85864,0.06852103120759837,0.03861386138613861,0.9,23.307692307692307
2034-09-06,Google,18-25,North India,Mobile,Video,17,70581,9,0.0360103642209336,2541,0.9,2286.9,0.1053879242632804,229,3535,0.8586,0.036001190121987506,0.09012199921290831,0.9,9.98646288209607
2034-09-07,Google,36-50,South India,Desktop,Text,6,72160,9,0.0185120125349774,1335,0.9,1201.5,0.0701447977389953,79,3536,0.85856,0.018500554323725056,0.05917602996254682,0.9,15.208860759493671
2034-09-08,Google,18-25,North India,Mobile,Video,0,87078,9,0.0567978617784806,4945,0.9,4450.5,0.2040237785920459,865,3537,0.85852,0.056788166930797676,0.17492416582406473,0.9,5.145086705202312
2034-09-09,Instagram,36-50,North India,Mobile,Text,2,44779,9,0.0416600389956245,1865,1.3,2424.5,0.1169407145722475,187,3538,0.85848,0.041648987248487014,0.1002680965147453,1.3,12.96524064171123
2034-09-10,Google,18-25,West India,Mobile,Image,0,21495,9,0.0252902714359658,543,0.9,488.7,0.0466871292809668,21,3539,0.85844,0.02526168876482903,0.03867403314917127,0.9,23.271428571428572
2034-09-11,Google,18-25,South India,Desktop,Image,16,40602,9,0.0399425558882884,1621,0.9,1458.9,0.182605846856267,254,3540,0.8584,0.039924141667898136,0.1566933991363356,0.9,5.7437007874015755
2034-09-12,Instagram,26-35,South India,Mobile,Image,14,10033,9,0.0918600639311758,921,1.3,1197.3,0.1869055904890417,147,3541,0.85836,0.0917970696700887,0.15960912052117263,1.3,8.144897959183673
2034-09-13,Google,18-25,West India,Desktop,Image,4,54103,9,0.0463387123206478,2507,0.9,2256.3,0.0866576566801372,186,3542,0.85832,0.046337541356301866,0.07419226166733148,0.9,12.130645161290323
2034-09-14,Google,26-35,North India,Mobile,Video,21,88140,9,0.055773008124565,4915,0.9,4423.5,0.1480596507978639,623,3543,0.8582799999999999,0.055763557975947356,0.12675483214649033,0.9,7.100321027287319
2034-09-15,Instagram,36-50,North India,Desktop,Video,15,21442,9,0.0340101294534055,729,1.3,947.7,0.1544534231771964,96,3544,0.85824,0.033998694151664954,0.13168724279835392,1.3,9.871875000000001
2034-09-16,Google,36-50,South India,Mobile,Text,11,4247,9,0.0446566420966645,189,0.9,170.1,0.1328977836666417,21,3545,0.8582,0.04450200141276195,0.1111111111111111,0.9,8.1
2034-09-17,Google,36-50,West India,Mobile,Video,18,51368,9,0.0417587813397129,2145,0.9,1930.5,0.1645092218781441,302,3546,0.85816,0.04175751440585579,0.1407925407925408,0.9,6.392384105960265
2034-09-18,Google,18-25,West India,Mobile,Video,13,56244,9,0.0579203229260103,3257,0.9,2931.3,0.1420326254120297,396,3547,0.85812,0.05790839911812816,0.12158428001228123,0.9,7.402272727272727
2034-09-19,Google,36-50,North India,Mobile,Text,2,26474,9,0.0382328855725151,1012,0.9,910.8,0.1401320540885701,120,3548,0.85808,0.0382261841807056,0.11857707509881422,0.8999999999999999,7.59
2034-09-20,Instagram,36-50,North India,Desktop,Image,18,65784,9,0.1048632901186433,6898,1.3,8967.4,0.1061457648929813,628,3549,0.85804,0.10485832421257449,0.09104088141490287,1.3,14.279299363057325
2034-09-21,Instagram,26-35,West India,Mobile,Text,0,6586,9,0.0390823340882856,257,1.3,334.1,0.0471986741589888,10,3550,0.858,0.03902216823565138,0.038910505836575876,1.3,33.410000000000004
2034-09-22,Google,26-35,South India,Mobile,Text,20,57228,9,0.0530255864517914,3034,0.9,2730.6,0.047927695747367,124,3551,0.85796,0.05301600615083526,0.04087013843111404,0.9,22.020967741935483
2034-09-23,Instagram,36-50,North India,Desktop,Image,0,8940,9,0.0854618385956399,764,1.3,993.2,0.0404440903574355,25,3552,0.85792,0.08545861297539149,0.032722513089005235,1.3,39.728
2034-09-24,Google,36-50,West India,Mobile,Text,9,19606,9,0.0232434556447039,455,0.9,409.5,0.084922883036848,32,3553,0.85788,0.023207181475058656,0.07032967032967033,0.9,12.796875
2034-09-25,Google,18-25,West India,Desktop,Text,2,41747,9,0.0277128856135824,1156,0.9,1040.4,0.0665151155447679,65,3554,0.8578399999999999,0.027690612499101732,0.056228373702422146,0.9000000000000001,16.006153846153847
2034-09-26,Instagram,18-25,West India,Mobile,Text,12,65727,9,0.0659278397437524,4333,1.3,5632.900000000001,0.1405310509262565,521,3555,0.8578,0.06592420162186012,0.12024001846295869,1.3,10.811708253358926
2034-09-27,Google,36-50,South India,Desktop,Video,5,35282,9,0.0189830049562054,669,0.9,602.1,0.2130489242754749,121,3556,0.85776,0.01896151011847401,0.18086696562032886,0.9,4.9760330578512395
2034-09-28,Google,26-35,North India,Mobile,Image,10,58760,9,0.0520679887667868,3059,0.9,2753.1,0.1494330527871995,391,3557,0.85772,0.05205922396187883,0.12781954887218044,0.9,7.041176470588235
2034-09-29,Google,36-50,North India,Mobile,Image,5,63996,9,0.0566977613996465,3628,0.9,3265.2000000000003,0.1533479896141166,476,3558,0.85768,0.05669104319019939,0.13120176405733186,0.9,6.859663865546219
2034-09-30,Google,18-25,North India,Mobile,Text,2,3883,9,0.0345137238497168,134,0.9,120.6,0.0659443220634513,6,3559,0.85764,0.03450939994849343,0.04477611940298507,0.8999999999999999,20.099999999999998
2034-10-01,Google,26-35,South India,Mobile,Video,15,37594,10,0.0518915500030608,1950,0.9,1755.0,0.1315465221736443,219,3560,0.8576,0.0518699792520083,0.1123076923076923,0.9,8.013698630136986
2034-10-02,Instagram,26-35,North India,Mobile,Image,8,97031,10,0.0737186459552717,7152,1.3,9297.6,0.0794611618836856,487,3561,0.85756,0.07370840246931393,0.06809284116331096,1.3,19.09158110882957
2034-10-03,Google,18-25,North India,Mobile,Image,7,79103,10,0.0707805608261026,5598,0.9,5038.2,0.0494487800653392,236,3562,0.85752,0.07076849171333578,0.04215791354055019,0.9,21.34830508474576
2034-10-04,Google,36-50,North India,Desktop,Text,2,70875,10,0.020639737422022,1462,0.9,1315.8,0.13676343348224,170,3563,0.85748,0.020627865961199296,0.11627906976744186,0.9,7.739999999999999
2034-10-05,Google,36-50,North India,Desktop,Text,4,99978,10,0.0237547108987346,2374,0.9,2136.6,0.1019304643420917,206,3564,0.85744,0.02374522394926884,0.08677337826453244,0.8999999999999999,10.371844660194174
2034-10-06,Instagram,36-50,South India,Desktop,Text,20,89209,10,0.0371353716923343,3312,1.3,4305.6,0.0547511091518174,155,3565,0.8573999999999999,0.03712629891602865,0.04679951690821256,1.3,27.778064516129035
2034-10-07,Instagram,18-25,West India,Desktop,Image,13,16426,10,0.0872461178760571,1433,1.3,1862.9,0.0688482539315359,84,3566,0.85736,0.08723974187264094,0.05861828332170272,1.3,22.177380952380954
2034-10-08,Instagram,26-35,West India,Desktop,Text,4,17486,10,0.0677959779467664,1185,1.3,1540.5,0.0876395626746479,88,3567,0.85732,0.06776850051469747,0.07426160337552742,1.3,17.505681818181817
2034-10-09,Instagram,18-25,North India,Desktop,Text,18,77085,10,0.1049278256590567,8088,1.3,10514.4,0.0381666255121227,264,3568,0.85728,0.10492313679704222,0.032640949554896145,1.3,39.82727272727273
2034-10-10,Instagram,36-50,North India,Desktop,Text,4,4993,10,0.0441532941486443,220,1.3,286.0,0.0630486708678286,11,3569,0.85724,0.04406168636090527,0.05,1.3,26.0
2034-10-11,Google,18-25,North India,Mobile,Video,20,13219,10,0.0613742211796328,811,0.9,729.9,0.1578700434723245,109,3570,0.8572,0.06135108555866556,0.1344019728729963,0.9,6.696330275229357
2034-10-12,Google,26-35,South India,Desktop,Text,19,4708,10,0.0480735055982143,226,0.9,203.4,0.1578812084976971,30,3571,0.85716,0.04800339847068819,0.13274336283185842,0.9,6.78
2034-10-13,Instagram,18-25,North India,Desktop,Image,19,29788,10,0.0936559558411382,2789,1.3,3625.7,0.1615212782949299,385,3572,0.85712,0.09362830670068484,0.13804230907135173,1.3,9.417402597402598
2034-10-14,Instagram,36-50,South India,Desktop,Text,1,2495,10,0.0382721680710053,95,1.3,123.5,0.1054718070237227,8,3573,0.85708,0.03807615230460922,0.08421052631578947,1.3,15.4375
2034-10-15,Instagram,26-35,North India,Mobile,Image,6,95970,10,0.0715084986022523,6862,1.3,8920.6,0.079516648894268,467,3574,0.85704,0.07150151088881943,0.06805596036141066,1.3,19.101927194860814
2034-10-16,Google,18-25,North India,Mobile,Video,0,37160,10,0.0553137057556379,2055,0.9,1849.5,0.1925510065577962,338,3575,0.857,0.05530139935414424,0.16447688564476887,0.9,5.47189349112426
2034-10-17,Google,18-25,West India,Desktop,Video,20,8537,10,0.0739853851179512,631,0.9,567.9,0.1801546642418124,96,3576,0.8569599999999999,0.07391355277029402,0.15213946117274169,0.8999999999999999,5.9156249999999995
2034-10-18,Google,26-35,North India,Desktop,Text,17,36553,10,0.06222115921734,2274,0.9,2046.6,0.0986730020929769,191,3577,0.85692,0.06221103602987443,0.0839929639401935,0.8999999999999999,10.715183246073298
2034-10-19,Instagram,26-35,South India,Mobile,Image,9,23203,10,0.1026676550954832,2382,1.3,3096.6,0.1725211468229875,351,3578,0.85688,0.10265913890445201,0.1473551637279597,1.3,8.822222222222221
2034-10-20,Google,36-50,West India,Mobile,Text,5,55032,10,0.068485268368538,3768,0.9,3391.2000000000003,0.0886008138928617,285,3579,0.85684,0.06846925425207152,0.07563694267515923,0.9,11.898947368421053
2034-10-21,Google,26-35,South India,Mobile,Text,6,72124,10,0.026684117349467,1924,0.9,1731.6,0.0520863038624429,85,3580,0.8568,0.026676279740447006,0.04417879417879418,0.8999999999999999,20.371764705882352
2034-10-22,Instagram,36-50,West India,Mobile,Image,11,94844,10,0.0576793110511486,5470,1.3,7111.0,0.1713533367398075,802,3581,0.85676,0.057673653578507865,0.146617915904936,1.3,8.866583541147133
2034-10-23,Google,18-25,South India,Mobile,Image,17,81747,10,0.0593395032573179,4850,0.9,4365.0,0.1262370898634407,524,3582,0.8567199999999999,0.05932939435086303,0.10804123711340206,0.9,8.330152671755725
2034-10-24,Instagram,36-50,West India,Mobile,Image,10,38659,10,0.0764441985131722,2955,1.3,3841.5,0.1373406773240234,346,3583,0.85668,0.0764375695180941,0.1170896785109983,1.3,11.102601156069364
2034-10-25,Google,18-25,South India,Desktop,Image,21,65043,10,0.0340589337005259,2215,0.9,1993.5,0.1044130131037961,197,3584,0.85664,0.034054394784988395,0.0889390519187359,0.9,10.119289340101522
2034-10-26,Google,26-35,South India,Mobile,Image,18,4525,10,0.0305354270961043,138,0.9,124.2,0.0649041944407402,6,3585,0.8566,0.030497237569060774,0.043478260869565216,0.9,20.7
2034-10-27,Google,18-25,North India,Mobile,Video,3,86437,10,0.0432668106516354,3739,0.9,3365.1,0.0889923344738641,284,3586,0.85656,0.043256938579543484,0.07595613800481413,0.9,11.84894366197183
2034-10-28,Instagram,26-35,West India,Desktop,Video,18,5777,10,0.0344245358389363,198,1.3,257.40000000000003,0.0553370017670893,8,3587,0.85652,0.034273844555997926,0.04040404040404041,1.3000000000000003,32.175000000000004
2034-10-29,Google,18-25,West India,Mobile,Video,12,70725,10,0.0765442190510559,5413,0.9,4871.7,0.0627133731206201,290,3588,0.85648,0.07653587840226228,0.05357472750785147,0.8999999999999999,16.798965517241378
2034-10-30,Google,18-25,North India,Mobile,Image,18,46791,10,0.0420112077913404,1965,0.9,1768.5,0.065254241939653,109,3589,0.85644,0.04199525549785215,0.05547073791348601,0.9,16.224770642201836
2034-10-31,Instagram,18-25,South India,Mobile,Image,1,89853,10,0.0691287850477121,6211,1.3,8074.3,0.1303957141779656,692,3590,0.8564,0.06912401366676683,0.11141523104170022,1.3,11.668063583815028
2034-11-01,Google,18-25,South India,Mobile,Image,8,32501,11,0.0257543769738895,837,0.9,753.3000000000001,0.1969042494948737,140,3591,0.85636,0.02575305375219224,0.16726403823178015,0.9000000000000001,5.380714285714286
2034-11-02,Instagram,36-50,West India,Desktop,Text,7,66258,11,0.0663415350620017,4395,1.3,5713.5,0.1344030737889034,505,3592,0.85632,0.06633161278638051,0.1149032992036405,1.3,11.313861386138614
2034-11-03,Instagram,18-25,South India,Desktop,Video,20,84833,11,0.0876739666046868,7437,1.3,9668.1,0.0686682314115941,436,3593,0.8562799999999999,0.08766635625287329,0.05862578996907355,1.3,22.17454128440367
2034-11-04,Google,36-50,West India,Mobile,Video,13,77185,11,0.0231519944002516,1786,0.9,1607.4,0.1895137368392977,289,3594,0.85624,0.02313921098659066,0.1618141097424412,0.9,5.561937716262976
2034-11-05,Instagram,26-35,West India,Mobile,Text,8,24719,11,0.0531959200637898,1314,1.3,1708.2,0.0978210456694025,109,3595,0.8562,0.05315749018973259,0.08295281582952815,1.3,15.671559633027524
2034-11-06,Google,26-35,South India,Mobile,Text,12,67686,11,0.0248026159523193,1678,0.9,1510.2,0.1238363418844024,177,3596,0.85616,0.024790946429099073,0.10548271752085817,0.9,8.532203389830508
2034-11-07,Instagram,36-50,South India,Desktop,Video,17,80837,11,0.0363978421809715,2942,1.3,3824.6,0.0767807050736786,192,3597,0.85612,0.036394225416579044,0.06526172671651938,1.3,19.919791666666665
2034-11-08,Google,26-35,South India,Desktop,Image,5,29434,11,0.0372529802062699,1096,0.9,986.4,0.1048977949743742,97,3598,0.85608,0.037235849697628595,0.0885036496350365,0.9,10.169072164948453
2034-11-09,Instagram,26-35,North India,Mobile,Video,22,21520,11,0.096301504371836,2072,1.3,2693.6,0.1867058256934098,330,3599,0.85604,0.09628252788104089,0.15926640926640925,1.3,8.162424242424242
2034-11-10,Google,18-25,West India,Mobile,Image,21,57881,11,0.0418565779382775,2422,0.9,2179.8,0.0995511880660861,206,3600,0.856,0.04184447400701439,0.08505367464905036,0.9,10.581553398058253
2034-11-11,Instagram,18-25,South India,Desktop,Video,2,2510,11,0.0753784835266272,189,1.3,245.7,0.0762905706590608,11,3601,0.85596,0.0752988047808765,0.0582010582010582,1.3,22.336363636363636
2034-11-12,Google,18-25,North India,Desktop,Video,9,29546,11,0.0303378339842762,896,0.9,806.4,0.0952476155816513,72,3602,0.85592,0.030325593989034047,0.08035714285714286,0.9,11.2
2034-11-13,Google,36-50,South India,Mobile,Text,9,14982,11,0.0363118034016264,544,0.9,489.6,0.0663969313961596,30,3603,0.85588,0.03631023895341076,0.05514705882352941,0.9,16.32
2034-11-14,Google,36-50,West India,Desktop,Text,9,70451,11,0.0321570043173608,2265,0.9,2038.5,0.1157407477712626,224,3604,0.8558399999999999,0.03215000496799194,0.0988962472406181,0.9,9.100446428571429
2034-11-15,Google,26-35,North India,Mobile,Image,8,81270,11,0.0474369040557888,3855,0.9,3469.5,0.1591666926631265,524,3605,0.8558,0.047434477667035804,0.13592736705577171,0.9,6.6211832061068705
2034-11-16,Instagram,18-25,West India,Mobile,Image,11,89245,11,0.0996970128000189,8897,1.3,11566.1,0.142688594124747,1085,3606,0.85576,0.0996918594879265,0.12195121951219512,1.3,10.66
2034-11-17,Google,36-50,South India,Mobile,Video,23,20636,11,0.0548810625070446,1132,0.9,1018.8,0.2087009731342261,201,3607,0.85572,0.054855592169025004,0.1775618374558304,0.8999999999999999,5.068656716417911
2034-11-18,Instagram,36-50,South India,Mobile,Text,7,99220,11,0.0658389473347563,6532,1.3,8491.6,0.1428815320539606,798,3608,0.85568,0.06583350131021971,0.12216778934476424,1.3,10.64110275689223
2034-11-19,Instagram,18-25,South India,Mobile,Image,23,59087,11,0.0828710380705112,4896,1.3,6364.8,0.046249062674159,193,3609,0.85564,0.08286086618037809,0.039419934640522875,1.3,32.97823834196891
2034-11-20,Instagram,36-50,North India,Mobile,Image,8,11957,11,0.0559309680342594,668,1.3,868.4,0.0545412368253011,30,3610,0.8556,0.055866856234841514,0.04491017964071856,1.3,28.946666666666665
2034-11-21,Google,18-25,North India,Mobile,Image,16,37706,11,0.0353400881975025,1332,0.9,1198.8,0.0943094184690048,106,3611,0.85556,0.03532594282077123,0.07957957957957958,0.8999999999999999,11.309433962264151
2034-11-22,Google,26-35,North India,Mobile,Video,7,63871,11,0.0401372409443954,2563,0.9,2306.7000000000003,0.0634895104676188,138,3612,0.85552,0.04012775751123358,0.053843152555598905,0.9000000000000001,16.71521739130435
2034-11-23,Instagram,26-35,North India,Mobile,Image,17,62737,11,0.0810897932640983,5087,1.3,6613.1,0.1357463237704585,590,3613,0.85548,0.08108452747182683,0.11598191468448987,1.3,11.20864406779661
2034-11-24,Google,26-35,South India,Mobile,Image,19,41975,11,0.0270334363115121,1134,0.9,1020.6,0.0548088644554832,53,3614,0.85544,0.027016081000595594,0.04673721340388007,0.9,19.256603773584906
2034-11-25,Google,18-25,South India,Desktop,Text,16,98364,11,0.0322491212111591,3172,0.9,2854.8,0.0918860617022065,248,3615,0.8553999999999999,0.03224757024927819,0.07818411097099622,0.9,11.511290322580646
2034-11-26,Instagram,36-50,South India,Mobile,Text,5,29129,11,0.1025121096541347,2986,1.3,3881.8,0.0887506576692847,226,3616,0.85536,0.10250952658862302,0.07568653717347622,1.3,17.176106194690266
2034-11-27,Instagram,26-35,North India,Mobile,Text,9,38939,11,0.0435526136694566,1695,1.3,2203.5,0.093736531467746,135,3617,0.85532,0.04352962325688898,0.07964601769911504,1.3,16.322222222222223
2034-11-28,Instagram,26-35,North India,Desktop,Video,0,66059,11,0.0573941558274111,3791,1.3,4928.3,0.1460486392288552,472,3618,0.85528,0.057388092462798405,0.1245054075441836,1.3,10.441313559322035
2034-11-29,Google,26-35,South India,Mobile,Text,20,9298,11,0.037549573279859,349,0.9,314.1,0.1613565888688486,47,3619,0.85524,0.03753495375349537,0.1346704871060172,0.9,6.682978723404256
2034-11-30,Instagram,36-50,South India,Mobile,Text,0,65422,11,0.0515929939497911,3375,1.3,4387.5,0.0728980901871272,210,3620,0.8552,0.051588150774968665,0.06222222222222222,1.3,20.892857142857142
2034-12-01,Google,36-50,North India,Mobile,Text,8,7480,12,0.0644754052648066,482,0.9,433.8,0.1075895464383255,43,3621,0.85516,0.06443850267379679,0.08921161825726141,0.9,10.088372093023256
2034-12-02,Google,18-25,West India,Desktop,Text,19,94080,12,0.0359923690782614,3386,0.9,3047.4,0.0381750899772074,110,3622,0.85512,0.0359906462585034,0.032486709982279975,0.9,27.703636363636363
2034-12-03,Instagram,26-35,South India,Desktop,Image,2,61389,12,0.0402572788042732,2471,1.3,3212.3,0.0441550782136178,93,3623,0.85508,0.040251510856993925,0.03763658437879401,1.3,34.54086021505377
2034-12-04,Google,36-50,South India,Mobile,Video,23,69393,12,0.0621509936093733,4312,0.9,3880.8,0.0574861974070023,211,3624,0.85504,0.0621388324470768,0.04893320964749536,0.9,18.392417061611376
2034-12-05,Google,18-25,South India,Mobile,Image,5,5349,12,0.0318735780298637,170,0.9,153.0,0.1131324100627025,16,3625,0.855,0.03178164142830436,0.09411764705882353,0.9,9.5625
2034-12-06,Google,26-35,North India,Mobile,Image,6,67964,12,0.0512455361733071,3482,0.9,3133.8,0.1118167491452879,332,3626,0.8549599999999999,0.05123300570890471,0.09534750143595634,0.9,9.439156626506024
2034-12-07,Instagram,36-50,South India,Desktop,Video,8,40491,12,0.089321188396823,3616,1.3,4700.8,0.0539479122846027,166,3627,0.85492,0.0893037959052629,0.0459070796460177,1.3,28.31807228915663
2034-12-08,Instagram,36-50,South India,Mobile,Image,4,47778,12,0.0557877130183709,2665,1.3,3464.5,0.1050473772282185,238,3628,0.85488,0.05577881033111474,0.08930581613508443,1.3,14.556722689075631
2034-12-09,Instagram,18-25,South India,Desktop,Text,15,89699,12,0.066289657963823,5946,1.3,7729.8,0.042748140402066,217,3629,0.85484,0.06628836441877836,0.03649512277161117,1.3,35.62119815668203
2034-12-10,Instagram,26-35,South India,Mobile,Video,1,28677,12,0.0548332687778146,1572,1.3,2043.6,0.1735268708613026,232,3630,0.8548,0.054817449524008785,0.1475826972010178,1.3,8.808620689655172
2034-12-11,Google,26-35,South India,Mobile,Image,2,97440,12,0.0269584369732918,2626,0.9,2363.4,0.141209732876248,316,3631,0.85476,0.02694991789819376,0.12033511043412033,0.9,7.479113924050633
2034-12-12,Google,36-50,West India,Desktop,Image,2,82254,12,0.0306956043194977,2524,0.9,2271.6,0.1497857583363589,323,3632,0.8547199999999999,0.03068543779025944,0.1279714738510301,0.8999999999999999,7.0328173374613
2034-12-13,Google,26-35,West India,Desktop,Text,19,81345,12,0.0674824556885496,5489,0.9,4940.1,0.0990050433635545,464,3633,0.85468,0.06747802569303583,0.0845327017671707,0.9,10.646767241379312
2034-12-14,Google,18-25,South India,Mobile,Image,22,14272,12,0.0271305624525287,387,0.9,348.3,0.1399342735599577,46,3634,0.85464,0.027116031390134528,0.11886304909560723,0.9,7.571739130434783
2034-12-15,Google,36-50,South India,Mobile,Image,9,12828,12,0.0262357319765541,336,0.9,302.40000000000003,0.0870305711478032,24,3635,0.8546,0.026192703461178673,0.07142857142857142,0.9000000000000001,12.600000000000001
2034-12-16,Instagram,36-50,South India,Mobile,Image,21,45431,12,0.0875281737509301,3976,1.3,5168.8,0.0571598879961784,193,3636,0.85456,0.08751733397900112,0.048541247484909456,1.3,26.78134715025907
2034-12-17,Google,18-25,South India,Mobile,Video,2,8856,12,0.0769667733944642,681,0.9,612.9,0.1890541787332163,109,3637,0.85452,0.0768970189701897,0.16005873715124816,0.8999999999999999,5.622935779816514
2034-12-18,Google,36-50,North India,Mobile,Video,14,12223,12,0.0380525148339513,465,0.9,418.5,0.143253388006259,56,3638,0.85448,0.03804303362513295,0.12043010752688173,0.9,7.473214285714286
2034-12-19,Google,26-35,North India,Mobile,Image,13,40413,12,0.0306501040304817,1238,0.9,1114.2,0.1627981335693883,171,3639,0.85444,0.030633706975478188,0.1381260096930533,0.9,6.515789473684211
2034-12-20,Google,26-35,North India,Mobile,Image,22,57822,12,0.0626618607679844,3623,0.9,3260.7000000000003,0.1695670369430739,524,3640,0.8544,0.0626578119055031,0.14463152083908362,0.9,6.222709923664123
2034-12-21,Instagram,36-50,West India,Mobile,Text,3,36689,12,0.0337825411432137,1239,1.3,1610.7,0.1348268017883151,142,3641,0.85436,0.0337703398838889,0.11460855528652139,1.3,11.342957746478874
2034-12-22,Google,18-25,South India,Mobile,Video,9,74702,12,0.046729077363586,3490,0.9,3141.0,0.2349429196525595,699,3642,0.85432,0.046718963347701536,0.2002865329512894,0.9,4.493562231759657
2034-12-23,Google,18-25,North India,Mobile,Video,10,57396,12,0.0740659563623622,4251,0.9,3825.9,0.1489324289529933,540,3643,0.8542799999999999,0.07406439473134016,0.12702893436838392,0.9,7.085
2034-12-24,Instagram,26-35,South India,Mobile,Video,10,13637,12,0.0701840868129728,957,1.3,1244.1,0.0697922050362122,56,3644,0.85424,0.07017672508616264,0.05851619644723093,1.2999999999999998,22.21607142857143
2034-12-25,Google,18-25,South India,Desktop,Image,7,47534,12,0.0311995903167884,1483,0.9,1334.7,0.0578342110315082,72,3645,0.8542,0.031198720915555183,0.048550236008091704,0.9,18.5375
2034-12-26,Google,36-50,West India,Mobile,Text,22,67414,12,0.0356569601115475,2403,0.9,2162.7000000000003,0.1300472531281117,266,3646,0.85416,0.03564541489898241,0.1106949646275489,0.9000000000000001,8.13045112781955
2034-12-27,Google,36-50,West India,Mobile,Text,22,77240,12,0.0724210091824675,5593,0.9,5033.7,0.0621863918715263,296,3647,0.85412,0.0724106680476437,0.052923296978365814,0.9,17.00574324324324
2034-12-28,Instagram,26-35,North India,Mobile,Image,8,75038,12,0.0500411254945235,3754,1.3,4880.2,0.0461114315574601,147,3648,0.85408,0.0500279858205176,0.03915823122003197,1.3,33.19863945578231
2034-12-29,Instagram,26-35,North India,Mobile,Image,7,16266,12,0.0500133072007477,813,1.3,1056.9,0.1008125224297424,69,3649,0.85404,0.049981556621173,0.08487084870848709,1.3,15.317391304347828
2034-12-30,Instagram,26-35,West India,Mobile,Text,11,49068,12,0.0795426163385848,3902,1.3,5072.6,0.0714428568345964,237,3650,0.854,0.07952229558979376,0.06073808303434136,1.3,21.40337552742616
2034-12-31,Google,18-25,West India,Mobile,Text,16,45356,12,0.0244026883094825,1106,0.9,995.4,0.1039897486625376,98,3651,0.85396,0.024384866390334246,0.08860759493670886,0.9,10.157142857142857
2035-01-01,Instagram,36-50,South India,Mobile,Video,22,87295,1,0.1016796392162793,8876,1.3,11538.8,0.1637079111287645,1240,3652,0.85392,0.10167821753823243,0.13970256872465076,1.2999999999999998,9.305483870967741
2035-01-02,Google,36-50,South India,Desktop,Image,14,16046,1,0.0294346901860688,472,0.9,424.8,0.1489511541815788,59,3653,0.85388,0.029415430636918857,0.125,0.9,7.2
2035-01-03,Google,36-50,North India,Desktop,Video,18,26270,1,0.0442859592917444,1163,0.9,1046.7,0.1376001948155675,136,3654,0.8538399999999999,0.04427103159497526,0.11693895098882201,0.9,7.696323529411765
2035-01-04,Google,26-35,North India,Mobile,Text,19,77342,1,0.0777310613965176,6011,0.9,5409.900000000001,0.0753627852148459,386,3655,0.8538,0.07771973830518994,0.06421560472467143,0.9000000000000001,14.015284974093266
2035-01-05,Google,36-50,West India,Mobile,Video,5,38988,1,0.0585932128176628,2284,0.9,2055.6,0.0519760054902286,100,3656,0.85376,0.0585821278342054,0.043782837127845885,0.8999999999999999,20.555999999999997
2035-01-06,Google,18-25,North India,Mobile,Text,4,53179,1,0.064814030645918,3446,0.9,3101.4,0.1346202513213664,395,3657,0.85372,0.06480001504353222,0.11462565293093442,0.9,7.851645569620254
2035-01-07,Instagram,18-25,South India,Mobile,Text,7,36892,1,0.0336091244817324,1239,1.3,1610.7,0.0801940544334565,84,3658,0.85368,0.03358451696844844,0.06779661016949153,1.3,19.175
2035-01-08,Instagram,36-50,West India,Mobile,Video,17,30512,1,0.1011929641003503,3087,1.3,4013.1,0.1332012966018239,350,3659,0.85364,0.10117330886208704,0.11337868480725624,1.3,11.466
2035-01-09,Google,26-35,South India,Mobile,Image,20,60165,1,0.0785360931567372,4725,0.9,4252.5,0.1297683881927611,523,3660,0.8536,0.07853403141361257,0.11068783068783068,0.9,8.130975143403441
2035-01-10,Google,36-50,West India,Mobile,Video,20,6099,1,0.0468090463786226,285,0.9,256.5,0.1008952930362163,23,3661,0.85356,0.04672897196261682,0.08070175438596491,0.9,11.152173913043478
2035-01-11,Google,18-25,West India,Desktop,Video,14,54487,1,0.0606816099606941,3306,0.9,2975.4,0.09982480067439,281,3662,0.85352,0.060675023400077084,0.08499697519661222,0.9,10.588612099644129
2035-01-12,Google,18-25,South India,Mobile,Image,2,96847,1,0.0748579806384495,7249,0.9,6524.1,0.0841726745714141,520,3663,0.85348,0.07485002116740838,0.07173403228031452,0.9,12.546346153846155
2035-01-13,Instagram,18-25,North India,Mobile,Image,13,75088,1,0.1049090194750051,7877,1.3,10240.1,0.0703659948037706,472,3664,0.85344,0.10490357979970168,0.059921289831153995,1.3,21.69512711864407
2035-01-14,Google,36-50,North India,Desktop,Video,14,78163,1,0.0473382219594415,3700,0.9,3330.0,0.0504511584694522,158,3665,0.8533999999999999,0.0473369752952164,0.042702702702702704,0.9,21.075949367088608
2035-01-15,Instagram,18-25,North India,Mobile,Text,12,91845,1,0.0903868008864485,8301,1.3,10791.3,0.1405922457187501,995,3666,0.85336,0.09038053241874898,0.11986507649680761,1.2999999999999998,10.845527638190955
2035-01-16,Google,26-35,North India,Mobile,Video,20,51003,1,0.0803418473135155,4097,0.9,3687.3,0.1406092509810034,491,3667,0.85332,0.08032860812109091,0.11984378813766171,0.9,7.509775967413442
2035-01-17,Google,36-50,South India,Mobile,Text,19,67886,1,0.0273321539495899,1855,0.9,1669.5,0.0515459714933449,81,3668,0.85328,0.027325221695194885,0.04366576819407008,0.9,20.61111111111111
2035-01-18,Google,36-50,West India,Mobile,Image,20,78812,1,0.0679148997810717,5352,0.9,4816.8,0.1228741788943371,560,3669,0.85324,0.06790844033903466,0.10463378176382661,0.9,8.601428571428572
2035-01-19,Google,18-25,South India,Mobile,Image,8,12739,1,0.0755534613597833,962,0.9,865.8000000000001,0.0797661296224584,64,3670,0.8532,0.07551613156448701,0.06652806652806653,0.9,13.528125000000001
2035-01-20,Google,18-25,North India,Mobile,Text,22,87838,1,0.0416689117545472,3660,0.9,3294.0,0.0674226058974263,209,3671,0.85316,0.041667615382863905,0.057103825136612024,0.9,15.760765550239235
2035-01-21,Instagram,26-35,North India,Mobile,Video,16,13384,1,0.0625888013043906,837,1.3,1088.1,0.1734664428674069,123,3672,0.85312,0.06253735803945008,0.14695340501792115,1.2999999999999998,8.846341463414634
2035-01-22,Google,36-50,South India,Mobile,Image,18,34094,1,0.0616603429910808,2102,0.9,1891.8,0.1804135108985284,323,3673,0.85308,0.06165307678770458,0.15366317792578496,0.9,5.856965944272446
2035-01-23,Instagram,18-25,West India,Desktop,Text,3,3120,1,0.0742680976814464,231,1.3,300.3,0.1172790432747946,23,3674,0.85304,0.07403846153846154,0.09956709956709957,1.3,13.056521739130435
2035-01-24,Google,26-35,South India,Mobile,Text,19,1993,1,0.0297685062895437,59,0.9,53.1,0.1594749160282845,7,3675,0.853,0.02960361264425489,0.11864406779661017,0.9,7.585714285714286
2035-01-25,Google,18-25,South India,Mobile,Video,9,88295,1,0.0637956941059354,5632,0.9,5068.8,0.2200490014015245,1056,3676,0.8529599999999999,0.0637861713573815,0.1875,0.9,4.8
2035-01-26,Google,36-50,South India,Desktop,Text,21,19150,1,0.0386893988743406,740,0.9,666.0,0.1095481686828038,69,3677,0.85292,0.038642297650130546,0.09324324324324325,0.9,9.652173913043478
2035-01-27,Instagram,18-25,West India,Mobile,Text,2,65681,1,0.0944905928954748,6206,1.3,8067.8,0.1420337524673743,751,3678,0.85288,0.09448699014935827,0.12101192394456978,1.3,10.742743009320906
2035-01-28,Google,36-50,South India,Mobile,Video,18,46388,1,0.0584252495144347,2710,0.9,2439.0,0.1535156213781904,354,3679,0.85284,0.05842028110718289,0.13062730627306274,0.9,6.889830508474576
2035-01-29,Instagram,18-25,South India,Mobile,Image,8,92292,1,0.0572334971754569,5282,1.3,6866.6,0.0600581958625306,270,3680,0.8528,0.05723139600398734,0.05111700113593336,1.3,25.431851851851853
2035-01-30,Google,36-50,North India,Mobile,Image,4,52116,1,0.0333402067333726,1737,0.9,1563.3,0.1483175521490737,219,3681,0.85276,0.0333294957402717,0.12607944732297063,0.9,7.138356164383562
2035-01-31,Instagram,26-35,South India,Mobile,Image,13,56753,1,0.0826363313556714,4689,1.3,6095.7,0.064205179537275,256,3682,0.8527199999999999,0.08262118302116188,0.054595862657283,1.3,23.811328125
2035-02-01,Google,36-50,North India,Mobile,Text,6,40787,2,0.060089698897573,2450,0.9,2205.0,0.068019293130979,141,3683,0.85268,0.06006815897222154,0.05755102040816327,0.9,15.638297872340425
2035-02-02,Instagram,26-35,North India,Desktop,Text,20,36673,2,0.046541714874548,1706,1.3,2217.8,0.0752355756142843,109,3684,0.85264,0.04651923758623511,0.06389214536928488,1.3,20.34678899082569
2035-02-03,Instagram,36-50,North India,Mobile,Video,5,9290,2,0.0408627411162489,379,1.3,492.7,0.1744428360499144,56,3685,0.8526,0.04079655543595264,0.14775725593667546,1.3,8.798214285714286
2035-02-04,Instagram,26-35,West India,Mobile,Text,23,61123,2,0.0408583036249558,2497,1.3,3246.1,0.0439408642860658,92,3686,0.85256,0.04085205241889305,0.0368442130556668,1.3,35.28369565217391
2035-02-05,Google,18-25,North India,Mobile,Text,7,17627,2,0.032243834887016,568,0.9,511.2,0.0826006325812913,39,3687,0.85252,0.032223293810631416,0.06866197183098592,0.9,13.107692307692307
2035-02-06,Google,36-50,South India,Mobile,Image,1,74474,2,0.0711954169591123,5302,0.9,4771.8,0.1112542349038199,502,3688,0.85248,0.07119263098531031,0.0946812523576009,0.9,9.505577689243028
2035-02-07,Google,18-25,South India,Mobile,Text,13,59844,2,0.0485554223646408,2905,0.9,2614.5,0.1136047753525127,281,3689,0.85244,0.04854287814985629,0.09672977624784854,0.9,9.304270462633452
2035-02-08,Instagram,26-35,North India,Mobile,Text,21,63904,2,0.0799824952612855,5111,1.3,6644.3,0.0723048657741478,314,3690,0.8524,0.07997934401602404,0.0614361181764821,1.3,21.160191082802548
2035-02-09,Google,36-50,North India,Mobile,Text,6,65705,2,0.0403917897691657,2653,0.9,2387.7000000000003,0.097548220417589,219,3691,0.85236,0.04037744463891637,0.08254805880135696,0.9000000000000001,10.902739726027399
2035-02-10,Instagram,36-50,South India,Mobile,Video,2,69245,2,0.0882399912900665,6110,1.3,7943.0,0.2349932629258943,1223,3692,0.85232,0.08823741786410572,0.20016366612111294,1.3,6.494685200327065
2035-02-11,Google,18-25,North India,Desktop,Text,19,28629,2,0.022147784266358,634,0.9,570.6,0.04038863540937,21,3693,0.8522799999999999,0.022145377065213596,0.033123028391167195,0.9,27.17142857142857
2035-02-12,Google,36-50,West India,Desktop,Video,21,45186,2,0.0233231332876636,1053,0.9,947.7,0.1949375807283031,174,3694,0.85224,0.02330367813039437,0.16524216524216523,0.9,5.446551724137931
2035-02-13,Google,36-50,North India,Mobile,Image,22,90621,2,0.0300643592905007,2724,0.9,2451.6,0.0790477152634152,183,3695,0.8522,0.03005925778792995,0.0671806167400881,0.8999999999999999,13.396721311475408
2035-02-14,Instagram,18-25,West India,Desktop,Text,5,47537,2,0.0802871358635884,3816,1.3,4960.8,0.0894202559112004,290,3696,0.85216,0.08027431264067988,0.0759958071278826,1.3,17.106206896551726
2035-02-15,Instagram,36-50,West India,Mobile,Video,20,31832,2,0.1043718105485245,3322,1.3,4318.6,0.1725077371578284,488,3697,0.85212,0.1043603920583061,0.1468994581577363,1.3,8.849590163934426
2035-02-16,Instagram,18-25,West India,Desktop,Image,13,24472,2,0.0675590450787161,1653,1.3,2148.9,0.1674051048826184,235,3698,0.85208,0.06754658385093168,0.14216575922565033,1.3,9.144255319148936
2035-02-17,Google,18-25,North India,Mobile,Text,11,49850,2,0.0527578629780891,2629,0.9,2366.1,0.0333259834138092,74,3699,0.85204,0.052738214643931795,0.02814758463294028,0.8999999999999999,31.97432432432432
2035-02-18,Instagram,18-25,West India,Mobile,Video,17,87298,2,0.0710844695943537,6205,1.3,8066.5,0.1592483020796314,841,3700,0.852,0.07107837522050905,0.135535858178888,1.3,9.59155766944114
2035-02-19,Instagram,18-25,West India,Desktop,Video,11,10507,2,0.0726725869275457,763,1.3,991.9,0.059684793059449,38,3701,0.85196,0.072618254497002,0.04980340760157274,1.3,26.102631578947367
2035-02-20,Google,18-25,North India,Mobile,Image,6,76114,2,0.0506176399980749,3852,0.9,3466.8,0.1079152430497539,353,3702,0.85192,0.05060829807919699,0.09164070612668744,0.9,9.820963172804532
2035-02-21,Instagram,26-35,West India,Desktop,Text,4,56696,2,0.0570222432579695,3232,1.3,4201.6,0.1232214505096665,339,3703,0.85188,0.05700578524058134,0.10488861386138613,1.3,12.394100294985252
2035-02-22,Instagram,26-35,North India,Mobile,Text,11,73247,2,0.042011176853388,3077,1.3,4000.1,0.051465834675676,134,3704,0.8518399999999999,0.04200854642510956,0.04354891127721807,1.3,29.851492537313433
2035-02-23,Instagram,18-25,South India,Mobile,Text,8,57373,2,0.0738653618526721,4237,1.3,5508.1,0.1373794534013504,495,3705,0.8518,0.07385006884771582,0.11682794430021241,1.3,11.127474747474748
2035-02-24,Instagram,26-35,West India,Mobile,Video,10,62264,2,0.0771623720355206,4804,1.3,6245.2,0.1000023604482406,408,3706,0.85176,0.0771553385583965,0.08492922564529559,1.3,15.306862745098039
2035-02-25,Google,26-35,North India,Desktop,Text,3,16979,2,0.0557325602794746,946,0.9,851.4,0.1013228053536349,80,3707,0.85172,0.055715884327698924,0.08456659619450317,0.9,10.6425
2035-02-26,Google,36-50,South India,Mobile,Video,13,16049,2,0.052980045696795,850,0.9,765.0,0.1744059839531231,126,3708,0.85168,0.05296280142064926,0.14823529411764705,0.9,6.071428571428571
2035-02-27,Instagram,18-25,West India,Mobile,Video,11,60081,2,0.0782339547279826,4700,1.3,6110.0,0.1570287621692951,628,3709,0.85164,0.0782277259033638,0.13361702127659575,1.3,9.729299363057326
2035-02-28,Google,26-35,West India,Desktop,Image,17,25997,2,0.0260884418213811,678,0.9,610.2,0.0425962714789396,23,3710,0.8516,0.026079932299880756,0.03392330383480826,0.9,26.530434782608697
2035-03-01,Instagram,36-50,North India,Desktop,Video,6,57144,3,0.0728417746775325,4162,1.3,5410.6,0.0768932248001825,272,3711,0.85156,0.07283354332913342,0.06535319557904853,1.3,19.891911764705885
2035-03-02,Instagram,36-50,South India,Desktop,Image,22,41830,3,0.0982235317870159,4108,1.3,5340.400000000001,0.1934407357465102,676,3712,0.85152,0.09820702844848195,0.16455696202531644,1.3,7.900000000000001
2035-03-03,Instagram,18-25,North India,Mobile,Image,0,82369,3,0.0525726403328816,4330,1.3,5629.0,0.1792989244806547,660,3713,0.85148,0.05256832060605325,0.15242494226327943,1.3,8.52878787878788
2035-03-04,Instagram,18-25,West India,Desktop,Text,12,86721,3,0.0664306219803098,5760,1.3,7488.0,0.1111841266410993,544,3714,0.85144,0.06641989829453074,0.09444444444444444,1.3,13.764705882352942
2035-03-05,Google,36-50,West India,Desktop,Image,15,22746,3,0.0202429395575182,460,0.9,414.0,0.1359335897358941,52,3715,0.8513999999999999,0.020223335971159766,0.11304347826086956,0.9,7.961538461538462
2035-03-06,Google,18-25,West India,Desktop,Text,4,88393,3,0.0243974208799764,2156,0.9,1940.4,0.1362335042387555,249,3716,0.85136,0.024391071691197266,0.11549165120593692,0.9,7.79277108433735
2035-03-07,Google,18-25,West India,Mobile,Image,18,10603,3,0.0496819580981854,526,0.9,473.4,0.1065402140936705,47,3717,0.85132,0.04960860133924361,0.08935361216730038,0.8999999999999999,10.072340425531914
2035-03-08,Google,36-50,South India,Mobile,Video,8,77977,3,0.0297758519227478,2321,0.9,2088.9,0.1247591625077539,246,3718,0.85128,0.02976518717057594,0.1059887979319259,0.9,8.491463414634147
2035-03-09,Google,36-50,South India,Mobile,Text,22,5570,3,0.0939416575709661,523,0.9,470.7,0.1517533578354935,67,3719,0.85124,0.09389587073608617,0.12810707456978968,0.9,7.025373134328358
2035-03-10,Google,18-25,North India,Mobile,Video,8,33316,3,0.0758882697914321,2528,0.9,2275.2000000000003,0.0551258299367603,118,3720,0.8512,0.07587945731780527,0.04667721518987342,0.9000000000000001,19.281355932203393
2035-03-11,Instagram,26-35,North India,Mobile,Text,11,52604,3,0.1016677640500268,5348,1.3,6952.400000000001,0.1456272376597404,662,3721,0.85116,0.10166527260284389,0.1237845923709798,1.3,10.502114803625378
2035-03-12,Instagram,18-25,North India,Mobile,Video,17,19467,3,0.0617080484611332,1201,1.3,1561.3,0.1275648472526263,130,3722,0.85112,0.06169414907278985,0.10824313072439634,1.3,12.01
2035-03-13,Google,26-35,West India,Mobile,Image,23,79381,3,0.0632506050458269,5020,0.9,4518.0,0.1216512066969686,519,3723,0.85108,0.06323931419357277,0.10338645418326693,0.9,8.705202312138729
2035-03-14,Google,36-50,North India,Mobile,Text,9,45638,3,0.0800715465926945,3654,0.9,3288.6,0.1144056602963154,355,3724,0.85104,0.08006485823217495,0.09715380405035577,0.9,9.263661971830986
2035-03-15,Instagram,26-35,South India,Mobile,Text,16,27943,3,0.1022966550031379,2858,1.3,3715.4,0.0806488039021678,195,3725,0.851,0.10227964069713345,0.0682295311406578,1.3,19.053333333333335
2035-03-16,Google,36-50,North India,Mobile,Text,18,71369,3,0.0927456173933495,6619,0.9,5957.1,0.1098181214992284,617,3726,0.8509599999999999,0.09274334795219213,0.09321649796041698,0.9,9.654943273905998
2035-03-17,Google,18-25,North India,Desktop,Image,23,4340,3,0.0624429057690812,271,0.9,243.9,0.1431915979241561,32,3727,0.85092,0.062442396313364054,0.11808118081180811,0.9,7.621875
2035-03-18,Google,18-25,South India,Mobile,Video,10,44532,3,0.0648380469543455,2887,0.9,2598.3,0.0820531051429788,200,3728,0.85088,0.06482978532291386,0.06927606511950121,0.9,12.9915
2035-03-19,Instagram,36-50,South India,Mobile,Image,15,78848,3,0.0834810813865585,6582,1.3,8556.6,0.1365677502316893,764,3729,0.85084,0.0834770698051948,0.11607414159829839,1.3,11.199738219895288
2035-03-20,Google,36-50,West India,Mobile,Image,7,67175,3,0.050185781544944,3371,0.9,3033.9,0.0947307009657809,271,3730,0.8508,0.05018235950874581,0.08039157520023732,0.9,11.19520295202952
2035-03-21,Instagram,36-50,South India,Mobile,Image,23,59918,3,0.0500324227857293,2997,1.3,3896.1,0.1428163987286083,364,3731,0.85076,0.050018358423178345,0.12145478812145478,1.3,10.70357142857143
2035-03-22,Google,18-25,South India,Desktop,Video,14,45188,3,0.0468828053320079,2118,0.9,1906.2,0.0624087027623671,112,3732,0.85072,0.046870850668319024,0.05288007554296506,0.9,17.01964285714286
2035-03-23,Google,18-25,North India,Mobile,Image,10,16211,3,0.0738781611083977,1197,0.9,1077.3,0.1504541361136939,153,3733,0.85068,0.07383875146505459,0.12781954887218044,0.8999999999999999,7.041176470588235
2035-03-24,Google,26-35,South India,Mobile,Text,6,14496,3,0.0737435877291048,1068,0.9,961.2,0.0653885646096813,58,3734,0.85064,0.07367549668874172,0.054307116104868915,0.9,16.57241379310345
2035-03-25,Google,36-50,West India,Mobile,Image,1,95381,3,0.0604202615724271,5762,0.9,5185.8,0.1501655899388457,735,3735,0.8506,0.060410354263427724,0.1275598750433877,0.9,7.055510204081633
2035-03-26,Instagram,26-35,North India,Desktop,Video,18,58248,3,0.1030536764751119,6002,1.3,7802.6,0.1851331459775373,944,3736,0.85056,0.10304216453783821,0.15728090636454514,1.3,8.265466101694916
2035-03-27,Instagram,18-25,West India,Mobile,Text,8,96625,3,0.0968266698331122,9355,1.3,12161.5,0.1359169098108962,1081,3737,0.8505199999999999,0.09681759379042691,0.11555318011758418,1.3,11.25023126734505
2035-03-28,Instagram,26-35,South India,Mobile,Video,17,42145,3,0.0433810471123367,1828,1.3,2376.4,0.2242618257869874,347,3738,0.85048,0.04337406572547159,0.1898249452954048,1.3,6.848414985590779
2035-03-29,Instagram,26-35,West India,Mobile,Image,12,30672,3,0.0655308774748463,2009,1.3,2611.7000000000003,0.0913927532819486,155,3739,0.85044,0.06549947835159103,0.07715281234444997,1.3,16.84967741935484
2035-03-30,Instagram,18-25,West India,Mobile,Video,22,82481,3,0.0483116888360456,3984,1.3,5179.2,0.231522512953962,784,3740,0.8504,0.04830203319552382,0.19678714859437751,1.3,6.606122448979591
2035-03-31,Instagram,18-25,South India,Mobile,Text,0,84238,3,0.0654097966744691,5509,1.3,7161.7,0.0445695790375545,208,3741,0.85036,0.0653980388898122,0.03775639862043928,1.3,34.43125
2035-04-01,Instagram,36-50,South India,Mobile,Video,18,75255,4,0.1193611232898542,8982,1.3,11676.6,0.1700709333144374,1298,3742,0.85032,0.11935419573450269,0.1445112447116455,1.3,8.995839753466873
2035-04-02,Google,26-35,North India,Mobile,Text,12,37027,4,0.0552336124547001,2045,0.9,1840.5,0.0754268547355158,130,3743,0.8502799999999999,0.05522996732114403,0.06356968215158924,0.9,14.157692307692308
2035-04-03,Google,18-25,North India,Mobile,Text,13,37251,4,0.0787758729283445,2934,0.9,2640.6,0.1391321818262269,346,3744,0.85024,0.07876298622855762,0.11792774369461487,0.9,7.631791907514451
2035-04-04,Google,18-25,North India,Mobile,Image,16,20403,4,0.0284261059235044,579,0.9,521.1,0.1741136363510958,85,3745,0.8502,0.028378179679458902,0.14680483592400692,0.9,6.130588235294118
2035-04-05,Instagram,26-35,South India,Mobile,Image,21,93345,4,0.1091486315325973,10188,1.3,13244.4,0.2047781390852944,1773,3746,0.85016,0.1091434999196529,0.17402826855123674,1.3,7.470050761421319
2035-04-06,Google,18-25,West India,Mobile,Text,19,26150,4,0.0620832669138006,1623,0.9,1460.7,0.0831978991446337,114,3747,0.85012,0.062065009560229444,0.07024029574861368,0.9,12.813157894736843
2035-04-07,Google,36-50,West India,Mobile,Video,0,76762,4,0.0342035383103998,2625,0.9,2362.5,0.1128667320802277,251,3748,0.85008,0.03419660769651651,0.09561904761904762,0.9,9.412350597609562
2035-04-08,Instagram,36-50,North India,Mobile,Text,4,47940,4,0.080862594886019,3876,1.3,5038.8,0.1305930996773154,430,3749,0.85004,0.08085106382978724,0.1109391124871001,1.3,11.718139534883722
2035-04-09,Instagram,26-35,North India,Desktop,Image,19,51476,4,0.0490803521913796,2526,1.3,3283.8,0.19373822458748,415,3750,0.85,0.049071411920118116,0.16429136975455266,1.3,7.91277108433735
2035-04-10,Instagram,36-50,South India,Mobile,Video,13,35202,4,0.1167085808151307,4108,1.3,5340.400000000001,0.1197325486083731,417,3751,0.84996,0.11669791489119936,0.10150925024342745,1.3,12.806714628297364
2035-04-11,Google,18-25,West India,Mobile,Text,17,9729,4,0.0717178938818741,697,0.9,627.3000000000001,0.1708336370750013,101,3752,0.84992,0.07164148422242779,0.1449067431850789,0.9000000000000001,6.2108910891089115
2035-04-12,Instagram,18-25,North India,Mobile,Image,12,24938,4,0.110403423163786,2753,1.3,3578.9,0.1399972383357701,327,3753,0.84988,0.1103937765658834,0.11877951325826372,1.3,10.944648318042814
2035-04-13,Google,18-25,South India,Mobile,Text,22,76302,4,0.0949877376819956,7247,0.9,6522.3,0.160795304485608,990,3754,0.8498399999999999,0.0949778511703494,0.13660825169035462,0.9,6.588181818181819
2035-04-14,Google,18-25,North India,Mobile,Text,11,74920,4,0.0312258360819068,2339,0.9,2105.1,0.0984357584207508,195,3755,0.8498,0.03121996796583022,0.08336896109448483,0.8999999999999999,10.795384615384615
2035-04-15,Google,26-35,South India,Mobile,Text,14,26762,4,0.075305697273241,2015,0.9,1813.5,0.171621132377741,293,3756,0.84976,0.07529332635826919,0.14540942928039702,0.9,6.189419795221843
2035-04-16,Google,36-50,West India,Mobile,Video,23,29724,4,0.0890636713476097,2647,0.9,2382.3,0.2532513671815073,569,3757,0.84972,0.08905261741353789,0.21496033245183227,0.9,4.186818980667838
2035-04-17,Google,36-50,South India,Desktop,Image,3,91586,4,0.0594352206349511,5443,0.9,4898.7,0.0843223951608062,389,3758,0.84968,0.059430480641146026,0.0714679404740033,0.8999999999999999,12.59305912596401
2035-04-18,Instagram,18-25,North India,Mobile,Image,8,21653,4,0.1310672971788584,2838,1.3,3689.4,0.1071352842300397,258,3759,0.84964,0.13106728859742298,0.09090909090909091,1.3,14.3
2035-04-19,Google,26-35,North India,Mobile,Text,2,14507,4,0.0584462802667339,847,0.9,762.3000000000001,0.1557608686048026,111,3760,0.8496,0.05838560694836975,0.13105076741440377,0.9000000000000001,6.867567567567568
2035-04-20,Instagram,18-25,West India,Desktop,Text,21,73914,4,0.0881122253367419,6512,1.3,8465.6,0.0660288873907007,364,3761,0.84956,0.08810238926319777,0.055896805896805894,1.3,23.25714285714286
2035-04-21,Google,18-25,West India,Mobile,Text,10,43773,4,0.0710317887239977,3109,0.9,2798.1,0.0997711797244609,263,3762,0.84952,0.07102551801338725,0.08459311675779993,0.9,10.639163498098858
2035-04-22,Google,26-35,North India,Desktop,Video,14,36205,4,0.0481787988184484,1744,0.9,1569.6,0.0865343658118176,127,3763,0.84948,0.048170142245546194,0.07282110091743119,0.8999999999999999,12.359055118110236
2035-04-23,Google,26-35,North India,Mobile,Image,15,12571,4,0.0854890645167507,1074,0.9,966.6,0.1490795740976878,135,3764,0.84944,0.08543473072945669,0.12569832402234637,0.9,7.16
2035-04-24,Google,18-25,North India,Mobile,Text,6,38320,4,0.0907092099271947,3475,0.9,3127.5,0.071090376187375,209,3765,0.8493999999999999,0.09068371607515657,0.06014388489208633,0.9,14.964114832535886
2035-04-25,Instagram,36-50,West India,Mobile,Image,6,49853,4,0.0901946694888423,4496,1.3,5844.8,0.111974753706797,427,3766,0.84936,0.09018514432431349,0.09497330960854093,1.3,13.688056206088993
2035-04-26,Google,18-25,North India,Desktop,Text,21,31190,4,0.0902456392130567,2814,0.9,2532.6,0.1053871920786925,251,3767,0.84932,0.09022122475152293,0.08919687277896234,0.9,10.09003984063745
2035-04-27,Google,36-50,West India,Desktop,Image,8,90116,4,0.0404120123132923,3641,0.9,3276.9,0.0979176516146586,302,3768,0.84928,0.04040347995916375,0.08294424608624004,0.9,10.85066225165563
2035-04-28,Google,36-50,North India,Mobile,Text,16,37522,4,0.0855198549977959,3208,0.9,2887.2000000000003,0.1309953602216761,356,3769,0.84924,0.08549650871488726,0.11097256857855362,0.9000000000000001,8.110112359550563
2035-04-29,Google,26-35,South India,Mobile,Video,12,72801,4,0.048175619500627,3507,0.9,3156.3,0.0880306789829946,261,3770,0.8492,0.04817241521407673,0.07442258340461934,0.9,12.093103448275862
2035-04-30,Instagram,26-35,South India,Mobile,Text,8,45489,4,0.0537278948318268,2444,1.3,3177.2000000000003,0.1830791041224094,379,3771,0.84916,0.053727274725757876,0.15507364975450083,1.3,8.38311345646438
2035-05-01,Google,18-25,North India,Mobile,Text,8,73277,5,0.0561755532421296,4116,0.9,3704.4,0.0867155386058235,302,3772,0.84912,0.05617042182403756,0.07337220602526726,0.9,12.266225165562915
2035-05-02,Instagram,36-50,South India,Desktop,Text,19,2837,5,0.0663409640812027,188,1.3,244.4,0.1123813701386824,17,3773,0.84908,0.0662671836446951,0.09042553191489362,1.3,14.376470588235295
2035-05-03,Instagram,36-50,West India,Mobile,Text,11,54763,5,0.096782868915931,5300,1.3,6890.0,0.1080334316320739,485,3774,0.84904,0.09678067308219053,0.09150943396226414,1.3,14.206185567010309
2035-05-04,Instagram,18-25,South India,Mobile,Text,20,83945,5,0.0711984415945939,5976,1.3,7768.8,0.0452123800416117,229,3775,0.849,0.07118946929537197,0.03831994645247657,1.3,33.92489082969433
2035-05-05,Instagram,18-25,South India,Desktop,Image,18,57964,5,0.0904009484949655,5240,1.3,6812.0,0.1605765763521494,713,3776,0.8489599999999999,0.09040093851356014,0.13606870229007634,1.3,9.553997194950911
2035-05-06,Instagram,18-25,West India,Desktop,Image,22,57398,5,0.042916932764395,2463,1.3,3201.9,0.1724318595884799,359,3777,0.84892,0.04291090281891355,0.1457572066585465,1.3,8.918941504178273
2035-05-07,Instagram,26-35,South India,Mobile,Video,14,83578,5,0.1046212865747279,8744,1.3,11367.2,0.1488789916657848,1104,3778,0.84888,0.10462083323362607,0.1262580054894785,1.3,10.296376811594204
2035-05-08,Instagram,18-25,South India,Mobile,Text,17,83597,5,0.065219829030884,5452,1.3,7087.6,0.0885647140116341,409,3779,0.84884,0.06521765135112505,0.07501834189288334,1.3,17.32909535452323
2035-05-09,Google,18-25,North India,Desktop,Image,7,95522,5,0.0503990223065344,4814,0.9,4332.6,0.142377848064832,581,3780,0.8488,0.0503967672368669,0.1206896551724138,0.9,7.457142857142858
2035-05-10,Google,36-50,West India,Mobile,Image,5,54198,5,0.0415324720287834,2250,0.9,2025.0,0.1408494141741384,268,3781,0.84876,0.04151444702756559,0.11911111111111111,0.9,7.5559701492537314
2035-05-11,Google,18-25,West India,Mobile,Text,5,86741,5,0.0651067799798666,5647,0.9,5082.3,0.1114661197672234,533,3782,0.84872,0.06510185494748735,0.09438639985833186,0.9,9.535272045028142
2035-05-12,Instagram,36-50,North India,Mobile,Text,2,36143,5,0.1036922930954216,3747,1.3,4871.1,0.1414329785305834,448,3783,0.84868,0.10367152699001189,0.11956231651988257,1.3,10.872991071428572
2035-05-13,Instagram,36-50,North India,Desktop,Video,2,50427,5,0.0419901525900383,2117,1.3,2752.1,0.1384511977380405,248,3784,0.84864,0.041981478176373765,0.11714690599905526,1.3,11.09717741935484
2035-05-14,Google,26-35,South India,Mobile,Video,1,7859,5,0.0523724930731843,411,0.9,369.9,0.0986998374764278,33,3785,0.8486,0.05229672986385036,0.08029197080291971,0.8999999999999999,11.209090909090909
2035-05-15,Instagram,18-25,South India,Mobile,Image,4,46507,5,0.0751080654305299,3493,1.3,4540.900000000001,0.0478139713815627,141,3786,0.84856,0.0751069731438278,0.040366447180074434,1.3000000000000003,32.20496453900709
2035-05-16,Google,18-25,South India,Mobile,Video,19,35356,5,0.0306608669514379,1084,0.9,975.6,0.1365997831221561,125,3787,0.8485199999999999,0.03065957687521213,0.11531365313653137,0.9,7.8048
2035-05-17,Google,36-50,North India,Desktop,Image,11,87501,5,0.0344783993041531,3016,0.9,2714.4,0.124759033103848,319,3788,0.84848,0.03446817750654278,0.10576923076923077,0.9,8.50909090909091
2035-05-18,Instagram,26-35,West India,Desktop,Video,5,63570,5,0.0565950788701525,3597,1.3,4676.1,0.0769193752669952,234,3789,0.84844,0.05658329400660689,0.06505421184320268,1.3,19.983333333333334
2035-05-19,Google,26-35,South India,Desktop,Text,15,13854,5,0.0418380759369699,579,0.9,521.1,0.0407724733086959,19,3790,0.8484,0.04179298397574708,0.03281519861830743,0.9,27.426315789473687
2035-05-20,Google,18-25,North India,Mobile,Video,4,34013,5,0.0661205637189279,2248,0.9,2023.2,0.1906906770613633,363,3791,0.84836,0.0660923764443007,0.16147686832740213,0.9,5.573553719008265
2035-05-21,Instagram,36-50,West India,Desktop,Image,5,32654,5,0.0766185684865445,2501,1.3,3251.3,0.0822726398970552,173,3792,0.84832,0.07659092301096343,0.06917233106757296,1.3,18.793641618497112
2035-05-22,Instagram,18-25,North India,Desktop,Video,3,24054,5,0.0714083775420684,1717,1.3,2232.1,0.1199814897377517,174,3793,0.8482799999999999,0.07138105928327929,0.10133954571927781,1.3,12.82816091954023
2035-05-23,Google,18-25,South India,Desktop,Image,13,74728,5,0.034625500296957,2587,0.9,2328.3,0.0580249210933117,127,3794,0.84824,0.03461888448774221,0.04909161190568226,0.9,18.333070866141735
2035-05-24,Instagram,18-25,North India,Desktop,Image,2,61254,5,0.0305394600712103,1870,1.3,2431.0,0.0887545696117782,139,3795,0.8482,0.03052861853919744,0.07433155080213903,1.3,17.489208633093526
2035-05-25,Google,18-25,North India,Mobile,Video,16,68720,5,0.0649367610818071,4462,0.9,4015.8,0.1132342191584134,428,3796,0.84816,0.064930151338766,0.09592111160914388,0.9,9.382710280373832
2035-05-26,Google,36-50,North India,Mobile,Video,4,46206,5,0.06080010795821,2809,0.9,2528.1,0.1896780281076422,451,3797,0.84812,0.060792970609877504,0.16055535777856889,0.9,5.605543237250554
2035-05-27,Google,26-35,North India,Desktop,Image,21,37019,5,0.0500868566408706,1854,0.9,1668.6,0.1531058446249915,240,3798,0.84808,0.050082390123990385,0.12944983818770225,0.8999999999999999,6.9525
2035-05-28,Instagram,18-25,West India,Desktop,Text,20,17281,5,0.0943996723551075,1631,1.3,2120.3,0.056491242915886,78,3799,0.84804,0.09438111220415485,0.04782342121397915,1.3,27.183333333333337
2035-05-29,Google,18-25,South India,Mobile,Video,20,6863,5,0.0388254997475029,266,0.9,239.4,0.1555602994878195,34,3800,0.848,0.038758560396328134,0.12781954887218044,0.9,7.041176470588235
2035-05-30,Instagram,18-25,West India,Mobile,Image,5,53203,5,0.1047786813785282,5574,1.3,7246.2,0.1423746925777984,672,3801,0.84796,0.10476852809052122,0.12055974165769645,1.3,10.783035714285713
2035-05-31,Instagram,18-25,North India,Mobile,Text,19,76238,5,0.078256282292322,5966,1.3,7755.8,0.0652937064901239,329,3802,0.84792,0.07825493848212178,0.055145826349312775,1.3,23.573860182370822
2035-06-01,Instagram,26-35,North India,Mobile,Image,3,37539,6,0.0716739352376937,2690,1.3,3497.0,0.0859366075003742,195,3803,0.84788,0.07165880817283359,0.0724907063197026,1.3,17.933333333333334
2035-06-02,Google,26-35,South India,Mobile,Video,12,80072,6,0.0437588791669165,3503,0.9,3152.7000000000003,0.2230657589024934,662,3804,0.8478399999999999,0.043748126685982616,0.18898087353696832,0.9000000000000001,4.762386706948641
2035-06-03,Instagram,26-35,South India,Desktop,Image,7,43088,6,0.044610563806871,1922,1.3,2498.6,0.1529488114578764,248,3805,0.8478,0.044606386929075384,0.12903225806451613,1.3,10.075
2035-06-04,Google,26-35,West India,Mobile,Image,10,63438,6,0.0265406451089377,1683,0.9,1514.7,0.0961449483442012,136,3806,0.84776,0.0265298401588953,0.08080808080808081,0.9,11.137500000000001
2035-06-05,Google,18-25,West India,Mobile,Image,23,17077,6,0.0572576454266808,977,0.9,879.3000000000001,0.1090328665699122,89,3807,0.84772,0.05721145400245945,0.09109518935516889,0.9,9.879775280898878
2035-06-06,Google,36-50,South India,Mobile,Video,18,26273,6,0.071117853946005,1868,0.9,1681.2,0.160022350201004,252,3808,0.84768,0.0710996079625471,0.1349036402569593,0.9,6.671428571428572
2035-06-07,Google,26-35,West India,Mobile,Text,22,32052,6,0.0257980782768875,826,0.9,743.4,0.088693924741451,61,3809,0.84764,0.02577062273805067,0.07384987893462469,0.9,12.186885245901639
2035-06-08,Instagram,26-35,North India,Mobile,Text,4,68955,6,0.06908167937924,4763,1.3,6191.900000000001,0.0748919623985885,301,3810,0.8476,0.06907403379015299,0.0631954650430401,1.3,20.571096345514952
2035-06-09,Google,18-25,North India,Mobile,Text,4,14518,6,0.0257131059440535,373,0.9,335.7,0.0692782604968757,21,3811,0.84756,0.025692244110759058,0.05630026809651475,0.9,15.985714285714286
2035-06-10,Google,18-25,South India,Mobile,Text,2,8396,6,0.0730576288904424,613,0.9,551.7,0.0565437111149201,28,3812,0.84752,0.0730109575988566,0.04567699836867863,0.9,19.70357142857143
2035-06-11,Instagram,18-25,West India,Mobile,Video,1,85548,6,0.0848500433480268,7258,1.3,9435.4,0.2009899318383354,1235,3813,0.84748,0.08484125870856128,0.17015706806282724,1.3,7.64
2035-06-12,Google,18-25,North India,Mobile,Image,2,41077,6,0.0452348154233378,1858,0.9,1672.2,0.0476499951805071,74,3814,0.84744,0.04523212503347372,0.03982777179763186,0.9,22.5972972972973
2035-06-13,Instagram,36-50,South India,Mobile,Text,14,12981,6,0.0797671013151793,1035,1.3,1345.5,0.110270139585827,96,3815,0.8473999999999999,0.07973191587705107,0.0927536231884058,1.3,14.015625
2035-06-14,Google,36-50,West India,Mobile,Text,6,99989,6,0.0713094372797032,7130,0.9,6417.0,0.1407830563656109,849,3816,0.84736,0.0713078438628249,0.11907433380084151,0.9,7.5583038869257955
2035-06-15,Instagram,26-35,North India,Mobile,Video,2,69292,6,0.1033565619259138,7161,1.3,9309.3,0.1001671317791395,607,3817,0.84732,0.10334526352248456,0.08476469766792348,1.2999999999999998,15.33657331136738
2035-06-16,Instagram,36-50,West India,Desktop,Image,14,65842,6,0.0354131825181427,2331,1.3,3030.3,0.0715720395116524,140,3818,0.84728,0.03540293429725707,0.06006006006006006,1.3,21.645
2035-06-17,Google,26-35,West India,Mobile,Image,10,6023,6,0.044316298762784,266,0.9,239.4,0.1650845563148694,36,3819,0.84724,0.04416403785488959,0.13533834586466165,0.9,6.65
2035-06-18,Google,26-35,West India,Desktop,Text,15,92954,6,0.0501969149504372,4666,0.9,4199.400000000001,0.1229366315725264,485,3820,0.8472,0.050196871570884524,0.10394342048864123,0.9000000000000001,8.658556701030928
2035-06-19,Google,36-50,South India,Mobile,Text,12,22219,6,0.0430200409933719,955,0.9,859.5,0.1169856382726763,94,3821,0.84716,0.042981232278680406,0.09842931937172775,0.9,9.143617021276595
2035-06-20,Instagram,26-35,North India,Desktop,Image,1,84892,6,0.0531369335692633,4510,1.3,5863.0,0.1134247377529373,432,3822,0.84712,0.05312632521321208,0.09578713968957872,1.3,13.57175925925926
2035-06-21,Google,18-25,South India,Mobile,Video,19,18094,6,0.087229248001582,1578,0.9,1420.2,0.1133837419772949,150,3823,0.84708,0.0872112302420692,0.09505703422053231,0.9,9.468
2035-06-22,Google,26-35,North India,Mobile,Image,11,38853,6,0.0697870402834889,2711,0.9,2439.9,0.1171306933302268,268,3824,0.84704,0.06977582168687102,0.09885651051272593,0.9,9.10410447761194
2035-06-23,Google,18-25,North India,Mobile,Image,20,6646,6,0.0841158351566122,559,0.9,503.1,0.1277069622281271,60,3825,0.847,0.08411074330424316,0.1073345259391771,0.9,8.385
2035-06-24,Google,36-50,South India,Mobile,Text,6,55045,6,0.0277798896754005,1529,0.9,1376.1,0.0394759055896382,50,3826,0.8469599999999999,0.027777273140158053,0.032701111837802485,0.8999999999999999,27.522
2035-06-25,Google,36-50,South India,Mobile,Video,0,47925,6,0.0331398371682787,1588,0.9,1429.2,0.0708216636440256,94,3827,0.84692,0.03313510693792384,0.05919395465994962,0.9,15.204255319148936
2035-06-26,Instagram,26-35,North India,Mobile,Video,13,44927,6,0.0684656621106252,3075,1.3,3997.5,0.0910970420985356,237,3828,0.84688,0.06844436530371492,0.07707317073170732,1.3,16.867088607594937
2035-06-27,Google,18-25,North India,Desktop,Video,23,12991,6,0.0526735257894418,684,0.9,615.6,0.0923127305774018,53,3829,0.84684,0.05265183588638288,0.07748538011695906,0.9,11.615094339622642
2035-06-28,Google,26-35,North India,Mobile,Text,9,19978,6,0.0593992389768933,1186,0.9,1067.4,0.1273981600731722,127,3830,0.8468,0.059365301832015216,0.10708263069139966,0.9,8.40472440944882
2035-06-29,Instagram,36-50,West India,Mobile,Video,2,84012,6,0.0316672386620601,2660,1.3,3458.0,0.1548470616564468,348,3831,0.84676,0.03166214350330905,0.13082706766917293,1.3,9.936781609195402
2035-06-30,Instagram,26-35,North India,Mobile,Video,10,36723,6,0.050701023306527,1861,1.3,2419.3,0.0999507495323269,157,3832,0.84672,0.05067668763445252,0.08436324556689952,1.3,15.40955414012739
2035-07-01,Google,26-35,South India,Desktop,Text,21,25787,7,0.0637614095247281,1644,0.9,1479.6,0.1433245617869965,198,3833,0.84668,0.06375305386435025,0.12043795620437957,0.8999999999999999,7.472727272727273
2035-07-02,Google,18-25,South India,Mobile,Image,19,92693,7,0.0436768206695685,4048,0.9,3643.2,0.0937720102065396,320,3834,0.84664,0.04367104312083976,0.07905138339920949,0.8999999999999999,11.385
2035-07-03,Google,36-50,South India,Mobile,Video,20,50092,7,0.0452394150375531,2266,0.9,2039.4,0.2358917365105942,452,3835,0.8466,0.04523676435358939,0.1994704324801412,0.9,4.511946902654867
2035-07-04,Instagram,26-35,North India,Mobile,Image,14,45791,7,0.0381322803784988,1746,1.3,2269.8,0.1419554344881961,209,3836,0.84656,0.03812976349064227,0.11970217640320734,1.3,10.860287081339713
2035-07-05,Google,18-25,North India,Mobile,Video,5,76171,7,0.0386691451758489,2945,0.9,2650.5,0.1746190484945765,435,3837,0.8465199999999999,0.038663008231479175,0.14770797962648557,0.9,6.093103448275862
2035-07-06,Instagram,26-35,West India,Desktop,Image,17,15932,7,0.0796870215219704,1269,1.3,1649.7,0.0765361555671356,82,3838,0.84648,0.07965101682149134,0.06461780929866036,1.3,20.11829268292683
2035-07-07,Instagram,18-25,West India,Desktop,Image,12,37911,7,0.0336767030361062,1276,1.3,1658.8,0.0603047354870635,64,3839,0.84644,0.03365777742607686,0.050156739811912224,1.3,25.91875
2035-07-08,Google,18-25,South India,Mobile,Text,14,10946,7,0.0238695077995209,261,0.9,234.9,0.0883906612939465,19,3840,0.8464,0.02384432669468299,0.07279693486590039,0.9,12.363157894736842
2035-07-09,Google,26-35,West India,Mobile,Text,2,85899,7,0.0620616555952285,5331,0.9,4797.900000000001,0.0737740543082221,332,3841,0.84636,0.062061257989033634,0.06227724629525418,0.9000000000000001,14.451506024096387
2035-07-10,Google,36-50,West India,Mobile,Video,14,15387,7,0.0672960074333232,1035,0.9,931.5,0.1773317995346333,154,3842,0.84632,0.06726457399103139,0.14879227053140096,0.9,6.048701298701299
2035-07-11,Google,36-50,South India,Mobile,Video,23,70141,7,0.0256324223839649,1797,0.9,1617.3,0.085008444535281,128,3843,0.84628,0.025619822928101967,0.07122982749026155,0.9,12.63515625
2035-07-12,Google,18-25,North India,Mobile,Text,23,50573,7,0.0254015908960547,1284,0.9,1155.6,0.0919300635253295,99,3844,0.84624,0.02538904158345362,0.07710280373831775,0.8999999999999999,11.672727272727272
2035-07-13,Instagram,36-50,West India,Mobile,Video,0,42405,7,0.0853022780644603,3617,1.3,4702.1,0.153536474370083,469,3845,0.8462,0.0852965452187242,0.12966546862040365,1.3,10.025799573560768
2035-07-14,Instagram,18-25,North India,Mobile,Video,9,10152,7,0.0750997894252566,762,1.3,990.6,0.1070724115462826,68,3846,0.84616,0.07505910165484633,0.08923884514435695,1.3,14.56764705882353
2035-07-15,Instagram,36-50,South India,Desktop,Text,23,99434,7,0.0760685344748421,7563,1.3,9831.9,0.0636594972576303,406,3847,0.84612,0.07606050244383208,0.053682401163559434,1.3,24.216502463054187
2035-07-16,Instagram,26-35,South India,Mobile,Image,17,36415,7,0.0451410468749214,1643,1.3,2135.9,0.1819326871849888,252,3848,0.8460799999999999,0.04511876973774544,0.15337796713329277,1.3,8.475793650793651
2035-07-17,Google,36-50,West India,Desktop,Video,7,96879,7,0.0465363898246946,4508,0.9,4057.2,0.0713251276803357,271,3849,0.84604,0.046532272215856894,0.060115350488021295,0.8999999999999999,14.971217712177122
2035-07-18,Google,18-25,South India,Desktop,Text,11,32848,7,0.0340806316618,1119,0.9,1007.1,0.0771679925546411,72,3850,0.846,0.03406600097418412,0.064343163538874,0.9,13.9875
2035-07-19,Google,18-25,South India,Desktop,Video,4,44394,7,0.0404279025576136,1794,0.9,1614.6,0.1926136516992997,291,3851,0.84596,0.04041086633328828,0.16220735785953178,0.8999999999999999,5.5484536082474225
2035-07-20,Instagram,36-50,South India,Mobile,Video,0,70265,7,0.043113374489298,3029,1.3,3937.7,0.164661570801659,421,3852,0.84592,0.04310823311748381,0.13898976559920767,1.3,9.353206650831353
2035-07-21,Instagram,26-35,West India,Desktop,Text,7,32455,7,0.0363677100719444,1180,1.3,1534.0,0.1209468203551347,120,3853,0.84588,0.036358034201201664,0.1016949152542373,1.3,12.783333333333333
2035-07-22,Instagram,18-25,West India,Desktop,Text,4,96348,7,0.0476769302225597,4593,1.3,5970.900000000001,0.1302432290639807,505,3854,0.8458399999999999,0.04767094283223316,0.10994992379708252,1.3,11.823564356435645
2035-07-23,Google,18-25,West India,Mobile,Video,16,67560,7,0.07097728846924,4795,0.9,4315.5,0.1984260050948552,804,3855,0.8458,0.07097394908229722,0.16767466110531803,0.9,5.367537313432836
2035-07-24,Google,18-25,South India,Mobile,Video,14,92764,7,0.0408279507102012,3787,0.9,3408.3,0.1090836148468597,349,3856,0.84576,0.040824026562028375,0.09215738051227886,0.9,9.765902578796561
2035-07-25,Instagram,18-25,North India,Mobile,Image,3,17921,7,0.0777144289905422,1392,1.3,1809.6,0.10108258631841,118,3857,0.84572,0.07767423692874281,0.08477011494252873,1.3,15.335593220338982
2035-07-26,Google,18-25,South India,Desktop,Image,12,33179,7,0.0292945388551714,971,0.9,873.9,0.149999762118887,122,3858,0.84568,0.02926549926158112,0.12564366632337795,0.9,7.163114754098361
2035-07-27,Instagram,26-35,West India,Desktop,Text,16,53235,7,0.0298752394934303,1590,1.3,2067.0,0.1285747339932251,172,3859,0.84564,0.02986756832910679,0.10817610062893082,1.3,12.017441860465116
2035-07-28,Instagram,36-50,North India,Desktop,Video,12,33037,7,0.0486380037458841,1606,1.3,2087.8,0.1378195555173146,186,3860,0.8456,0.04861216212125798,0.11581569115815692,1.3,11.2247311827957
2035-07-29,Instagram,26-35,North India,Desktop,Text,1,34275,7,0.0308670625644124,1057,1.3,1374.1,0.0903792315179995,80,3861,0.84556,0.03083880379285193,0.07568590350047304,1.2999999999999998,17.17625
2035-07-30,Google,26-35,West India,Mobile,Text,23,37692,7,0.0670606502028175,2527,0.9,2274.3,0.1163198619246134,247,3862,0.84552,0.06704340443595458,0.09774436090225563,0.9,9.207692307692309
2035-07-31,Google,18-25,North India,Mobile,Video,3,9872,7,0.0359116542908469,354,0.9,318.6,0.1065718269530326,31,3863,0.84548,0.03585899513776337,0.08757062146892655,0.9,10.27741935483871
2035-08-01,Google,26-35,North India,Mobile,Image,1,52764,8,0.072046467593339,3801,0.9,3420.9,0.156862671390025,503,3864,0.84544,0.07203775301341823,0.13233359642199422,0.9,6.800994035785289
2035-08-02,Google,18-25,West India,Mobile,Text,11,91871,8,0.0483843742203966,4445,0.9,4000.5,0.0592540533268714,222,3865,0.8453999999999999,0.04838305885426304,0.049943757030371204,0.9,18.02027027027027
2035-08-03,Google,26-35,North India,Mobile,Text,18,87143,8,0.0296339342500522,2582,0.9,2323.8,0.1322366759391226,288,3866,0.84536,0.02962945962383668,0.11154144074360961,0.9,8.068750000000001
2035-08-04,Instagram,18-25,North India,Desktop,Video,17,53299,8,0.0589271973354506,3140,1.3,4082.0,0.1483212252837814,393,3867,0.84532,0.05891292519559466,0.1251592356687898,1.3,10.38676844783715
2035-08-05,Instagram,18-25,West India,Desktop,Image,9,35961,8,0.0731322233029392,2629,1.3,3417.7000000000003,0.1240921836063866,275,3868,0.84528,0.07310697700286421,0.10460251046025104,1.3,12.428
2035-08-06,Google,26-35,North India,Mobile,Image,4,25466,8,0.0520477570642598,1325,0.9,1192.5,0.1005039968386751,112,3869,0.84524,0.052030157857535536,0.08452830188679246,0.9,10.647321428571429
2035-08-07,Google,26-35,North India,Mobile,Video,10,16762,8,0.0263952106320424,442,0.9,397.8,0.0702974684139678,26,3870,0.8452,0.02636916835699797,0.058823529411764705,0.9,15.3
2035-08-08,Google,36-50,North India,Mobile,Text,0,19930,8,0.0727232359548848,1449,0.9,1304.1,0.1300808045688603,158,3871,0.84516,0.07270446562970397,0.1090407177363699,0.8999999999999999,8.25379746835443
2035-08-09,Google,36-50,North India,Mobile,Video,2,55213,8,0.0615019255669952,3395,0.9,3055.5,0.0539844197605934,154,3872,0.84512,0.061489142049879555,0.04536082474226804,0.9,19.84090909090909
2035-08-10,Instagram,36-50,West India,Mobile,Video,16,71191,8,0.0923924381327305,6577,1.3,8550.1,0.0933542320472075,518,3873,0.84508,0.0923852734193929,0.07875931275657595,1.3,16.505984555984558
2035-08-11,Google,26-35,South India,Mobile,Image,14,51374,8,0.0541212788168993,2780,0.9,2502.0,0.0608948390335892,142,3874,0.84504,0.054112975435044966,0.05107913669064748,0.9,17.619718309859156
2035-08-12,Google,26-35,South India,Desktop,Text,13,57902,8,0.0478594834269531,2771,0.9,2493.9,0.0513847423278596,119,3875,0.845,0.04785672342924251,0.04294478527607362,0.9,20.95714285714286
2035-08-13,Google,18-25,North India,Desktop,Text,23,71555,8,0.0354537103422204,2536,0.9,2282.4,0.0764372936061341,163,3876,0.8449599999999999,0.035441268953951506,0.06427444794952682,0.9,14.002453987730062
2035-08-14,Instagram,36-50,West India,Desktop,Image,14,55875,8,0.0616872777456514,3446,1.3,4479.8,0.0624595970870122,181,3877,0.84492,0.06167337807606264,0.052524666279744635,1.3,24.750276243093925
2035-08-15,Instagram,18-25,West India,Mobile,Text,15,40314,8,0.0832105489032617,3354,1.3,4360.2,0.1031849085405167,292,3878,0.84488,0.0831969043012353,0.08706022659511031,1.3,14.932191780821917
2035-08-16,Google,18-25,North India,Mobile,Text,3,53175,8,0.0576243750836033,3064,0.9,2757.6,0.1032003181262761,266,3879,0.84484,0.05762106252938411,0.08681462140992167,0.9,10.366917293233083
2035-08-17,Google,18-25,South India,Mobile,Video,18,86200,8,0.0489478257096292,4219,0.9,3797.1,0.215810920826684,768,3880,0.8448,0.048944315545243616,0.18203365726475468,0.9,4.944140625
2035-08-18,Instagram,18-25,North India,Desktop,Video,23,49978,8,0.0842809194463564,4212,1.3,5475.6,0.0934270010757862,331,3881,0.84476,0.08427708191604306,0.07858499525166192,1.3,16.542598187311178
2035-08-19,Instagram,36-50,West India,Desktop,Video,7,59415,8,0.0629908722284395,3742,1.3,4864.6,0.0999419684119199,315,3882,0.84472,0.06298072877219557,0.08417958311063603,1.3,15.443174603174604
2035-08-20,Google,18-25,West India,Mobile,Text,5,83460,8,0.0321751263409435,2685,0.9,2416.5,0.0633178782536602,143,3883,0.84468,0.03217109992810927,0.05325884543761639,0.9,16.8986013986014
2035-08-21,Instagram,26-35,South India,Desktop,Text,15,47255,8,0.0708221564471942,3346,1.3,4349.8,0.1397389724524599,394,3884,0.84464,0.07080732197651042,0.1177525403466826,1.3,11.04010152284264
2035-08-22,Instagram,26-35,West India,Mobile,Text,2,50662,8,0.0470266706719029,2382,1.3,3096.6,0.0849391495422004,170,3885,0.8446,0.04701748845288382,0.07136859781696053,1.3,18.21529411764706
2035-08-23,Instagram,26-35,West India,Mobile,Text,7,89082,8,0.1075800939135672,9583,1.3,12457.9,0.0997382195889466,806,3886,0.84456,0.10757504321860757,0.08410727329646249,1.3,15.456451612903225
2035-08-24,Instagram,36-50,West India,Desktop,Image,4,81366,8,0.0684532033428237,5569,1.3,7239.7,0.092446451578344,434,3887,0.8445199999999999,0.06844382174372587,0.07793140599748609,1.3,16.681336405529954
2035-08-25,Instagram,18-25,South India,Desktop,Image,4,79178,8,0.031256829554447,2474,1.3,3216.2000000000003,0.0681491911388867,141,3888,0.84448,0.031246053196595014,0.05699272433306386,1.3,22.809929078014186
2035-08-26,Google,36-50,West India,Mobile,Text,11,89622,8,0.0476462759379706,4270,0.9,3843.0,0.0462010353497036,166,3889,0.84444,0.04764455156100065,0.03887587822014051,0.9,23.150602409638555
2035-08-27,Instagram,18-25,North India,Mobile,Video,0,50496,8,0.0907762376929315,4583,1.3,5957.900000000001,0.1841764452251988,712,3890,0.8444,0.09075966413181243,0.15535675321841588,1.3,8.367837078651686
2035-08-28,Google,36-50,South India,Mobile,Video,6,48791,8,0.0588723751831308,2872,0.9,2584.8,0.101861014770389,246,3891,0.84436,0.058863314955627064,0.08565459610027855,0.9,10.507317073170732
2035-08-29,Instagram,36-50,North India,Mobile,Image,23,96998,8,0.0369261946028913,3581,1.3,4655.3,0.1632354487682905,493,3892,0.84432,0.036918286974989174,0.13767104160848925,1.3,9.442799188640974
2035-08-30,Google,18-25,North India,Desktop,Image,10,58235,8,0.0219279958953249,1276,0.9,1148.4,0.1639900276902337,176,3893,0.84428,0.021911221773847342,0.13793103448275862,0.9,6.525
2035-08-31,Instagram,36-50,South India,Mobile,Text,9,40140,8,0.097189082146829,3901,1.3,5071.3,0.1000908318339402,329,3894,0.84424,0.09718485301444943,0.08433734939759036,1.3,15.414285714285715
2035-09-01,Instagram,18-25,North India,Mobile,Text,2,33076,9,0.0523681466741361,1732,1.3,2251.6,0.1406683990098088,205,3895,0.8442,0.05236425202563792,0.11836027713625866,1.3,10.98341463414634
2035-09-02,Google,26-35,South India,Mobile,Text,7,45782,9,0.0330536628701533,1513,0.9,1361.7,0.0411289766211417,52,3896,0.84416,0.03304792276440523,0.034368803701255786,0.9,26.18653846153846
2035-09-03,Instagram,26-35,North India,Desktop,Text,0,52632,9,0.0526908130131387,2773,1.3,3604.9,0.0426610980402188,99,3897,0.84412,0.05268657850737194,0.03570140641904075,1.3,36.413131313131316
2035-09-04,Google,26-35,South India,Desktop,Text,7,23203,9,0.0413677469063039,959,0.9,863.1,0.069249237105221,55,3898,0.8440799999999999,0.04133086238848425,0.05735140771637122,0.9,15.692727272727273
2035-09-05,Instagram,36-50,West India,Desktop,Video,22,94392,9,0.0553796065656306,5227,1.3,6795.1,0.0831444914761925,366,3899,0.84404,0.05537545554708026,0.07002104457623876,1.3,18.56584699453552
2035-09-06,Google,26-35,West India,Mobile,Video,19,46642,9,0.0861575264054569,4018,0.9,3616.2,0.0904431580002902,306,3900,0.844,0.08614553406800737,0.07615729218516674,0.8999999999999999,11.817647058823528
2035-09-07,Google,18-25,North India,Desktop,Text,10,10486,9,0.0517256099168555,542,0.9,487.8,0.0834318740561602,37,3901,0.84396,0.051687964905588406,0.06826568265682657,0.9,13.183783783783785
2035-09-08,Instagram,26-35,West India,Mobile,Video,6,61595,9,0.1085946084820415,6688,1.3,8694.4,0.0585707873595886,329,3902,0.84392,0.10858024190275185,0.04919258373205742,1.3,26.42674772036474
2035-09-09,Google,26-35,South India,Mobile,Text,15,33158,9,0.053392605747108,1770,0.9,1593.0,0.1101003263361137,163,3903,0.84388,0.05338078291814947,0.09209039548022599,0.9,9.773006134969325
2035-09-10,Instagram,36-50,North India,Desktop,Text,6,15681,9,0.0541223092982387,848,1.3,1102.4,0.0672838001449846,48,3904,0.8438399999999999,0.05407818378929915,0.05660377358490566,1.3,22.96666666666667
2035-09-11,Google,18-25,West India,Mobile,Image,12,55790,9,0.0354559683743543,1978,0.9,1780.2,0.050016654500312,82,3905,0.8438,0.035454382505825416,0.041456016177957536,0.9,21.709756097560977
2035-09-12,Google,36-50,West India,Mobile,Video,9,56052,9,0.0720423190696352,4038,0.9,3634.2,0.1745391571761643,594,3906,0.84376,0.07204024834082638,0.14710252600297177,0.8999999999999999,6.118181818181818
2035-09-13,Google,36-50,North India,Mobile,Video,16,78237,9,0.0474143959139533,3709,0.9,3338.1,0.149887391174236,468,3907,0.84372,0.04740723698505822,0.12617956322458884,0.9,7.132692307692308
2035-09-14,Instagram,18-25,West India,Mobile,Image,2,16372,9,0.0414608764611671,678,1.3,881.4,0.1510802090952954,86,3908,0.84368,0.041412167114585875,0.12684365781710916,1.3,10.248837209302325
2035-09-15,Google,36-50,West India,Mobile,Video,6,27611,9,0.031129943107536,859,0.9,773.1,0.2057913050022033,148,3909,0.84364,0.03111078917822607,0.17229336437718276,0.9,5.223648648648648
2035-09-16,Google,18-25,North India,Desktop,Image,10,6523,9,0.0272403786380237,177,0.9,159.3,0.1159067774323269,16,3910,0.8436,0.027134753947570138,0.0903954802259887,0.9,9.95625
2035-09-17,Google,26-35,West India,Mobile,Video,12,46793,9,0.0414053597686901,1937,0.9,1743.3,0.180168288395366,293,3911,0.84356,0.04139508046075268,0.15126484254001032,0.9,5.949829351535836
2035-09-18,Google,18-25,West India,Mobile,Text,4,21233,9,0.0421479103242706,894,0.9,804.6,0.0577027422970848,43,3912,0.84352,0.04210427165261621,0.04809843400447427,0.9,18.711627906976744
2035-09-19,Instagram,18-25,West India,Desktop,Image,22,25955,9,0.0455950076777836,1183,1.3,1537.9,0.0974513738085196,97,3913,0.84348,0.04557888653438644,0.08199492814877431,1.3,15.854639175257732
2035-09-20,Instagram,18-25,West India,Desktop,Text,18,70299,9,0.0457335565511242,3215,1.3,4179.5,0.097078447511978,263,3914,0.84344,0.04573322522368739,0.0818040435458787,1.3,15.891634980988593
2035-09-21,Google,36-50,North India,Mobile,Text,14,48524,9,0.0524287184270646,2544,0.9,2289.6,0.0934842207687588,199,3915,0.8433999999999999,0.05242766466078642,0.07822327044025157,0.8999999999999999,11.505527638190955
2035-09-22,Instagram,18-25,South India,Mobile,Video,0,43621,9,0.101492974255032,4427,1.3,5755.1,0.1855487355250385,692,3916,0.84336,0.10148781550170789,0.15631353060763498,1.3,8.316618497109827
2035-09-23,Google,18-25,South India,Mobile,Image,4,85978,9,0.0622705254887875,5353,0.9,4817.7,0.1665749179550471,751,3917,0.84332,0.06226011305217614,0.14029516159163086,0.8999999999999999,6.415046604527297
2035-09-24,Instagram,18-25,West India,Mobile,Text,12,92418,9,0.0330958074581683,3058,1.3,3975.4,0.1133554982884878,291,3918,0.84328,0.03308879222662252,0.09516023544800523,1.3,13.661168384879725
2035-09-25,Instagram,26-35,West India,Mobile,Text,9,69001,9,0.0663637643410018,4579,1.3,5952.7,0.0396222132324893,152,3919,0.84324,0.06636135708178142,0.03319502074688797,1.3,39.1625
2035-09-26,Instagram,18-25,South India,Mobile,Image,4,70987,9,0.0738429564023359,5241,1.3,6813.3,0.098087381366695,433,3920,0.8432,0.0738304196543029,0.08261782102652165,1.3,15.735103926096999
2035-09-27,Google,36-50,West India,Mobile,Video,22,82597,9,0.0590763942836779,4879,0.9,4391.1,0.1441697554352028,592,3921,0.84316,0.059069942007578966,0.1213363394138143,0.9,7.417398648648649
2035-09-28,Instagram,18-25,South India,Mobile,Text,0,1015,9,0.1042596073877412,105,1.3,136.5,0.1038801123214768,8,3922,0.84312,0.10344827586206896,0.0761904761904762,1.3,17.0625
2035-09-29,Google,18-25,North India,Mobile,Video,9,5410,9,0.0701153083432872,379,0.9,341.1,0.0527495960154629,16,3923,0.84308,0.07005545286506469,0.04221635883905013,0.9,21.31875
2035-09-30,Instagram,26-35,North India,Mobile,Image,17,19964,9,0.0834294950084168,1665,1.3,2164.5,0.168424663684033,236,3924,0.84304,0.0834001202163895,0.14174174174174173,1.3,9.171610169491526
2035-10-01,Google,18-25,North India,Mobile,Video,21,71671,10,0.0624775638522275,4477,0.9,4029.3,0.1981944421476078,747,3925,0.843,0.06246599042848572,0.16685280321643958,0.9,5.393975903614458
2035-10-02,Instagram,36-50,North India,Mobile,Image,7,74484,10,0.0760797332964967,5666,1.3,7365.8,0.1409103184097035,672,3926,0.8429599999999999,0.07607002846248859,0.11860218849276385,1.3,10.961011904761905
2035-10-03,Instagram,18-25,North India,Mobile,Video,19,71325,10,0.1002067625385705,7147,1.3,9291.1,0.0544343770446567,327,3927,0.84292,0.10020329477742727,0.045753462991464953,1.3,28.413149847094804
2035-10-04,Instagram,36-50,North India,Mobile,Video,2,9602,10,0.0669432412597433,642,1.3,834.6,0.1142611705469905,61,3928,0.84288,0.06686107061028952,0.09501557632398754,1.3,13.681967213114755
2035-10-05,Google,26-35,South India,Mobile,Text,18,8232,10,0.0386693902595107,318,0.9,286.2,0.091038834457441,23,3929,0.84284,0.038629737609329445,0.07232704402515723,0.8999999999999999,12.443478260869565
2035-10-06,Instagram,18-25,West India,Desktop,Video,18,58245,10,0.0716392826044431,4172,1.3,5423.6,0.1417483708769631,498,3930,0.8428,0.07162846596274358,0.11936720997123682,1.3,10.890763052208836
2035-10-07,Google,26-35,South India,Mobile,Text,1,48950,10,0.0698668279778945,3419,0.9,3077.1,0.0447210351346338,128,3931,0.84276,0.06984678243105209,0.03743784732377888,0.9,24.03984375
2035-10-08,Instagram,18-25,North India,Mobile,Image,16,71371,10,0.074262773774631,5300,1.3,6890.0,0.0943463339177841,421,3932,0.84272,0.07425985344187415,0.07943396226415095,1.3,16.36579572446556
2035-10-09,Google,36-50,West India,Mobile,Image,15,92602,10,0.0487697132397774,4516,0.9,4064.4,0.1460975043796702,555,3933,0.84268,0.04876784518692901,0.1228963684676705,0.9,7.323243243243243
2035-10-10,Google,26-35,West India,Mobile,Text,20,29381,10,0.0318131816936351,934,0.9,840.6,0.1527629459985311,119,3934,0.84264,0.03178925155712876,0.12740899357601712,0.9,7.063865546218487
2035-10-11,Google,18-25,North India,Desktop,Video,9,77305,10,0.0198977441377772,1538,0.9,1384.2,0.1406327369778537,182,3935,0.8426,0.019895220231550353,0.11833550065019506,0.9,7.605494505494506
2035-10-12,Google,36-50,North India,Mobile,Image,20,57025,10,0.0573347477724768,3269,0.9,2942.1,0.1631014373946548,449,3936,0.84256,0.057325734327049536,0.13735087182624656,0.9,6.552561247216035
2035-10-13,Google,26-35,North India,Mobile,Image,15,83192,10,0.0683911432402623,5689,0.9,5120.1,0.1708056179977774,818,3937,0.8425199999999999,0.068383979228772,0.14378625417472315,0.9,6.259290953545233
2035-10-14,Google,18-25,North India,Mobile,Image,4,54706,10,0.0732228349663093,4005,0.9,3604.5,0.0958259964129197,322,3938,0.84248,0.07320951997952693,0.08039950062421973,0.9,11.194099378881987
2035-10-15,Google,26-35,North India,Desktop,Text,19,1819,10,0.0571672621869088,103,0.9,92.7,0.107895453275049,9,3939,0.84244,0.056624518966465094,0.08737864077669903,0.9,10.3
2035-10-16,Instagram,18-25,North India,Desktop,Image,2,36383,10,0.0771152795375817,2805,1.3,3646.5,0.0663576111727296,156,3940,0.8424,0.07709644614242915,0.05561497326203209,1.3,23.375
2035-10-17,Instagram,36-50,West India,Mobile,Image,2,79684,10,0.0501986437626473,4000,1.3,5200.0,0.1065905021266287,358,3941,0.84236,0.05019828321871392,0.0895,1.3,14.525139664804469
2035-10-18,Google,36-50,North India,Mobile,Image,1,72605,10,0.0605817204795225,4398,0.9,3958.2,0.0484287352194907,178,3942,0.84232,0.060574340610150816,0.04047294224647567,0.8999999999999999,22.237078651685394
2035-10-19,Google,26-35,North India,Desktop,Image,20,6640,10,0.0631277873344849,419,0.9,377.1,0.0418769205413535,14,3943,0.84228,0.06310240963855422,0.03341288782816229,0.9,26.935714285714287
2035-10-20,Google,26-35,West India,Desktop,Text,3,60888,10,0.0407386328584918,2480,0.9,2232.0,0.1402574008655567,292,3944,0.84224,0.04073052161345421,0.11774193548387096,0.9,7.6438356164383565
2035-10-21,Google,18-25,South India,Mobile,Text,21,87810,10,0.0566239148307924,4972,0.9,4474.8,0.1497646034096567,626,3945,0.8422,0.05662225259082109,0.1259050683829445,0.9,7.148242811501598
2035-10-22,Instagram,36-50,North India,Mobile,Video,17,63244,10,0.0547321675520803,3461,1.3,4499.3,0.0954055194579412,277,3946,0.84216,0.05472455885143255,0.08003467206009823,1.3,16.242960288808664
2035-10-23,Instagram,18-25,West India,Mobile,Image,1,74237,10,0.0580152513622646,4306,1.3,5597.8,0.1039734261194093,376,3947,0.84212,0.05800342147446691,0.08732001857872736,1.3,14.88776595744681
2035-10-24,Google,36-50,West India,Mobile,Text,23,85901,10,0.0244537634057147,2100,0.9,1890.0,0.0927396261917334,163,3948,0.8420799999999999,0.024446746836474548,0.07761904761904762,0.9,11.595092024539877
2035-10-25,Google,26-35,South India,Mobile,Video,5,69575,10,0.0367094266680531,2554,0.9,2298.6,0.1490255675686194,319,3949,0.84204,0.036708587854832914,0.12490211433046201,0.8999999999999999,7.20564263322884
2035-10-26,Google,18-25,North India,Mobile,Video,2,55087,10,0.0505953880930151,2787,0.9,2508.3,0.0670775323189683,156,3950,0.842,0.050592698821863596,0.05597416576964478,0.9,16.078846153846154
2035-10-27,Instagram,18-25,North India,Desktop,Image,20,32915,10,0.0649908138523545,2139,1.3,2780.7000000000003,0.1410828153061997,253,3951,0.84196,0.06498556888956403,0.11827956989247312,1.3,10.990909090909092
2035-10-28,Instagram,36-50,North India,Mobile,Video,2,44642,10,0.0545927492249345,2437,1.3,3168.1,0.1011113845318158,207,3952,0.84192,0.054589848125084,0.08494050061551088,1.3,15.304830917874396
2035-10-29,Google,36-50,West India,Desktop,Text,1,57611,10,0.0345902051091882,1992,0.9,1792.8,0.0377717265663631,63,3953,0.84188,0.03457673013834164,0.03162650602409638,0.9,28.457142857142856
2035-10-30,Google,36-50,North India,Mobile,Video,2,47889,10,0.0612671614781839,2934,0.9,2640.6,0.1535792190181077,378,3954,0.84184,0.06126667919563992,0.12883435582822086,0.9,6.985714285714286
2035-10-31,Instagram,26-35,North India,Desktop,Video,16,42215,10,0.0722589405267456,3050,1.3,3965.0,0.1780484483776006,457,3955,0.8418,0.07224920052114177,0.1498360655737705,1.3,8.676148796498905
2035-11-01,Instagram,18-25,North India,Mobile,Text,13,3487,11,0.0773928601954363,269,1.3,349.7,0.1360942332372092,30,3956,0.84176,0.07714367651276169,0.11152416356877323,1.3,11.656666666666666
2035-11-02,Google,36-50,North India,Mobile,Video,6,62045,11,0.0474067107525522,2941,0.9,2646.9,0.1532350891736842,378,3957,0.84172,0.04740107986139092,0.12852771166269977,0.9,7.002380952380952
2035-11-03,Google,26-35,South India,Mobile,Video,21,93594,11,0.0628975559701056,5886,0.9,5297.400000000001,0.0881483623611592,435,3958,0.84168,0.06288864670812232,0.07390417940876656,0.9000000000000001,12.17793103448276
2035-11-04,Google,36-50,South India,Mobile,Video,20,94644,11,0.0469609827161628,4444,0.9,3999.6,0.1617914422101218,605,3959,0.8416399999999999,0.04695490469549047,0.13613861386138615,0.9,6.61090909090909
2035-11-05,Instagram,18-25,South India,Desktop,Video,5,75035,11,0.0434665875118517,3261,1.3,4239.3,0.2212936144881915,606,3960,0.8416,0.043459718797894314,0.1858325666973321,1.3,6.995544554455446
2035-11-06,Google,36-50,North India,Mobile,Image,7,72667,11,0.0658504996853812,4785,0.9,4306.5,0.0846244929852105,339,3961,0.84156,0.06584832179668901,0.07084639498432602,0.9,12.70353982300885
2035-11-07,Google,18-25,North India,Mobile,Image,18,60040,11,0.0729619514153162,4380,0.9,3942.0,0.1647956459959341,606,3962,0.84152,0.07295136575616255,0.13835616438356163,0.9,6.5049504950495045
2035-11-08,Instagram,26-35,West India,Mobile,Text,18,91520,11,0.0943190181961767,8632,1.3,11221.6,0.0456238095352499,330,3963,0.84148,0.09431818181818181,0.03822984244670992,1.3,34.00484848484849
2035-11-09,Google,26-35,West India,Desktop,Video,11,62295,11,0.0616263650303484,3839,0.9,3455.1,0.1703128609761315,549,3964,0.84144,0.061626133718597,0.14300599114352697,0.9,6.29344262295082
2035-11-10,Instagram,36-50,West India,Mobile,Text,4,1825,11,0.0852612609588422,155,1.3,201.5,0.0482694295271509,5,3965,0.8413999999999999,0.08493150684931507,0.03225806451612903,1.3,40.3
2035-11-11,Google,18-25,North India,Mobile,Image,4,2191,11,0.0375724340698767,82,0.9,73.8,0.1442504152863856,9,3966,0.84136,0.037425832952989506,0.10975609756097561,0.8999999999999999,8.2
2035-11-12,Google,18-25,South India,Mobile,Video,13,44094,11,0.035317608307475,1557,0.9,1401.3,0.0708467666786985,92,3967,0.84132,0.03531092665668799,0.05908798972382787,0.9,15.231521739130434
2035-11-13,Instagram,18-25,South India,Mobile,Video,16,64490,11,0.0619893190851693,3997,1.3,5196.1,0.1129939874039894,379,3968,0.84128,0.061978601333540086,0.09482111583687766,1.3,13.710026385224275
2035-11-14,Google,36-50,South India,Desktop,Image,15,81243,11,0.0538778537943435,4377,0.9,3939.3,0.1636367039889258,602,3969,0.84124,0.053875410804623165,0.13753712588530959,0.9,6.543687707641197
2035-11-15,Instagram,18-25,North India,Mobile,Video,3,55799,11,0.0550463539878405,3071,1.3,3992.3,0.1190468460155858,307,3970,0.8412,0.05503682861700031,0.09996743731683491,1.3,13.004234527687297
2035-11-16,Google,18-25,South India,Mobile,Video,7,40553,11,0.0578591040685964,2346,0.9,2111.4,0.2159204598434585,425,3971,0.84116,0.05785022069883856,0.18115942028985507,0.9,4.968
2035-11-17,Google,18-25,West India,Mobile,Image,2,95305,11,0.0411928420533516,3925,0.9,3532.5,0.0962433006880396,317,3972,0.84112,0.04118356854309847,0.08076433121019108,0.9,11.14353312302839
2035-11-18,Instagram,18-25,West India,Mobile,Text,20,7813,11,0.0633966933233667,495,1.3,643.5,0.1524000163143375,63,3973,0.84108,0.06335594521950595,0.12727272727272726,1.3,10.214285714285714
2035-11-19,Google,36-50,South India,Mobile,Text,4,27350,11,0.0359499714002689,983,0.9,884.7,0.0398445304115958,32,3974,0.84104,0.035941499085923215,0.03255340793489318,0.9,27.646875
2035-11-20,Instagram,36-50,West India,Mobile,Video,22,88561,11,0.0398502322933779,3529,1.3,4587.7,0.1649384506221602,489,3975,0.841,0.03984824019602308,0.13856616605270614,1.3,9.381799591002045
2035-11-21,Google,18-25,South India,Mobile,Image,23,29992,11,0.0667112975311413,2000,0.9,1800.0,0.1850466946902364,311,3976,0.8409599999999999,0.06668444918644972,0.1555,0.9,5.787781350482315
2035-11-22,Google,18-25,South India,Mobile,Text,6,83453,11,0.0647457238138148,5403,0.9,4862.7,0.1075606293173386,488,3977,0.84092,0.06474302901034115,0.09032019248565612,0.8999999999999999,9.964549180327868
2035-11-23,Google,26-35,West India,Mobile,Text,17,89430,11,0.0318718050306249,2850,0.9,2565.0,0.1516325994085899,363,3978,0.84088,0.03186850050318685,0.12736842105263158,0.9,7.066115702479339
2035-11-24,Google,26-35,West India,Mobile,Video,23,34975,11,0.0248295415541925,868,0.9,781.2,0.1669481162135173,121,3979,0.84084,0.024817726947819873,0.13940092165898618,0.9,6.4561983471074385
2035-11-25,Instagram,18-25,West India,Mobile,Text,7,25992,11,0.0807732087228368,2099,1.3,2728.7000000000003,0.0851136290086195,149,3980,0.8408,0.08075561711295784,0.07098618389709385,1.3,18.31342281879195
2035-11-26,Instagram,18-25,West India,Desktop,Image,10,44736,11,0.0305387046084217,1366,1.3,1775.8,0.1121528328877496,128,3981,0.84076,0.030534692417739626,0.09370424597364568,1.3,13.8734375
2035-11-27,Google,26-35,South India,Desktop,Text,13,2237,11,0.0356990068255079,79,0.9,71.10000000000001,0.1522607656207723,10,3982,0.84072,0.03531515422440769,0.12658227848101267,0.9000000000000001,7.110000000000001
2035-11-28,Google,26-35,West India,Mobile,Image,17,5943,11,0.0271824111231703,161,0.9,144.9,0.1740616897583815,23,3983,0.84068,0.027090694935217905,0.14285714285714285,0.9,6.3
2035-11-29,Instagram,18-25,West India,Mobile,Image,12,54917,11,0.0696076367382639,3822,1.3,4968.6,0.1178240781356017,378,3984,0.84064,0.06959593568476063,0.0989010989010989,1.3,13.144444444444446
2035-11-30,Instagram,36-50,North India,Mobile,Video,5,93055,11,0.0455233020506512,4236,1.3,5506.8,0.0946211791955903,336,3985,0.8406,0.04552146579979582,0.07932011331444759,1.3,16.389285714285716
2035-12-01,Google,36-50,West India,Desktop,Text,12,93292,12,0.027112212801068,2529,0.9,2276.1,0.0624796870905368,132,3986,0.84056,0.02710843373493976,0.05219454329774614,0.8999999999999999,17.243181818181817
2035-12-02,Google,18-25,West India,Desktop,Video,0,22220,12,0.0447825450698118,995,0.9,895.5,0.1281440992296793,106,3987,0.8405199999999999,0.04477947794779478,0.10653266331658291,0.9,8.44811320754717
2035-12-03,Google,18-25,South India,Mobile,Text,10,48798,12,0.0419865484433829,2048,0.9,1843.2,0.0761907183750379,131,3988,0.84048,0.04196893315299807,0.06396484375,0.9,14.070229007633587
2035-12-04,Instagram,26-35,South India,Mobile,Video,6,29694,12,0.0946326553482832,2810,1.3,3653.0,0.1305706265446153,307,3989,0.84044,0.09463191217080892,0.1092526690391459,1.3,11.899022801302932
2035-12-05,Google,26-35,North India,Mobile,Video,9,29250,12,0.0605047526910344,1769,0.9,1592.1,0.1787809020884527,265,3990,0.8404,0.06047863247863248,0.14980214810627474,0.8999999999999999,6.007924528301887
2035-12-06,Google,36-50,West India,Mobile,Video,1,80478,12,0.0680244570435307,5474,0.9,4926.6,0.1272939144277665,584,3991,0.84036,0.06801858893113646,0.10668615272195835,0.9,8.43595890410959
2035-12-07,Instagram,18-25,West India,Desktop,Text,15,34227,12,0.0842223017781533,2882,1.3,3746.6,0.1102645879166819,266,3992,0.84032,0.08420253016624303,0.0922970159611381,1.3,14.084962406015038
2035-12-08,Google,26-35,West India,Mobile,Video,4,79305,12,0.0322533775191012,2557,0.9,2301.3,0.0631379488802211,135,3993,0.84028,0.032242607653994074,0.05279624560031287,0.9,17.046666666666667
2035-12-09,Google,36-50,West India,Desktop,Image,15,83039,12,0.0213863337893466,1775,0.9,1597.5,0.1466978121582244,218,3994,0.84024,0.021375498259853805,0.12281690140845071,0.9,7.327981651376147
2035-12-10,Google,36-50,West India,Mobile,Text,22,54920,12,0.0612415402546336,3363,0.9,3026.7000000000003,0.0914656048721269,257,3995,0.8402,0.06123452294246176,0.07641986321736545,0.9000000000000001,11.777042801556421
2035-12-11,Google,36-50,West India,Mobile,Image,15,11447,12,0.0677211534860668,775,0.9,697.5,0.0905319553157572,58,3996,0.84016,0.06770332838298244,0.07483870967741936,0.9,12.025862068965518
2035-12-12,Google,26-35,North India,Mobile,Video,14,75045,12,0.0357934442250176,2686,0.9,2417.4,0.1431139127769865,322,3997,0.84012,0.03579185821840229,0.11988086373790022,0.9,7.507453416149069
2035-12-13,Google,26-35,West India,Mobile,Video,8,23865,12,0.0473350774396735,1129,0.9,1016.1,0.0651336131524413,61,3998,0.8400799999999999,0.04730777288916824,0.054030115146147036,0.9,16.65737704918033
2035-12-14,Google,18-25,West India,Desktop,Image,0,56450,12,0.02523615540515,1424,0.9,1281.6,0.0979598113398025,116,3999,0.84004,0.025225863596102745,0.08146067415730338,0.8999999999999999,11.048275862068964
2035-12-15,Instagram,18-25,West India,Mobile,Video,8,17134,12,0.0691264378572635,1184,1.3,1539.2,0.184243368411216,183,4000,0.84,0.06910236955760476,0.1545608108108108,1.3,8.410928961748635
2035-12-16,Instagram,36-50,North India,Mobile,Text,10,53378,12,0.1023648134244325,5464,1.3,7103.2,0.0619263411510867,283,4001,0.83996,0.1023642699239387,0.05179355783308931,1.3,25.09964664310954
2035-12-17,Instagram,36-50,West India,Mobile,Image,4,17201,12,0.0789025241758687,1357,1.3,1764.1,0.1679734590533325,190,4002,0.83992,0.07889076216499041,0.1400147383935151,1.2999999999999998,9.284736842105263
2035-12-18,Google,26-35,North India,Mobile,Text,5,19936,12,0.0592114542250312,1180,0.9,1062.0,0.100541908917811,99,4003,0.83988,0.059189406099518456,0.08389830508474576,0.9,10.727272727272727
2035-12-19,Google,26-35,South India,Mobile,Text,7,79794,12,0.0403047544699124,3216,0.9,2894.4,0.1081885798870526,291,4004,0.83984,0.04030378223926611,0.09048507462686567,0.9,9.94639175257732
2035-12-20,Google,18-25,West India,Desktop,Text,14,62752,12,0.057653921702521,3617,0.9,3255.3,0.0815489490850824,246,4005,0.8398,0.057639597144314124,0.06801216477743986,0.9,13.232926829268294
2035-12-21,Google,18-25,North India,Mobile,Video,15,66309,12,0.0320611296188174,2125,0.9,1912.5,0.1640231113914996,292,4006,0.83976,0.032046931789048244,0.13741176470588234,0.9,6.549657534246576
2035-12-22,Google,18-25,South India,Mobile,Video,17,22762,12,0.026330355252062,599,0.9,539.1,0.1571136236604372,78,4007,0.83972,0.02631578947368421,0.1302170283806344,0.9,6.911538461538462
2035-12-23,Instagram,26-35,North India,Desktop,Image,11,4228,12,0.0451604358921865,190,1.3,247.0,0.143940122731894,22,4008,0.83968,0.044938505203405865,0.11578947368421053,1.3,11.227272727272727
2035-12-24,Google,36-50,North India,Mobile,Image,22,60405,12,0.046795119474569,2826,0.9,2543.4,0.0821132961212295,194,4009,0.8396399999999999,0.04678420660541346,0.0686482661004954,0.9,13.110309278350515
2035-12-25,Google,18-25,South India,Mobile,Text,3,69946,12,0.0734785366759649,5139,0.9,4625.1,0.1292936875134582,557,4010,0.8396,0.07347096331455695,0.10838684568982292,0.9,8.30359066427289
2035-12-26,Google,18-25,West India,Mobile,Video,21,1408,12,0.0684824526720052,96,0.9,86.4,0.2064983690870778,15,4011,0.83956,0.06818181818181818,0.15625,0.9,5.760000000000001
2035-12-27,Instagram,26-35,West India,Mobile,Video,15,48497,12,0.0763663761335225,3703,1.3,4813.900000000001,0.0950263579414558,294,4012,0.83952,0.07635523846835887,0.07939508506616257,1.3,16.373809523809527
2035-12-28,Google,18-25,North India,Desktop,Video,22,52419,12,0.0622851774594707,3264,0.9,2937.6,0.2021678675475328,553,4013,0.83948,0.062267498426143195,0.16942401960784315,0.9,5.312115732368897
2035-12-29,Instagram,36-50,South India,Mobile,Image,10,59087,12,0.0834066574745451,4928,1.3,6406.400000000001,0.1072211970443468,443,4014,0.83944,0.08340244046913872,0.08989448051948051,1.3,14.461399548532732
2035-12-30,Google,26-35,West India,Mobile,Video,21,6773,12,0.0826470920203818,559,0.9,503.1,0.0544734344139797,25,4015,0.8393999999999999,0.08253358925143954,0.044722719141323794,0.9,20.124000000000002
2035-12-31,Instagram,18-25,North India,Mobile,Text,23,53986,12,0.0587030848485769,3169,1.3,4119.7,0.0727381197929535,193,4016,0.83936,0.058700403808394766,0.06090249289996844,1.3,21.34559585492228
2036-01-01,Instagram,18-25,South India,Mobile,Text,21,60175,1,0.0766444165285611,4612,1.3,5995.6,0.0569881797720996,219,4017,0.83932,0.07664312422102201,0.04748482220294883,1.3,27.37716894977169
2036-01-02,Google,26-35,North India,Mobile,Text,6,75715,1,0.049522409718285,3749,0.9,3374.1,0.0666994615637109,209,4018,0.83928,0.04951462722049792,0.05574819951987196,0.9,16.14401913875598
2036-01-03,Google,26-35,South India,Mobile,Video,23,6617,1,0.0609248754479466,403,0.9,362.7,0.0705351852845088,23,4019,0.83924,0.060903732809430254,0.05707196029776675,0.9,15.769565217391303
2036-01-04,Google,18-25,West India,Desktop,Text,14,69237,1,0.0524245289700689,3629,0.9,3266.1,0.0552062290552897,167,4020,0.8392,0.05241417161344368,0.04601818682832736,0.9,19.557485029940118
2036-01-05,Google,36-50,West India,Mobile,Text,16,4907,1,0.0662015866277324,324,0.9,291.6,0.0490771755548919,12,4021,0.83916,0.06602812308946403,0.037037037037037035,0.9,24.3
2036-01-06,Instagram,26-35,North India,Mobile,Image,14,14841,1,0.0798231710745492,1184,1.3,1539.2,0.0437823468299427,42,4022,0.83912,0.0797789906340543,0.03547297297297297,1.3,36.647619047619045
2036-01-07,Instagram,36-50,West India,Mobile,Image,9,91866,1,0.0341742792989332,3139,1.3,4080.7,0.0814660921899743,213,4023,0.83908,0.03416933359458341,0.0678560050971647,1.3,19.158215962441314
2036-01-08,Instagram,18-25,West India,Mobile,Video,3,50827,1,0.0940018849648201,4777,1.3,6210.1,0.2060812841302223,825,4024,0.83904,0.09398548015818364,0.17270253297048357,1.3,7.5273939393939395
2036-01-09,Instagram,36-50,South India,Mobile,Video,21,55079,1,0.1228634952403292,6767,1.3,8797.1,0.2282478765650738,1295,4025,0.839,0.12285989215490477,0.19136988325698243,1.3,6.793127413127413
2036-01-10,Google,18-25,West India,Mobile,Video,16,79943,1,0.0615769139450072,4922,0.9,4429.8,0.1902366114081304,785,4026,0.8389599999999999,0.061568867818320556,0.15948801300284438,0.9,5.643057324840765
2036-01-11,Google,18-25,South India,Mobile,Video,3,62467,1,0.0681434012280077,4256,0.9,3830.4,0.0550435685510205,196,4027,0.83892,0.06813197368210415,0.046052631578947366,0.9,19.542857142857144
2036-01-12,Instagram,18-25,South India,Mobile,Video,21,49091,1,0.0823513354433845,4042,1.3,5254.6,0.0579972171484309,196,4028,0.83888,0.08233688456132489,0.04849084611578427,1.3,26.80918367346939
2036-01-13,Google,18-25,North India,Mobile,Image,22,55501,1,0.0340833729807483,1891,0.9,1701.9,0.0393775383723192,62,4029,0.83884,0.03407145817192483,0.03278688524590164,0.9,27.450000000000003
2036-01-14,Instagram,36-50,South India,Mobile,Image,21,62855,1,0.0548336533897114,3446,1.3,4479.8,0.1004625731679462,290,4030,0.8388,0.054824596293055444,0.08415554265815438,1.3,15.447586206896553
2036-01-15,Google,18-25,West India,Mobile,Image,10,98735,1,0.0663600861388446,6552,0.9,5896.8,0.1772361146081969,973,4031,0.83876,0.0663594470046083,0.1485042735042735,0.9,6.060431654676259
2036-01-16,Google,18-25,South India,Desktop,Text,3,92822,1,0.0218836562128316,2031,0.9,1827.9,0.1547960699649276,263,4032,0.83872,0.02188058865355196,0.1294928606597735,0.9,6.950190114068441
2036-01-17,Instagram,36-50,South India,Mobile,Text,11,20859,1,0.1015278568501326,2117,1.3,2752.1,0.0701950393689467,124,4033,0.83868,0.10149096313341963,0.05857345299952763,1.3,22.19435483870968
2036-01-18,Google,26-35,North India,Desktop,Image,22,73352,1,0.067953489782119,4984,0.9,4485.6,0.0925559171592371,386,4034,0.83864,0.06794634093139928,0.0774478330658106,0.9,11.620725388601038
2036-01-19,Instagram,36-50,West India,Mobile,Image,9,50693,1,0.1074138056275464,5445,1.3,7078.5,0.1554199709721137,709,4035,0.8386,0.10741127966385891,0.13021120293847566,1.3,9.983779971791256
2036-01-20,Instagram,36-50,West India,Desktop,Video,13,17548,1,0.037417552576785,656,1.3,852.8000000000001,0.1754420299943459,96,4036,0.83856,0.037383177570093455,0.14634146341463414,1.3,8.883333333333335
2036-01-21,Instagram,36-50,West India,Mobile,Image,17,93367,1,0.044282451279284,4134,1.3,5374.2,0.0585665251428899,202,4037,0.8385199999999999,0.044276885837608575,0.04886308659893566,1.3,26.604950495049504
2036-01-22,Instagram,18-25,South India,Mobile,Video,5,83904,1,0.0659376284044135,5532,1.3,7191.6,0.0727171664130842,337,4038,0.83848,0.0659324942791762,0.06091829356471439,1.3,21.34005934718101
2036-01-23,Instagram,18-25,West India,Desktop,Image,4,85581,1,0.0704266267762849,6027,1.3,7835.1,0.1161208739778028,586,4039,0.83844,0.07042451011322606,0.09722913555666168,1.3,13.37047781569966
2036-01-24,Instagram,18-25,West India,Mobile,Video,1,34385,1,0.0668564318373375,2298,1.3,2987.4,0.0651547855046182,124,4040,0.8384,0.06683146720953904,0.053959965187119235,1.3,24.09193548387097
2036-01-25,Google,26-35,South India,Mobile,Image,12,78641,1,0.0645075348789946,5072,0.9,4564.8,0.1710528755681908,726,4041,0.83836,0.06449561933342658,0.14313880126182965,0.9,6.287603305785124
2036-01-26,Google,18-25,North India,Desktop,Video,22,25644,1,0.0476021707650362,1220,0.9,1098.0,0.0860309237178404,87,4042,0.83832,0.04757448136016222,0.07131147540983607,0.9,12.620689655172415
2036-01-27,Instagram,26-35,North India,Mobile,Text,13,6639,1,0.0818157520193575,543,1.3,705.9,0.0535906792088555,24,4043,0.83828,0.08178942611839132,0.04419889502762431,1.3,29.412499999999998
2036-01-28,Google,18-25,South India,Mobile,Text,2,96866,1,0.033693353500191,3263,0.9,2936.7000000000003,0.0617043976135228,168,4044,0.83824,0.03368571015629839,0.05148636224333435,0.9000000000000001,17.480357142857144
2036-01-29,Google,36-50,North India,Mobile,Video,22,78152,1,0.0707954249139878,5532,0.9,4978.8,0.0528189514380646,244,4045,0.8382,0.07078513665677141,0.044107013738250184,0.9,20.404918032786885
2036-01-30,Google,18-25,North India,Mobile,Video,10,21580,1,0.0652365545928718,1407,0.9,1266.3,0.1480368372162822,174,4046,0.83816,0.06519925857275255,0.12366737739872068,0.9,7.277586206896552
2036-01-31,Instagram,26-35,North India,Mobile,Text,21,99304,1,0.129817028688678,12891,1.3,16758.3,0.0508962759697886,549,4047,0.83812,0.1298135019737372,0.0425878519897603,1.3,30.525136612021857
2036-02-01,Instagram,26-35,West India,Desktop,Image,22,27974,2,0.0576812976129288,1613,1.3,2096.9,0.0726673168818156,98,4048,0.8380799999999999,0.05766068492171302,0.06075635461872288,1.3,21.396938775510204
2036-02-02,Google,18-25,North India,Mobile,Video,3,46373,2,0.0746892025518028,3463,0.9,3116.7000000000003,0.1655084434246604,480,4049,0.83804,0.07467707502210338,0.13860814322841467,0.9000000000000001,6.493125000000001
2036-02-03,Instagram,36-50,West India,Desktop,Image,12,97086,2,0.0893010800915744,8669,1.3,11269.7,0.0480473757577812,348,4050,0.838,0.08929196794594484,0.04014303841273503,1.3,32.38419540229885
2036-02-04,Instagram,18-25,North India,Mobile,Text,7,48612,2,0.0533299295352689,2592,1.3,3369.6,0.0552203349875554,119,4051,0.83796,0.05332016785978771,0.045910493827160496,1.3,28.31596638655462
2036-02-05,Instagram,18-25,West India,Desktop,Text,7,25761,2,0.0375000224642194,966,1.3,1255.8,0.0517724739162872,41,4052,0.83792,0.037498544311168044,0.042443064182194616,1.3,30.629268292682926
2036-02-06,Instagram,18-25,South India,Mobile,Video,22,11701,2,0.0900811952691816,1054,1.3,1370.2,0.0536960976411259,46,4053,0.83788,0.0900777711306726,0.04364326375711575,1.3,29.786956521739132
2036-02-07,Instagram,36-50,South India,Desktop,Image,12,21822,2,0.0617690946022194,1347,1.3,1751.1,0.1270586908706509,143,4054,0.83784,0.06172669782788012,0.10616184112843356,1.2999999999999998,12.245454545454544
2036-02-08,Google,26-35,North India,Mobile,Text,22,15970,2,0.0610029596111778,974,0.9,876.6,0.053783343574906,43,4055,0.8378,0.06098935504070131,0.044147843942505136,0.9,20.386046511627907
2036-02-09,Instagram,36-50,West India,Desktop,Image,9,87728,2,0.0286650959970712,2514,1.3,3268.2000000000003,0.1286069105299982,270,4056,0.83776,0.028656757249680833,0.10739856801909307,1.3,12.104444444444445
2036-02-10,Google,26-35,South India,Mobile,Text,12,36847,2,0.0588526150170962,2168,0.9,1951.2,0.103082944988301,186,4057,0.83772,0.05883789725079382,0.08579335793357934,0.9,10.490322580645161
2036-02-11,Instagram,26-35,South India,Mobile,Video,12,24103,2,0.0570508082012638,1375,1.3,1787.5,0.1762238641481768,202,4058,0.83768,0.057046840642243704,0.1469090909090909,1.3,8.849009900990099
2036-02-12,Instagram,26-35,South India,Mobile,Image,23,58479,2,0.0769710667460971,4501,1.3,5851.3,0.1951609082510819,735,4059,0.8376399999999999,0.0769678004069837,0.16329704510108864,1.3,7.9609523809523814
2036-02-13,Google,36-50,South India,Mobile,Image,16,95393,2,0.0635802547430744,6065,0.9,5458.5,0.0778606037968818,395,4060,0.8376,0.06357908861237198,0.0651277823577906,0.9,13.818987341772152
2036-02-14,Google,18-25,North India,Mobile,Video,5,83847,2,0.0312201351015051,2617,0.9,2355.3,0.1518739923301961,332,4061,0.83756,0.03121161162593772,0.126862820022927,0.9,7.094277108433736
2036-02-15,Instagram,18-25,West India,Mobile,Video,1,61787,2,0.0703442101719628,4346,1.3,5649.8,0.1880466265578088,684,4062,0.83752,0.07033842070338421,0.1573861021629084,1.3,8.259941520467837
2036-02-16,Google,18-25,South India,Mobile,Video,16,87979,2,0.0357769620443892,3147,0.9,2832.3,0.2297249749122393,604,4063,0.83748,0.035769899635140205,0.1919288210994598,0.9,4.689238410596027
2036-02-17,Instagram,18-25,North India,Mobile,Video,11,17944,2,0.0674810784507675,1210,1.3,1573.0,0.1449245600226698,146,4064,0.83744,0.06743201069995541,0.1206611570247934,1.3,10.773972602739725
2036-02-18,Google,18-25,South India,Mobile,Text,22,15974,2,0.0915334781562263,1462,0.9,1315.8,0.054526173349915,66,4065,0.8374,0.09152372605483912,0.04514363885088919,0.9,19.936363636363637
2036-02-19,Google,36-50,South India,Mobile,Image,5,47984,2,0.0688620843723061,3304,0.9,2973.6,0.0522925775101263,144,4066,0.83736,0.06885628542847616,0.043583535108958835,0.9,20.65
2036-02-20,Instagram,36-50,South India,Desktop,Text,4,47893,2,0.0402865833633426,1929,1.3,2507.7000000000003,0.0738573698852131,118,4067,0.83732,0.04027728478065688,0.06117159149818559,1.3,21.25169491525424
2036-02-21,Instagram,36-50,South India,Desktop,Video,4,27314,2,0.040701790274493,1111,1.3,1444.3,0.2243234694857082,208,4068,0.83728,0.04067511166434795,0.18721872187218722,1.3,6.94375
2036-02-22,Instagram,36-50,North India,Mobile,Text,8,30852,2,0.0760796978234934,2347,1.3,3051.1,0.0930001433005347,182,4069,0.83724,0.07607286399585116,0.07754580315296122,1.3,16.764285714285712
2036-02-23,Google,36-50,West India,Mobile,Text,21,5953,2,0.0856874681754127,510,0.9,459.0,0.1029373590975481,43,4070,0.8371999999999999,0.0856710902066185,0.08431372549019608,0.9,10.674418604651162
2036-02-24,Instagram,36-50,North India,Mobile,Image,2,90818,2,0.0603109939781254,5477,1.3,7120.1,0.119210136286055,545,4071,0.83716,0.060307428042898986,0.09950702939565456,1.3,13.064403669724772
2036-02-25,Instagram,36-50,North India,Desktop,Image,22,77773,2,0.071675044249007,5574,1.3,7246.2,0.0821846282775153,383,4072,0.83712,0.07167011687860826,0.0687118765697883,1.3,18.91958224543081
2036-02-26,Instagram,18-25,North India,Mobile,Image,19,29448,2,0.0606539315556599,1786,1.3,2321.8,0.0621515878600588,92,4073,0.83708,0.0606492800869329,0.051511758118701005,1.3,25.23695652173913
2036-02-27,Instagram,26-35,South India,Mobile,Video,4,32771,2,0.0434651179178567,1424,1.3,1851.2,0.2291438648964699,272,4074,0.83704,0.04345305300418052,0.19101123595505617,1.3,6.805882352941176
2036-02-28,Instagram,36-50,West India,Mobile,Video,6,52550,2,0.0513462240551014,2698,1.3,3507.4,0.1749046922678317,394,4075,0.837,0.051341579448144624,0.14603409933283915,1.3,8.902030456852792
2036-02-29,Google,26-35,South India,Desktop,Image,11,56378,2,0.0629365585903269,3548,0.9,3193.2000000000003,0.1227017188309571,364,4076,0.8369599999999999,0.06293234949803114,0.10259301014656144,0.9,8.772527472527473
2036-03-01,Google,36-50,North India,Mobile,Text,6,55895,3,0.0702463364137311,3926,0.9,3533.4,0.082375171370847,270,4077,0.83692,0.07023884068342427,0.06877228731533368,0.9,13.086666666666668
2036-03-02,Instagram,36-50,South India,Mobile,Image,9,59737,3,0.0481788089403392,2878,1.3,3741.4,0.130181623510956,312,4078,0.83688,0.04817784622595711,0.10840861709520501,1.3,11.991666666666667
2036-03-03,Google,18-25,West India,Mobile,Video,7,69124,3,0.0655695910954131,4532,0.9,4078.8,0.0590213283134,223,4079,0.83684,0.06556333545512412,0.049205648720211825,0.9,18.290582959641256
2036-03-04,Instagram,26-35,West India,Mobile,Text,16,61810,3,0.0441927671153388,2731,1.3,3550.3,0.069796900074824,158,4080,0.8368,0.04418378903090115,0.05785426583668986,1.3,22.47025316455696
2036-03-05,Google,18-25,South India,Mobile,Video,4,81351,3,0.029612076746154,2408,0.9,2167.2000000000003,0.1090435168552005,219,4081,0.83676,0.0296001278410837,0.0909468438538206,0.9000000000000001,9.895890410958906
2036-03-06,Instagram,18-25,North India,Mobile,Image,14,72892,3,0.105022108634257,7655,1.3,9951.5,0.1069543158454235,684,4082,0.83672,0.10501838336168579,0.08935336381450033,1.3,14.548976608187134
2036-03-07,Instagram,26-35,South India,Desktop,Image,8,21069,3,0.051971251921873,1094,1.3,1422.2,0.0884240041001459,80,4083,0.83668,0.05192462860126252,0.07312614259597806,1.3,17.7775
2036-03-08,Google,18-25,North India,Mobile,Text,22,15695,3,0.0355578434661242,558,0.9,502.2,0.0585925248935528,26,4084,0.83664,0.035552723797387706,0.04659498207885305,0.9,19.315384615384616
2036-03-09,Google,36-50,West India,Desktop,Image,10,54461,3,0.0454611117771826,2475,0.9,2227.5,0.1618912746458644,334,4085,0.8366,0.045445364572813576,0.13494949494949496,0.9,6.669161676646707
2036-03-10,Google,36-50,South India,Mobile,Video,12,21783,3,0.0553492860629533,1205,0.9,1084.5,0.2397117808605669,240,4086,0.83656,0.05531836753431575,0.1991701244813278,0.9,4.51875
2036-03-11,Instagram,36-50,West India,Mobile,Video,17,2403,3,0.0761273667494833,182,1.3,236.6,0.0652074645238827,9,4087,0.8365199999999999,0.07573866000832292,0.04945054945054945,1.3,26.288888888888888
2036-03-12,Instagram,36-50,North India,Desktop,Video,16,29327,3,0.076515902916989,2243,1.3,2915.9,0.0869668241172572,163,4088,0.83648,0.0764824223411873,0.07267053053945609,1.3,17.888957055214725
2036-03-13,Google,36-50,North India,Mobile,Text,23,68821,3,0.0254488097363749,1751,0.9,1575.9,0.1317418227028632,192,4089,0.83644,0.025442815419712005,0.1096516276413478,0.9,8.207812500000001
2036-03-14,Instagram,18-25,South India,Mobile,Video,8,9862,3,0.0510048937061782,503,1.3,653.9,0.2239228960371691,93,4090,0.8364,0.051003853173798415,0.1848906560636183,1.3,7.031182795698925
2036-03-15,Google,18-25,South India,Desktop,Image,9,68264,3,0.039529769030022,2698,0.9,2428.2000000000003,0.1331271212928824,300,4091,0.83636,0.03952302824329075,0.1111934766493699,0.9000000000000001,8.094000000000001
2036-03-16,Google,36-50,South India,Mobile,Text,4,12430,3,0.0626623338081658,778,0.9,700.2,0.14119617539029,91,4092,0.83632,0.06259050683829445,0.11696658097686376,0.9,7.694505494505495
2036-03-17,Instagram,36-50,West India,Mobile,Video,10,35017,3,0.0427875331140052,1498,1.3,1947.4,0.0671405367317422,83,4093,0.83628,0.042779221520975526,0.05540720961281709,1.3,23.46265060240964
2036-03-18,Google,18-25,North India,Desktop,Video,21,34646,3,0.0358411000533409,1241,0.9,1116.9,0.1993032637489457,206,4094,0.83624,0.035819430814524045,0.16599516518936341,0.9,5.421844660194175
2036-03-19,Google,26-35,North India,Mobile,Image,14,29922,3,0.0657836845404845,1968,0.9,1771.2,0.1636282170640862,269,4095,0.8362,0.06577100461199117,0.1366869918699187,0.9,6.584386617100372
2036-03-20,Google,18-25,West India,Mobile,Image,1,12543,3,0.0300927550170828,377,0.9,339.3,0.1507839152482728,46,4096,0.83616,0.030056605277844217,0.1220159151193634,0.9,7.376086956521739
2036-03-21,Google,18-25,South India,Desktop,Text,20,50649,3,0.0350829322799561,1776,0.9,1598.4,0.1730819209157473,256,4097,0.83612,0.035064858141325594,0.14414414414414414,0.9,6.24375
2036-03-22,Google,18-25,South India,Mobile,Video,19,93099,3,0.0660031655399523,6144,0.9,5529.6,0.0677630930738758,347,4098,0.8360799999999999,0.06599426417039925,0.056477864583333336,0.9,15.935446685878963
2036-03-23,Google,18-25,West India,Mobile,Video,23,26553,3,0.0670568435391662,1780,0.9,1602.0,0.0954820556367388,141,4099,0.83604,0.06703573984107257,0.07921348314606741,0.9,11.361702127659575
2036-03-24,Instagram,18-25,North India,Desktop,Image,23,49860,3,0.0598711321208517,2985,1.3,3880.5,0.0948403863225709,236,4100,0.836,0.0598676293622142,0.07906197654941373,1.3,16.44279661016949
2036-03-25,Google,26-35,North India,Mobile,Text,13,61388,3,0.0692061576347717,4248,0.9,3823.2,0.0552513194365444,195,4101,0.83596,0.06919919202449991,0.04590395480225989,0.8999999999999999,19.606153846153845
2036-03-26,Google,36-50,North India,Desktop,Image,4,61092,3,0.0205599629495956,1256,0.9,1130.4,0.1610092868554287,168,4102,0.83592,0.02055915668172592,0.1337579617834395,0.9,6.7285714285714295
2036-03-27,Google,36-50,North India,Desktop,Image,23,74114,3,0.0536546006330081,3976,0.9,3578.4,0.1525773685274946,506,4103,0.83588,0.05364708422160455,0.1272635814889336,0.9,7.071936758893281
2036-03-28,Google,26-35,West India,Mobile,Text,5,22263,3,0.0740917910738685,1649,0.9,1484.1,0.1386187436713775,190,4104,0.83584,0.07406908323226878,0.11522134627046694,0.8999999999999999,7.811052631578947
2036-03-29,Instagram,36-50,North India,Mobile,Video,21,77204,3,0.0962818717441572,7433,1.3,9662.9,0.1012994820686442,628,4105,0.8358,0.09627739495362934,0.08448809363648595,1.3,15.386783439490445
2036-03-30,Instagram,36-50,West India,Mobile,Video,14,83458,3,0.0918467666768425,7665,1.3,9964.5,0.1937444299159288,1241,4106,0.83576,0.09184260346521604,0.1619047619047619,1.3,8.029411764705882
2036-03-31,Google,36-50,South India,Mobile,Video,3,13232,3,0.0244609015578519,323,0.9,290.7,0.0830951071058913,21,4107,0.83572,0.024410519951632407,0.06501547987616099,0.8999999999999999,13.842857142857142
2036-04-01,Instagram,26-35,West India,Desktop,Text,9,10092,4,0.0909990767281336,918,1.3,1193.4,0.05605110923126,42,4108,0.83568,0.09096313912009513,0.0457516339869281,1.3,28.414285714285718
2036-04-02,Instagram,26-35,North India,Mobile,Text,18,35234,4,0.107435461753651,3785,1.3,4920.5,0.1179932223867254,372,4109,0.8356399999999999,0.10742464664812397,0.09828269484808455,1.3,13.227150537634408
2036-04-03,Instagram,36-50,South India,Mobile,Text,8,41482,4,0.1107973229667398,4596,1.3,5974.8,0.0525248729183035,201,4110,0.8356,0.11079504363338315,0.043733681462140996,1.3,29.725373134328358
2036-04-04,Google,36-50,West India,Mobile,Text,20,19117,4,0.0866037660379451,1655,0.9,1489.5,0.1748393047671468,241,4111,0.83556,0.08657216090390751,0.14561933534743202,0.9,6.180497925311204
2036-04-05,Google,36-50,West India,Desktop,Text,9,34258,4,0.0381374468843721,1306,0.9,1175.4,0.0877592667106846,95,4112,0.83552,0.03812248233989141,0.07274119448698316,0.9,12.37263157894737
2036-04-06,Google,18-25,West India,Mobile,Image,3,97726,4,0.0920980169876915,9000,0.9,8100.0,0.1281414779729565,963,4113,0.83548,0.09209422262243415,0.107,0.9,8.411214953271028
2036-04-07,Instagram,18-25,South India,Desktop,Video,21,60097,4,0.0751207600185415,4514,1.3,5868.2,0.2437017154137872,918,4114,0.83544,0.07511190242441386,0.20336730172795747,1.3,6.392374727668845
2036-04-08,Google,18-25,West India,Mobile,Text,3,89631,4,0.0367639196211311,3295,0.9,2965.5,0.0979275490421792,268,4115,0.8354,0.03676183463310685,0.08133535660091047,0.9,11.065298507462687
2036-04-09,Instagram,26-35,North India,Desktop,Video,5,19302,4,0.0457778668498909,883,1.3,1147.9,0.1371971933562351,101,4116,0.83536,0.04574655476116465,0.1143827859569649,1.3,11.365346534653467
2036-04-10,Google,36-50,South India,Mobile,Text,7,76762,4,0.0342658718453615,2630,0.9,2367.0,0.0995350388386481,218,4117,0.83532,0.03426174409212892,0.08288973384030418,0.9,10.857798165137615
2036-04-11,Google,26-35,South India,Mobile,Video,15,41934,4,0.0515648934732339,2162,0.9,1945.8,0.1413581907332014,254,4118,0.83528,0.051557208947393525,0.11748381128584644,0.9,7.660629921259843
2036-04-12,Instagram,26-35,West India,Desktop,Image,7,77439,4,0.0373024954892614,2888,1.3,3754.4,0.1266164927242832,304,4119,0.83524,0.03729387001381733,0.10526315789473684,1.3,12.35
2036-04-13,Google,26-35,North India,Mobile,Video,15,88945,4,0.0786384628151587,6994,0.9,6294.6,0.2358842363501815,1377,4120,0.8351999999999999,0.07863286300522795,0.19688304260794967,0.9,4.57124183006536
2036-04-14,Google,36-50,South India,Mobile,Video,5,43446,4,0.0894081656696443,3884,0.9,3495.6,0.2709313784217645,878,4121,0.83516,0.08939833356350411,0.22605561277033986,0.9,3.9813211845102505
2036-04-15,Instagram,18-25,West India,Desktop,Text,16,81421,4,0.0783285285455796,6377,1.3,8290.1,0.1186490852349108,631,4122,0.83512,0.07832131759619754,0.09894934922377294,1.3,13.138034865293186
2036-04-16,Instagram,36-50,North India,Mobile,Video,0,72635,4,0.0853628628078119,6200,1.3,8060.0,0.1420454205120117,734,4123,0.83508,0.08535829834102017,0.11838709677419355,1.3,10.98092643051771
2036-04-17,Instagram,36-50,West India,Mobile,Image,18,27076,4,0.1299031067452622,3517,1.3,4572.1,0.1837710736315252,539,4124,0.83504,0.1298936327374797,0.15325561558146147,1.3,8.482560296846012
2036-04-18,Instagram,26-35,West India,Mobile,Image,17,50349,4,0.072251876945423,3637,1.3,4728.1,0.1623960983653512,492,4125,0.835,0.07223579415678563,0.1352763266428375,1.3,9.609959349593497
2036-04-19,Instagram,26-35,South India,Desktop,Image,16,47578,4,0.0470448116886054,2238,1.3,2909.4,0.2157129167119868,402,4126,0.8349599999999999,0.04703854722771029,0.17962466487935658,1.3,7.237313432835821
2036-04-20,Instagram,26-35,South India,Mobile,Text,16,10726,4,0.1178888992291224,1264,1.3,1643.2,0.1596445080296252,167,4127,0.83492,0.11784449002424016,0.13212025316455697,1.3,9.839520958083833
2036-04-21,Google,18-25,West India,Mobile,Text,11,51865,4,0.0371937447038227,1929,0.9,1736.1,0.1767947691574171,284,4128,0.83488,0.0371927118480671,0.1472265422498704,0.8999999999999999,6.113028169014084
2036-04-22,Google,18-25,South India,Mobile,Text,11,76076,4,0.0309032902202677,2350,0.9,2115.0,0.1840914809392541,360,4129,0.83484,0.030890162469109837,0.15319148936170213,0.9,5.875
2036-04-23,Google,18-25,South India,Mobile,Text,5,9102,4,0.0782318370981027,712,0.9,640.8000000000001,0.1792225409068923,106,4130,0.8348,0.07822456602944408,0.14887640449438203,0.9000000000000001,6.045283018867925
2036-04-24,Google,36-50,North India,Desktop,Text,6,13754,4,0.072936253335394,1003,0.9,902.7,0.0918774192909755,76,4131,0.83476,0.07292424022102661,0.07577268195413758,0.9,11.87763157894737
2036-04-25,Instagram,26-35,North India,Mobile,Image,7,37612,4,0.0836791731676972,3147,1.3,4091.1,0.1072394889355507,281,4132,0.83472,0.08367010528554716,0.08929138862408643,1.3,14.559074733096086
2036-04-26,Instagram,36-50,West India,Mobile,Video,2,34363,4,0.1318652041008002,4531,1.3,5890.3,0.207026492512189,782,4133,0.83468,0.13185693914966679,0.17258883248730963,1.3,7.5323529411764705
2036-04-27,Instagram,18-25,West India,Mobile,Image,16,74866,4,0.075443879646185,5648,1.3,7342.400000000001,0.0620698330496267,292,4134,0.83464,0.07544145540031523,0.051699716713881017,1.3,25.145205479452056
2036-04-28,Google,26-35,West India,Mobile,Text,20,66777,4,0.0628307738747102,4195,0.9,3775.5,0.0868122241213198,303,4135,0.8346,0.06282103119337497,0.07222884386174017,0.9,12.46039603960396
2036-04-29,Instagram,18-25,West India,Desktop,Image,7,19747,4,0.0629258060987572,1242,1.3,1614.6,0.2046136047572159,211,4136,0.83456,0.06289562971590622,0.16988727858293076,1.2999999999999998,7.652132701421801
2036-04-30,Google,26-35,North India,Mobile,Video,10,48770,4,0.0678533354384962,3309,0.9,2978.1,0.1409233867649773,388,4137,0.8345199999999999,0.06784908755382407,0.11725596857056513,0.9,7.675515463917526
2036-05-01,Instagram,26-35,South India,Mobile,Text,19,50884,5,0.0990743012412991,5041,1.3,6553.3,0.0727296808168947,305,4138,0.83448,0.09906846945994811,0.06050386828010315,1.3,21.486229508196722
2036-05-02,Instagram,36-50,North India,Mobile,Image,17,66670,5,0.0396568002965432,2643,1.3,3435.9,0.1013681428417065,222,4139,0.83444,0.039643017849107544,0.08399545970488081,1.3,15.477027027027027
2036-05-03,Google,36-50,West India,Desktop,Image,15,94371,5,0.0570904577598028,5387,0.9,4848.3,0.0804025455070767,361,4140,0.8344,0.057083214122982694,0.06701317987748283,0.9,13.430193905817175
2036-05-04,Google,18-25,West India,Mobile,Video,12,86681,5,0.0621315803689416,5385,0.9,4846.5,0.1770678298770678,795,4141,0.83436,0.062124340974377315,0.14763231197771587,0.9,6.09622641509434
2036-05-05,Google,36-50,North India,Mobile,Text,8,36394,5,0.0250573656733834,911,0.9,819.9,0.1284609050756713,97,4142,0.83432,0.025031598615156345,0.10647639956092206,0.9,8.452577319587629
2036-05-06,Instagram,36-50,North India,Desktop,Text,18,61484,5,0.0915343764812204,5627,1.3,7315.1,0.1207795148567122,566,4143,0.83428,0.09151974497430226,0.10058645814821397,1.3,12.924204946996467
2036-05-07,Instagram,36-50,West India,Desktop,Video,6,44084,5,0.0864917622608782,3812,1.3,4955.6,0.0730399055350032,231,4144,0.83424,0.08647128209781327,0.06059811122770199,1.3,21.452813852813854
2036-05-08,Instagram,26-35,South India,Desktop,Video,16,97655,5,0.0622676303410402,6080,1.3,7904.0,0.1149033642143997,582,4145,0.8342,0.06225999692796068,0.09572368421052632,1.3,13.580756013745704
2036-05-09,Google,36-50,West India,Mobile,Video,7,32093,5,0.0354552352485652,1137,0.9,1023.3,0.0839471313588432,79,4146,0.83416,0.03542828654223663,0.06948109058927,0.8999999999999999,12.953164556962024
2036-05-10,Google,18-25,North India,Desktop,Video,7,8179,5,0.0599679461571036,490,0.9,441.0,0.0524307393615309,20,4147,0.83412,0.05990952439173493,0.04081632653061224,0.9,22.05
2036-05-11,Instagram,26-35,West India,Mobile,Text,2,35278,5,0.095875481594412,3382,1.3,4396.6,0.1219618755363962,343,4148,0.8340799999999999,0.0958671126481093,0.10141927853341218,1.3,12.818075801749272
2036-05-12,Instagram,26-35,West India,Mobile,Text,15,46813,5,0.1094699381531801,5124,1.3,6661.2,0.0849747901893255,362,4149,0.83404,0.10945677482750518,0.070647931303669,1.3,18.40110497237569
2036-05-13,Google,36-50,South India,Mobile,Image,11,85716,5,0.0404967515063632,3471,0.9,3123.9,0.086599955651789,250,4150,0.834,0.040494190116197676,0.07202535292422933,0.9,12.4956
2036-05-14,Google,26-35,West India,Mobile,Image,14,73443,5,0.0691870674379857,5081,0.9,4572.900000000001,0.0830538511468224,351,4151,0.83396,0.06918290374848522,0.06908088958866365,0.9000000000000001,13.02820512820513
2036-05-15,Instagram,18-25,West India,Desktop,Image,20,64828,5,0.0489310221673613,3172,1.3,4123.6,0.0589023049195077,155,4152,0.83392,0.0489294749182452,0.04886506935687263,1.3,26.603870967741937
2036-05-16,Google,18-25,West India,Mobile,Text,3,70942,5,0.0318985762644466,2262,0.9,2035.8,0.1323845153773263,249,4153,0.83388,0.03188520199599673,0.11007957559681697,0.9,8.17590361445783
2036-05-17,Google,26-35,North India,Desktop,Text,22,96539,5,0.0337350245778077,3256,0.9,2930.4,0.0485706631240638,131,4154,0.83384,0.033727301919431525,0.04023341523341523,0.9,22.369465648854963
2036-05-18,Google,36-50,North India,Desktop,Text,6,20748,5,0.0448963604030784,931,0.9,837.9,0.0705466562902932,54,4155,0.8338,0.04487179487179487,0.05800214822771214,0.9,15.516666666666666
2036-05-19,Google,36-50,South India,Mobile,Image,10,89688,5,0.0392878873503882,3523,0.9,3170.7000000000003,0.0451377418879663,132,4156,0.83376,0.03928061725091428,0.03746806698836219,0.9,24.020454545454548
2036-05-20,Instagram,26-35,West India,Desktop,Video,23,76127,5,0.087217223805141,6639,1.3,8630.7,0.1213171370816748,671,4157,0.83372,0.08720953144088169,0.10106943816839886,1.3,12.862444113263786
2036-05-21,Instagram,18-25,North India,Mobile,Video,4,10742,5,0.0599496560536525,643,1.3,835.9,0.102226170934157,54,4158,0.83368,0.05985849934835226,0.08398133748055987,1.3,15.47962962962963
2036-05-22,Instagram,26-35,South India,Mobile,Video,12,4411,5,0.0813248329746955,358,1.3,465.4,0.1856900508880289,55,4159,0.8336399999999999,0.08116073452731806,0.15363128491620112,1.3,8.461818181818181
2036-05-23,Google,36-50,West India,Desktop,Video,10,83002,5,0.0223126298328058,1851,0.9,1665.9,0.1681726901335793,259,4160,0.8336,0.022300667453796295,0.13992436520799567,0.9,6.432046332046332
2036-05-24,Google,36-50,South India,Mobile,Video,4,39464,5,0.0414395609264735,1635,0.9,1471.5,0.0599390516636287,81,4161,0.83356,0.0414301642002838,0.04954128440366973,0.9,18.166666666666668
2036-05-25,Google,26-35,South India,Mobile,Text,7,30698,5,0.0354069375113329,1086,0.9,977.4,0.0525665873227662,47,4162,0.83352,0.0353768975177536,0.0432780847145488,0.9,20.79574468085106
2036-05-26,Google,18-25,South India,Mobile,Image,20,77011,5,0.0908711726095967,6998,0.9,6298.2,0.1833124050217187,1068,4163,0.83348,0.09087013543519756,0.1526150328665333,0.9,5.897191011235955
2036-05-27,Instagram,26-35,South India,Desktop,Video,16,32108,5,0.0673592073396415,2162,1.3,2810.6,0.1991243315288141,358,4164,0.83344,0.0673352435530086,0.16558741905642924,1.3,7.850837988826815
2036-05-28,Google,18-25,South India,Mobile,Video,10,85360,5,0.0616918239135308,5266,0.9,4739.400000000001,0.1247768080851527,547,4165,0.8334,0.06169165885660731,0.1038739080896316,0.9000000000000001,8.664351005484463
2036-05-29,Google,18-25,South India,Mobile,Video,18,72296,5,0.0427496602764592,3090,0.9,2781.0,0.0835460045957389,215,4166,0.83336,0.042740953856368266,0.06957928802588997,0.9,12.934883720930232
2036-05-30,Google,26-35,South India,Mobile,Text,17,84702,5,0.066618676442264,5642,0.9,5077.8,0.0715362704454601,335,4167,0.83332,0.06660999740265873,0.05937610776320454,0.9,15.157611940298509
2036-05-31,Google,26-35,West India,Desktop,Video,9,48133,5,0.0320050979813332,1540,0.9,1386.0,0.1585484828260299,203,4168,0.83328,0.03199468140361083,0.1318181818181818,0.9,6.827586206896552
2036-06-01,Google,18-25,West India,Mobile,Image,4,47662,6,0.0306856018018499,1462,0.9,1315.8,0.1637505671607991,199,4169,0.83324,0.03067433175275901,0.13611491108071136,0.9,6.612060301507538
2036-06-02,Google,18-25,South India,Mobile,Text,23,63421,6,0.0571113322368654,3622,0.9,3259.8,0.1121001093166105,338,4170,0.8331999999999999,0.057110420838523517,0.09331860850358918,0.9,9.644378698224852
2036-06-03,Instagram,18-25,West India,Mobile,Text,0,98427,6,0.0501710661670569,4938,1.3,6419.400000000001,0.0352896752889652,144,4171,0.83316,0.050169160900972294,0.02916160388821385,1.3,44.57916666666667
2036-06-04,Google,18-25,South India,Mobile,Text,16,26180,6,0.0462698239563722,1211,0.9,1089.9,0.1164500526980947,117,4172,0.83312,0.04625668449197861,0.09661436829066887,0.9,9.315384615384616
2036-06-05,Google,36-50,West India,Mobile,Video,16,40194,6,0.0277726213159088,1116,0.9,1004.4,0.1963823622070711,182,4173,0.83308,0.027765338110165697,0.16308243727598568,0.9,5.518681318681319
2036-06-06,Instagram,26-35,North India,Mobile,Video,0,82624,6,0.0730898505377506,6038,1.3,7849.400000000001,0.0976971502626902,490,4174,0.83304,0.0730780402788536,0.08115269956939383,1.3,16.01918367346939
2036-06-07,Instagram,18-25,South India,Mobile,Video,0,13525,6,0.0598989199465817,810,1.3,1053.0,0.2140550350025919,144,4175,0.833,0.05988909426987061,0.17777777777777778,1.3,7.3125
2036-06-08,Instagram,26-35,North India,Mobile,Video,22,41674,6,0.040671783658583,1694,1.3,2202.2000000000003,0.1449993778993555,204,4176,0.8329599999999999,0.04064884580313865,0.1204250295159386,1.3000000000000003,10.795098039215688
2036-06-09,Instagram,18-25,South India,Mobile,Image,21,9922,6,0.0757558350477921,751,1.3,976.3,0.0695729311099107,43,4177,0.83292,0.07569038500302358,0.05725699067909454,1.3,22.704651162790697
2036-06-10,Google,26-35,South India,Mobile,Text,8,63782,6,0.0263006745336582,1677,0.9,1509.3,0.0535994762845696,74,4178,0.83288,0.026292684456429714,0.044126416219439475,0.9,20.395945945945947
2036-06-11,Google,26-35,North India,Mobile,Video,3,80818,6,0.0509343670760934,4116,0.9,3704.4,0.0700505451535748,239,4179,0.83284,0.05092924843475463,0.05806608357628766,0.9,15.49958158995816
2036-06-12,Google,18-25,North India,Mobile,Image,8,35846,6,0.0526411001163051,1886,0.9,1697.4,0.1244470249919717,194,4180,0.8328,0.05261395971656531,0.10286320254506894,0.9,8.749484536082475
2036-06-13,Instagram,18-25,North India,Mobile,Text,13,83897,6,0.0528630583005608,4435,1.3,5765.5,0.0939981123442638,346,4181,0.83276,0.05286243846621452,0.07801578354002255,1.3,16.66329479768786
2036-06-14,Instagram,26-35,South India,Mobile,Text,14,96122,6,0.0573236390047131,5510,1.3,7163.0,0.0921791207712713,422,4182,0.83272,0.05732298537275546,0.0765880217785844,1.3,16.973933649289098
2036-06-15,Google,26-35,North India,Mobile,Text,15,68173,6,0.0550373472959065,3752,0.9,3376.8,0.0589686394414143,184,4183,0.83268,0.05503645138104528,0.04904051172707889,0.9,18.35217391304348
2036-06-16,Google,26-35,North India,Mobile,Video,15,14916,6,0.0407951583779026,608,0.9,547.2,0.1808743957556154,90,4184,0.83264,0.04076159828372218,0.14802631578947367,0.9,6.08
2036-06-17,Instagram,36-50,West India,Mobile,Text,12,31926,6,0.0380767370430512,1215,1.3,1579.5,0.0564637021360846,56,4185,0.8326,0.03805675624882541,0.04609053497942387,1.3,28.205357142857142
2036-06-18,Google,18-25,West India,Mobile,Video,13,43941,6,0.0471203657565639,2070,0.9,1863.0,0.0908635523698158,156,4186,0.83256,0.04710862292619649,0.07536231884057971,0.9,11.942307692307692
2036-06-19,Instagram,36-50,North India,Desktop,Image,21,61294,6,0.0836400433666802,5126,1.3,6663.8,0.0430389078296776,183,4187,0.8325199999999999,0.08362971905896173,0.03570035115099493,1.3,36.41420765027323
2036-06-20,Instagram,36-50,North India,Mobile,Text,20,20684,6,0.0672322713307141,1390,1.3,1807.0,0.0602542493235326,69,4188,0.83248,0.06720170179849158,0.04964028776978417,1.3,26.18840579710145
2036-06-21,Instagram,18-25,North India,Desktop,Image,8,17966,6,0.0623746647611286,1120,1.3,1456.0,0.1527081214529913,142,4189,0.83244,0.062339975509295334,0.12678571428571428,1.3,10.253521126760564
2036-06-22,Instagram,18-25,North India,Mobile,Video,22,91571,6,0.064571516493735,5912,1.3,7685.6,0.0717645220059988,352,4190,0.8324,0.06456192462679232,0.05953991880920163,1.3,21.83409090909091
2036-06-23,Instagram,36-50,West India,Mobile,Video,8,58479,6,0.1033433039536223,6043,1.3,7855.900000000001,0.0781524747889873,392,4191,0.83236,0.10333624035978728,0.06486844282641073,1.3,20.040561224489796
2036-06-24,Google,18-25,South India,Desktop,Video,20,76704,6,0.0337464864990512,2588,0.9,2329.2000000000003,0.1554920317219542,334,4192,0.83232,0.03374009178139341,0.12905718701700156,0.9000000000000001,6.973652694610779
2036-06-25,Instagram,26-35,North India,Mobile,Text,3,59321,6,0.0756089980443997,4485,1.3,5830.5,0.0915743874989203,341,4193,0.83228,0.07560560341194518,0.07603121516164994,1.3,17.09824046920821
2036-06-26,Instagram,26-35,North India,Mobile,Text,9,75011,6,0.0474408968362174,3558,1.3,4625.400000000001,0.0495825087635601,146,4194,0.83224,0.04743304315367079,0.04103428892636313,1.3,31.680821917808224
2036-06-27,Google,36-50,West India,Desktop,Image,2,94009,6,0.020563044655201,1933,0.9,1739.7,0.058517227567597,94,4195,0.8322,0.020561861098405472,0.04862907397827212,0.9,18.50744680851064
2036-06-28,Google,36-50,North India,Mobile,Video,20,36166,6,0.0532680735864024,1926,0.9,1733.4,0.0610560471858529,97,4196,0.83216,0.05325443786982249,0.05036344755970924,0.9,17.870103092783506
2036-06-29,Google,18-25,North India,Mobile,Image,8,54264,6,0.0570543362421526,3095,0.9,2785.5,0.1448981505890771,372,4197,0.83212,0.0570359722836503,0.12019386106623586,0.9,7.487903225806452
2036-06-30,Google,18-25,West India,Mobile,Video,18,4466,6,0.0281317355316486,125,0.9,112.5,0.1500478612722173,14,4198,0.8320799999999999,0.027989252127183162,0.112,0.9,8.035714285714286
2036-07-01,Instagram,36-50,North India,Desktop,Video,15,22902,7,0.0883368812792249,2023,1.3,2629.9,0.1977699292279355,332,4199,0.83204,0.0883328966902454,0.16411270390509144,1.3,7.921385542168675
2036-07-02,Instagram,36-50,North India,Desktop,Image,15,60805,7,0.0832758597640395,5063,1.3,6581.900000000001,0.0600558580941772,252,4200,0.832,0.08326617876819341,0.04977286193956153,1.3,26.118650793650797
2036-07-03,Google,26-35,West India,Mobile,Video,16,6363,7,0.0225135986004382,143,0.9,128.70000000000002,0.1253814091481256,14,4201,0.83196,0.022473675939022473,0.0979020979020979,0.9000000000000001,9.192857142857145
2036-07-04,Google,26-35,South India,Mobile,Image,17,60397,7,0.0326530773762679,1972,0.9,1774.8,0.1584291447764158,259,4202,0.83192,0.03265062834246734,0.13133874239350912,0.9,6.852509652509652
2036-07-05,Instagram,18-25,North India,Desktop,Text,9,3134,7,0.0330203034987122,103,1.3,133.9,0.056441637716736,4,4203,0.83188,0.03286534779834078,0.038834951456310676,1.3,33.475
2036-07-06,Google,26-35,North India,Mobile,Image,20,66126,7,0.0407912661123045,2697,0.9,2427.3,0.1290620068539323,289,4204,0.83184,0.040785772615915074,0.10715609936967001,0.9,8.398961937716264
2036-07-07,Google,18-25,South India,Mobile,Image,18,51791,7,0.0768653180907392,3980,0.9,3582.0,0.1169657169409576,386,4205,0.8318,0.07684732868645132,0.09698492462311557,0.9,9.279792746113989
2036-07-08,Instagram,18-25,West India,Mobile,Video,21,42379,7,0.089449170881837,3790,1.3,4927.0,0.1203792386797157,379,4206,0.83176,0.08943108615115977,0.1,1.3,13.0
2036-07-09,Google,18-25,South India,Mobile,Image,14,92938,7,0.0381493905274855,3545,0.9,3190.5,0.1433296372590853,422,4207,0.83172,0.038143708709031825,0.11904090267983075,0.9,7.56042654028436
2036-07-10,Google,26-35,North India,Mobile,Text,14,94250,7,0.0220508131680893,2078,0.9,1870.2,0.0851728581437068,146,4208,0.83168,0.022047745358090187,0.07025986525505294,0.9,12.80958904109589
2036-07-11,Google,36-50,South India,Desktop,Text,10,86609,7,0.0301556784684724,2611,0.9,2349.9,0.1447397015955656,313,4209,0.8316399999999999,0.030146982415222436,0.11987744159325929,0.9,7.507667731629393
2036-07-12,Google,36-50,West India,Desktop,Text,7,81119,7,0.0277951734858086,2254,0.9,2028.6,0.1447320427285985,271,4210,0.8316,0.02778633858898655,0.12023070097604259,0.8999999999999999,7.485608856088561
2036-07-13,Instagram,26-35,North India,Mobile,Text,21,38723,7,0.0802257733615379,3106,1.3,4037.8,0.0988704795897432,255,4211,0.83156,0.08021072747462749,0.08209916291049582,1.3,15.83450980392157
2036-07-14,Google,36-50,West India,Mobile,Image,15,42166,7,0.0301211159163365,1270,0.9,1143.0,0.0820832301542716,86,4212,0.83152,0.03011905326566428,0.06771653543307087,0.9,13.290697674418604
2036-07-15,Google,18-25,West India,Mobile,Text,9,90292,7,0.0547056766532372,4939,0.9,4445.1,0.1264894399042889,518,4213,0.83148,0.054700305674921366,0.10487953026928529,0.9,8.581274131274132
2036-07-16,Instagram,36-50,South India,Mobile,Image,8,86310,7,0.0374300983462219,3230,1.3,4199.0,0.0702554208449714,187,4214,0.83144,0.03742324180280385,0.05789473684210526,1.3,22.454545454545453
2036-07-17,Instagram,26-35,South India,Mobile,Image,14,90170,7,0.0806102881793935,7268,1.3,9448.4,0.0586285875536445,354,4215,0.8314,0.08060330486858157,0.048706659328563565,1.3,26.690395480225988
2036-07-18,Google,36-50,West India,Mobile,Video,21,97679,7,0.0451808244846823,4413,0.9,3971.7,0.1351468945290541,495,4216,0.83136,0.045178595194463496,0.11216859279401767,0.8999999999999999,8.023636363636363
2036-07-19,Google,18-25,West India,Mobile,Image,4,8249,7,0.0335978279702813,277,0.9,249.3,0.1305430167233883,29,4217,0.83132,0.03357982785792217,0.10469314079422383,0.9,8.596551724137932
2036-07-20,Instagram,18-25,North India,Mobile,Image,19,97804,7,0.1182371480930495,11564,1.3,15033.2,0.1490547300854502,1432,4218,0.83128,0.11823647294589178,0.12383258388101002,1.3,10.49804469273743
2036-07-21,Google,26-35,West India,Mobile,Video,1,4796,7,0.0626948679511959,300,0.9,270.0,0.2084756840717641,51,4219,0.83124,0.06255212677231026,0.17,0.9,5.294117647058823
2036-07-22,Google,26-35,West India,Mobile,Text,21,19918,7,0.0599417395524786,1193,0.9,1073.7,0.1379272322174572,136,4220,0.8311999999999999,0.059895571844562706,0.11399832355406538,0.9,7.894852941176471
2036-07-23,Instagram,26-35,South India,Mobile,Text,15,19564,7,0.0482086965764042,943,1.3,1225.9,0.1668207741771927,130,4221,0.83116,0.04820077693723165,0.1378579003181336,1.3,9.430000000000001
2036-07-24,Instagram,18-25,West India,Mobile,Image,17,97248,7,0.0563602027582071,5480,1.3,7124.0,0.1065979999054383,485,4222,0.83112,0.056350773280684434,0.0885036496350365,1.3,14.688659793814432
2036-07-25,Instagram,36-50,West India,Desktop,Video,15,95322,7,0.0308354889779289,2939,1.3,3820.7,0.1011783198774036,246,4223,0.83108,0.030832336711357294,0.08370193943518203,1.3,15.53130081300813
2036-07-26,Instagram,36-50,South India,Desktop,Image,4,81848,7,0.0674026219235067,5516,1.3,7170.8,0.1147947669151206,526,4224,0.83104,0.06739321669436028,0.09535895576504713,1.3,13.632699619771863
2036-07-27,Instagram,26-35,North India,Mobile,Image,0,92509,7,0.0666605518619794,6166,1.3,8015.8,0.1236693565320372,633,4225,0.831,0.06665297430520274,0.10265974699967564,1.3,12.663191153238547
2036-07-28,Google,36-50,South India,Mobile,Text,18,79743,7,0.0622086188206126,4960,0.9,4464.0,0.1037998901888447,427,4226,0.83096,0.06219981691182925,0.08608870967741936,0.9,10.454332552693208
2036-07-29,Instagram,36-50,South India,Mobile,Video,9,67982,7,0.0441912365150296,3004,1.3,3905.2,0.1699853430806858,423,4227,0.83092,0.04418816745609132,0.1408122503328895,1.3,9.232151300236406
2036-07-30,Google,26-35,West India,Mobile,Image,20,67487,7,0.0288017113164565,1943,0.9,1748.7,0.1641411673857375,264,4228,0.83088,0.028790730066531333,0.13587236232629954,0.9,6.6238636363636365
2036-07-31,Google,26-35,West India,Mobile,Text,12,54173,7,0.0648272355067098,3511,0.9,3159.9,0.0537316120887588,156,4229,0.83084,0.06481088365052702,0.04443178581600683,0.9,20.255769230769232
2036-08-01,Instagram,18-25,North India,Desktop,Image,22,68253,8,0.0614033896260449,4190,1.3,5447.0,0.0539951140547554,187,4230,0.8308,0.06138924296367925,0.04463007159904535,1.3,29.128342245989305
2036-08-02,Instagram,18-25,West India,Mobile,Text,23,54394,8,0.049829659914124,2710,1.3,3523.0,0.0933237387374215,209,4231,0.8307599999999999,0.0498216715078869,0.07712177121771217,1.3,16.85645933014354
2036-08-03,Google,18-25,North India,Mobile,Video,22,12390,8,0.0822292110341214,1018,0.9,916.2,0.2022901915684377,170,4232,0.83072,0.08216303470540759,0.16699410609037327,0.9,5.389411764705883
2036-08-04,Instagram,18-25,North India,Mobile,Image,22,57627,8,0.0636894128573154,3670,1.3,4771.0,0.0458527856598397,139,4233,0.83068,0.06368542523469901,0.037874659400544956,1.3,34.32374100719424
2036-08-05,Google,36-50,North India,Mobile,Video,10,87730,8,0.0255864641676491,2244,0.9,2019.6,0.203054545876042,377,4234,0.83064,0.025578479425510087,0.1680035650623886,0.8999999999999999,5.357029177718832
2036-08-06,Google,36-50,North India,Mobile,Text,14,82013,8,0.0362673459635784,2974,0.9,2676.6,0.1416992327923769,349,4235,0.8306,0.036262543743065125,0.11735036987222595,0.9,7.669340974212034
2036-08-07,Google,18-25,West India,Mobile,Video,1,84516,8,0.0473975059847215,4005,0.9,3604.5,0.0971567183764646,323,4236,0.83056,0.04738747692744569,0.08064918851435705,0.9,11.159442724458204
2036-08-08,Instagram,18-25,South India,Mobile,Video,5,31950,8,0.0726069697586911,2319,1.3,3014.7000000000003,0.217457501558684,418,4237,0.8305199999999999,0.07258215962441314,0.1802501078050884,1.3,7.212200956937799
2036-08-09,Instagram,26-35,South India,Mobile,Video,20,73130,8,0.1285952274847605,9404,1.3,12225.2,0.0542337862650686,423,4238,0.83048,0.12859291672364284,0.0449808592088473,1.3,28.90118203309693
2036-08-10,Google,36-50,West India,Desktop,Image,10,63963,8,0.023425567275753,1498,0.9,1348.2,0.1035685604443058,128,4239,0.83044,0.023419789565842754,0.08544726301735647,0.9,10.5328125
2036-08-11,Instagram,36-50,West India,Mobile,Text,14,45693,8,0.1035792266202055,4732,1.3,6151.6,0.0818526954572371,321,4240,0.8304,0.1035607204604644,0.06783601014370245,1.3,19.163862928348912
2036-08-12,Google,18-25,North India,Mobile,Video,8,20600,8,0.0711691013736025,1466,0.9,1319.4,0.1896642178820079,230,4241,0.83036,0.07116504854368932,0.15688949522510232,0.9,5.736521739130435
2036-08-13,Instagram,36-50,West India,Mobile,Image,11,75634,8,0.0783618225410987,5926,1.3,7703.8,0.1061214646287223,521,4242,0.83032,0.07835100616125024,0.08791765102936214,1.3,14.786564299424185
2036-08-14,Google,26-35,South India,Mobile,Text,3,64086,8,0.0522639339225677,3349,0.9,3014.1,0.0921081828316965,255,4243,0.83028,0.052257903442249475,0.07614213197969544,0.9,11.82
2036-08-15,Google,26-35,West India,Mobile,Text,22,78478,8,0.0672968082686964,5281,0.9,4752.900000000001,0.1101117586344151,482,4244,0.83024,0.0672927444634165,0.09127059269077827,0.9000000000000001,9.86078838174274
2036-08-16,Instagram,36-50,West India,Mobile,Text,23,15012,8,0.0605465954642229,908,1.3,1180.4,0.0787201034381637,58,4245,0.8302,0.06048494537703171,0.06387665198237885,1.3,20.351724137931036
2036-08-17,Google,18-25,North India,Mobile,Video,13,31702,8,0.0602876722912249,1911,0.9,1719.9,0.1312349070160124,207,4246,0.83016,0.06028010851050407,0.10832025117739404,0.9,8.308695652173913
2036-08-18,Google,36-50,North India,Mobile,Video,21,49176,8,0.0384427919472112,1890,0.9,1701.0,0.1981084253970948,310,4247,0.83012,0.03843338213762811,0.164021164021164,0.9,5.487096774193549
2036-08-19,Instagram,26-35,North India,Mobile,Video,2,11346,8,0.0953268509499184,1081,1.3,1405.3,0.0779377224858244,69,4248,0.8300799999999999,0.0952758681473647,0.06382978723404255,1.3,20.366666666666667
2036-08-20,Instagram,18-25,North India,Mobile,Text,20,15428,8,0.0519495083907333,801,1.3,1041.3,0.0841800918863843,55,4249,0.83004,0.051918589577391754,0.0686641697877653,1.3,18.932727272727274
2036-08-21,Google,36-50,South India,Mobile,Text,16,6755,8,0.0417841595680689,282,0.9,253.8,0.0394128930660242,9,4250,0.83,0.041746854182087345,0.031914893617021274,0.9,28.200000000000003
2036-08-22,Google,18-25,West India,Mobile,Video,12,7283,8,0.0316858393366787,230,0.9,207.0,0.1894958297045111,35,4251,0.82996,0.031580392695317865,0.15217391304347827,0.9,5.914285714285715
2036-08-23,Google,18-25,West India,Mobile,Video,7,50036,8,0.0624862339233755,3126,0.9,2813.4,0.0634589166656549,164,4252,0.82992,0.062475017987049325,0.052463211772232884,0.9,17.15487804878049
2036-08-24,Google,26-35,North India,Mobile,Text,11,2337,8,0.0329365522793646,76,0.9,68.4,0.0430128830997325,2,4253,0.82988,0.032520325203252036,0.02631578947368421,0.9,34.2
2036-08-25,Google,18-25,South India,Mobile,Text,11,60786,8,0.0363267260785992,2208,0.9,1987.2,0.152963674595765,279,4254,0.82984,0.03632415358799724,0.12635869565217392,0.9,7.122580645161291
2036-08-26,Instagram,36-50,South India,Mobile,Image,11,63968,8,0.0523573388793477,3349,1.3,4353.7,0.1070315883930047,297,4255,0.8298,0.05235430215107554,0.08868318901164526,1.3,14.658922558922558
2036-08-27,Instagram,18-25,West India,Desktop,Image,1,21857,8,0.0392403944468913,857,1.3,1114.1,0.1362213626198027,96,4256,0.82976,0.03920940659742874,0.11201866977829639,1.2999999999999998,11.605208333333332
2036-08-28,Google,18-25,North India,Mobile,Video,9,91472,8,0.0687253392647433,6286,0.9,5657.400000000001,0.1825122806880784,951,4257,0.82972,0.06872048277068392,0.15128857779191854,0.9000000000000001,5.948895899053628
2036-08-29,Google,36-50,West India,Desktop,Text,22,28640,8,0.0545732812186935,1562,0.9,1405.8,0.0785628289885478,101,4258,0.82968,0.0545391061452514,0.0646606914212548,0.9,13.918811881188118
2036-08-30,Google,26-35,West India,Mobile,Text,8,39435,8,0.0679111471495676,2678,0.9,2410.2000000000003,0.065124147240541,144,4259,0.8296399999999999,0.06790921770001268,0.0537714712471994,0.9000000000000001,16.7375
2036-08-31,Google,26-35,South India,Mobile,Image,0,17214,8,0.049155112243001,846,0.9,761.4,0.0701057709828826,48,4260,0.8296,0.049146043917741376,0.05673758865248227,0.9,15.862499999999999
2036-09-01,Instagram,36-50,South India,Mobile,Text,3,42532,9,0.0496925517921111,2113,1.3,2746.9,0.1168719311619198,204,4261,0.82956,0.04968024075989843,0.09654519640321817,1.3,13.465196078431372
2036-09-02,Google,36-50,West India,Mobile,Video,22,27531,9,0.067065545588868,1846,0.9,1661.4,0.090381771821228,137,4262,0.82952,0.06705168718898696,0.07421451787648971,0.9,12.127007299270074
2036-09-03,Google,26-35,North India,Mobile,Image,13,74549,9,0.0424005749161886,3160,0.9,2844.0,0.122360302114241,320,4263,0.82948,0.042388227876966826,0.10126582278481013,0.9,8.8875
2036-09-04,Instagram,18-25,North India,Mobile,Text,15,36812,9,0.0965186738936643,3553,1.3,4618.900000000001,0.0681529217997752,200,4264,0.82944,0.09651743996522873,0.056290458767238954,1.3,23.094500000000004
2036-09-05,Google,36-50,West India,Desktop,Text,17,59928,9,0.0426111808080456,2553,0.9,2297.7000000000003,0.0753854379237251,159,4265,0.8294,0.04260112134561474,0.06227967097532315,0.9000000000000001,14.450943396226418
2036-09-06,Instagram,18-25,West India,Mobile,Video,1,71554,9,0.0975131935079076,6977,1.3,9070.1,0.0898512190774536,519,4266,0.82936,0.09750677809766051,0.07438727246667622,1.3,17.47610789980732
2036-09-07,Google,36-50,North India,Mobile,Text,5,64883,9,0.0705599472503491,4578,0.9,4120.2,0.0796078307950247,301,4267,0.82932,0.07055777322256986,0.06574923547400612,0.8999999999999999,13.688372093023256
2036-09-08,Instagram,26-35,North India,Desktop,Image,2,85153,9,0.0645360479379959,5495,1.3,7143.5,0.0595632796375334,271,4268,0.82928,0.06453090319777342,0.049317561419472244,1.3,26.35977859778598
2036-09-09,Instagram,18-25,North India,Desktop,Image,19,94404,9,0.0713684319592864,6737,1.3,8758.1,0.0805209814604804,449,4269,0.82924,0.07136350154654464,0.06664687546385632,1.3,19.505790645879735
2036-09-10,Instagram,18-25,West India,Mobile,Text,18,53398,9,0.0834647330761756,4456,1.3,5792.8,0.1265677408636668,466,4270,0.8291999999999999,0.08344881830780179,0.10457809694793536,1.3,12.430901287553649
2036-09-11,Instagram,36-50,South India,Mobile,Text,12,43774,9,0.0551839471523803,2415,1.3,3139.5,0.0656245129142502,131,4271,0.82916,0.05516973545940513,0.054244306418219465,1.3,23.96564885496183
2036-09-12,Google,18-25,North India,Mobile,Text,16,32090,9,0.0253193085723961,812,0.9,730.8000000000001,0.1393711492560606,93,4272,0.82912,0.025303832969772514,0.1145320197044335,0.9000000000000001,7.858064516129033
2036-09-13,Google,36-50,North India,Mobile,Text,13,37809,9,0.0307594868264278,1162,0.9,1045.8,0.088024807171753,84,4273,0.82908,0.030733423259012405,0.07228915662650602,0.8999999999999999,12.45
2036-09-14,Instagram,26-35,North India,Mobile,Image,21,68425,9,0.0468628969726184,3206,1.3,4167.8,0.0522203661758233,138,4274,0.82904,0.046854219948849106,0.043044291952588895,1.3,30.20144927536232
2036-09-15,Instagram,18-25,West India,Mobile,Video,10,25060,9,0.0330402235939028,827,1.3,1075.1,0.2064342836145314,140,4275,0.829,0.033000798084596966,0.16928657799274485,1.2999999999999998,7.679285714285713
2036-09-16,Google,36-50,South India,Mobile,Image,15,11091,9,0.050565791909294,560,0.9,504.0,0.1143284528707025,53,4276,0.82896,0.05049138941484086,0.09464285714285714,0.9,9.50943396226415
2036-09-17,Google,18-25,South India,Desktop,Text,10,47283,9,0.0626529686837478,2962,0.9,2665.8,0.1103067436895116,270,4277,0.82892,0.06264407926738998,0.09115462525320729,0.9,9.873333333333335
2036-09-18,Google,36-50,North India,Desktop,Text,17,20039,9,0.0353354739620438,708,0.9,637.2,0.0532362692654231,30,4278,0.82888,0.03533110434652428,0.0423728813559322,0.9,21.240000000000002
2036-09-19,Google,36-50,West India,Mobile,Image,1,44289,9,0.0353514203085868,1565,0.9,1408.5,0.0866632583029742,111,4279,0.82884,0.035336087967666914,0.07092651757188498,0.9,12.68918918918919
2036-09-20,Google,36-50,South India,Mobile,Image,22,4718,9,0.0643666589665921,303,0.9,272.7,0.1523602574517562,38,4280,0.8288,0.0642221280203476,0.1254125412541254,0.8999999999999999,7.1763157894736835
2036-09-21,Instagram,26-35,West India,Mobile,Text,20,22919,9,0.0872275154844985,1999,1.3,2598.7000000000003,0.0487523580659467,80,4281,0.8287599999999999,0.08722021030585976,0.0400200100050025,1.3,32.48375
2036-09-22,Google,18-25,South India,Mobile,Image,7,43016,9,0.0737298887485536,3171,0.9,2853.9,0.1318506627987818,346,4282,0.82872,0.0737167565557002,0.10911384421318196,0.9,8.248265895953757
2036-09-23,Google,26-35,North India,Mobile,Text,13,76234,9,0.0362589866125063,2764,0.9,2487.6,0.1107027487193789,252,4283,0.82868,0.036256788309678094,0.09117221418234443,0.9,9.871428571428572
2036-09-24,Instagram,36-50,West India,Desktop,Image,1,35398,9,0.0427872622445226,1514,1.3,1968.2,0.0402571296362345,49,4284,0.82864,0.04277077801005707,0.03236459709379128,1.3,40.16734693877551
2036-09-25,Instagram,36-50,North India,Mobile,Text,12,22444,9,0.0685819327305006,1539,1.3,2000.7,0.1269880155455948,161,4285,0.8286,0.06857066476563892,0.1046133853151397,1.3,12.426708074534162
2036-09-26,Instagram,26-35,South India,Mobile,Image,9,83911,9,0.0823447379713405,6909,1.3,8981.7,0.0526753275723685,300,4286,0.82856,0.08233723826435152,0.04342162396873643,1.3,29.939000000000004
2036-09-27,Instagram,26-35,South India,Mobile,Text,7,49051,9,0.0792192492966547,3885,1.3,5050.5,0.0697218530285467,223,4287,0.8285199999999999,0.0792032782206275,0.0574002574002574,1.3,22.64798206278027
2036-09-28,Google,18-25,North India,Desktop,Video,6,7866,9,0.0600072378500131,472,0.9,424.8,0.1993817657670387,77,4288,0.82848,0.06000508517670989,0.163135593220339,0.9,5.516883116883117
2036-09-29,Instagram,36-50,South India,Desktop,Video,12,95080,9,0.0734478974582126,6983,1.3,9077.9,0.0677763391644815,391,4289,0.82844,0.07344341607067732,0.055993126163540026,1.3,23.217135549872122
2036-09-30,Google,26-35,North India,Desktop,Image,23,71457,9,0.0441548090748832,3155,0.9,2839.5,0.14785009441303,386,4290,0.8284,0.0441524273339211,0.12234548335974643,0.9,7.356217616580311
2036-10-01,Google,36-50,North India,Mobile,Video,18,47113,10,0.0694882613415218,3273,0.9,2945.7000000000003,0.1496589270281264,405,4291,0.82836,0.06947127119903211,0.12373968835930339,0.9000000000000001,7.273333333333334
2036-10-02,Instagram,36-50,North India,Mobile,Text,23,42522,10,0.0688443123460451,2927,1.3,3805.1,0.0999467033668908,241,4292,0.82832,0.06883495602276468,0.08233686368295183,1.3,15.788796680497924
2036-10-03,Instagram,18-25,South India,Mobile,Image,14,66143,10,0.1096116598267368,7250,1.3,9425.0,0.133579095943649,801,4293,0.82828,0.10961099436070332,0.11048275862068965,1.3,11.766541822721598
2036-10-04,Google,18-25,West India,Mobile,Image,21,33759,10,0.0440097834063684,1485,0.9,1336.5,0.0633042037731863,77,4294,0.82824,0.04398826979472141,0.05185185185185185,0.9,17.357142857142858
2036-10-05,Google,18-25,North India,Desktop,Text,1,23665,10,0.0270399191346049,639,0.9,575.1,0.1079103277889146,56,4295,0.8282,0.02700190154236214,0.08763693270735524,0.9,10.269642857142857
2036-10-06,Google,26-35,West India,Mobile,Text,21,91478,10,0.0286670799139546,2622,0.9,2359.8,0.1472441775074397,319,4296,0.82816,0.02866262926605304,0.12166285278413425,0.9,7.397492163009405
2036-10-07,Google,36-50,South India,Mobile,Text,4,72785,10,0.042354356167398,3082,0.9,2773.8,0.0474838167604917,120,4297,0.82812,0.042343889537679466,0.03893575600259572,0.9,23.115000000000002
2036-10-08,Google,26-35,South India,Mobile,Image,18,67329,10,0.0822482115073113,5537,0.9,4983.3,0.0951915297714488,436,4298,0.8280799999999999,0.08223796580968082,0.07874300162542894,0.9,11.429587155963302
2036-10-09,Instagram,26-35,West India,Mobile,Text,0,28679,10,0.0467439862526913,1340,1.3,1742.0,0.0901979517071301,99,4299,0.82804,0.04672408382440113,0.07388059701492537,1.3,17.595959595959595
2036-10-10,Google,18-25,North India,Mobile,Video,6,54883,10,0.0516186042054843,2832,0.9,2548.8,0.082673671748512,193,4300,0.828,0.05160067780551355,0.0681497175141243,0.9,13.206217616580313
2036-10-11,Instagram,36-50,South India,Mobile,Image,17,80529,10,0.1054916384615233,8495,1.3,11043.5,0.1580972510859617,1111,4301,0.82796,0.10548994772069689,0.1307828134196586,1.3,9.94014401440144
2036-10-12,Instagram,36-50,North India,Mobile,Text,0,92069,10,0.0624226879863524,5747,1.3,7471.1,0.1101488124295153,524,4302,0.82792,0.06242057587244349,0.09117800591613015,1.3,14.257824427480918
2036-10-13,Instagram,18-25,North India,Mobile,Image,0,70131,10,0.0509160932473093,3570,1.3,4641.0,0.0536643566983716,158,4303,0.82788,0.05090473542370706,0.044257703081232495,1.3,29.373417721518987
2036-10-14,Instagram,36-50,West India,Desktop,Video,6,49295,10,0.0334671502342857,1649,1.3,2143.7000000000003,0.1436696844859371,195,4304,0.82784,0.0334516685262197,0.11825348696179502,1.3000000000000003,10.993333333333334
2036-10-15,Google,18-25,South India,Mobile,Video,16,51006,10,0.0750494942020023,3827,0.9,3444.3,0.1209677260945846,382,4305,0.8278,0.07503038858173548,0.09981708910373661,0.9,9.016492146596859
2036-10-16,Google,26-35,West India,Mobile,Text,5,48181,10,0.027205833072112,1310,0.9,1179.0,0.0611774542364974,66,4306,0.82776,0.02718914094767647,0.050381679389312976,0.9,17.863636363636363
2036-10-17,Instagram,26-35,South India,Mobile,Image,19,51721,10,0.0576686339412553,2982,1.3,3876.6,0.174637222121117,430,4307,0.82772,0.05765549776686452,0.1441985244802146,1.3,9.015348837209302
2036-10-18,Instagram,18-25,West India,Mobile,Text,11,3256,10,0.0848701347142507,276,1.3,358.8,0.0405062066659471,9,4308,0.82768,0.08476658476658476,0.03260869565217391,1.3,39.86666666666667
2036-10-19,Instagram,26-35,South India,Desktop,Image,19,13101,10,0.1004112109290789,1315,1.3,1709.5,0.1159781029015648,125,4309,0.8276399999999999,0.10037401725059156,0.09505703422053231,1.3,13.676
2036-10-20,Google,26-35,South India,Mobile,Text,14,47490,10,0.0714018576532219,3390,0.9,3051.0,0.099618283526788,278,4310,0.8276,0.07138344914718889,0.08200589970501475,0.9,10.974820143884893
2036-10-21,Instagram,18-25,South India,Mobile,Text,12,54255,10,0.0423939919651799,2300,1.3,2990.0,0.1120290218140988,212,4311,0.82756,0.04239240622984057,0.09217391304347826,1.3,14.10377358490566
2036-10-22,Google,26-35,North India,Desktop,Image,11,95944,10,0.0344478722054392,3305,0.9,2974.5,0.0642800281337039,175,4312,0.82752,0.034447177520220126,0.0529500756429652,0.9,16.997142857142858
2036-10-23,Instagram,36-50,North India,Desktop,Image,20,97482,10,0.1016833505908,9912,1.3,12885.6,0.1538697430740466,1261,4313,0.82748,0.1016803102111159,0.12721953188054883,1.3,10.218556701030929
2036-10-24,Instagram,26-35,West India,Mobile,Video,1,37944,10,0.0495443695683338,1879,1.3,2442.7000000000003,0.2101708475011438,326,4314,0.82744,0.04952034577271769,0.1734965407131453,1.3,7.492944785276075
2036-10-25,Google,18-25,West India,Mobile,Video,20,74497,10,0.0307914922191567,2293,0.9,2063.7000000000003,0.1402244218568193,265,4315,0.8274,0.030779762943474235,0.11556912341910161,0.9000000000000001,7.7875471698113214
2036-10-26,Instagram,36-50,South India,Mobile,Image,17,16416,10,0.0785007986550326,1288,1.3,1674.4,0.0834433056406073,88,4316,0.82736,0.07846003898635477,0.06832298136645963,1.3,19.027272727272727
2036-10-27,Google,36-50,South India,Desktop,Video,3,39022,10,0.0523465075681269,2042,0.9,1837.8,0.2148375249926816,362,4317,0.82732,0.05232945517912972,0.1772771792360431,0.9,5.076795580110497
2036-10-28,Google,26-35,North India,Mobile,Video,9,9429,10,0.0705287762383609,665,0.9,598.5,0.2033123947168335,111,4318,0.82728,0.07052709725315516,0.16691729323308271,0.9,5.391891891891892
2036-10-29,Google,36-50,North India,Mobile,Image,10,14783,10,0.0517350540636204,764,0.9,687.6,0.1366699710723745,86,4319,0.82724,0.051680984915105185,0.112565445026178,0.9,7.995348837209303
2036-10-30,Instagram,18-25,North India,Mobile,Image,20,61632,10,0.1043108500000056,6428,1.3,8356.4,0.0823826949834462,437,4320,0.8271999999999999,0.10429646936656282,0.0679838207840697,1.3,19.12219679633867
2036-10-31,Instagram,36-50,West India,Mobile,Image,5,25290,10,0.0562095579148617,1421,1.3,1847.3,0.0730428410441498,85,4321,0.82716,0.05618821668643733,0.059817030260380016,1.3,21.732941176470586
2036-11-01,Instagram,26-35,North India,Desktop,Text,5,63489,11,0.07839424080448,4977,1.3,6470.1,0.0500057816772087,205,4322,0.82712,0.07839153239143788,0.04118947156921841,1.3,31.561463414634147
2036-11-02,Google,26-35,West India,Desktop,Image,8,56153,11,0.0365264997834649,2051,0.9,1845.9,0.0728914663707135,123,4323,0.82708,0.036525207914091855,0.05997074597757192,0.9,15.007317073170732
2036-11-03,Instagram,36-50,North India,Mobile,Image,19,35500,11,0.073306341276314,2602,1.3,3382.6,0.0682375197863611,146,4324,0.82704,0.07329577464788732,0.056110684089162186,1.3,23.16849315068493
2036-11-04,Instagram,18-25,North India,Mobile,Image,12,45021,11,0.0631431277946863,2842,1.3,3694.6,0.1666667093839815,391,4325,0.827,0.06312609671042402,0.13757916959887403,1.3,9.449104859335039
2036-11-05,Google,18-25,South India,Mobile,Video,4,95821,11,0.03566748996913,3417,0.9,3075.3,0.1716704554658998,484,4326,0.82696,0.035660241491948526,0.14164471758852795,0.9,6.353925619834711
2036-11-06,Instagram,26-35,West India,Desktop,Image,5,67722,11,0.0820852735798401,5558,1.3,7225.400000000001,0.0633765658832624,291,4327,0.82692,0.08207081893623933,0.052356962936308024,1.3,24.82955326460481
2036-11-07,Google,26-35,North India,Desktop,Video,3,57733,11,0.0232326594702533,1341,0.9,1206.9,0.1234913850002986,136,4328,0.82688,0.023227616787625794,0.10141685309470544,0.9,8.874264705882354
2036-11-08,Instagram,18-25,South India,Desktop,Text,5,85145,11,0.0624771311192505,5319,1.3,6914.7,0.0615688283501645,270,4329,0.82684,0.06246990428093253,0.050761421319796954,1.3,25.61
2036-11-09,Google,36-50,West India,Desktop,Image,17,10176,11,0.0201256367338468,204,0.9,183.6,0.1248423521591796,20,4330,0.8268,0.020047169811320754,0.09803921568627451,0.9,9.18
2036-11-10,Google,36-50,West India,Mobile,Image,12,91909,11,0.0635421761295698,5840,0.9,5256.0,0.0877968685876106,423,4331,0.8267599999999999,0.0635411113166284,0.07243150684931507,0.9,12.425531914893616
2036-11-11,Google,36-50,North India,Desktop,Video,22,98491,11,0.0417813145460621,4115,0.9,3703.5,0.0768165903022276,261,4332,0.82672,0.041780467250814794,0.06342648845686513,0.9,14.189655172413794
2036-11-12,Instagram,36-50,West India,Mobile,Text,2,22557,11,0.0931643396404866,2101,1.3,2731.3,0.0628921275751701,109,4333,0.82668,0.09314181850423373,0.05188005711565921,1.3,25.057798165137616
2036-11-13,Google,18-25,South India,Mobile,Image,9,95274,11,0.0683610341545305,6513,0.9,5861.7,0.1479651979789911,796,4334,0.82664,0.06836072800554191,0.1222171042530324,0.9,7.36394472361809
2036-11-14,Google,26-35,South India,Mobile,Text,3,91655,11,0.057225312907425,5244,0.9,4719.6,0.0908118703797276,393,4335,0.8266,0.057214554579673775,0.07494279176201372,0.9,12.009160305343512
2036-11-15,Instagram,26-35,West India,Mobile,Text,14,56034,11,0.0573984721636631,3216,1.3,4180.8,0.0950659190150794,252,4336,0.82656,0.057393725238248205,0.07835820895522388,1.3,16.590476190476192
2036-11-16,Instagram,36-50,South India,Desktop,Image,11,83439,11,0.0642922085582915,5364,1.3,6973.2,0.1704861904041205,755,4337,0.82652,0.06428648473735303,0.1407531692766592,1.3,9.236026490066225
2036-11-17,Google,18-25,West India,Mobile,Text,14,11738,11,0.0413625084248763,485,0.9,436.5,0.1119951469130783,44,4338,0.82648,0.04131879366161186,0.09072164948453608,0.9,9.920454545454545
2036-11-18,Google,18-25,South India,Desktop,Text,20,6041,11,0.0390192200405606,235,0.9,211.5,0.0979299352808046,19,4339,0.82644,0.03890084423108757,0.08085106382978724,0.9,11.131578947368421
2036-11-19,Google,36-50,West India,Mobile,Image,9,51606,11,0.0494088115966303,2549,0.9,2294.1,0.1735679527127258,365,4340,0.8264,0.049393481378134325,0.14319340918007062,0.8999999999999999,6.285205479452054
2036-11-20,Google,36-50,West India,Mobile,Video,11,89790,11,0.0509741626832265,4576,0.9,4118.400000000001,0.0840368562019716,317,4341,0.82636,0.05096335894865798,0.06927447552447552,0.9000000000000001,12.991798107255523
2036-11-21,Instagram,36-50,West India,Mobile,Image,21,57365,11,0.0703185216671379,4033,1.3,5242.900000000001,0.0804588789534323,267,4342,0.8263199999999999,0.07030419245184345,0.06620381849739648,1.3,19.636329588014984
2036-11-22,Instagram,26-35,South India,Mobile,Text,7,41527,11,0.0503189227675291,2089,1.3,2715.7000000000003,0.1567063769033216,270,4343,0.82628,0.05030462108989332,0.1292484442316898,1.3,10.058148148148149
2036-11-23,Instagram,36-50,West India,Mobile,Image,20,10250,11,0.126966848089736,1301,1.3,1691.3,0.1594515339068127,171,4344,0.82624,0.12692682926829268,0.13143735588009223,1.3,9.890643274853801
2036-11-24,Google,26-35,West India,Mobile,Video,20,93348,11,0.0286186167054915,2671,0.9,2403.9,0.0698496435236111,153,4345,0.8262,0.028613360757595234,0.057281916885061776,0.9,15.711764705882354
2036-11-25,Instagram,18-25,North India,Desktop,Text,2,26688,11,0.0481440886478986,1284,1.3,1669.2,0.137430520847151,145,4346,0.82616,0.048111510791366906,0.11292834890965732,1.3,11.511724137931035
2036-11-26,Instagram,18-25,North India,Mobile,Text,6,20790,11,0.1020517870168236,2121,1.3,2757.3,0.0334495742956458,57,4347,0.82612,0.10202020202020202,0.026874115983026876,1.3,48.37368421052632
2036-11-27,Instagram,26-35,West India,Mobile,Video,17,1946,11,0.0439873591088071,85,1.3,110.5,0.1861667075792417,12,4348,0.8260799999999999,0.04367934224049332,0.1411764705882353,1.3,9.208333333333334
2036-11-28,Instagram,26-35,North India,Desktop,Video,2,37798,11,0.0638294769840813,2412,1.3,3135.6,0.0900968660423634,179,4349,0.82604,0.06381290015344727,0.074212271973466,1.3,17.517318435754188
2036-11-29,Instagram,26-35,West India,Mobile,Text,14,74863,11,0.0933457189173921,6988,1.3,9084.4,0.0564501826643236,325,4350,0.826,0.09334384141698837,0.04650829994275901,1.3,27.951999999999998
2036-11-30,Instagram,26-35,North India,Mobile,Video,1,2136,11,0.0540722386017558,115,1.3,149.5,0.1172140569782995,10,4351,0.82596,0.05383895131086142,0.08695652173913043,1.3,14.95
2036-12-01,Google,36-50,South India,Mobile,Image,14,32915,12,0.0532895149921861,1754,0.9,1578.6,0.1821507653994092,263,4352,0.82592,0.05328877411514507,0.1499429874572406,0.8999999999999999,6.002281368821293
2036-12-02,Instagram,18-25,South India,Mobile,Video,12,92474,12,0.0922629713842158,8531,1.3,11090.3,0.198033926916514,1394,4353,0.82588,0.0922529575880788,0.16340405579650685,1.2999999999999998,7.95573888091822
2036-12-03,Google,36-50,West India,Mobile,Image,23,67090,12,0.0762090047502933,5112,0.9,4600.8,0.1753896367637713,739,4354,0.82584,0.07619615441943657,0.14456181533646323,0.9,6.225710419485792
2036-12-04,Instagram,26-35,West India,Mobile,Text,19,24421,12,0.0505693311205504,1234,1.3,1604.2,0.0983788611257794,99,4355,0.8258,0.05053028131526145,0.08022690437601297,1.3,16.204040404040406
2036-12-05,Google,36-50,South India,Mobile,Text,9,79769,12,0.061698490148333,4921,0.9,4428.900000000001,0.1042322969423381,422,4356,0.82576,0.061690631699030954,0.08575492786019102,0.9000000000000001,10.495023696682466
2036-12-06,Instagram,36-50,South India,Mobile,Text,23,60916,12,0.0810657272505248,4938,1.3,6419.400000000001,0.0391058877035802,159,4357,0.82572,0.08106244664784293,0.03219927095990279,1.3,40.37358490566038
2036-12-07,Instagram,18-25,North India,Mobile,Text,23,31893,12,0.0728165771228151,2322,1.3,3018.6,0.0527176872470179,100,4358,0.82568,0.07280594487818644,0.04306632213608958,1.3,30.186
2036-12-08,Google,36-50,West India,Mobile,Text,23,65124,12,0.0371495638210384,2419,0.9,2177.1,0.0932168151905829,185,4359,0.8256399999999999,0.037144524292119646,0.07647788342290203,0.8999999999999999,11.768108108108107
2036-12-09,Google,18-25,South India,Desktop,Video,23,37171,12,0.0439188977636103,1632,0.9,1468.8,0.1918743899754049,258,4360,0.8256,0.04390519491001049,0.15808823529411764,0.9,5.693023255813953
2036-12-10,Instagram,26-35,South India,Mobile,Video,7,19638,12,0.0764003840314944,1500,1.3,1950.0,0.2048169564182395,253,4361,0.82556,0.07638252367858234,0.16866666666666666,1.3,7.707509881422925
2036-12-11,Instagram,36-50,West India,Mobile,Text,15,67484,12,0.0990978001095576,6687,1.3,8693.1,0.0677086945691009,373,4362,0.82552,0.09909015470333708,0.05577987139225363,1.3,23.305898123324397
2036-12-12,Google,26-35,North India,Desktop,Video,15,99238,12,0.0490540382640766,4868,0.9,4381.2,0.1593081758749795,639,4363,0.82548,0.04905378987887704,0.13126540673788004,0.8999999999999999,6.856338028169014
2036-12-13,Google,18-25,North India,Desktop,Video,1,42063,12,0.0195160426729831,820,0.9,738.0,0.1778332986958378,119,4364,0.82544,0.019494567672301073,0.14512195121951219,0.9,6.201680672268908
2036-12-14,Instagram,26-35,North India,Desktop,Text,8,25193,12,0.0431366796924474,1086,1.3,1411.8,0.0746716390394071,66,4365,0.8254,0.043107212320882785,0.06077348066298342,1.3,21.39090909090909
2036-12-15,Google,26-35,North India,Desktop,Video,7,73743,12,0.0232554313025478,1714,0.9,1542.6,0.1566107156883283,221,4366,0.82536,0.02324288407035244,0.12893815635939324,0.8999999999999999,6.980090497737556
2036-12-16,Google,18-25,South India,Mobile,Text,10,10238,12,0.0475824416020562,487,0.9,438.3,0.0946401008802317,37,4367,0.82532,0.04756788435241258,0.07597535934291581,0.9,11.845945945945946
2036-12-17,Google,26-35,West India,Mobile,Text,0,8419,12,0.0619617113922911,521,0.9,468.9,0.1512926174372871,64,4368,0.82528,0.061883834184582494,0.12284069097888675,0.8999999999999999,7.3265625
2036-12-18,Google,26-35,West India,Mobile,Text,20,21410,12,0.0728207697323796,1559,0.9,1403.1,0.0347934378730011,44,4369,0.82524,0.07281644091546007,0.028223220012828735,0.8999999999999999,31.888636363636362
2036-12-19,Google,26-35,South India,Mobile,Text,10,6956,12,0.0384902399748603,267,0.9,240.3,0.0916377656888025,19,4370,0.8251999999999999,0.038384128809660724,0.07116104868913857,0.9,12.647368421052633
2036-12-20,Google,36-50,South India,Mobile,Video,17,81161,12,0.0369801217753449,3001,0.9,2700.9,0.1015347912521457,250,4371,0.82516,0.0369758874336196,0.08330556481172942,0.9,10.803600000000001
2036-12-21,Google,26-35,South India,Mobile,Video,20,24753,12,0.055454949518471,1372,0.9,1234.8,0.2098313150353547,236,4372,0.82512,0.05542762493435139,0.17201166180758018,0.9,5.2322033898305085
2036-12-22,Google,18-25,West India,Desktop,Image,14,73858,12,0.0264900187358004,1956,0.9,1760.4,0.0801976166372161,128,4373,0.82508,0.026483251645048608,0.065439672801636,0.9,13.753125
2036-12-23,Google,36-50,West India,Mobile,Image,23,69150,12,0.0756084456989664,5228,0.9,4705.2,0.1161383663009267,500,4374,0.82504,0.07560375994215474,0.09563886763580719,0.8999999999999999,9.4104
2036-12-24,Google,36-50,West India,Mobile,Text,8,26539,12,0.0409704389222687,1087,0.9,978.3,0.122092064335474,108,4375,0.825,0.040958589246015295,0.09935602575896964,0.8999999999999999,9.058333333333334
2036-12-25,Google,18-25,North India,Mobile,Image,8,69807,12,0.0727646300706697,5079,0.9,4571.1,0.1041316264375174,435,4376,0.82496,0.07275774635781512,0.08564678086237448,0.9,10.508275862068967
2036-12-26,Instagram,26-35,South India,Mobile,Video,0,10029,12,0.0611669554726286,613,1.3,796.9,0.1286423911819307,64,4377,0.82492,0.0611227440422774,0.10440456769983687,1.3,12.4515625
2036-12-27,Google,36-50,South India,Desktop,Video,6,57536,12,0.0344182044403041,1980,0.9,1782.0,0.0606573273159262,98,4378,0.82488,0.03441323692992214,0.049494949494949494,0.9,18.183673469387756
2036-12-28,Google,36-50,South India,Desktop,Image,11,72214,12,0.0294338084522807,2125,0.9,1912.5,0.0475315539882209,83,4379,0.82484,0.02942642700861329,0.039058823529411764,0.9,23.042168674698797
2036-12-29,Google,36-50,West India,Desktop,Image,23,86108,12,0.0526876035536818,4536,0.9,4082.4,0.1740251073079854,650,4380,0.8248,0.052678032238584103,0.14329805996472664,0.9,6.280615384615385
2036-12-30,Google,26-35,South India,Mobile,Video,9,48989,12,0.0346157816160009,1695,0.9,1525.5,0.1716715018260403,239,4381,0.8247599999999999,0.03459960399273306,0.1410029498525074,0.9,6.382845188284519
2036-12-31,Instagram,36-50,South India,Desktop,Image,18,95631,12,0.0696320705310415,6658,1.3,8655.4,0.1710890849396275,939,4382,0.82472,0.06962177536572868,0.14103334334635026,1.3,9.217678381256656
2037-01-01,Instagram,18-25,North India,Mobile,Video,15,82107,1,0.0740291477893804,6078,1.3,7901.400000000001,0.122277965803085,612,4383,0.82468,0.07402535715590632,0.10069101678183613,1.3,12.910784313725491
2037-01-02,Instagram,26-35,West India,Desktop,Video,5,44162,1,0.0803126457226828,3546,1.3,4609.8,0.0919456073567193,268,4384,0.82464,0.08029527648204339,0.07557811618725324,1.3,17.20074626865672
2037-01-03,Instagram,18-25,South India,Mobile,Image,10,20718,1,0.0747669356914865,1549,1.3,2013.7,0.0893588180830245,113,4385,0.8246,0.07476590404479197,0.07295029051000645,1.3,17.820353982300887
2037-01-04,Instagram,18-25,West India,Mobile,Image,18,82402,1,0.0794596434850425,6547,1.3,8511.1,0.0460888265908297,248,4386,0.82456,0.07945195504963472,0.03787994501298304,1.3,34.31895161290323
2037-01-05,Google,36-50,West India,Desktop,Text,18,3198,1,0.0575258618622895,183,0.9,164.70000000000002,0.1281151384430972,18,4387,0.82452,0.05722326454033771,0.09836065573770492,0.9000000000000001,9.15
2037-01-06,Google,36-50,West India,Mobile,Text,17,10407,1,0.0765218936102599,796,0.9,716.4,0.1032069229031078,67,4388,0.82448,0.0764869799173633,0.08417085427135679,0.9,10.692537313432835
2037-01-07,Google,36-50,North India,Desktop,Text,14,75608,1,0.029466341842796,2227,0.9,2004.3,0.0866546408772368,158,4389,0.82444,0.02945455507353719,0.0709474629546475,0.9,12.685443037974684
2037-01-08,Google,18-25,West India,Mobile,Text,15,83674,1,0.0480326709802136,4019,0.9,3617.1,0.1354233483154784,448,4390,0.8244,0.04803164662858236,0.1114705150534959,0.9,8.073883928571428
2037-01-09,Google,26-35,West India,Desktop,Text,13,6217,1,0.0381620751601118,237,0.9,213.3,0.0869365582876228,16,4391,0.82436,0.0381212803603024,0.06751054852320675,0.9,13.33125
2037-01-10,Instagram,36-50,West India,Desktop,Video,7,97796,1,0.0695375791997898,6800,1.3,8840.0,0.2072522651721687,1161,4392,0.8243199999999999,0.06953249621661417,0.17073529411764707,1.3,7.6141257536606375
2037-01-11,Google,36-50,South India,Mobile,Image,7,76947,1,0.0555537969908629,4274,0.9,3846.6,0.0460384255248989,161,4393,0.82428,0.055544725590341404,0.03766963032288254,0.9,23.891925465838508
2037-01-12,Instagram,18-25,North India,Mobile,Video,1,34138,1,0.0584180475280863,1994,1.3,2592.2000000000003,0.202744771241487,332,4394,0.82424,0.058409983010135336,0.16649949849548645,1.3,7.807831325301206
2037-01-13,Instagram,26-35,South India,Mobile,Text,5,35500,1,0.1089727216725957,3868,1.3,5028.400000000001,0.1441991543973524,459,4395,0.8242,0.10895774647887324,0.11866597724922441,1.3,10.955119825708062
2037-01-14,Google,18-25,North India,Desktop,Text,12,6259,1,0.052070605766136,325,0.9,292.5,0.0724258768059723,18,4396,0.82416,0.0519252276721521,0.055384615384615386,0.9,16.25
2037-01-15,Google,36-50,North India,Mobile,Image,12,96120,1,0.060508889968752,5816,0.9,5234.400000000001,0.1171833534957714,561,4397,0.82412,0.0605076987099459,0.09645804676753783,0.9000000000000001,9.330481283422461
2037-01-16,Google,18-25,West India,Mobile,Video,20,80652,1,0.0394246301346231,3179,0.9,2861.1,0.1932536420420825,505,4398,0.8240799999999999,0.039416257501363884,0.15885498584460522,0.9,5.665544554455446
2037-01-17,Google,36-50,West India,Mobile,Text,11,50953,1,0.0576921193814846,2939,0.9,2645.1,0.0913102040165766,220,4399,0.82404,0.05768060761878594,0.0748553929908132,0.9,12.023181818181818
2037-01-18,Google,26-35,South India,Mobile,Text,1,23783,1,0.0436519423649937,1038,0.9,934.2,0.0440824072992494,37,4400,0.824,0.043644620106798974,0.03564547206165703,0.9,25.24864864864865
2037-01-19,Google,18-25,North India,Mobile,Text,20,42949,1,0.0713550916646323,3064,0.9,2757.6,0.1344628420937153,338,4401,0.82396,0.07134042701809122,0.11031331592689295,0.9,8.158579881656804
2037-01-20,Google,36-50,West India,Mobile,Text,19,22155,1,0.0591423922475663,1310,0.9,1179.0,0.0955249333784291,102,4402,0.82392,0.059128864816068605,0.07786259541984733,0.9,11.558823529411764
2037-01-21,Google,36-50,West India,Desktop,Video,11,33389,1,0.0201661953855322,673,0.9,605.7,0.1395864165218589,76,4403,0.82388,0.020156338914013597,0.11292719167904904,0.9,7.969736842105264
2037-01-22,Instagram,36-50,West India,Mobile,Video,16,57159,1,0.0527076773318953,3012,1.3,3915.6,0.0503046536853799,124,4404,0.82384,0.052695113630399415,0.041168658698539175,1.3,31.57741935483871
2037-01-23,Instagram,36-50,West India,Mobile,Text,5,34183,1,0.0333180245636641,1138,1.3,1479.4,0.0459078623232766,42,4405,0.8238,0.033291402158967906,0.03690685413005272,1.3,35.22380952380953
2037-01-24,Instagram,18-25,South India,Mobile,Video,6,32048,1,0.0655979880185189,2102,1.3,2732.6,0.1964631218543174,339,4406,0.82376,0.06558911632551173,0.16127497621313036,1.3,8.060766961651916
2037-01-25,Google,36-50,South India,Mobile,Text,5,33121,1,0.0289339476184142,958,0.9,862.2,0.0943348697415289,74,4407,0.82372,0.02892424745629661,0.07724425887265135,0.9,11.651351351351352
2037-01-26,Google,18-25,West India,Desktop,Image,20,28541,1,0.0605487135205674,1728,0.9,1555.2,0.1797281638029149,255,4408,0.82368,0.06054447987106268,0.14756944444444445,0.9,6.0988235294117645
2037-01-27,Instagram,36-50,West India,Mobile,Image,3,37105,1,0.067318883914359,2497,1.3,3246.1,0.1373948745998626,282,4409,0.8236399999999999,0.06729551273413287,0.11293552262715258,1.3,11.510992907801418
2037-01-28,Google,18-25,West India,Mobile,Image,20,22642,1,0.0791516249056977,1792,0.9,1612.8,0.1729441602147282,254,4410,0.8236,0.07914495185937638,0.14174107142857142,0.9,6.349606299212598
2037-01-29,Google,18-25,West India,Mobile,Video,8,38825,1,0.0549541231427642,2133,0.9,1919.7,0.0949311574654052,166,4411,0.82356,0.05493882807469414,0.07782466010314111,0.9,11.564457831325301
2037-01-30,Instagram,36-50,West India,Desktop,Text,4,59879,1,0.0279514770010007,1673,1.3,2174.9,0.0549622742411838,74,4412,0.82352,0.02793967835134187,0.04423191870890616,1.3,29.39054054054054
2037-01-31,Instagram,36-50,North India,Desktop,Image,9,29920,1,0.0316538490255863,947,1.3,1231.1,0.0880863935889114,68,4413,0.82348,0.03165106951871658,0.07180570221752904,1.2999999999999998,18.10441176470588
2037-02-01,Google,36-50,North India,Mobile,Image,14,56134,2,0.0668758292751583,3754,0.9,3378.6,0.0732142165521491,225,4414,0.82344,0.0668756903124666,0.05993606819392648,0.9,15.016
2037-02-02,Google,36-50,North India,Mobile,Video,7,41761,2,0.0528105964967089,2205,0.9,1984.5,0.1434931626142488,260,4415,0.8234,0.052800459759105384,0.11791383219954649,0.9,7.632692307692308
2037-02-03,Google,26-35,North India,Mobile,Video,22,52944,2,0.0915728927935974,4848,0.9,4363.2,0.164412950575206,656,4416,0.82336,0.09156844968268359,0.1353135313531353,0.8999999999999999,6.651219512195122
2037-02-04,Google,36-50,West India,Desktop,Image,3,32027,2,0.0348069901655444,1114,0.9,1002.6,0.0962936518119265,88,4417,0.82332,0.03478315171573985,0.07899461400359066,0.9,11.393181818181818
2037-02-05,Google,36-50,North India,Mobile,Text,4,97016,2,0.0597145571872188,5793,0.9,5213.7,0.0424570933335068,201,4418,0.82328,0.05971180011544488,0.03469704816157431,0.9,25.938805970149254
2037-02-06,Google,36-50,North India,Desktop,Text,6,73922,2,0.0460269392299416,3402,0.9,3061.8,0.0352768282435015,98,4419,0.82324,0.04602148210275696,0.02880658436213992,0.9,31.242857142857144
2037-02-07,Google,18-25,South India,Desktop,Text,5,22480,2,0.0466911769179351,1049,0.9,944.1,0.0659398268325369,56,4420,0.8231999999999999,0.04666370106761566,0.05338417540514776,0.9,16.85892857142857
2037-02-08,Instagram,36-50,North India,Desktop,Image,12,38624,2,0.0381589697644554,1473,1.3,1914.9,0.135420828975418,163,4421,0.82316,0.038136909693454846,0.11065852002715547,1.3,11.747852760736198
2037-02-09,Instagram,18-25,North India,Mobile,Video,18,70191,2,0.1275407321076893,8952,1.3,11637.6,0.0809597651634483,595,4422,0.82312,0.12753771851092022,0.06646559428060768,1.3,19.558991596638656
2037-02-10,Instagram,18-25,West India,Mobile,Text,9,91404,2,0.0399311665151104,3649,1.3,4743.7,0.1424059372008109,427,4423,0.82308,0.03992166644785786,0.1170183611948479,1.3,11.109367681498828
2037-02-11,Google,18-25,North India,Desktop,Image,14,50028,2,0.040910835167749,2046,0.9,1841.4,0.1246685867355197,209,4424,0.82304,0.040897097625329816,0.10215053763440861,0.9,8.810526315789474
2037-02-12,Google,18-25,North India,Mobile,Image,2,97665,2,0.0408391383999797,3988,0.9,3589.2000000000003,0.1526579217430932,500,4425,0.823,0.04083346132186556,0.12537612838515547,0.9,7.178400000000001
2037-02-13,Google,26-35,West India,Mobile,Video,17,54445,2,0.0459882646585579,2503,0.9,2252.7000000000003,0.1128168737678286,232,4426,0.82296,0.045973000275507395,0.0926887734718338,0.9000000000000001,9.70991379310345
2037-02-14,Google,36-50,North India,Mobile,Text,13,82999,2,0.0505346642158169,4194,0.9,3774.6,0.143490311958231,494,4427,0.82292,0.05053072928589501,0.11778731521220792,0.9,7.640890688259109
2037-02-15,Google,18-25,West India,Mobile,Image,2,96616,2,0.0396507273230948,3830,0.9,3447.0,0.1351297775267453,425,4428,0.82288,0.03964146725180094,0.11096605744125326,0.9,8.110588235294118
2037-02-16,Instagram,36-50,North India,Mobile,Text,10,46192,2,0.0390474687619647,1803,1.3,2343.9,0.0726543139259977,106,4429,0.82284,0.03903273294076896,0.058790904048807546,1.3,22.112264150943396
2037-02-17,Instagram,18-25,South India,Mobile,Text,9,70844,2,0.0611635952694588,4333,1.3,5632.900000000001,0.065221372488747,232,4430,0.8228,0.061162554344757494,0.053542580198476804,1.3,24.279741379310348
2037-02-18,Google,26-35,South India,Mobile,Text,16,19246,2,0.0256804978495858,494,0.9,444.6,0.1508289512683443,60,4431,0.8227599999999999,0.02566767120440611,0.1214574898785425,0.9,7.41
2037-02-19,Google,18-25,North India,Mobile,Image,12,34386,2,0.039212969317708,1348,0.9,1213.2,0.0803070706914303,88,4432,0.82272,0.03920200081428488,0.06528189910979229,0.9,13.786363636363637
2037-02-20,Instagram,36-50,South India,Mobile,Text,1,51111,2,0.0495923750715693,2534,1.3,3294.2000000000003,0.0432072793502217,89,4433,0.82268,0.0495783686486275,0.0351223362273086,1.3,37.01348314606742
2037-02-21,Google,36-50,West India,Mobile,Video,12,78006,2,0.0334825132582073,2611,0.9,2349.9,0.0948146637405266,203,4434,0.82264,0.03347178422172653,0.0777479892761394,0.9,11.575862068965519
2037-02-22,Google,26-35,North India,Mobile,Image,18,49260,2,0.0641699939288484,3161,0.9,2844.9,0.061867032205008,160,4435,0.8226,0.06416971173365814,0.0506168933881683,0.9,17.780625
2037-02-23,Google,36-50,West India,Desktop,Image,4,41882,2,0.0315973863741847,1323,0.9,1190.7,0.0847623702366384,92,4436,0.82256,0.03158874934339334,0.06953892668178382,0.9,12.942391304347826
2037-02-24,Instagram,36-50,South India,Desktop,Text,15,60557,2,0.0713381864179616,4320,1.3,5616.0,0.1176765429128139,417,4437,0.82252,0.07133774790693066,0.09652777777777778,1.3,13.467625899280575
2037-02-25,Instagram,18-25,West India,Desktop,Text,9,61918,2,0.0761149943515712,4712,1.3,6125.6,0.0935513946052112,361,4438,0.82248,0.07610064924577667,0.07661290322580645,1.3,16.96842105263158
2037-02-26,Google,36-50,South India,Desktop,Text,11,13188,2,0.0283282452778909,373,0.9,335.7,0.1304503150486079,39,4439,0.82244,0.028283287837427964,0.10455764075067024,0.9,8.607692307692307
2037-02-27,Instagram,18-25,South India,Mobile,Image,19,11669,2,0.0492735854040717,574,1.3,746.2,0.0954101493500607,44,4440,0.8224,0.04919016196760648,0.07665505226480836,1.3,16.95909090909091
2037-02-28,Instagram,26-35,South India,Mobile,Video,12,12443,2,0.055446543001124,689,1.3,895.7,0.0749405959771851,41,4441,0.82236,0.055372498593586755,0.059506531204644414,1.3,21.846341463414635
2037-03-01,Google,36-50,West India,Mobile,Video,20,20629,3,0.0869373360336072,1793,0.9,1613.7,0.0824174840687308,120,4442,0.8223199999999999,0.08691647680449852,0.06692693809258227,0.9,13.4475
2037-03-02,Google,18-25,South India,Mobile,Image,15,27954,3,0.0653417092019959,1826,0.9,1643.4,0.183459700351127,274,4443,0.82228,0.06532159977105244,0.15005476451259583,0.9,5.997810218978103
2037-03-03,Google,36-50,North India,Mobile,Video,21,8235,3,0.0849789464808509,699,0.9,629.1,0.0673632398623999,38,4444,0.82224,0.0848816029143898,0.05436337625178827,0.9,16.55526315789474
2037-03-04,Instagram,18-25,South India,Mobile,Text,20,76450,3,0.1258164911591994,9618,1.3,12503.4,0.1560621940846704,1234,4445,0.8222,0.12580771746239372,0.12830110210022874,1.3,10.132414910858994
2037-03-05,Google,26-35,North India,Desktop,Image,0,51313,3,0.0611326689858196,3136,0.9,2822.4,0.0729076739753674,187,4446,0.82216,0.061115117026874284,0.05963010204081633,0.9,15.093048128342247
2037-03-06,Instagram,18-25,North India,Mobile,Video,21,43849,3,0.1269353612545063,5565,1.3,7234.5,0.1692607147407445,773,4447,0.82212,0.12691281443134392,0.13890386343216532,1.3,9.358990944372575
2037-03-07,Google,36-50,North India,Mobile,Image,8,52192,3,0.0299292916126743,1562,0.9,1405.8,0.1329589870414808,170,4448,0.82208,0.029927958307786634,0.1088348271446863,0.9,8.269411764705882
2037-03-08,Instagram,18-25,North India,Desktop,Video,15,95083,3,0.0418579101313425,3979,1.3,5172.7,0.067410602277663,220,4449,0.82204,0.0418476488962275,0.05529027393817542,1.3,23.512272727272727
2037-03-09,Google,36-50,West India,Desktop,Image,18,12593,3,0.0659965364107762,831,0.9,747.9,0.1465429793209119,99,4450,0.822,0.06598904153100929,0.11913357400722022,0.9,7.554545454545455
2037-03-10,Instagram,26-35,North India,Mobile,Video,14,41928,3,0.0840047801829041,3522,1.3,4578.6,0.1287244153086545,372,4451,0.82196,0.0840011448196909,0.10562180579216354,1.3,12.308064516129033
2037-03-11,Instagram,18-25,South India,Desktop,Image,17,28885,3,0.0826039740785263,2386,1.3,3101.8,0.1681932320060235,329,4452,0.82192,0.0826034273844556,0.13788767812238056,1.3,9.427963525835867
2037-03-12,Instagram,36-50,North India,Mobile,Image,21,55801,3,0.0791234794172104,4415,1.3,5739.5,0.1640298269728586,595,4453,0.8218799999999999,0.0791204458701457,0.1347678369195923,1.3,9.646218487394957
2037-03-13,Instagram,36-50,South India,Desktop,Image,11,10291,3,0.0398718069479841,410,1.3,533.0,0.0550911931433859,18,4454,0.82184,0.0398406374501992,0.04390243902439024,1.3,29.61111111111111
2037-03-14,Google,36-50,West India,Mobile,Image,13,45978,3,0.0457719441290976,2104,0.9,1893.6,0.1437862761092795,248,4455,0.8218,0.04576101613815303,0.11787072243346007,0.8999999999999999,7.635483870967741
2037-03-15,Instagram,18-25,North India,Mobile,Image,2,57470,3,0.0458241747940514,2633,1.3,3422.9,0.0571553301784331,123,4456,0.82176,0.04581520793457456,0.0467147740220281,1.3,27.828455284552845
2037-03-16,Google,18-25,South India,Desktop,Text,3,65107,3,0.0290540915181758,1891,0.9,1701.9,0.0956942939573998,147,4457,0.82172,0.029044495983534795,0.07773664727657324,0.9,11.577551020408164
2037-03-17,Google,18-25,West India,Mobile,Image,5,70668,3,0.0734102946460037,5187,0.9,4668.3,0.0459524899282045,195,4458,0.82168,0.07339955849889625,0.03759398496240601,0.9,23.94
2037-03-18,Google,26-35,West India,Mobile,Image,15,98219,3,0.0639690108218651,6282,0.9,5653.8,0.0946111469525346,488,4459,0.8216399999999999,0.06395911178081634,0.07768226679401465,0.9,11.585655737704919
2037-03-19,Google,36-50,South India,Mobile,Image,12,1844,3,0.0507491774577574,93,0.9,83.7,0.0770887114696512,5,4460,0.8216,0.050433839479392624,0.053763440860215055,0.9,16.740000000000002
2037-03-20,Google,36-50,North India,Mobile,Video,11,55929,3,0.0765032975905755,4278,0.9,3850.2,0.1478177596032872,519,4461,0.82156,0.07648983532693236,0.12131837307152875,0.8999999999999999,7.418497109826589
2037-03-21,Instagram,26-35,West India,Desktop,Image,21,32869,3,0.1172128475677171,3852,1.3,5007.6,0.1228898088647956,388,4462,0.82152,0.11719249140527549,0.10072689511941849,1.3,12.90618556701031
2037-03-22,Google,26-35,South India,Mobile,Text,11,98052,3,0.0753700307623963,7390,0.9,6651.0,0.1553635837795418,943,4463,0.82148,0.07536817199037246,0.12760487144790258,0.9,7.053022269353129
2037-03-23,Instagram,18-25,North India,Mobile,Image,1,35411,3,0.0429362824331917,1520,1.3,1976.0,0.1354263401646841,168,4464,0.82144,0.042924514981220525,0.11052631578947368,1.3,11.761904761904763
2037-03-24,Google,18-25,West India,Mobile,Video,12,60677,3,0.0697686244617711,4233,0.9,3809.7,0.1848628632561353,642,4465,0.8214,0.06976284259274519,0.15166548547129696,0.8999999999999999,5.93411214953271
2037-03-25,Google,18-25,South India,Mobile,Video,2,35031,3,0.0588885266430947,2062,0.9,1855.8,0.0768793501646108,129,4466,0.82136,0.05886215066655248,0.06256062075654704,0.9,14.386046511627907
2037-03-26,Google,18-25,West India,Mobile,Image,12,36702,3,0.0663517580298468,2435,0.9,2191.5,0.0482757833714026,96,4467,0.82132,0.06634515830199988,0.03942505133470226,0.9,22.828125
2037-03-27,Instagram,18-25,West India,Mobile,Image,1,23523,3,0.0438573588597935,1031,1.3,1340.3,0.1933093971061165,163,4468,0.82128,0.043829443523360115,0.15809893307468478,1.3,8.222699386503066
2037-03-28,Instagram,18-25,South India,Desktop,Image,18,99519,3,0.109534124512178,10900,1.3,14170.0,0.1207392900013266,1080,4469,0.82124,0.10952682402355329,0.09908256880733946,1.3,13.12037037037037
2037-03-29,Instagram,26-35,West India,Mobile,Image,8,5776,3,0.0365220212233022,210,1.3,273.0,0.1048260527766294,18,4470,0.8211999999999999,0.036357340720221606,0.08571428571428572,1.3,15.166666666666666
2037-03-30,Instagram,26-35,South India,Mobile,Video,19,62001,3,0.0966138310136419,5990,1.3,7787.0,0.0651973228522102,320,4471,0.82116,0.0966113449783068,0.05342237061769616,1.3,24.334375
2037-03-31,Google,26-35,North India,Mobile,Image,0,19724,3,0.0424559140677444,837,0.9,753.3000000000001,0.0591966509436486,40,4472,0.82112,0.042435611437842226,0.04778972520908005,0.9000000000000001,18.832500000000003
2037-04-01,Google,36-50,South India,Mobile,Video,12,57858,4,0.0775080136276105,4484,0.9,4035.6,0.271919498175911,1000,4473,0.82108,0.07750008641847281,0.22301516503122212,0.9,4.0356
2037-04-02,Instagram,36-50,North India,Mobile,Video,1,15100,4,0.0796816943849759,1203,1.3,1563.9,0.1877967270340029,184,4474,0.82104,0.07966887417218543,0.15295095594347466,1.3,8.49945652173913
2037-04-03,Google,18-25,West India,Desktop,Text,14,43467,4,0.0506026075961239,2199,0.9,1979.1,0.0992354806789315,178,4475,0.821,0.05059010283663469,0.08094588449295134,0.8999999999999999,11.118539325842697
2037-04-04,Google,26-35,South India,Desktop,Video,18,52242,4,0.0798112711128938,4169,0.9,3752.1,0.263938401273824,903,4476,0.82096,0.07980169212511007,0.2165987047253538,0.9,4.155149501661129
2037-04-05,Google,36-50,South India,Mobile,Image,15,61722,4,0.0814021264528963,5024,0.9,4521.6,0.1618121975438132,666,4477,0.82092,0.08139723275331325,0.13256369426751594,0.9,6.78918918918919
2037-04-06,Instagram,36-50,South India,Mobile,Image,10,80468,4,0.0416511071224212,3351,1.3,4356.3,0.1907472953785979,524,4478,0.82088,0.04164388328279565,0.15637123246792003,1.3,8.31354961832061
2037-04-07,Instagram,26-35,South India,Desktop,Image,14,22718,4,0.04640669628076,1054,1.3,1370.2,0.1325595994437098,114,4479,0.82084,0.046394929131085484,0.10815939278937381,1.3,12.019298245614035
2037-04-08,Google,36-50,North India,Mobile,Image,5,47014,4,0.034717201624631,1632,0.9,1468.8,0.1144718793708642,152,4480,0.8208,0.03471306419364445,0.09313725490196079,0.9,9.663157894736841
2037-04-09,Google,36-50,North India,Mobile,Text,13,20640,4,0.083722879098854,1728,0.9,1555.2,0.0480324288006344,68,4481,0.8207599999999999,0.08372093023255814,0.03935185185185185,0.9,22.870588235294118
2037-04-10,Instagram,26-35,West India,Desktop,Text,5,61312,4,0.1073123166319815,6579,1.3,8552.7,0.1456113828374269,785,4482,0.82072,0.107303627348643,0.11931904544763641,1.3,10.89515923566879
2037-04-11,Instagram,36-50,West India,Desktop,Text,18,20560,4,0.1100393244789615,2262,1.3,2940.6,0.0549539652141467,101,4483,0.82068,0.11001945525291829,0.044650751547303275,1.3,29.114851485148513
2037-04-12,Google,26-35,West India,Mobile,Text,4,7380,4,0.0729206610250778,538,0.9,484.2,0.1499373830389068,65,4484,0.82064,0.07289972899728997,0.120817843866171,0.9,7.449230769230769
2037-04-13,Instagram,36-50,West India,Mobile,Video,10,48756,4,0.0643337249794233,3136,1.3,4076.8,0.0960769905170641,247,4485,0.8206,0.06432028878497005,0.07876275510204081,1.3,16.50526315789474
2037-04-14,Google,26-35,South India,Mobile,Text,3,95365,4,0.0531116009387402,5064,0.9,4557.6,0.0837364478937132,347,4486,0.82056,0.05310124259424317,0.06852290679304897,0.9,13.134293948126802
2037-04-15,Google,36-50,North India,Mobile,Video,8,30579,4,0.0524848212182982,1604,0.9,1443.6,0.2305142459934642,302,4487,0.82052,0.052454298701723405,0.1882793017456359,0.8999999999999999,4.780132450331125
2037-04-16,Instagram,36-50,North India,Desktop,Image,8,96736,4,0.0435773299649807,4215,1.3,5479.5,0.1208621992512381,417,4488,0.82048,0.04357219649354945,0.09893238434163701,1.3,13.140287769784173
2037-04-17,Instagram,26-35,North India,Mobile,Video,16,86265,4,0.1163444223468795,10036,1.3,13046.8,0.0787064486187436,647,4489,0.82044,0.11633918738770069,0.06446791550418493,1.2999999999999998,20.16506955177743
2037-04-18,Google,36-50,North India,Mobile,Video,7,29537,4,0.0561181933437489,1657,0.9,1491.3,0.2280612183639912,309,4490,0.8204,0.05609912990486508,0.18648159324079663,0.9,4.826213592233009
2037-04-19,Instagram,26-35,West India,Mobile,Text,14,90661,4,0.0741664119071191,6724,1.3,8741.2,0.10540229434478,580,4491,0.82036,0.07416640010588897,0.08625817965496728,1.3,15.071034482758622
2037-04-20,Instagram,26-35,South India,Mobile,Image,8,6655,4,0.1036876781531341,690,1.3,897.0,0.076925885533681,43,4492,0.8203199999999999,0.10368144252441773,0.06231884057971015,1.3,20.86046511627907
2037-04-21,Instagram,36-50,North India,Mobile,Image,4,60451,4,0.1269517159728561,7674,1.3,9976.2,0.1079753462565565,679,4493,0.82028,0.1269457908057766,0.08848058378941882,1.3,14.692488954344626
2037-04-22,Instagram,18-25,South India,Desktop,Text,3,68984,4,0.0338955461196658,2338,1.3,3039.4,0.1374518390701354,263,4494,0.82024,0.033891916966253044,0.11248930710008555,1.3,11.556653992395438
2037-04-23,Instagram,36-50,South India,Mobile,Video,19,80721,4,0.0764339733458766,6169,1.3,8019.700000000001,0.1437129683983569,726,4495,0.8202,0.0764237311232517,0.11768520019452099,1.3,11.04641873278237
2037-04-24,Google,18-25,South India,Mobile,Text,17,18211,4,0.0477781556704013,870,0.9,783.0,0.190073215755951,135,4496,0.82016,0.047773323815276485,0.15517241379310345,0.9,5.8
2037-04-25,Google,18-25,South India,Mobile,Video,8,23280,4,0.0662366898128807,1541,0.9,1386.9,0.1231650847465398,155,4497,0.82012,0.06619415807560138,0.10058403634003893,0.9,8.947741935483872
2037-04-26,Google,36-50,North India,Desktop,Text,20,34971,4,0.0267919363852706,936,0.9,842.4,0.0626124758733462,47,4498,0.82008,0.026765033885219183,0.050213675213675216,0.9,17.92340425531915
2037-04-27,Google,18-25,North India,Mobile,Text,2,7798,4,0.0292136403021208,227,0.9,204.3,0.0687342359443506,12,4499,0.82004,0.029110028212362145,0.05286343612334802,0.9,17.025000000000002
2037-04-28,Instagram,26-35,North India,Mobile,Image,21,18228,4,0.1032360906656018,1881,1.3,2445.3,0.0589664914772797,90,4500,0.82,0.1031928900592495,0.04784688995215311,1.3,27.17
2037-04-29,Google,26-35,West India,Mobile,Image,8,36739,4,0.0850213881991218,3123,0.9,2810.7000000000003,0.1239857505386835,317,4501,0.81996,0.08500503552083617,0.10150496317643291,0.9000000000000001,8.866561514195585
2037-04-30,Google,18-25,North India,Mobile,Image,8,49720,4,0.0828407665353314,4118,0.9,3706.2,0.1857820949047608,627,4502,0.81992,0.08282381335478681,0.15225837785332685,0.8999999999999999,5.911004784688995
2037-05-01,Google,26-35,West India,Desktop,Text,20,95845,5,0.0306798449297802,2940,0.9,2646.0,0.0703354130519684,168,4503,0.8198799999999999,0.030674526579372946,0.05714285714285714,0.9,15.75
2037-05-02,Google,36-50,West India,Mobile,Image,23,71280,5,0.0721178398925787,5140,0.9,4626.0,0.0761672665892289,320,4504,0.81984,0.07210998877665545,0.0622568093385214,0.9,14.45625
2037-05-03,Google,26-35,West India,Desktop,Image,3,41503,5,0.0493335990293071,2047,0.9,1842.3,0.1572338529946453,263,4505,0.8198,0.04932173577813652,0.12848070346849047,0.9,7.004942965779468
2037-05-04,Instagram,18-25,North India,Desktop,Text,20,15548,5,0.0365912867892161,568,1.3,738.4,0.0668927184064667,30,4506,0.81976,0.03653202984306663,0.0528169014084507,1.3,24.613333333333333
2037-05-05,Google,36-50,North India,Desktop,Image,6,70066,5,0.0316818540331836,2219,0.9,1997.1,0.1014266332808179,184,4507,0.81972,0.03167013958267919,0.0829202343397927,0.8999999999999999,10.853804347826086
2037-05-06,Instagram,26-35,North India,Mobile,Video,6,38853,5,0.0825171592682043,3206,1.3,4167.8,0.050585600276097,132,4508,0.81968,0.08251615061899982,0.041172800998128506,1.3,31.574242424242424
2037-05-07,Instagram,36-50,West India,Mobile,Image,22,75531,5,0.0551385405782012,4164,1.3,5413.2,0.0801900447975424,272,4509,0.8196399999999999,0.05512968185248441,0.06532180595581172,1.3,19.901470588235295
2037-05-08,Google,18-25,West India,Mobile,Video,7,25703,5,0.0547066039087216,1406,0.9,1265.4,0.0699340749700505,80,4510,0.8196,0.05470178578376065,0.05689900426742532,0.9,15.8175
2037-05-09,Google,26-35,South India,Mobile,Image,20,26527,5,0.0499810346150968,1325,0.9,1192.5,0.0603003012437656,64,4511,0.81956,0.04994910845553587,0.04830188679245283,0.9,18.6328125
2037-05-10,Google,36-50,West India,Desktop,Text,0,97966,5,0.0544956496958232,5338,0.9,4804.2,0.0853386705190346,372,4512,0.81952,0.054488291856358326,0.06968902210565756,0.8999999999999999,12.914516129032258
2037-05-11,Instagram,36-50,West India,Desktop,Text,8,66555,5,0.0494805958387282,3293,1.3,4280.900000000001,0.0670025543995342,180,4513,0.81948,0.04947787544136428,0.054661402976009715,1.3000000000000003,23.78277777777778
2037-05-12,Instagram,26-35,North India,Mobile,Image,22,61982,5,0.0785462565901059,4868,1.3,6328.400000000001,0.0601374196252895,239,4514,0.81944,0.0785389306572876,0.04909613804437141,1.3,26.47866108786611
2037-05-13,Google,36-50,South India,Mobile,Video,11,51933,5,0.0353638556817181,1836,0.9,1652.4,0.1473224779459484,221,4515,0.8194,0.03535324360233378,0.12037037037037036,0.9,7.476923076923077
2037-05-14,Google,36-50,South India,Mobile,Image,5,62178,5,0.046512060597731,2892,0.9,2602.8,0.1647427733734604,390,4516,0.81936,0.046511627906976744,0.13485477178423236,0.9,6.673846153846155
2037-05-15,Instagram,18-25,South India,Mobile,Text,12,61475,5,0.1095246845616233,6733,1.3,8752.9,0.1335930627290593,736,4517,0.81932,0.10952419682797886,0.10931234219515817,1.3,11.892527173913043
2037-05-16,Google,18-25,North India,Desktop,Image,4,46730,5,0.0498365797594326,2328,0.9,2095.2000000000003,0.0713514700068877,136,4518,0.81928,0.04981810400171196,0.058419243986254296,0.9000000000000001,15.405882352941179
2037-05-17,Google,18-25,South India,Mobile,Text,20,24241,5,0.0812783622862864,1970,0.9,1773.0,0.0718443252712345,115,4519,0.81924,0.08126727445237408,0.0583756345177665,0.9,15.417391304347825
2037-05-18,Instagram,18-25,South India,Mobile,Video,18,73832,5,0.0485966221675992,3587,1.3,4663.1,0.1880554552749904,552,4520,0.8191999999999999,0.0485832701267743,0.15388904376916643,1.3,8.447644927536233
2037-05-19,Instagram,18-25,North India,Mobile,Video,0,82869,5,0.1064952794467868,8825,1.3,11472.5,0.1345240968350903,972,4521,0.81916,0.1064933811195984,0.11014164305949009,1.3,11.802983539094651
2037-05-20,Instagram,18-25,South India,Desktop,Text,21,42516,5,0.0974194624964859,4141,1.3,5383.3,0.1345823191466468,456,4522,0.81912,0.09739862639947314,0.11011832890606134,1.3,11.805482456140352
2037-05-21,Instagram,26-35,West India,Mobile,Video,23,19628,5,0.0977886353527578,1919,1.3,2494.7000000000003,0.048229381292944,75,4523,0.81908,0.09776849398818015,0.03908285565398645,1.3,33.26266666666667
2037-05-22,Instagram,18-25,West India,Desktop,Text,17,20367,5,0.0516845273417321,1052,1.3,1367.6,0.044369436263574,37,4524,0.81904,0.051652182452005695,0.03517110266159696,1.2999999999999998,36.96216216216216
2037-05-23,Google,36-50,West India,Desktop,Text,7,12755,5,0.0227073086125447,289,0.9,260.1,0.1294344376904244,30,4525,0.819,0.0226577812622501,0.10380622837370242,0.9000000000000001,8.67
2037-05-24,Instagram,26-35,West India,Mobile,Text,23,54751,5,0.04221395683478,2311,1.3,3004.3,0.1352831361023304,255,4526,0.81896,0.042209274716443534,0.11034184335785374,1.3,11.781568627450982
2037-05-25,Instagram,36-50,West India,Mobile,Image,7,88286,5,0.1052162197462042,9289,1.3,12075.7,0.0880816249538498,669,4527,0.81892,0.10521486985479012,0.0720206696092152,1.3,18.05037369207773
2037-05-26,Instagram,18-25,West India,Mobile,Video,14,14025,5,0.1056290459715314,1481,1.3,1925.3,0.2090002563048232,253,4528,0.81888,0.10559714795008912,0.17083051991897366,1.3,7.609881422924901
2037-05-27,Google,18-25,West India,Mobile,Image,18,5887,5,0.0750582850528272,441,0.9,396.9,0.0822197205670037,29,4529,0.81884,0.07491082045184304,0.06575963718820861,0.8999999999999999,13.686206896551724
2037-05-28,Google,36-50,West India,Desktop,Image,9,61675,5,0.0395700668245544,2440,0.9,2196.0,0.1646396536259658,328,4530,0.8188,0.03956222132144305,0.13442622950819672,0.9,6.695121951219512
2037-05-29,Google,36-50,West India,Mobile,Video,23,80194,5,0.0271599224129301,2178,0.9,1960.2,0.1188471262642819,211,4531,0.8187599999999999,0.027159139087712298,0.09687786960514233,0.9,9.29004739336493
2037-05-30,Google,36-50,North India,Mobile,Image,15,50348,5,0.0555980254484353,2799,0.9,2519.1,0.1127205515696683,257,4532,0.81872,0.055593072217367125,0.0918185066095034,0.9,9.801945525291828
2037-05-31,Google,26-35,North India,Mobile,Text,10,71762,5,0.0424712888668098,3047,0.9,2742.3,0.105021930047936,261,4533,0.81868,0.04245979766450211,0.08565802428618313,0.9,10.50689655172414
2037-06-01,Instagram,18-25,West India,Mobile,Image,11,70524,6,0.0598485814815552,4220,1.3,5486.0,0.0557034009349845,192,4534,0.81864,0.05983778571833702,0.04549763033175355,1.3,28.572916666666668
2037-06-02,Instagram,36-50,North India,Mobile,Text,15,55884,6,0.053951353629897,3015,1.3,3919.5,0.0346706717920036,85,4535,0.8186,0.053951041442989046,0.028192371475953566,1.3,46.11176470588235
2037-06-03,Google,18-25,North India,Mobile,Video,15,22663,6,0.024675902098153,559,0.9,503.1,0.1080314595816775,49,4536,0.81856,0.024665754754445574,0.08765652951699464,0.9,10.26734693877551
2037-06-04,Instagram,36-50,West India,Mobile,Image,19,85389,6,0.1070592696645463,9141,1.3,11883.3,0.0593274176153015,443,4537,0.81852,0.10705125952991604,0.04846296904058637,1.2999999999999998,26.824604966139955
2037-06-05,Google,18-25,West India,Mobile,Video,2,19014,6,0.0616212309570095,1171,0.9,1053.9,0.1332098371099473,126,4538,0.81848,0.061586199642368784,0.107600341588386,0.9,8.364285714285716
2037-06-06,Google,26-35,North India,Mobile,Text,8,15239,6,0.0292862717914427,446,0.9,401.4,0.0794050112799387,28,4539,0.81844,0.0292670122711464,0.06278026905829596,0.8999999999999999,14.335714285714285
2037-06-07,Google,18-25,West India,Mobile,Image,7,37046,6,0.0443632472869941,1643,0.9,1478.7,0.0542389838458981,72,4540,0.8184,0.044350267235329054,0.04382227632379793,0.9,20.5375
2037-06-08,Google,36-50,West India,Mobile,Text,9,19422,6,0.0597320408066761,1160,0.9,1044.0,0.1075669995571345,101,4541,0.81836,0.05972608382246936,0.08706896551724137,0.9,10.336633663366337
2037-06-09,Google,18-25,West India,Desktop,Text,12,22816,6,0.0179761020578746,410,0.9,369.0,0.0346169358648506,11,4542,0.8183199999999999,0.01796984572230014,0.026829268292682926,0.9,33.54545454545455
2037-06-10,Google,26-35,West India,Mobile,Text,17,28055,6,0.0224136718460879,628,0.9,565.2,0.0465876328190982,23,4543,0.81828,0.0223846016752807,0.03662420382165605,0.9,24.573913043478264
2037-06-11,Google,26-35,North India,Mobile,Video,12,55173,6,0.0562686554946295,3104,0.9,2793.6,0.1494788991644693,378,4544,0.81824,0.05625940224385116,0.12177835051546392,0.9,7.39047619047619
2037-06-12,Instagram,18-25,South India,Mobile,Video,12,7470,6,0.0354140308183963,264,1.3,343.2,0.1428302974977098,30,4545,0.8182,0.035341365461847386,0.11363636363636363,1.3,11.44
2037-06-13,Google,36-50,North India,Mobile,Video,14,89997,6,0.0650966780999554,5858,0.9,5272.2,0.0860666765810091,412,4546,0.81816,0.06509105859084191,0.0703311710481393,0.9,12.796601941747573
2037-06-14,Instagram,26-35,South India,Mobile,Image,12,46534,6,0.0487160243822445,2266,1.3,2945.8,0.0681700089161239,125,4547,0.81812,0.04869557742725749,0.05516328331862312,1.3,23.5664
2037-06-15,Instagram,26-35,South India,Desktop,Text,15,71297,6,0.0598649651292526,4268,1.3,5548.400000000001,0.1154011932722003,402,4548,0.81808,0.05986226629451449,0.09418931583880037,1.3,13.801990049751245
2037-06-16,Instagram,18-25,South India,Mobile,Video,7,22603,6,0.0886549677398085,2003,1.3,2603.9,0.0862545505068524,140,4549,0.81804,0.08861655532451444,0.06989515726410385,1.3,18.599285714285713
2037-06-17,Instagram,26-35,North India,Mobile,Text,18,61522,6,0.0803132055236371,4941,1.3,6423.3,0.1364297684370814,551,4550,0.818,0.08031273365625305,0.11151588747217163,1.3,11.657531760435573
2037-06-18,Google,26-35,North India,Mobile,Video,9,57153,6,0.0543918422900219,3108,0.9,2797.2000000000003,0.1751249673040933,444,4551,0.81796,0.054380347488320824,0.14285714285714285,0.9000000000000001,6.300000000000001
2037-06-19,Google,36-50,North India,Mobile,Text,11,22996,6,0.0380026426258413,873,0.9,785.7,0.0448784334155333,31,4552,0.81792,0.03796312402156897,0.035509736540664374,0.9,25.345161290322583
2037-06-20,Instagram,36-50,North India,Mobile,Video,13,40978,6,0.0333126255328563,1365,1.3,1774.5,0.1735847115935513,193,4553,0.8178799999999999,0.033310556884181754,0.1413919413919414,1.3,9.194300518134716
2037-06-21,Google,36-50,North India,Mobile,Video,5,99878,6,0.0607670078833813,6069,0.9,5462.1,0.0956353865625656,474,4554,0.81784,0.06076413224133443,0.07810182896688087,0.9,11.523417721518989
2037-06-22,Instagram,18-25,South India,Desktop,Video,20,76449,6,0.0329737989060829,2520,1.3,3276.0,0.136181208356373,280,4555,0.8178,0.032963151905191695,0.1111111111111111,1.3,11.7
2037-06-23,Instagram,26-35,North India,Mobile,Video,23,42978,6,0.098709344535361,4242,1.3,5514.6,0.0649750196310018,224,4556,0.81776,0.09870166131509145,0.052805280528052806,1.3,24.618750000000002
2037-06-24,Instagram,18-25,South India,Mobile,Text,8,41564,6,0.0748179263396068,3109,1.3,4041.7,0.0502750510674996,127,4557,0.81772,0.07480030795881051,0.04084914763589579,1.3,31.824409448818898
2037-06-25,Instagram,26-35,North India,Desktop,Video,6,30999,6,0.04679472470163,1450,1.3,1885.0,0.1745460435143633,206,4558,0.81768,0.04677570244201426,0.14206896551724138,1.3,9.150485436893204
2037-06-26,Instagram,26-35,North India,Desktop,Video,5,32748,6,0.0281585283829122,922,1.3,1198.6,0.1388257777855294,103,4559,0.8176399999999999,0.028154391107853914,0.11171366594360087,1.2999999999999998,11.636893203883494
2037-06-27,Instagram,26-35,West India,Desktop,Video,21,62402,6,0.0604766042214066,3773,1.3,4904.900000000001,0.1190895771986779,367,4560,0.8176,0.06046280567930515,0.09727007686191359,1.3,13.364850136239783
2037-06-28,Google,36-50,South India,Mobile,Text,0,33331,6,0.0411051618163441,1370,0.9,1233.0,0.040027156359326,44,4561,0.81756,0.0411028772014041,0.032116788321167884,0.9,28.022727272727273
2037-06-29,Instagram,18-25,North India,Mobile,Video,20,45380,6,0.1227510925967367,5570,1.3,7241.0,0.1831078765057592,833,4562,0.81752,0.12274129572498899,0.1495511669658887,1.3,8.692677070828331
2037-06-30,Google,18-25,North India,Desktop,Text,13,58743,6,0.027176734343583,1596,0.9,1436.4,0.0710759353734765,92,4563,0.81748,0.02716919462744497,0.05764411027568922,0.9,15.61304347826087
2037-07-01,Google,26-35,North India,Mobile,Image,23,54842,7,0.0453546415176738,2487,0.9,2238.3,0.0934143396894163,189,4564,0.8174399999999999,0.04534845556325444,0.07599517490952955,0.9,11.842857142857143
2037-07-02,Instagram,18-25,West India,Mobile,Text,5,65618,7,0.0528935363641174,3470,1.3,4511.0,0.0684873339975531,193,4565,0.8174,0.05288183120485233,0.05561959654178674,1.3,23.373056994818654
2037-07-03,Google,36-50,South India,Desktop,Image,11,91228,7,0.0495641184565731,4521,0.9,4068.9,0.1812586630636886,669,4566,0.81736,0.049557153505502695,0.1479761114797611,0.9,6.082062780269059
2037-07-04,Google,18-25,North India,Mobile,Video,16,8986,7,0.0515817192827292,463,0.9,416.7,0.1005957290873698,37,4567,0.81732,0.05152459381259737,0.07991360691144708,0.9,11.262162162162161
2037-07-05,Google,26-35,North India,Desktop,Video,4,79682,7,0.0550033707731959,4382,0.9,3943.8,0.0734101895342665,262,4568,0.81728,0.05499359955824402,0.05979005020538567,0.9,15.052671755725191
2037-07-06,Instagram,36-50,North India,Desktop,Text,10,43810,7,0.0401553385525351,1759,1.3,2286.7000000000003,0.0888879908862084,127,4569,0.81724,0.04015065053640721,0.07220011370096646,1.3,18.005511811023624
2037-07-07,Google,36-50,West India,Desktop,Video,4,87888,7,0.0237645275382216,2088,0.9,1879.2,0.1792907667634281,305,4570,0.8171999999999999,0.023757509557618788,0.1460727969348659,0.9,6.161311475409836
2037-07-08,Instagram,26-35,North India,Mobile,Video,11,61044,7,0.078813227958922,4811,1.3,6254.3,0.1048656208246281,411,4571,0.81716,0.07881200445580237,0.08542922469341094,1.3,15.21727493917275
2037-07-09,Google,18-25,South India,Mobile,Text,2,77509,7,0.0712606751179101,5523,0.9,4970.7,0.1227528401025173,553,4572,0.81712,0.07125624121069811,0.10012674271229405,0.9,8.988607594936708
2037-07-10,Instagram,26-35,South India,Desktop,Video,23,53633,7,0.0678375952663577,3638,1.3,4729.400000000001,0.1090206512142264,323,4573,0.81708,0.06783137247590103,0.08878504672897196,1.3,14.642105263157896
2037-07-11,Instagram,18-25,South India,Desktop,Image,8,19501,7,0.0488973132803537,953,1.3,1238.9,0.1548433957353717,120,4574,0.81704,0.04886928875442285,0.1259181532004197,1.3,10.324166666666667
2037-07-12,Google,18-25,South India,Mobile,Image,5,21866,7,0.0291700274125684,637,0.9,573.3000000000001,0.1469834765318466,75,4575,0.817,0.029131985731272295,0.11773940345368916,0.9000000000000001,7.644000000000001
2037-07-13,Google,36-50,North India,Mobile,Video,21,19390,7,0.0857060351852631,1661,0.9,1494.9,0.1542484663070485,209,4576,0.81696,0.08566271273852501,0.12582781456953643,0.9,7.152631578947369
2037-07-14,Google,26-35,West India,Desktop,Video,1,42256,7,0.0283815250819168,1199,0.9,1079.1,0.1565124839557962,152,4577,0.81692,0.02837466868610375,0.1267723102585488,0.8999999999999999,7.099342105263157
2037-07-15,Instagram,36-50,West India,Mobile,Image,1,40528,7,0.0947860550168026,3841,1.3,4993.3,0.0618837266467257,193,4578,0.81688,0.0947739834188709,0.0502473314241083,1.3,25.8720207253886
2037-07-16,Instagram,26-35,West India,Mobile,Video,21,28712,7,0.1099017696165595,3155,1.3,4101.5,0.1971824854253846,508,4579,0.81684,0.10988436890498746,0.16101426307448494,1.3,8.073818897637794
2037-07-17,Instagram,26-35,North India,Mobile,Image,11,6694,7,0.0528398937664192,353,1.3,458.9,0.1159051134898254,32,4580,0.8168,0.05273379145503436,0.0906515580736544,1.3,14.340625
2037-07-18,Google,36-50,West India,Mobile,Text,7,56214,7,0.0601414930775146,3380,0.9,3042.0,0.0795040601425431,218,4581,0.8167599999999999,0.0601273704059487,0.06449704142011835,0.9,13.954128440366972
2037-07-19,Instagram,26-35,South India,Desktop,Image,1,85999,7,0.0619242707997737,5325,1.3,6922.5,0.0705396359462777,306,4582,0.81672,0.061919324643309806,0.05746478873239436,1.3,22.622549019607842
2037-07-20,Instagram,26-35,North India,Mobile,Video,8,22662,7,0.1064692572180154,2412,1.3,3135.6,0.1706595435583377,335,4583,0.81668,0.10643367752184273,0.1388888888888889,1.3,9.36
2037-07-21,Instagram,18-25,West India,Mobile,Video,15,1010,7,0.1006285062701236,101,1.3,131.3,0.1335201132955716,10,4584,0.81664,0.1,0.09900990099009901,1.3,13.13
2037-07-22,Instagram,26-35,South India,Mobile,Image,14,38648,7,0.0412281996327843,1593,1.3,2070.9,0.0666831344842793,86,4585,0.8166,0.04121817429103705,0.05398618957940992,1.3,24.080232558139535
2037-07-23,Google,26-35,South India,Mobile,Image,13,28515,7,0.0479090636639188,1366,0.9,1229.4,0.1858988117827144,206,4586,0.81656,0.047904611607925654,0.15080527086383602,0.9,5.9679611650485445
2037-07-24,Google,36-50,North India,Mobile,Video,19,77382,7,0.0893210538053827,6911,0.9,6219.900000000001,0.0625307559562301,352,4587,0.81652,0.08931017549300871,0.05093329474750398,0.9000000000000001,17.670170454545456
2037-07-25,Instagram,36-50,North India,Desktop,Video,3,48258,7,0.0656199495492261,3166,1.3,4115.8,0.1292657027920808,333,4588,0.81648,0.0656057026814207,0.10518003790271636,1.3,12.35975975975976
2037-07-26,Instagram,26-35,West India,Mobile,Video,3,61530,7,0.0564327201638201,3472,1.3,4513.6,0.1505776746607532,426,4589,0.81644,0.056427758816837315,0.12269585253456221,1.3,10.59530516431925
2037-07-27,Instagram,18-25,West India,Mobile,Text,10,29026,7,0.0762561474659315,2213,1.3,2876.9,0.1528791668225136,275,4590,0.8164,0.07624198994005374,0.12426570266606417,1.3,10.461454545454545
2037-07-28,Google,18-25,West India,Mobile,Text,20,17982,7,0.070079121440243,1260,0.9,1134.0,0.0507689694617382,51,4591,0.81636,0.07007007007007007,0.04047619047619048,0.9,22.235294117647058
2037-07-29,Google,36-50,North India,Mobile,Image,23,18207,7,0.0625436462351949,1138,0.9,1024.2,0.1196035062353994,111,4592,0.8163199999999999,0.06250343274564728,0.09753954305799649,0.9,9.227027027027027
2037-07-30,Google,26-35,West India,Mobile,Image,17,58028,7,0.0626173293413145,3633,0.9,3269.7000000000003,0.10674021122711,315,4593,0.81628,0.06260770662438822,0.08670520231213873,0.9,10.38
2037-07-31,Google,26-35,West India,Mobile,Text,4,38985,7,0.0280870605192503,1094,0.9,984.6,0.0645966355407718,57,4594,0.81624,0.02806207515711171,0.05210237659963437,0.9,17.273684210526316
2037-08-01,Instagram,18-25,South India,Mobile,Text,1,40854,8,0.0474034029336651,1936,1.3,2516.8,0.1607353112340934,253,4595,0.8162,0.04738826063543349,0.13068181818181818,1.3,9.947826086956523
2037-08-02,Instagram,18-25,South India,Mobile,Image,14,78842,8,0.0979626228231427,7723,1.3,10039.9,0.1657899271915175,1044,4596,0.81616,0.09795540447984577,0.13518062928913635,1.3,9.61676245210728
2037-08-03,Google,18-25,South India,Mobile,Text,10,66848,8,0.0335451109214774,2242,0.9,2017.8,0.1391168641773089,253,4597,0.81612,0.033538774533269505,0.1128456735057984,0.9,7.975494071146245
2037-08-04,Google,36-50,West India,Desktop,Image,23,73207,8,0.045650586462192,3341,0.9,3006.9,0.1658860463451008,452,4598,0.81608,0.045637712240632726,0.13528883567794073,0.9,6.652433628318584
2037-08-05,Google,26-35,North India,Desktop,Video,16,24084,8,0.0275332083495225,663,0.9,596.7,0.1613170323872844,86,4599,0.81604,0.027528649725959142,0.1297134238310709,0.9,6.938372093023256
2037-08-06,Google,36-50,South India,Mobile,Image,15,36260,8,0.0499421171070263,1810,0.9,1629.0,0.1220378769888222,179,4600,0.816,0.04991726420297849,0.09889502762430939,0.9,9.100558659217876
2037-08-07,Instagram,26-35,North India,Mobile,Text,14,43905,8,0.0862418723248307,3786,1.3,4921.8,0.0765632018925056,235,4601,0.81596,0.08623163648787154,0.06207078711040676,1.3,20.943829787234044
2037-08-08,Instagram,36-50,West India,Desktop,Text,22,17614,8,0.0596096157825749,1049,1.3,1363.7,0.1177918897086488,100,4602,0.81592,0.05955489951175202,0.09532888465204957,1.3,13.637
2037-08-09,Google,26-35,West India,Mobile,Text,2,53892,8,0.0380632797875922,2051,0.9,1845.9,0.1057346045274612,176,4603,0.8158799999999999,0.03805759667483114,0.08581179912237932,0.9,10.488068181818182
2037-08-10,Instagram,18-25,South India,Desktop,Image,19,11864,8,0.0585381647770529,694,1.3,902.2,0.1276029774097914,71,4604,0.81584,0.05849629130141605,0.10230547550432277,1.3,12.707042253521127
2037-08-11,Instagram,18-25,North India,Mobile,Text,14,49114,8,0.0956564233211915,4698,1.3,6107.400000000001,0.0988929108352408,378,4605,0.8158,0.09565500671906177,0.08045977011494253,1.3,16.15714285714286
2037-08-12,Instagram,18-25,South India,Mobile,Image,23,16224,8,0.0933970559599214,1515,1.3,1969.5,0.1449235292633918,178,4606,0.81576,0.0933801775147929,0.11749174917491749,1.3,11.064606741573034
2037-08-13,Google,36-50,West India,Desktop,Video,18,48462,8,0.0613134695647928,2971,0.9,2673.9,0.2107423043722656,510,4607,0.81572,0.06130576534191738,0.1716593739481656,0.9,5.242941176470588
2037-08-14,Instagram,18-25,North India,Mobile,Video,12,1043,8,0.0845465945611188,88,1.3,114.4,0.1658040266305924,11,4608,0.81568,0.08437200383509108,0.125,1.3,10.4
2037-08-15,Google,26-35,South India,Mobile,Text,15,41300,8,0.0565190223032833,2334,0.9,2100.6,0.0604950389073291,115,4609,0.81564,0.056513317191283295,0.049271636675235646,0.8999999999999999,18.26608695652174
2037-08-16,Google,36-50,West India,Desktop,Image,22,25476,8,0.058220519884983,1483,0.9,1334.7,0.1053476289011929,127,4610,0.8156,0.0582116501805621,0.0856372218476062,0.9,10.509448818897638
2037-08-17,Google,26-35,South India,Desktop,Image,11,28500,8,0.0540939170779535,1541,0.9,1386.9,0.1484492180935974,185,4611,0.81556,0.05407017543859649,0.12005191434133679,0.9,7.496756756756757
2037-08-18,Google,36-50,North India,Mobile,Text,16,94805,8,0.0686029946420312,6503,0.9,5852.7,0.0521576772534356,276,4612,0.81552,0.06859342861663414,0.0424419498692911,0.9,21.205434782608695
2037-08-19,Google,26-35,North India,Mobile,Image,15,57430,8,0.0307266048906913,1764,0.9,1587.6,0.1620499731642082,232,4613,0.81548,0.03071565383945673,0.13151927437641722,0.8999999999999999,6.843103448275862
2037-08-20,Google,26-35,North India,Mobile,Text,8,20841,8,0.0296043418614901,616,0.9,554.4,0.0410077095452517,20,4614,0.8154399999999999,0.029557122978743824,0.032467532467532464,0.8999999999999999,27.72
2037-08-21,Google,36-50,North India,Desktop,Text,5,61293,8,0.0456646955915974,2798,0.9,2518.2000000000003,0.1013716517916853,230,4615,0.8154,0.045649584781296396,0.08220157255182273,0.9000000000000001,10.948695652173914
2037-08-22,Instagram,36-50,North India,Desktop,Video,18,39152,8,0.095627618883203,3744,1.3,4867.2,0.2013592813572431,613,4616,0.81536,0.09562729873314263,0.16372863247863248,1.3,7.9399673735725935
2037-08-23,Instagram,18-25,South India,Desktop,Text,22,97467,8,0.0608970916285434,5935,1.3,7715.5,0.1326779595886802,641,4617,0.81532,0.06089240460873937,0.1080033698399326,1.3,12.036661466458659
2037-08-24,Google,18-25,South India,Desktop,Image,12,6615,8,0.04166312425079,275,0.9,247.5,0.1482977588446536,32,4618,0.81528,0.04157218442932729,0.11636363636363636,0.9,7.734375
2037-08-25,Instagram,26-35,South India,Mobile,Text,20,94497,8,0.0972353235527413,9188,1.3,11944.4,0.1679623309099218,1257,4619,0.81524,0.09723059991322476,0.1368088811493252,1.3,9.50230708035004
2037-08-26,Instagram,26-35,South India,Desktop,Video,23,99049,8,0.0752851059971738,7456,1.3,9692.8,0.1991241647043148,1209,4620,0.8151999999999999,0.07527587355753212,0.16215128755364808,1.2999999999999998,8.017204301075267
2037-08-27,Instagram,26-35,West India,Desktop,Video,7,88426,8,0.0456533239348125,4036,1.3,5246.8,0.211009296566922,693,4621,0.81516,0.04564268427837966,0.17170465807730426,1.3,7.571139971139972
2037-08-28,Google,36-50,West India,Desktop,Image,11,27870,8,0.0215454463170014,600,0.9,540.0,0.1378449116808014,66,4622,0.81512,0.021528525296017224,0.11,0.9,8.181818181818182
2037-08-29,Instagram,36-50,South India,Mobile,Text,8,53790,8,0.0388358548281112,2088,1.3,2714.4,0.1245085535516148,211,4623,0.81508,0.03881762409369771,0.1010536398467433,1.3,12.864454976303318
2037-08-30,Instagram,18-25,West India,Desktop,Image,21,46876,8,0.0597239861606341,2799,1.3,3638.7,0.1467594468955168,334,4624,0.81504,0.05971072617117502,0.11932833154698107,1.3,10.894311377245508
2037-08-31,Instagram,26-35,West India,Mobile,Image,3,45327,8,0.0695081171618737,3150,1.3,4095.0,0.0664255604549119,170,4625,0.815,0.06949500297835727,0.05396825396825397,1.3,24.08823529411765
2037-09-01,Google,18-25,North India,Mobile,Text,12,44302,9,0.0717279382520113,3177,0.9,2859.3,0.1233939933476821,319,4626,0.81496,0.07171233804342919,0.10040919106074914,0.9,8.96332288401254
2037-09-02,Google,36-50,South India,Mobile,Video,1,91282,9,0.0231079565615098,2109,0.9,1898.1,0.2320819327804492,398,4627,0.81492,0.023104226463048574,0.18871503082029398,0.8999999999999999,4.7690954773869345
2037-09-03,Instagram,36-50,West India,Mobile,Image,2,30836,9,0.0679348840145407,2094,1.3,2722.2000000000003,0.1256300584658826,214,4628,0.81488,0.06790764042028798,0.10219675262655205,1.3,12.720560747663553
2037-09-04,Google,36-50,West India,Mobile,Image,4,10831,9,0.0310930058104303,336,0.9,302.40000000000003,0.0417297480190884,11,4629,0.81484,0.031022066291201182,0.03273809523809524,0.9000000000000001,27.490909090909096
2037-09-05,Google,18-25,South India,Desktop,Video,23,34384,9,0.0462156809213502,1589,0.9,1430.1,0.0661226740129361,85,4630,0.8148,0.046213355048859935,0.05349276274386407,0.8999999999999999,16.82470588235294
2037-09-06,Google,36-50,North India,Mobile,Text,17,99543,9,0.0517854777322495,5154,0.9,4638.6,0.0588336514878493,246,4631,0.8147599999999999,0.05177661914951327,0.047729918509895226,0.9,18.856097560975613
2037-09-07,Instagram,26-35,South India,Mobile,Text,20,40222,9,0.0699510631809429,2813,1.3,3656.9,0.1016846841134435,233,4632,0.81472,0.0699368504798369,0.08282971916103804,1.3,15.694849785407726
2037-09-08,Instagram,18-25,North India,Mobile,Text,13,95605,9,0.0845841977493596,8086,1.3,10511.8,0.0790750958125183,520,4633,0.81468,0.08457716646618901,0.06430868167202572,1.2999999999999998,20.215
2037-09-09,Google,36-50,West India,Desktop,Video,1,43816,9,0.0384725542865264,1685,0.9,1516.5,0.2125076160905663,291,4634,0.81464,0.0384562716815775,0.17270029673590503,0.9,5.211340206185567
2037-09-10,Instagram,18-25,North India,Mobile,Image,14,42882,9,0.0448436849304717,1922,1.3,2498.6,0.1637631581306683,255,4635,0.8146,0.04482067067767362,0.13267429760665972,1.3,9.79843137254902
2037-09-11,Google,18-25,North India,Mobile,Video,7,55039,9,0.0639923143866301,3522,0.9,3169.8,0.10827850934653,310,4636,0.81456,0.06399098820836134,0.08801817149346962,0.9,10.225161290322582
2037-09-12,Instagram,36-50,South India,Mobile,Image,15,64346,9,0.084493626953676,5436,1.3,7066.8,0.166324737808633,736,4637,0.81452,0.0844807758057999,0.13539367181751288,1.3,9.601630434782608
2037-09-13,Instagram,36-50,West India,Mobile,Image,2,52056,9,0.0911947128753141,4747,1.3,6171.1,0.1290908688227433,498,4638,0.81448,0.09119025664668819,0.10490836317674321,1.3,12.391767068273094
2037-09-14,Instagram,18-25,South India,Desktop,Text,23,18196,9,0.0762319577046314,1387,1.3,1803.1,0.0692264604089021,78,4639,0.81444,0.07622554407562102,0.05623648161499639,1.3,23.116666666666667
2037-09-15,Instagram,18-25,South India,Desktop,Text,19,5999,9,0.0817873646732423,490,1.3,637.0,0.1592911027985748,63,4640,0.8144,0.08168028004667445,0.12857142857142856,1.3,10.11111111111111
2037-09-16,Google,36-50,West India,Desktop,Text,19,25026,9,0.0419123828815008,1048,0.9,943.2,0.0648825907800502,54,4641,0.81436,0.04187644849356669,0.05152671755725191,0.9,17.46666666666667
2037-09-17,Instagram,26-35,South India,Mobile,Video,22,2730,9,0.0992718834490964,271,1.3,352.3,0.2136394594658757,46,4642,0.8143199999999999,0.09926739926739926,0.16974169741697417,1.3,7.658695652173913
2037-09-18,Google,18-25,South India,Mobile,Text,4,59175,9,0.0672746658363018,3980,0.9,3582.0,0.1208671715532909,391,4643,0.81428,0.0672581326573722,0.09824120603015075,0.9,9.161125319693095
2037-09-19,Instagram,18-25,North India,Mobile,Video,3,69960,9,0.0489976138033951,3427,1.3,4455.1,0.1447318866057105,403,4644,0.81424,0.048985134362492855,0.11759556463379049,1.3,11.054838709677421
2037-09-20,Instagram,26-35,South India,Mobile,Text,22,63834,9,0.1253038681554664,7998,1.3,10397.4,0.1471478680530707,957,4645,0.8142,0.1252937306137795,0.11965491372843211,1.3,10.864576802507836
2037-09-21,Instagram,36-50,West India,Mobile,Text,11,39830,9,0.1040071656794642,4142,1.3,5384.6,0.0928229144229141,312,4646,0.81416,0.10399196585488325,0.07532592950265572,1.3,17.258333333333333
2037-09-22,Google,36-50,South India,Mobile,Text,18,96252,9,0.03053499445105,2939,0.9,2645.1,0.1491066499855744,356,4647,0.81412,0.030534430453393175,0.12112963593058863,0.9,7.43005617977528
2037-09-23,Instagram,26-35,North India,Mobile,Video,14,97762,9,0.0581826350952096,5688,1.3,7394.400000000001,0.1334164624381286,617,4648,0.81408,0.0581821157504961,0.10847398030942335,1.3,11.984440842787683
2037-09-24,Google,36-50,South India,Desktop,Image,12,68743,9,0.0234635513837905,1612,0.9,1450.8,0.1956357706796178,256,4649,0.81404,0.023449660329051686,0.1588089330024814,0.9,5.6671875
2037-09-25,Google,36-50,South India,Desktop,Video,4,79567,9,0.0516153266461132,4106,0.9,3695.4,0.1747550739926729,583,4650,0.814,0.05160430831877537,0.14198733560642962,0.9,6.338593481989709
2037-09-26,Instagram,18-25,South India,Mobile,Video,11,29008,9,0.0726638501396489,2107,1.3,2739.1,0.1219263942450634,208,4651,0.81396,0.07263513513513513,0.09871855719031798,1.3,13.16875
2037-09-27,Google,18-25,North India,Mobile,Video,18,96020,9,0.0296017933436182,2842,0.9,2557.8,0.1674328907816933,386,4652,0.81392,0.029598000416579878,0.1358198451794511,0.9,6.626424870466321
2037-09-28,Instagram,18-25,West India,Desktop,Image,1,69904,9,0.0288705284903645,2018,1.3,2623.4,0.1113856219945302,182,4653,0.8138799999999999,0.028868162050812544,0.09018830525272548,1.3,14.414285714285715
2037-09-29,Google,26-35,West India,Mobile,Video,6,88391,9,0.0682698636810248,6034,0.9,5430.6,0.1834121997355044,900,4654,0.81384,0.06826486859521896,0.14915478952601924,0.9,6.034000000000001
2037-09-30,Google,36-50,North India,Desktop,Text,22,68763,9,0.0416322836823748,2862,0.9,2575.8,0.126522954488555,294,4655,0.8138,0.04162122071462851,0.10272536687631027,0.9,8.76122448979592
2037-10-01,Instagram,36-50,North India,Mobile,Image,4,49522,10,0.1052799341640826,5213,1.3,6776.900000000001,0.1200494544432859,508,4656,0.81376,0.1052663462703445,0.09744868597736428,1.3,13.340354330708662
2037-10-02,Google,18-25,South India,Desktop,Video,19,66124,10,0.0481247362644764,3182,0.9,2863.8,0.2139804211822707,553,4657,0.81372,0.048121710725303975,0.17379006913890635,0.9,5.17866184448463
2037-10-03,Google,18-25,West India,Desktop,Video,10,31322,10,0.0464819655982537,1455,0.9,1309.5,0.1157757400402127,136,4658,0.81368,0.04645297235170168,0.09347079037800687,0.9,9.628676470588236
2037-10-04,Instagram,26-35,North India,Mobile,Image,17,13817,10,0.0457432538884179,632,1.3,821.6,0.0456311425100667,22,4659,0.81364,0.04574075414344648,0.03481012658227848,1.3,37.345454545454544
2037-10-05,Google,36-50,West India,Mobile,Video,17,47474,10,0.0714003682397792,3389,0.9,3050.1,0.1593248934769786,438,4660,0.8136,0.07138644310569996,0.1292416642077309,0.9,6.963698630136986
2037-10-06,Instagram,26-35,South India,Mobile,Image,6,48130,10,0.036866377023079,1774,1.3,2306.2000000000003,0.161725578159369,232,4661,0.81356,0.03685850820693954,0.13077790304396844,1.3,9.940517241379311
2037-10-07,Google,36-50,North India,Desktop,Text,9,14226,10,0.0367788067269691,523,0.9,470.7,0.0405302111451944,17,4662,0.81352,0.036763672149585265,0.032504780114722756,0.9,27.688235294117646
2037-10-08,Instagram,26-35,West India,Mobile,Video,22,32157,10,0.0811673629709767,2610,1.3,3393.0,0.1775128366358765,376,4663,0.81348,0.0811642877134061,0.14406130268199233,1.3,9.023936170212766
2037-10-09,Instagram,18-25,West India,Mobile,Video,19,87300,10,0.0925462974342699,8079,1.3,10502.7,0.155379164683379,1020,4664,0.8134399999999999,0.09254295532646048,0.12625324916450056,1.3,10.296764705882353
2037-10-10,Instagram,26-35,South India,Mobile,Text,13,84740,10,0.1084101743529367,9186,1.3,11941.8,0.0526382320731179,392,4665,0.8134,0.10840217134765164,0.042673633790550836,1.2999999999999998,30.46377551020408
2037-10-11,Google,26-35,North India,Desktop,Video,19,1188,10,0.067834256479819,80,0.9,72.0,0.1317744453267107,8,4666,0.81336,0.06734006734006734,0.1,0.9,9.0
2037-10-12,Instagram,18-25,West India,Desktop,Video,19,96933,10,0.0555872876420353,5388,1.3,7004.400000000001,0.0662686735402963,290,4667,0.81332,0.055584785367212404,0.05382331106161841,1.3,24.153103448275864
2037-10-13,Instagram,36-50,South India,Mobile,Image,10,10414,10,0.0445965537835662,464,1.3,603.2,0.0935292874580044,34,4668,0.81328,0.0445554061839831,0.07327586206896551,1.3,17.741176470588236
2037-10-14,Instagram,36-50,West India,Mobile,Video,1,7746,10,0.044057956494636,341,1.3,443.3,0.1830694676084078,50,4669,0.81324,0.04402272140459592,0.1466275659824047,1.3,8.866
2037-10-15,Google,18-25,South India,Mobile,Text,12,15331,10,0.035904256230187,550,0.9,495.0,0.0505932842486331,21,4670,0.8131999999999999,0.03587502446024395,0.038181818181818185,0.9,23.571428571428573
2037-10-16,Instagram,26-35,West India,Mobile,Video,12,77790,10,0.0906905632977547,7054,1.3,9170.2,0.1251771522654791,717,4671,0.81316,0.09068003599434375,0.10164445704564785,1.3,12.789679218967922
2037-10-17,Instagram,26-35,West India,Mobile,Image,8,76753,10,0.0764636096734455,5868,1.3,7628.400000000001,0.1247998202916051,595,4672,0.81312,0.07645303766628014,0.10139740967961827,1.3,12.820840336134454
2037-10-18,Google,26-35,South India,Mobile,Text,16,82119,10,0.0729404985826532,5989,0.9,5390.1,0.1605129485304692,781,4673,0.81308,0.07293074684299614,0.1304057438637502,0.9,6.901536491677337
2037-10-19,Google,36-50,North India,Desktop,Text,14,38380,10,0.0269434008580339,1034,0.9,930.6,0.1156478622955788,96,4674,0.81304,0.026941115164147995,0.09284332688588008,0.9,9.69375
2037-10-20,Instagram,26-35,South India,Mobile,Text,23,35318,10,0.0788185875591521,2783,1.3,3617.9,0.0556274550339535,125,4675,0.813,0.07879834645223399,0.044915558749550846,1.3,28.9432
2037-10-21,Google,36-50,North India,Desktop,Text,21,16800,10,0.0574022021822035,964,0.9,867.6,0.141830587660101,110,4676,0.81296,0.05738095238095238,0.11410788381742738,0.9,7.887272727272728
2037-10-22,Instagram,26-35,West India,Mobile,Image,22,96748,10,0.0655357815694478,6340,1.3,8242.0,0.1069140697666326,550,4677,0.81292,0.06553107040972424,0.08675078864353312,1.3,14.985454545454546
2037-10-23,Instagram,18-25,West India,Mobile,Image,20,28492,10,0.0762184994031614,2171,1.3,2822.3,0.0917604343996252,161,4678,0.81288,0.07619682717955917,0.07415937356057116,1.3,17.529813664596276
2037-10-24,Instagram,18-25,South India,Mobile,Image,21,99128,10,0.0942028443853827,9338,1.3,12139.4,0.0638215258587975,483,4679,0.81284,0.09420143652651118,0.05172413793103448,1.3,25.133333333333333
2037-10-25,Google,36-50,South India,Mobile,Image,21,6233,10,0.0801836093493577,499,0.9,449.1,0.1877562677752814,75,4680,0.8128,0.08005775709931012,0.15030060120240482,0.9,5.988
2037-10-26,Google,36-50,North India,Mobile,Video,15,23019,10,0.031632717560966,728,0.9,655.2,0.1391584672801855,82,4681,0.8127599999999999,0.0316260480472653,0.11263736263736264,0.9,7.990243902439025
2037-10-27,Instagram,18-25,North India,Desktop,Image,9,12447,10,0.0339970350380166,423,1.3,549.9,0.1694023409055668,57,4682,0.81272,0.03398409255242227,0.1347517730496454,1.3,9.647368421052631
2037-10-28,Google,18-25,North India,Mobile,Video,19,80572,10,0.0373293035792201,3007,0.9,2706.3,0.0733489936958675,178,4683,0.81268,0.03732065730030283,0.0591952111739275,0.9,15.203932584269664
2037-10-29,Instagram,26-35,South India,Mobile,Text,11,11998,10,0.0495577170762652,594,1.3,772.2,0.1088498772279837,52,4684,0.81264,0.049508251375229205,0.08754208754208755,1.3,14.850000000000001
2037-10-30,Google,18-25,West India,Desktop,Video,4,33801,10,0.0494035578538984,1669,0.9,1502.1,0.0664608812107782,89,4685,0.8126,0.049377237359841425,0.053325344517675254,0.8999999999999999,16.87752808988764
2037-10-31,Google,36-50,South India,Mobile,Video,19,25871,10,0.038583298124503,998,0.9,898.2,0.149686172797668,121,4686,0.81256,0.03857601175060879,0.12124248496993988,0.9,7.423140495867769
2037-11-01,Google,18-25,West India,Mobile,Video,16,28076,11,0.0637314248797536,1789,0.9,1610.1,0.1974850264139054,286,4687,0.81252,0.06371990312010258,0.15986584684181107,0.8999999999999999,5.62972027972028
2037-11-02,Google,36-50,South India,Mobile,Image,9,94688,11,0.0657271437890307,6223,0.9,5600.7,0.0608354112059442,307,4688,0.81248,0.06572110510307537,0.04933311907440142,0.9,18.243322475570032
2037-11-03,Instagram,36-50,South India,Desktop,Image,5,2429,11,0.0416855916725221,101,1.3,131.3,0.0855259163460898,6,4689,0.81244,0.04158089748867847,0.0594059405940594,1.3,21.883333333333336
2037-11-04,Google,26-35,North India,Desktop,Text,20,11381,11,0.0262828978510614,299,0.9,269.1,0.1094455361749482,25,4690,0.8124,0.026271856603110447,0.08361204013377926,0.9,10.764000000000001
2037-11-05,Google,26-35,West India,Mobile,Image,19,2987,11,0.0594541837744007,177,0.9,159.3,0.0506801850512031,6,4691,0.81236,0.059256779377301644,0.03389830508474576,0.9,26.55
2037-11-06,Google,26-35,South India,Mobile,Video,5,95855,11,0.070962018081256,6802,0.9,6121.8,0.1366964140428904,754,4692,0.8123199999999999,0.0709613478691774,0.1108497500735078,0.9,8.119098143236075
2037-11-07,Google,26-35,South India,Desktop,Image,11,89191,11,0.056128099546322,5006,0.9,4505.400000000001,0.0952914906654374,387,4693,0.81228,0.056126739244991085,0.0773072313224131,0.9000000000000001,11.641860465116281
2037-11-08,Google,18-25,West India,Desktop,Image,20,20266,11,0.0279224526510145,565,0.9,508.5,0.157340747126965,71,4694,0.81224,0.027879206552847133,0.1256637168141593,0.9,7.161971830985915
2037-11-09,Instagram,26-35,South India,Mobile,Video,18,60053,11,0.0637373994626839,3827,1.3,4975.1,0.0618692435278745,191,4695,0.8122,0.06372704111368291,0.04990854455186831,1.3,26.047643979057593
2037-11-10,Google,18-25,West India,Desktop,Text,1,78425,11,0.0298777137924315,2343,0.9,2108.7000000000003,0.1367440606615086,259,4696,0.81216,0.02987567739878865,0.11054204011950491,0.9000000000000001,8.141698841698842
2037-11-11,Google,26-35,North India,Mobile,Image,12,49477,11,0.0412165147362672,2039,0.9,1835.1,0.1315830608138466,217,4697,0.81212,0.0412110677688623,0.10642471799901913,0.8999999999999999,8.45668202764977
2037-11-12,Google,26-35,North India,Mobile,Text,21,2547,11,0.0362373160427606,92,0.9,82.8,0.0658973891631932,4,4698,0.81208,0.036120926580290535,0.043478260869565216,0.9,20.7
2037-11-13,Instagram,36-50,West India,Mobile,Video,19,50614,11,0.0420360923990912,2127,1.3,2765.1,0.0812251137949069,139,4699,0.81204,0.042023945943810016,0.06535025858015985,1.3,19.89280575539568
2037-11-14,Google,18-25,North India,Mobile,Image,10,56859,11,0.0569602608475824,3238,0.9,2914.2000000000003,0.164373452941415,431,4700,0.812,0.05694788863680332,0.13310685608400247,0.9000000000000001,6.761484918793504
2037-11-15,Google,36-50,West India,Mobile,Text,14,55457,11,0.0498343043064809,2763,0.9,2486.7000000000003,0.0999150500137248,224,4701,0.81196,0.04982238491083182,0.08107129931234165,0.9000000000000001,11.101339285714287
2037-11-16,Instagram,26-35,South India,Desktop,Text,12,99817,11,0.0390854699035057,3901,1.3,5071.3,0.0825313909250952,260,4702,0.81192,0.03908151918009958,0.06664957703153038,1.3,19.505
2037-11-17,Instagram,18-25,South India,Mobile,Video,2,80086,11,0.0657754685109597,5267,1.3,6847.1,0.0610177798199322,260,4703,0.8118799999999999,0.06576680068925905,0.04936396430605658,1.3,26.335
2037-11-18,Google,26-35,West India,Mobile,Image,13,6174,11,0.0364949459297117,225,0.9,202.5,0.0632097950684347,11,4704,0.81184,0.03644314868804665,0.04888888888888889,0.9,18.40909090909091
2037-11-19,Google,36-50,South India,Mobile,Text,7,21187,11,0.0526590917389258,1115,0.9,1003.5,0.115699800471682,104,4705,0.8118,0.052626610657478645,0.09327354260089686,0.9,9.649038461538462
2037-11-20,Instagram,18-25,North India,Desktop,Text,8,62031,11,0.0338718479564283,2101,1.3,2731.3,0.0903070399243887,153,4706,0.81176,0.033870161693346876,0.07282246549262256,1.3,17.851633986928107
2037-11-21,Google,36-50,South India,Desktop,Text,14,4938,11,0.0441355752335007,217,0.9,195.3,0.1365711642576446,23,4707,0.81172,0.04394491697043337,0.10599078341013825,0.9,8.491304347826087
2037-11-22,Instagram,26-35,South India,Mobile,Text,22,61833,11,0.1079114468671474,6672,1.3,8673.6,0.14668023831077,793,4708,0.81168,0.10790354664984717,0.11885491606714628,1.3,10.937704918032788
2037-11-23,Instagram,26-35,West India,Mobile,Text,17,2471,11,0.0373770343765259,92,1.3,119.6,0.0812638015155857,5,4709,0.81164,0.03723188992310805,0.05434782608695652,1.3,23.919999999999998
2037-11-24,Google,26-35,North India,Mobile,Text,7,58155,11,0.0389105174144929,2262,0.9,2035.8,0.0437101269841777,79,4710,0.8116,0.03889605364972917,0.034924845269672856,0.9,25.769620253164558
2037-11-25,Google,18-25,South India,Mobile,Text,10,17721,11,0.0713947845930541,1265,0.9,1138.5,0.141011245593354,144,4711,0.81156,0.07138423339540657,0.11383399209486166,0.9,7.90625
2037-11-26,Google,36-50,South India,Mobile,Text,4,73587,11,0.0542320871086604,3990,0.9,3591.0,0.1098845791331502,355,4712,0.81152,0.054221533694810226,0.08897243107769423,0.9,10.11549295774648
2037-11-27,Instagram,36-50,West India,Mobile,Text,14,65305,11,0.0872592733363955,5698,1.3,7407.400000000001,0.150595234724237,696,4713,0.81148,0.08725212464589235,0.12214812214812215,1.3,10.642816091954023
2037-11-28,Google,26-35,West India,Desktop,Text,14,8444,11,0.0364861794138555,308,0.9,277.2,0.1287656400293213,31,4714,0.8114399999999999,0.0364756039791568,0.10064935064935066,0.8999999999999999,8.941935483870967
2037-11-29,Google,36-50,North India,Mobile,Image,6,94193,11,0.0758399729664548,7143,0.9,6428.7,0.0817666719742766,473,4715,0.8114,0.07583366067542174,0.06621867562648746,0.9,13.591331923890063
2037-11-30,Instagram,18-25,South India,Mobile,Video,20,96335,11,0.0747914435142396,7205,1.3,9366.5,0.1319849770683496,770,4716,0.81136,0.07479109357969585,0.10687022900763359,1.3,12.164285714285715
2037-12-01,Instagram,26-35,West India,Mobile,Video,17,68928,12,0.089143699126534,6144,1.3,7987.200000000001,0.0875767635409486,436,4717,0.81132,0.08913649025069638,0.07096354166666667,1.3,18.319266055045873
2037-12-02,Google,26-35,West India,Mobile,Video,11,16729,12,0.0387971695914031,649,0.9,584.1,0.1340157475020197,69,4718,0.81128,0.03879490704764182,0.10631741140215717,0.9,8.465217391304348
2037-12-03,Instagram,26-35,West India,Mobile,Text,11,34744,12,0.0334491566299103,1162,1.3,1510.6,0.1185762702407518,111,4719,0.81124,0.03344462353212065,0.09552495697074011,1.2999999999999998,13.609009009009009
2037-12-04,Google,18-25,North India,Mobile,Video,3,55130,12,0.0678181128204591,3738,0.9,3364.2000000000003,0.1433532060581344,433,4720,0.8112,0.0678033738436423,0.11583734617442483,0.9,7.769515011547345
2037-12-05,Google,26-35,West India,Desktop,Text,10,96245,12,0.0523161687091571,5035,0.9,4531.5,0.0747079320653143,304,4721,0.81116,0.05231440594316588,0.06037735849056604,0.9,14.90625
2037-12-06,Google,26-35,North India,Mobile,Image,20,37836,12,0.080561516232008,3048,0.9,2743.2000000000003,0.1474988877275239,364,4722,0.81112,0.08055819854107199,0.1194225721784777,0.9000000000000001,7.536263736263737
2037-12-07,Google,26-35,North India,Mobile,Video,5,76431,12,0.0384831992427086,2941,0.9,2646.9,0.0623673775693197,148,4723,0.81108,0.038479151129777185,0.05032301938116287,0.9,17.88445945945946
2037-12-08,Google,26-35,South India,Mobile,Image,20,18255,12,0.072841667289664,1329,0.9,1196.1,0.065953422721717,70,4724,0.81104,0.07280197206244865,0.0526711813393529,0.8999999999999999,17.087142857142855
2037-12-09,Google,36-50,South India,Desktop,Image,9,69945,12,0.0278965281486854,1951,0.9,1755.9,0.1062405732830811,167,4725,0.8109999999999999,0.027893344770891414,0.08559712967708867,0.9,10.514371257485031
2037-12-10,Instagram,26-35,North India,Mobile,Text,14,13744,12,0.0511876715813617,703,1.3,913.9,0.1116886066128142,63,4726,0.81096,0.05114959254947613,0.08961593172119488,1.3,14.506349206349206
2037-12-11,Instagram,18-25,South India,Desktop,Video,0,68085,12,0.0375919187376978,2559,1.3,3326.7000000000003,0.1810855133123745,375,4727,0.81092,0.03758537122714254,0.14654161781946073,1.3,8.8712
2037-12-12,Instagram,26-35,South India,Mobile,Image,16,81621,12,0.0710022162852665,5795,1.3,7533.5,0.1004446101783191,471,4728,0.81088,0.07099888509084672,0.08127696289905091,1.3,15.994692144373673
2037-12-13,Google,26-35,West India,Mobile,Video,2,45467,12,0.0761009335615148,3460,0.9,3114.0,0.1650301279474634,462,4729,0.81084,0.07609914883321969,0.13352601156069363,0.9,6.740259740259741
2037-12-14,Google,36-50,South India,Desktop,Image,10,21845,12,0.0353266062706686,771,0.9,693.9,0.0533302093889205,33,4730,0.8108,0.03529411764705882,0.042801556420233464,0.9,21.027272727272727
2037-12-15,Google,26-35,North India,Mobile,Image,17,81272,12,0.0746280153844208,6065,0.9,5458.5,0.0765729193267064,376,4731,0.8107599999999999,0.07462594743577124,0.06199505358615004,0.9,14.517287234042554
2037-12-16,Instagram,36-50,South India,Mobile,Text,9,36389,12,0.0459535281838013,1672,1.3,2173.6,0.1282149267075812,173,4732,0.81072,0.045947951303965485,0.1034688995215311,1.3,12.564161849710983
2037-12-17,Instagram,18-25,West India,Mobile,Video,20,3529,12,0.0911972296652934,321,1.3,417.3,0.0789189553750387,20,4733,0.81068,0.09096061207140833,0.06230529595015576,1.3,20.865000000000002
2037-12-18,Google,36-50,North India,Desktop,Text,8,44117,12,0.0316264321430886,1395,0.9,1255.5,0.056347094834186,63,4734,0.81064,0.031620463766801915,0.04516129032258064,0.9,19.928571428571427
2037-12-19,Google,26-35,South India,Mobile,Text,6,57314,12,0.0673901987700007,3862,0.9,3475.8,0.0487729348185674,152,4735,0.8106,0.06738318735387515,0.03935784567581564,0.9,22.867105263157896
2037-12-20,Google,18-25,North India,Mobile,Text,10,27932,12,0.0675837110504117,1887,0.9,1698.3,0.0735034483750111,111,4736,0.81056,0.06755692395818416,0.058823529411764705,0.9,15.299999999999999
2037-12-21,Google,26-35,South India,Mobile,Text,7,9351,12,0.0449311242711931,420,0.9,378.0,0.1453829757936463,49,4737,0.81052,0.04491498235482836,0.11666666666666667,0.9,7.714285714285714
2037-12-22,Google,36-50,West India,Mobile,Text,1,77536,12,0.0620011228069188,4807,0.9,4326.3,0.1335267357349035,519,4738,0.81048,0.06199700784151878,0.10796754732681506,0.9,8.335838150289018
2037-12-23,Instagram,18-25,South India,Mobile,Image,4,43959,12,0.0704968588900548,3098,1.3,4027.4,0.1768038300513285,443,4739,0.81044,0.07047476057235151,0.14299548095545514,1.3,9.091196388261851
2037-12-24,Instagram,18-25,North India,Mobile,Video,8,23949,12,0.0379515754791346,908,1.3,1180.4,0.0514579631064254,37,4740,0.8104,0.03791390037162303,0.040748898678414094,1.3,31.902702702702705
2037-12-25,Google,36-50,North India,Mobile,Video,0,28569,12,0.0766804586195244,2190,0.9,1971.0,0.2041607974595019,362,4741,0.81036,0.07665651580384332,0.16529680365296803,0.9,5.44475138121547
2037-12-26,Google,36-50,North India,Mobile,Text,16,57108,12,0.0364372972570261,2080,0.9,1872.0,0.089123592063825,149,4742,0.8103199999999999,0.03642221755270715,0.07163461538461538,0.9,12.563758389261745
2037-12-27,Instagram,18-25,South India,Mobile,Video,9,20318,12,0.037256923250462,756,1.3,982.8,0.2140799552053047,130,4743,0.81028,0.03720838665222955,0.17195767195767195,1.3,7.56
2037-12-28,Google,18-25,South India,Mobile,Image,7,19695,12,0.0428932880808609,844,0.9,759.6,0.1833876537449134,124,4744,0.81024,0.04285351612084285,0.14691943127962084,0.9,6.125806451612903
2037-12-29,Google,36-50,South India,Mobile,Text,17,81704,12,0.0521604360006676,4261,0.9,3834.9,0.1047478196028352,361,4745,0.8102,0.05215166944090865,0.08472189626848158,0.9,10.622991689750693
2037-12-30,Google,26-35,West India,Desktop,Image,9,38096,12,0.0573366276133498,2184,0.9,1965.6,0.0471525651422197,82,4746,0.81016,0.05732885342293154,0.037545787545787544,0.8999999999999999,23.97073170731707
2037-12-31,Google,18-25,West India,Desktop,Image,8,87248,12,0.0336409141250094,2935,0.9,2641.5,0.1236457672979814,293,4747,0.81012,0.03363973959288465,0.09982964224872232,0.9,9.015358361774744
2038-01-01,Google,36-50,West India,Mobile,Text,3,86036,1,0.025981356617768,2235,0.9,2011.5,0.0737571210678016,132,4748,0.81008,0.02597749779162211,0.05906040268456376,0.9,15.238636363636363
2038-01-02,Instagram,26-35,North India,Desktop,Image,1,4747,1,0.0710963394011448,337,1.3,438.1,0.0654999674437359,17,4749,0.81004,0.07099220560353908,0.050445103857566766,1.3,25.77058823529412
2038-01-03,Google,18-25,North India,Desktop,Text,18,65400,1,0.0515713421809746,3372,0.9,3034.8,0.0529317401122381,144,4750,0.81,0.051559633027522936,0.042704626334519574,0.9,21.075000000000003
2038-01-04,Google,18-25,North India,Mobile,Image,9,89744,1,0.0467170520928136,4192,0.9,3772.8,0.112382142344237,381,4751,0.80996,0.04671064360848636,0.09088740458015267,0.9,9.90236220472441
2038-01-05,Instagram,36-50,North India,Mobile,Video,16,5430,1,0.103735958296692,563,1.3,731.9,0.0622741808206879,28,4752,0.80992,0.10368324125230202,0.0497335701598579,1.3,26.139285714285712
2038-01-06,Google,26-35,North India,Mobile,Video,2,85371,1,0.0271069002437521,2314,0.9,2082.6,0.1767344708395357,330,4753,0.8098799999999999,0.027105223085122584,0.14261019878997408,0.8999999999999999,6.310909090909091
2038-01-07,Instagram,18-25,South India,Desktop,Video,20,29927,1,0.0457193572854179,1368,1.3,1778.4,0.0948038112416986,104,4754,0.80984,0.04571123066127577,0.07602339181286549,1.3,17.1
2038-01-08,Instagram,26-35,North India,Mobile,Text,18,61411,1,0.112894122766699,6932,1.3,9011.6,0.0943973306286697,529,4755,0.8098,0.1128788002149452,0.07631275245239469,1.3,17.0351606805293
2038-01-09,Google,26-35,South India,Mobile,Image,18,9963,1,0.0535768812902508,533,0.9,479.7,0.0633208720883956,26,4756,0.80976,0.053497942386831275,0.04878048780487805,0.9,18.45
2038-01-10,Instagram,18-25,West India,Mobile,Image,21,87961,1,0.0591161748475755,5199,1.3,6758.7,0.1603480875071692,674,4757,0.80972,0.05910574004388308,0.12964031544527793,1.3,10.027744807121662
2038-01-11,Google,26-35,West India,Desktop,Video,18,84031,1,0.0260304598978009,2187,0.9,1968.3,0.1642706800566532,290,4758,0.80968,0.026026109412002712,0.13260173754000915,0.9,6.787241379310345
2038-01-12,Instagram,18-25,West India,Mobile,Video,18,45271,1,0.096438537863826,4365,1.3,5674.5,0.0826956753993286,291,4759,0.80964,0.09641934130017009,0.06666666666666667,1.3,19.5
2038-01-13,Google,26-35,West India,Desktop,Text,14,79134,1,0.0185087623902115,1464,0.9,1317.6,0.1191731500592293,140,4760,0.8096,0.018500265372659034,0.09562841530054644,0.8999999999999999,9.411428571428571
2038-01-14,Instagram,18-25,West India,Desktop,Text,17,10786,1,0.0766376004121155,826,1.3,1073.8,0.0438651158905313,29,4761,0.80956,0.07658075282773966,0.035108958837772396,1.3,37.02758620689655
2038-01-15,Instagram,36-50,North India,Mobile,Image,16,77457,1,0.083892060942281,6498,1.3,8447.4,0.1407048186333751,739,4762,0.80952,0.0838917076571517,0.11372730070791012,1.3,11.43085250338295
2038-01-16,Google,18-25,North India,Mobile,Text,9,43241,1,0.0751809622208239,3250,0.9,2925.0,0.0877337032914321,230,4763,0.80948,0.07516014893272588,0.07076923076923076,0.9,12.717391304347826
2038-01-17,Google,18-25,North India,Mobile,Text,23,96789,1,0.0389650695679957,3771,0.9,3393.9,0.0458867634088274,140,4764,0.8094399999999999,0.03896103896103896,0.03712543092018032,0.9,24.24214285714286
2038-01-18,Instagram,18-25,West India,Desktop,Text,13,86505,1,0.0414252037337962,3583,1.3,4657.900000000001,0.0995069125670078,288,4765,0.8094,0.04141957112305647,0.08037957019257605,1.3,16.17326388888889
2038-01-19,Instagram,26-35,West India,Desktop,Video,18,90521,1,0.101465574198186,9184,1.3,11939.2,0.0817455391961692,607,4766,0.80936,0.10145712044718905,0.0660932055749129,1.3,19.669192751235585
2038-01-20,Google,36-50,South India,Desktop,Video,22,48232,1,0.0388336004347784,1873,0.9,1685.7,0.1771283915261245,267,4767,0.80932,0.03883313982418311,0.14255205552589428,0.9,6.313483146067416
2038-01-21,Instagram,26-35,North India,Mobile,Image,17,12020,1,0.0889437225554807,1069,1.3,1389.7,0.1322464082905899,114,4768,0.80928,0.0889351081530782,0.10664172123479888,1.3,12.190350877192984
2038-01-22,Google,26-35,West India,Mobile,Text,10,36141,1,0.070191374549889,2536,0.9,2282.4,0.1245399663855704,254,4769,0.80924,0.07016961345839905,0.10015772870662461,0.9,8.985826771653544
2038-01-23,Google,18-25,West India,Mobile,Video,10,30461,1,0.022606984356457,688,0.9,619.2,0.1983382436558671,110,4770,0.8092,0.022586257837891074,0.15988372093023256,0.9,5.62909090909091
2038-01-24,Google,26-35,West India,Mobile,Text,11,15352,1,0.058006389570876,890,0.9,801.0,0.1119378038497983,80,4771,0.80916,0.05797290255341324,0.0898876404494382,0.9,10.0125
2038-01-25,Google,18-25,South India,Desktop,Image,7,56994,1,0.0488739725954541,2785,0.9,2506.5,0.1197324431229365,269,4772,0.80912,0.04886479278520546,0.09658886894075404,0.9,9.317843866171003
2038-01-26,Instagram,36-50,West India,Mobile,Text,15,16344,1,0.0385809640674756,630,1.3,819.0,0.1356528507154442,68,4773,0.80908,0.03854625550660793,0.10793650793650794,1.3,12.044117647058824
2038-01-27,Google,26-35,South India,Mobile,Image,23,55250,1,0.0423719558497392,2341,0.9,2106.9,0.182575987521134,345,4774,0.80904,0.0423710407239819,0.14737291755659973,0.9,6.10695652173913
2038-01-28,Instagram,26-35,South India,Mobile,Image,7,79661,1,0.0789264419284178,6287,1.3,8173.1,0.1643900203514956,835,4775,0.8089999999999999,0.07892193168551738,0.13281374264355017,1.3,9.78814371257485
2038-01-29,Google,26-35,North India,Mobile,Video,23,20202,1,0.0506319588248201,1022,0.9,919.8,0.1960115386946671,161,4776,0.80896,0.05058905058905059,0.15753424657534246,0.8999999999999999,5.713043478260869
2038-01-30,Google,18-25,West India,Mobile,Text,13,43232,1,0.0466155626518114,2015,0.9,1813.5,0.1505526394003309,245,4777,0.80892,0.04660899333826795,0.12158808933002481,0.9,7.40204081632653
2038-01-31,Google,18-25,South India,Mobile,Video,22,67245,1,0.0786542767298678,5289,0.9,4760.1,0.0992424137162254,423,4778,0.80888,0.07865268793218827,0.07997731140102099,0.9,11.253191489361702
2038-02-01,Google,26-35,West India,Desktop,Text,17,7992,2,0.0586788948555993,468,0.9,421.2,0.0558596742262803,21,4779,0.80884,0.05855855855855856,0.04487179487179487,0.9,20.057142857142857
2038-02-02,Google,26-35,North India,Mobile,Text,23,27354,2,0.0267689415200036,732,0.9,658.8000000000001,0.0830133664888103,48,4780,0.8088,0.026760254441763543,0.06557377049180328,0.9000000000000001,13.725000000000001
2038-02-03,Google,36-50,North India,Mobile,Image,20,79769,2,0.0822742455908279,6562,0.9,5905.8,0.1705912539248374,905,4781,0.8087599999999999,0.08226253306422295,0.13791526973483695,0.9,6.525745856353591
2038-02-04,Instagram,36-50,South India,Mobile,Image,21,5590,2,0.1005849322501539,562,1.3,730.6,0.0576248961719354,25,4782,0.80872,0.10053667262969589,0.04448398576512456,1.3,29.224
2038-02-05,Google,36-50,North India,Desktop,Text,3,95242,2,0.059586114521896,5675,0.9,5107.5,0.112790922226873,517,4783,0.80868,0.05958505701266248,0.09110132158590309,0.9,9.879110251450676
2038-02-06,Google,36-50,North India,Mobile,Video,16,14718,2,0.0640370422368162,942,0.9,847.8000000000001,0.1813933692645455,137,4784,0.80864,0.06400326131267835,0.1454352441613588,0.9,6.188321167883212
2038-02-07,Google,36-50,North India,Desktop,Image,12,89007,2,0.0513937152406835,4574,0.9,4116.6,0.1705275367730353,629,4785,0.8086,0.051389216578471356,0.1375163970266725,0.9000000000000001,6.544674085850557
2038-02-08,Instagram,18-25,West India,Mobile,Image,4,14105,2,0.1016574278190002,1433,1.3,1862.9,0.1267597460414851,146,4786,0.80856,0.10159517901453385,0.10188415910676901,1.3,12.759589041095891
2038-02-09,Instagram,36-50,West India,Mobile,Text,2,6081,2,0.0773997189107601,470,1.3,611.0,0.0792312390187338,29,4787,0.80852,0.07728991942114784,0.06170212765957447,1.3,21.06896551724138
2038-02-10,Google,36-50,South India,Mobile,Text,8,93254,2,0.0413327867594827,3854,0.9,3468.6,0.0591940362724338,184,4788,0.80848,0.041327985930898405,0.04774260508562533,0.9,18.851086956521737
2038-02-11,Google,26-35,South India,Mobile,Image,19,60967,2,0.0291140451767478,1774,0.9,1596.6,0.1951913586606663,279,4789,0.80844,0.02909770859645382,0.157271702367531,0.8999999999999999,5.72258064516129
2038-02-12,Google,18-25,North India,Desktop,Video,17,21384,2,0.0365840689547933,782,0.9,703.8000000000001,0.1931028392082947,122,4790,0.8084,0.03656939768050879,0.15601023017902813,0.9000000000000001,5.768852459016394
2038-02-13,Instagram,36-50,North India,Mobile,Image,19,71081,2,0.0480785756405861,3417,1.3,4442.1,0.1450010036302726,400,4791,0.80836,0.04807191795275812,0.11706175007316359,1.3,11.105250000000002
2038-02-14,Google,36-50,South India,Mobile,Text,18,6339,2,0.0555690433072563,352,0.9,316.8,0.1609401050373975,45,4792,0.8083199999999999,0.055529263290739865,0.1278409090909091,0.9,7.04
2038-02-15,Google,36-50,North India,Mobile,Image,18,16353,2,0.0764287319051629,1249,0.9,1124.1,0.0460936361639817,46,4793,0.80828,0.07637742310279459,0.03682946357085669,0.8999999999999999,24.436956521739127
2038-02-16,Google,26-35,South India,Desktop,Text,20,60487,2,0.0491081090532067,2970,0.9,2673.0,0.1200624133414427,287,4794,0.80824,0.04910145981781209,0.09663299663299663,0.9,9.313588850174217
2038-02-17,Google,26-35,West India,Desktop,Image,15,27376,2,0.0314742216657128,861,0.9,774.9,0.0784714815103924,54,4795,0.8082,0.03145090590298071,0.0627177700348432,0.9,14.35
2038-02-18,Google,26-35,North India,Mobile,Text,0,94564,2,0.0331601789284443,3135,0.9,2821.5,0.1188501828705381,300,4796,0.80816,0.033152150924241786,0.09569377990430622,0.9,9.405
2038-02-19,Instagram,36-50,North India,Mobile,Text,4,85636,2,0.0422378761268236,3617,1.3,4702.1,0.0431207643939999,125,4797,0.80812,0.04223690971086926,0.03455902681780481,1.3,37.616800000000005
2038-02-20,Google,26-35,North India,Desktop,Video,23,5302,2,0.019611155327127,103,0.9,92.7,0.0868917070129206,6,4798,0.80808,0.019426631459826482,0.05825242718446602,0.9,15.450000000000001
2038-02-21,Instagram,36-50,West India,Desktop,Text,14,2809,2,0.0469860726765433,131,1.3,170.3,0.1351799933077184,13,4799,0.80804,0.046635813456746174,0.09923664122137404,1.3,13.100000000000001
2038-02-22,Google,18-25,West India,Mobile,Image,11,95453,2,0.0257741053220543,2460,0.9,2214.0,0.144922570476135,287,4800,0.808,0.025771845829884864,0.11666666666666667,0.9,7.714285714285714
2038-02-23,Google,36-50,North India,Mobile,Text,0,6830,2,0.0702352589257439,479,0.9,431.1,0.1444480901547447,55,4801,0.80796,0.07013177159590044,0.11482254697286012,0.9,7.838181818181819
2038-02-24,Instagram,26-35,South India,Desktop,Image,13,19381,2,0.03666870510286,710,1.3,923.0,0.1431734668034624,81,4802,0.80792,0.03663381662452918,0.11408450704225352,1.3,11.395061728395062
2038-02-25,Google,18-25,West India,Mobile,Video,17,49637,2,0.0575323629611642,2855,0.9,2569.5,0.0989166357328544,227,4803,0.8078799999999999,0.05751757761347382,0.07950963222416813,0.9,11.319383259911895
2038-02-26,Instagram,36-50,North India,Mobile,Image,17,68666,2,0.0783564525245911,5380,1.3,6994.0,0.1108685114235679,481,4804,0.80784,0.07835027524539073,0.08940520446096654,1.3,14.54054054054054
2038-02-27,Google,18-25,North India,Desktop,Video,5,5412,2,0.0281619484424795,152,0.9,136.8,0.1962570386010259,23,4805,0.8078,0.028085735402808575,0.1513157894736842,0.9,5.947826086956522
2038-02-28,Google,18-25,West India,Mobile,Video,0,77420,2,0.0609347887045373,4717,0.9,4245.3,0.1574962788698445,599,4806,0.80776,0.06092740893825885,0.1269874920500318,0.9,7.087312186978298
2038-03-01,Instagram,18-25,South India,Desktop,Text,16,61520,3,0.0478090180363754,2941,1.3,3823.3,0.1680670263091381,399,4807,0.80772,0.04780559167750325,0.1356681400884053,1.3,9.582205513784462
2038-03-02,Google,36-50,North India,Mobile,Video,17,56665,3,0.0316220466094148,1791,0.9,1611.9,0.0541780243799721,78,4808,0.80768,0.031606811965057796,0.04355108877721943,0.9,20.665384615384617
2038-03-03,Instagram,26-35,South India,Desktop,Image,14,90668,3,0.0348719202082477,3161,1.3,4109.3,0.1110019353653971,282,4809,0.80764,0.03486345789032514,0.08921227459664663,1.3,14.571985815602838
2038-03-04,Google,36-50,South India,Mobile,Video,11,47775,3,0.0814678350814477,3892,0.9,3502.8,0.2482092496280625,780,4810,0.8076,0.08146520146520146,0.20041109969167523,0.9,4.490769230769231
2038-03-05,Instagram,26-35,West India,Desktop,Video,12,48733,3,0.0463629483185745,2259,1.3,2936.7000000000003,0.0600607184114035,109,4811,0.80756,0.04635462622863357,0.048251438689685705,1.3,26.942201834862388
2038-03-06,Google,36-50,North India,Mobile,Text,19,23707,3,0.0309153676491871,732,0.9,658.8000000000001,0.1000828635754448,58,4812,0.80752,0.030876956173282153,0.07923497267759563,0.9000000000000001,11.358620689655174
2038-03-07,Google,36-50,North India,Mobile,Image,1,31478,3,0.0280588140749779,883,0.9,794.7,0.0924972686689986,65,4813,0.80748,0.028051337442023,0.07361268403171008,0.9,12.226153846153847
2038-03-08,Instagram,36-50,South India,Mobile,Video,3,7745,3,0.0805986880232563,624,1.3,811.2,0.1894403874500556,95,4814,0.8074399999999999,0.08056810845706908,0.15224358974358973,1.3,8.538947368421054
2038-03-09,Instagram,26-35,West India,Desktop,Text,2,38970,3,0.0941348947277432,3668,1.3,4768.400000000001,0.0586349628841897,173,4815,0.8074,0.09412368488580959,0.04716466739367503,1.3,27.563005780346824
2038-03-10,Instagram,36-50,West India,Mobile,Text,18,12882,3,0.059498491647842,766,1.3,995.8,0.1229170133885243,75,4816,0.80736,0.05946281633286757,0.097911227154047,1.3,13.277333333333333
2038-03-11,Instagram,18-25,West India,Mobile,Image,7,78300,3,0.0464028017317842,3633,1.3,4722.900000000001,0.1967435958594144,576,4817,0.80732,0.04639846743295019,0.15854665565648224,1.3,8.199479166666668
2038-03-12,Instagram,36-50,South India,Mobile,Text,11,91101,3,0.0635615531654451,5790,1.3,7527.0,0.0801848598604718,374,4818,0.80728,0.0635558336351961,0.06459412780656304,1.3,20.12566844919786
2038-03-13,Google,18-25,South India,Mobile,Video,11,70979,3,0.0442792636408381,3142,0.9,2827.8,0.1518790728882467,385,4819,0.80724,0.044266614068949973,0.122533418204965,0.9,7.344935064935066
2038-03-14,Google,26-35,North India,Mobile,Text,9,14583,3,0.0468250850477791,682,0.9,613.8000000000001,0.0392232458103985,20,4820,0.8072,0.046766783240759786,0.02932551319648094,0.9000000000000001,30.690000000000005
2038-03-15,Google,26-35,West India,Desktop,Image,0,42290,3,0.0327187750273541,1383,0.9,1244.7,0.1108435032534874,123,4821,0.80716,0.03270276661149208,0.08893709327548807,0.9,10.11951219512195
2038-03-16,Google,36-50,South India,Mobile,Image,4,54857,3,0.0280029037189222,1536,0.9,1382.4,0.1171751234685143,144,4822,0.80712,0.028000072916856553,0.09375,0.9,9.600000000000001
2038-03-17,Google,36-50,West India,Mobile,Text,19,76672,3,0.0864781634987437,6630,0.9,5967.0,0.1113201745833786,595,4823,0.80708,0.08647224540901502,0.08974358974358974,0.9,10.028571428571428
2038-03-18,Google,36-50,South India,Desktop,Video,10,87759,3,0.0504019308290777,4423,0.9,3980.7,0.1102763199975552,393,4824,0.80704,0.05039938923643159,0.08885371919511643,0.8999999999999999,10.129007633587786
2038-03-19,Google,18-25,North India,Mobile,Text,8,21342,3,0.0746954249880601,1594,0.9,1434.6,0.076399780707215,97,4825,0.8069999999999999,0.07468840783431731,0.06085319949811794,0.8999999999999999,14.789690721649484
2038-03-20,Instagram,26-35,West India,Mobile,Image,13,54816,3,0.0648312365767874,3553,1.3,4618.900000000001,0.1379240900669607,395,4826,0.80696,0.06481684179801518,0.11117365606529693,1.3,11.693417721518989
2038-03-21,Google,18-25,South India,Mobile,Text,2,76412,3,0.0837916916658587,6402,0.9,5761.8,0.1719512959645182,887,4827,0.80692,0.08378265193948595,0.13855045298344268,0.9,6.495828635851184
2038-03-22,Google,18-25,West India,Mobile,Text,4,59314,3,0.0824327570189786,4889,0.9,4400.1,0.0681874377477681,268,4828,0.80688,0.08242573422800688,0.054816935978727756,0.9,16.418283582089554
2038-03-23,Google,36-50,South India,Mobile,Video,23,1746,3,0.0406429009693408,70,0.9,63.0,0.1957937042812142,10,4829,0.80684,0.04009163802978236,0.14285714285714285,0.9,6.3
2038-03-24,Instagram,36-50,South India,Mobile,Text,20,25330,3,0.1261437318288357,3195,1.3,4153.5,0.1165739730856006,300,4830,0.8068,0.12613501776549546,0.09389671361502347,1.3,13.845
2038-03-25,Instagram,18-25,South India,Desktop,Video,8,80588,3,0.0778422191518518,6273,1.3,8154.900000000001,0.0793449505940908,400,4831,0.80676,0.07784037325656425,0.0637653435357883,1.3,20.38725
2038-03-26,Instagram,18-25,West India,Mobile,Text,17,43344,3,0.0411969474560529,1785,1.3,2320.5,0.111415214840381,159,4832,0.80672,0.041182170542635656,0.08907563025210084,1.3,14.59433962264151
2038-03-27,Google,36-50,South India,Mobile,Text,5,99112,3,0.0792972977425335,7859,0.9,7073.1,0.1432012603420334,907,4833,0.80668,0.0792941318911938,0.11540908512533402,0.9,7.798346196251378
2038-03-28,Google,36-50,North India,Desktop,Video,20,29606,3,0.0625264497159738,1851,0.9,1665.9,0.1551894534028299,231,4834,0.80664,0.06252111058569208,0.12479740680713128,0.9,7.211688311688312
2038-03-29,Google,18-25,West India,Mobile,Video,6,97537,3,0.052944819103249,5164,0.9,4647.6,0.0720957467711887,300,4835,0.8066,0.052944010990700965,0.05809450038729667,0.9,15.492
2038-03-30,Google,36-50,North India,Desktop,Image,15,55473,3,0.0384937517079053,2135,0.9,1921.5,0.166819141145595,287,4836,0.8065599999999999,0.03848719196726336,0.13442622950819672,0.9,6.695121951219512
2038-03-31,Google,36-50,North India,Mobile,Video,7,10210,3,0.0495603023595198,506,0.9,455.4,0.0573585913119282,23,4837,0.80652,0.04955925563173359,0.045454545454545456,0.8999999999999999,19.8
2038-04-01,Google,18-25,West India,Mobile,Text,22,81615,4,0.0990320879637415,8082,0.9,7273.8,0.0745014690632243,485,4838,0.80648,0.09902591435397905,0.060009898539965356,0.9,14.997525773195877
2038-04-02,Google,18-25,South India,Mobile,Image,9,28154,4,0.091080583678088,2564,0.9,2307.6,0.1665831486951671,344,4839,0.80644,0.09107054059813881,0.13416536661466458,0.8999999999999999,6.7081395348837205
2038-04-03,Instagram,26-35,North India,Mobile,Video,4,29687,4,0.1005633649032111,2985,1.3,3880.5,0.0964737823320907,231,4840,0.8064,0.1005490618789369,0.07738693467336684,1.3,16.7987012987013
2038-04-04,Instagram,18-25,West India,Mobile,Video,10,73684,4,0.0742463471248806,5470,1.3,7111.0,0.0781226261167732,344,4841,0.80636,0.07423592638836111,0.06288848263254114,1.3,20.671511627906977
2038-04-05,Google,36-50,South India,Mobile,Image,20,79391,4,0.0728682745872318,5785,0.9,5206.5,0.1474024954935628,686,4842,0.8063199999999999,0.07286720157196659,0.11858254105445117,0.9,7.589650145772595
2038-04-06,Google,18-25,West India,Mobile,Text,12,95052,4,0.0512253901399713,4869,0.9,4382.1,0.1439673095381483,564,4843,0.80628,0.05122459285443757,0.11583487369069624,0.9,7.76968085106383
2038-04-07,Google,18-25,West India,Mobile,Text,19,16473,4,0.099124854287673,1632,0.9,1468.8,0.0994558329442352,130,4844,0.80624,0.09907120743034056,0.07965686274509803,0.9,11.298461538461538
2038-04-08,Google,18-25,West India,Mobile,Image,1,52176,4,0.0643990391150647,3360,0.9,3024.0,0.1653414543880184,447,4845,0.8062,0.06439742410303588,0.13303571428571428,0.9,6.76510067114094
2038-04-09,Instagram,26-35,South India,Mobile,Text,13,65579,4,0.1104692872477246,7244,1.3,9417.2,0.1800715591155564,1051,4846,0.80616,0.11046219064029644,0.1450855880728879,1.3,8.96022835394862
2038-04-10,Google,26-35,North India,Mobile,Video,8,31285,4,0.0557108665302486,1742,0.9,1567.8,0.238348732653595,334,4847,0.80612,0.05568163656704491,0.19173363949483352,0.9,4.694011976047904
2038-04-11,Instagram,36-50,North India,Mobile,Text,9,89093,4,0.125802504099183,11208,1.3,14570.4,0.070404714941146,635,4848,0.80608,0.12580112915717284,0.056655960028551035,1.3,22.94551181102362
2038-04-12,Google,26-35,West India,Mobile,Video,9,43502,4,0.0547856501092633,2383,0.9,2144.7000000000003,0.1796408003783006,344,4849,0.80604,0.054779090616523377,0.1443558539655896,0.9000000000000001,6.234593023255814
2038-04-13,Instagram,18-25,West India,Mobile,Text,9,15219,4,0.0862449664746081,1312,1.3,1705.6,0.0789096046647138,83,4850,0.806,0.0862080294368881,0.06326219512195122,1.2999999999999998,20.549397590361444
2038-04-14,Google,26-35,South India,Mobile,Video,18,52863,4,0.0405437326443801,2143,0.9,1928.7,0.2564948902813261,442,4851,0.80596,0.04053875111136333,0.20625291647223518,0.9,4.363574660633485
2038-04-15,Instagram,18-25,West India,Mobile,Image,10,45006,4,0.1197523976940962,5389,1.3,7005.7,0.1975683618380125,857,4852,0.80592,0.11973959027685198,0.15902764891445537,1.3,8.174679113185531
2038-04-16,Google,26-35,West India,Mobile,Video,10,57170,4,0.0715485129081649,4090,0.9,3681.0,0.122547641486051,403,4853,0.8058799999999999,0.07154101801644219,0.09853300733496333,0.9,9.133995037220844
2038-04-17,Instagram,26-35,West India,Desktop,Text,2,59798,4,0.061133142782064,3655,1.3,4751.5,0.1329550155752509,390,4854,0.80584,0.06112244556674136,0.106703146374829,1.3,12.183333333333334
2038-04-18,Google,26-35,North India,Mobile,Video,18,40965,4,0.0921155714738587,3773,0.9,3395.7000000000003,0.2247275865130485,682,4855,0.8058,0.09210301476870499,0.18075801749271136,0.9,4.9790322580645165
2038-04-19,Google,18-25,West India,Mobile,Text,23,35470,4,0.0886732454175308,3145,0.9,2830.5,0.1133943268286785,286,4856,0.80576,0.08866647871440654,0.09093799682034977,0.9,9.896853146853147
2038-04-20,Instagram,26-35,North India,Desktop,Text,21,65147,4,0.0722664806188249,4707,1.3,6119.1,0.1364990474818463,517,4857,0.80572,0.07225198397470337,0.10983641385171022,1.3,11.8357833655706
2038-04-21,Instagram,18-25,South India,Desktop,Video,0,40984,4,0.034542017183067,1415,1.3,1839.5,0.2409577165210004,273,4858,0.80568,0.034525668553581884,0.1929328621908127,1.3,6.738095238095238
2038-04-22,Instagram,18-25,South India,Desktop,Text,11,46380,4,0.0918167226214275,4258,1.3,5535.400000000001,0.181837438765463,623,4859,0.80564,0.0918068132815869,0.14631282292155942,1.3,8.885072231139647
2038-04-23,Instagram,36-50,North India,Mobile,Image,14,72860,4,0.1291663822061358,9411,1.3,12234.3,0.1278271308095275,968,4860,0.8056,0.12916552292066977,0.10285835724152588,1.2999999999999998,12.638739669421486
2038-04-24,Instagram,26-35,North India,Mobile,Text,13,86793,4,0.1107042533907262,9608,1.3,12490.4,0.166527894646864,1288,4861,0.80556,0.11070017167283076,0.1340549542048293,1.3,9.69751552795031
2038-04-25,Google,36-50,North India,Desktop,Image,2,74849,4,0.0678352500607086,5077,0.9,4569.3,0.1459809362550984,596,4862,0.80552,0.06782989752702107,0.1173921607248375,0.9,7.6666107382550335
2038-04-26,Google,36-50,North India,Desktop,Image,19,48227,4,0.071391723203289,3443,0.9,3098.7000000000003,0.0698157189208761,193,4863,0.80548,0.07139154415576338,0.05605576532094104,0.9000000000000001,16.055440414507775
2038-04-27,Google,18-25,West India,Mobile,Text,12,92588,4,0.0622388649147584,5762,0.9,5185.8,0.1282588247465365,595,4864,0.8054399999999999,0.062232686741262366,0.10326275598750434,0.9,8.71563025210084
2038-04-28,Instagram,26-35,North India,Mobile,Image,17,25603,4,0.0899138910977729,2302,1.3,2992.6,0.0932364255636518,172,4865,0.8054,0.08991133851501777,0.07471763683753258,1.3,17.398837209302325
2038-04-29,Google,18-25,North India,Desktop,Image,15,88298,4,0.0501261055413284,4426,0.9,3983.4,0.1049848207011301,373,4866,0.80536,0.05012571066162314,0.0842747401717126,0.9,10.67935656836461
2038-04-30,Google,18-25,North India,Mobile,Video,5,19508,4,0.0905274157477556,1766,0.9,1589.4,0.2096327759479456,297,4867,0.80532,0.09052696329710888,0.1681766704416761,0.9,5.351515151515152
2038-05-01,Instagram,26-35,West India,Mobile,Image,9,83351,5,0.0337773927567974,2815,1.3,3659.5,0.1762686456190313,399,4868,0.80528,0.03377284015788653,0.14174067495559503,1.3,9.171679197994987
2038-05-02,Instagram,18-25,West India,Mobile,Image,16,5974,5,0.0392723710406798,234,1.3,304.2,0.1617795526222148,29,4869,0.80524,0.03916973552058922,0.12393162393162394,1.3,10.489655172413793
2038-05-03,Google,26-35,West India,Mobile,Image,16,21161,5,0.0504530942775052,1067,0.9,960.3,0.0856125064322797,73,4870,0.8052,0.050422947875809275,0.06841611996251172,0.8999999999999999,13.154794520547945
2038-05-04,Google,26-35,South India,Mobile,Image,7,30730,5,0.0402495201663247,1236,0.9,1112.4,0.1138634568760696,112,4871,0.80516,0.04022128213472177,0.09061488673139159,0.9,9.932142857142859
2038-05-05,Google,18-25,West India,Mobile,Image,3,79259,5,0.0230732751885768,1828,0.9,1645.2,0.177689684537892,260,4872,0.80512,0.023063626843639207,0.1422319474835886,0.9,6.327692307692308
2038-05-06,Google,18-25,North India,Desktop,Text,14,82009,5,0.0199543510961873,1636,0.9,1472.4,0.1367051662751376,179,4873,0.80508,0.019949029984513894,0.10941320293398533,0.9,8.225698324022346
2038-05-07,Google,36-50,West India,Mobile,Image,0,2085,5,0.0236630858839344,49,0.9,44.1,0.1767728523151088,6,4874,0.80504,0.023501199040767386,0.12244897959183673,0.9,7.3500000000000005
2038-05-08,Instagram,18-25,West India,Mobile,Text,6,89115,5,0.0626362252599397,5581,1.3,7255.3,0.0855171807197635,383,4875,0.8049999999999999,0.06262694271447007,0.06862569432001434,1.3,18.943342036553524
2038-05-09,Instagram,26-35,North India,Desktop,Text,9,89179,5,0.0606272867392918,5406,1.3,7027.8,0.1228036776555126,533,4876,0.80496,0.060619652608798036,0.09859415464298928,1.3,13.185365853658537
2038-05-10,Instagram,36-50,West India,Mobile,Text,6,93206,5,0.0564214516339205,5258,1.3,6835.400000000001,0.1376748536235791,581,4877,0.80492,0.05641267729545308,0.1104982883225561,1.3,11.764888123924269
2038-05-11,Google,26-35,South India,Mobile,Video,0,19869,5,0.0486282493101955,966,0.9,869.4,0.0609798674768165,46,4878,0.80488,0.048618450853087726,0.047619047619047616,0.9,18.9
2038-05-12,Instagram,36-50,West India,Mobile,Video,16,16771,5,0.0904928899710349,1517,1.3,1972.1,0.0927027442435168,112,4879,0.80484,0.09045375946574444,0.07382992748846408,1.3,17.608035714285712
2038-05-13,Google,18-25,South India,Mobile,Text,11,42060,5,0.0725985572006788,3053,0.9,2747.7000000000003,0.1530480474919824,375,4880,0.8048,0.07258678078934855,0.12283000327546675,0.9000000000000001,7.3272
2038-05-14,Google,18-25,South India,Mobile,Video,16,76882,5,0.0260443002420107,2002,0.9,1801.8,0.1246396115518831,200,4881,0.80476,0.02603990530943524,0.0999000999000999,0.9,9.009
2038-05-15,Instagram,18-25,South India,Mobile,Image,14,22462,5,0.0980589989223864,2202,1.3,2862.6,0.0869078000835486,153,4882,0.80472,0.09803223221440656,0.06948228882833787,1.3,18.70980392156863
2038-05-16,Google,26-35,North India,Desktop,Text,23,20432,5,0.0277375607253454,566,0.9,509.4,0.063127773290304,28,4883,0.80468,0.02770164447924824,0.04946996466431095,0.8999999999999999,18.192857142857143
2038-05-17,Google,36-50,West India,Desktop,Text,15,14174,5,0.0616569214187174,873,0.9,785.7,0.0786731918804049,54,4884,0.80464,0.06159164667701425,0.061855670103092786,0.9,14.55
2038-05-18,Instagram,26-35,South India,Mobile,Text,22,83719,5,0.1299808078069697,10881,1.3,14145.3,0.0693347330760142,606,4885,0.8046,0.1299704965420036,0.05569341053212021,1.2999999999999998,23.34207920792079
2038-05-19,Google,36-50,South India,Mobile,Video,13,30697,5,0.0578607010262066,1776,0.9,1598.4,0.053421540123805,75,4886,0.8045599999999999,0.05785581652930254,0.04222972972972973,0.9,21.312
2038-05-20,Instagram,18-25,West India,Mobile,Video,2,53974,5,0.0334839154828964,1807,1.3,2349.1,0.0769959847687283,111,4887,0.80452,0.03347908252121392,0.061427780852241286,1.3,21.163063063063063
2038-05-21,Google,26-35,North India,Mobile,Video,18,6611,5,0.0667803807725732,441,0.9,396.9,0.18645897872283,65,4888,0.80448,0.06670700347905006,0.1473922902494331,0.8999999999999999,6.106153846153846
2038-05-22,Instagram,18-25,North India,Mobile,Image,11,23393,5,0.0589427829333872,1378,1.3,1791.4,0.048061263445091,53,4889,0.80444,0.0589065104945924,0.038461538461538464,1.3,33.800000000000004
2038-05-23,Google,26-35,South India,Desktop,Video,18,92407,5,0.0221599890337845,2047,0.9,1842.3,0.1291227770144083,212,4890,0.8044,0.022152001471749977,0.10356619443087445,0.9,8.690094339622641
2038-05-24,Google,18-25,North India,Mobile,Text,17,6263,5,0.0238825633849937,149,0.9,134.1,0.0839059519134159,9,4891,0.80436,0.023790515727287243,0.06040268456375839,0.8999999999999999,14.899999999999999
2038-05-25,Instagram,26-35,West India,Mobile,Video,13,22954,5,0.0673654328859522,1546,1.3,2009.8,0.1787298659171214,221,4892,0.8043199999999999,0.06735209549533851,0.1429495472186287,1.3,9.094117647058823
2038-05-26,Google,26-35,North India,Mobile,Video,19,12996,5,0.0565987689229258,735,0.9,661.5,0.085913360407694,50,4893,0.80428,0.056555863342566945,0.06802721088435375,0.9,13.23
2038-05-27,Google,36-50,West India,Mobile,Video,22,11805,5,0.0881639566788126,1040,0.9,936.0,0.1000198204440791,83,4894,0.80424,0.08809826344769166,0.0798076923076923,0.9,11.27710843373494
2038-05-28,Google,18-25,South India,Desktop,Video,8,75643,5,0.05084539275675,3846,0.9,3461.4,0.0554381970169727,171,4895,0.8042,0.05084409661171556,0.044461778471138844,0.9,20.242105263157896
2038-05-29,Google,36-50,West India,Desktop,Text,2,77003,5,0.0347835738585323,2678,0.9,2410.2000000000003,0.1414368431866924,303,4896,0.80416,0.03477786579743646,0.11314413741598207,0.9000000000000001,7.954455445544555
2038-05-30,Google,36-50,South India,Mobile,Video,22,22024,5,0.0363555723074629,800,0.9,720.0,0.1794909223868337,114,4897,0.80412,0.03632401017072285,0.1425,0.9,6.315789473684211
2038-05-31,Google,18-25,West India,Mobile,Text,11,42607,5,0.0757983453177616,3229,0.9,2906.1,0.0652787012225892,168,4898,0.80408,0.07578566902152228,0.052028491793124805,0.9,17.298214285714284
2038-06-01,Instagram,26-35,West India,Desktop,Video,19,85215,6,0.1018194319651576,8676,1.3,11278.8,0.1872473854832038,1305,4899,0.80404,0.10181306108079563,0.1504149377593361,1.2999999999999998,8.642758620689655
2038-06-02,Google,36-50,North India,Desktop,Image,16,78806,6,0.0253232456490033,1995,0.9,1795.5,0.0470395694222775,74,4900,0.804,0.025315331319950257,0.037092731829573934,0.9,24.263513513513512
2038-06-03,Google,18-25,West India,Desktop,Image,4,84351,6,0.0462406649076004,3900,0.9,3510.0,0.0869966221079855,272,4901,0.80396,0.0462353736173845,0.06974358974358974,0.9,12.904411764705882
2038-06-04,Google,26-35,South India,Mobile,Text,7,88092,6,0.0257095346386351,2264,0.9,2037.6,0.1056161714239345,192,4902,0.80392,0.02570040412296236,0.08480565371024736,0.8999999999999999,10.612499999999999
2038-06-05,Google,36-50,West India,Mobile,Text,18,80423,6,0.079505937439708,6394,0.9,5754.6,0.0894480941535259,459,4903,0.8038799999999999,0.07950461932531738,0.0717860494213325,0.9,12.537254901960786
2038-06-06,Instagram,36-50,South India,Mobile,Image,3,90461,6,0.0540763095861807,4891,1.3,6358.3,0.1376129742774767,540,4904,0.80384,0.05406749870109771,0.11040686976078512,1.3,11.77462962962963
2038-06-07,Google,36-50,South India,Mobile,Image,14,13324,6,0.0332411552207135,442,0.9,397.8,0.0853381547196621,29,4905,0.8038,0.03317322125487841,0.06561085972850679,0.9,13.717241379310344
2038-06-08,Instagram,26-35,West India,Desktop,Video,18,1723,6,0.0597064495632491,102,1.3,132.6,0.1665514974388422,12,4906,0.80376,0.0591990713871155,0.11764705882352941,1.3,11.049999999999999
2038-06-09,Google,36-50,North India,Mobile,Image,14,59323,6,0.0263228820803845,1561,0.9,1404.9,0.0873281251499763,109,4907,0.80372,0.026313571464693288,0.06982703395259449,0.9,12.888990825688074
2038-06-10,Instagram,26-35,West India,Mobile,Text,13,74811,6,0.0354447434679522,2651,1.3,3446.3,0.0464648477469906,98,4908,0.80368,0.035435965299220704,0.03696718219539796,1.3,35.166326530612245
2038-06-11,Google,36-50,West India,Mobile,Text,15,14405,6,0.0567952171837282,818,0.9,736.2,0.1160023836885506,75,4909,0.80364,0.05678583825060743,0.09168704156479218,0.9,9.816
2038-06-12,Instagram,18-25,North India,Desktop,Image,23,2365,6,0.0500925800452724,118,1.3,153.4,0.1513239956888962,13,4910,0.8036,0.04989429175475687,0.11016949152542373,1.3,11.8
2038-06-13,Instagram,36-50,South India,Mobile,Text,9,58893,6,0.069935516140043,4118,1.3,5353.400000000001,0.0808480058988521,266,4911,0.80356,0.06992342044045982,0.06459446333171442,1.3,20.12556390977444
2038-06-14,Google,18-25,West India,Mobile,Video,23,47427,6,0.0398923426788847,1891,0.9,1701.9,0.1397085906820044,212,4912,0.80352,0.039871802981424086,0.1121099947117927,0.9,8.027830188679246
2038-06-15,Google,18-25,North India,Mobile,Video,13,28338,6,0.0500182868732085,1417,0.9,1275.3,0.1476079549462043,167,4913,0.80348,0.050003528830545554,0.11785462244177841,0.9,7.636526946107784
2038-06-16,Google,18-25,North India,Mobile,Image,19,70389,6,0.08324453746665,5859,0.9,5273.1,0.1411629970327746,664,4914,0.8034399999999999,0.08323743766781741,0.11332991978153269,0.9,7.941415662650603
2038-06-17,Instagram,26-35,South India,Mobile,Text,10,5682,6,0.0801344585949448,455,1.3,591.5,0.0601514825989264,21,4915,0.8034,0.08007743752199929,0.046153846153846156,1.3,28.166666666666668
2038-06-18,Google,18-25,North India,Mobile,Image,1,72496,6,0.0340881282817194,2471,0.9,2223.9,0.1081167656345249,214,4916,0.80336,0.03408463915250497,0.08660461351679483,0.9,10.392056074766355
2038-06-19,Google,36-50,South India,Desktop,Text,18,25727,6,0.0471610829402752,1213,0.9,1091.7,0.1275978903632552,123,4917,0.80332,0.047148909705756595,0.10140148392415499,0.9,8.875609756097562
2038-06-20,Instagram,26-35,West India,Mobile,Text,2,25073,6,0.0676596079141957,1696,1.3,2204.8,0.0548112139360529,73,4918,0.80328,0.06764248394687512,0.04304245283018868,1.3,30.2027397260274
2038-06-21,Google,18-25,North India,Mobile,Text,3,88077,6,0.034579940965008,3045,0.9,2740.5,0.0814283288600261,198,4919,0.80324,0.03457202220784086,0.06502463054187192,0.9,13.840909090909092
2038-06-22,Instagram,26-35,West India,Desktop,Video,10,20882,6,0.0545617703195595,1139,1.3,1480.7,0.1197121893196268,109,4920,0.8032,0.054544583852121444,0.09569798068481124,1.3,13.584403669724772
2038-06-23,Instagram,26-35,North India,Desktop,Text,12,49232,6,0.0824616586257388,4059,1.3,5276.7,0.1208285820871403,393,4921,0.80316,0.08244637634059149,0.09682187730968218,1.3,13.426717557251909
2038-06-24,Instagram,26-35,North India,Mobile,Video,17,60556,6,0.1004302636385364,6081,1.3,7905.3,0.1611751964365657,787,4922,0.80312,0.10041944646277826,0.12941950337115607,1.3,10.044853875476493
2038-06-25,Instagram,36-50,West India,Mobile,Text,17,53137,6,0.0981804286150273,5217,1.3,6782.1,0.0585192902966062,244,4923,0.80308,0.0981801757720609,0.0467701744297489,1.3,27.79549180327869
2038-06-26,Google,18-25,North India,Mobile,Image,18,46054,6,0.036810507022567,1695,0.9,1525.5,0.0655335701917372,89,4924,0.80304,0.03680462066270031,0.052507374631268436,0.9,17.140449438202246
2038-06-27,Google,26-35,West India,Mobile,Video,11,68103,6,0.049514347431123,3372,0.9,3034.8,0.161047319052773,436,4925,0.8029999999999999,0.04951323730232148,0.12930011862396204,0.9,6.960550458715597
2038-06-28,Google,26-35,West India,Desktop,Video,0,25787,6,0.0442975475506672,1142,0.9,1027.8,0.1636421520312063,149,4926,0.80296,0.04428588048241362,0.13047285464098074,0.8999999999999999,6.897986577181208
2038-06-29,Google,26-35,South India,Desktop,Video,23,89589,6,0.038075893174167,3411,0.9,3069.9,0.0815676615984349,223,4927,0.80292,0.038073870676087467,0.0653767223688068,0.9,13.766367713004485
2038-06-30,Instagram,18-25,West India,Mobile,Image,5,63181,6,0.0865875075465966,5470,1.3,7111.0,0.0926869919216967,406,4928,0.80288,0.08657666070495877,0.07422303473491773,1.3,17.514778325123153
2038-07-01,Instagram,26-35,South India,Mobile,Video,2,27755,7,0.0681628047792871,1891,1.3,2458.3,0.2054024553624659,311,4929,0.80284,0.06813186813186813,0.1644632469592808,1.3,7.904501607717043
2038-07-02,Google,26-35,West India,Mobile,Image,16,94335,7,0.0681492997454224,6428,0.9,5785.2,0.0511188915396142,263,4930,0.8028,0.06814013886680448,0.04091474797759801,0.9,21.996958174904943
2038-07-03,Google,36-50,North India,Mobile,Text,2,37959,7,0.0569374440239802,2161,0.9,1944.9,0.0745687803228804,129,4931,0.80276,0.056929845359466796,0.05969458583988894,0.9,15.076744186046513
2038-07-04,Instagram,18-25,West India,Mobile,Text,0,76254,7,0.0791845418990951,6038,1.3,7849.400000000001,0.1107003828006598,536,4932,0.80272,0.07918273139769717,0.08877111626366346,1.3,14.644402985074628
2038-07-05,Google,36-50,North India,Mobile,Image,2,90076,7,0.0261003841916698,2351,0.9,2115.9,0.1405545433608678,264,4933,0.80268,0.02610018206847551,0.11229264142917907,0.9,8.014772727272728
2038-07-06,Google,18-25,South India,Mobile,Video,3,91633,7,0.0385882149495963,3535,0.9,3181.5,0.1734111778711583,492,4934,0.80264,0.0385778049392686,0.13917963224893917,0.9,6.466463414634147
2038-07-07,Google,18-25,North India,Mobile,Video,5,89437,7,0.024034456151773,2149,0.9,1934.1,0.1090443153733132,187,4935,0.8026,0.024028086809709626,0.08701721731037693,0.8999999999999999,10.3427807486631
2038-07-08,Instagram,18-25,West India,Mobile,Image,6,95058,7,0.1061347610261019,10088,1.3,13114.4,0.1788731535424704,1447,4936,0.8025599999999999,0.10612468177323318,0.1434377478191911,1.3,9.063165169315825
2038-07-09,Instagram,36-50,North India,Mobile,Text,22,38903,7,0.0639946873583007,2489,1.3,3235.7000000000003,0.0369952331194344,73,4937,0.80252,0.0639796416728787,0.02932904781036561,1.3,44.324657534246576
2038-07-10,Instagram,36-50,South India,Mobile,Image,7,60046,7,0.0913699097032305,5486,1.3,7131.8,0.1201924028629335,528,4938,0.80248,0.09136328814575492,0.09624498724024791,1.3,13.50719696969697
2038-07-11,Instagram,36-50,North India,Desktop,Video,12,40519,7,0.0676438810350643,2740,1.3,3562.0,0.1270047805476461,278,4939,0.80244,0.06762259680643648,0.10145985401459855,1.3,12.81294964028777
2038-07-12,Google,36-50,North India,Mobile,Video,3,12672,7,0.0280551424873539,355,0.9,319.5,0.0838706713377474,23,4940,0.8024,0.028014520202020204,0.0647887323943662,0.9,13.891304347826088
2038-07-13,Google,26-35,West India,Mobile,Video,5,8174,7,0.0612952862431818,501,0.9,450.9,0.1418628453217879,56,4941,0.80236,0.06129190114998777,0.11177644710578842,0.8999999999999999,8.051785714285714
2038-07-14,Instagram,26-35,West India,Mobile,Video,10,19103,7,0.1057325519122812,2019,1.3,2624.7000000000003,0.0849696444049201,137,4942,0.80232,0.10569020572684919,0.06785537394749876,1.3,19.158394160583942
2038-07-15,Google,26-35,North India,Mobile,Text,0,9061,7,0.0253508984722776,229,0.9,206.1,0.082427734104537,14,4943,0.80228,0.0252731486590884,0.0611353711790393,0.9,14.721428571428572
2038-07-16,Instagram,18-25,South India,Mobile,Text,7,86934,7,0.0423625677837322,3682,1.3,4786.6,0.0939009264279426,276,4944,0.80224,0.04235396967814664,0.07495926127104835,1.3,17.342753623188408
2038-07-17,Instagram,26-35,North India,Mobile,Text,21,99162,7,0.1024960314029668,10163,1.3,13211.9,0.1197014823725982,975,4945,0.8022,0.10248885661846271,0.09593623929941947,1.3,13.550666666666666
2038-07-18,Instagram,18-25,South India,Mobile,Video,1,14265,7,0.0429229217597141,612,1.3,795.6,0.2269909804996639,110,4946,0.80216,0.04290220820189274,0.17973856209150327,1.3,7.232727272727273
2038-07-19,Instagram,36-50,South India,Mobile,Video,7,40040,7,0.0578459750935033,2316,1.3,3010.8,0.0902854340194776,167,4947,0.8021199999999999,0.05784215784215784,0.07210708117443869,1.3,18.028742514970062
2038-07-20,Instagram,18-25,South India,Mobile,Video,19,96008,7,0.0606677245878618,5824,1.3,7571.2,0.2360323934990025,1102,4948,0.80208,0.0606616115323723,0.18921703296703296,1.3,6.870417422867513
2038-07-21,Instagram,18-25,North India,Mobile,Image,8,18993,7,0.0744979483295779,1414,1.3,1838.2,0.1630620891897169,184,4949,0.80204,0.07444848101932292,0.13012729844413012,1.3,9.990217391304348
2038-07-22,Google,26-35,South India,Desktop,Video,3,59219,7,0.0183076384616895,1084,0.9,975.6,0.0736183113902704,63,4950,0.802,0.018304935915837824,0.058118081180811805,0.9,15.485714285714286
2038-07-23,Google,36-50,North India,Mobile,Text,16,73250,7,0.0637112186944205,4666,0.9,4199.400000000001,0.1354429803309449,506,4951,0.80196,0.06369965870307168,0.10844406343763395,0.9000000000000001,8.299209486166008
2038-07-24,Google,36-50,South India,Mobile,Text,6,96303,7,0.0305174693405925,2938,0.9,2644.2000000000003,0.1113032509912589,262,4952,0.80192,0.030507876182465758,0.08917631041524847,0.9000000000000001,10.09236641221374
2038-07-25,Instagram,26-35,South India,Mobile,Text,9,38877,7,0.0690738547737358,2685,1.3,3490.5,0.1524553937373777,327,4953,0.8018799999999999,0.06906397098541554,0.1217877094972067,1.3,10.674311926605505
2038-07-26,Google,36-50,North India,Mobile,Image,4,85368,7,0.0546039927832615,4661,0.9,4194.900000000001,0.1637694838231605,611,4954,0.80184,0.05459891294161747,0.13108774940999784,0.9000000000000001,6.865630114566286
2038-07-27,Instagram,36-50,West India,Mobile,Text,9,79285,7,0.1012499474121235,8027,1.3,10435.1,0.1362099570942081,876,4955,0.8018,0.10124235353471653,0.10913168057804909,1.3,11.912214611872146
2038-07-28,Google,36-50,West India,Mobile,Image,11,82424,7,0.0339803435769689,2800,0.9,2520.0,0.096402862145517,215,4956,0.80176,0.033970688149082794,0.07678571428571429,0.9,11.720930232558139
2038-07-29,Instagram,26-35,North India,Desktop,Image,20,17020,7,0.0860681448473957,1464,1.3,1903.2,0.1226889727314504,143,4957,0.80172,0.08601645123384254,0.0976775956284153,1.3,13.309090909090909
2038-07-30,Google,36-50,North India,Mobile,Image,19,35821,7,0.0487154400511994,1745,0.9,1570.5,0.0998144524331909,139,4958,0.80168,0.04871444124954635,0.07965616045845272,0.9,11.298561151079136
2038-07-31,Instagram,18-25,West India,Mobile,Video,5,74299,7,0.0762192907661832,5663,1.3,7361.900000000001,0.1095632493145,497,4959,0.80164,0.07621906082181457,0.08776266996291718,1.3,14.812676056338029
2038-08-01,Google,18-25,West India,Mobile,Video,0,47000,8,0.0659731625628003,3100,0.9,2790.0,0.0901192711365595,223,4960,0.8016,0.06595744680851064,0.07193548387096774,0.9,12.511210762331839
2038-08-02,Google,36-50,West India,Mobile,Text,2,33851,8,0.0655930829530654,2220,0.9,1998.0,0.0865394437874524,153,4961,0.80156,0.06558151900977814,0.06891891891891892,0.9,13.058823529411764
2038-08-03,Google,26-35,North India,Mobile,Text,6,17025,8,0.0603892742190684,1028,0.9,925.2,0.1234151261498824,100,4962,0.80152,0.06038179148311307,0.09727626459143969,0.9,9.252
2038-08-04,Instagram,26-35,South India,Desktop,Image,10,92551,8,0.0628320793222433,5815,1.3,7559.5,0.1739794950426949,810,4963,0.80148,0.06283022333632268,0.13929492691315562,1.3,9.332716049382716
2038-08-05,Google,26-35,North India,Mobile,Video,23,16431,8,0.0329648380367843,541,0.9,486.9,0.1984976808464089,85,4964,0.8014399999999999,0.032925567524800685,0.15711645101663585,0.8999999999999999,5.728235294117646
2038-08-06,Google,36-50,West India,Desktop,Text,11,85588,8,0.0259758669847956,2223,0.9,2000.7,0.0685833816408764,121,4965,0.8014,0.02597326728045988,0.05443094916779127,0.9,16.534710743801654
2038-08-07,Instagram,36-50,South India,Mobile,Text,8,44179,8,0.057401636476484,2535,1.3,3295.5,0.1225370334573861,248,4966,0.80136,0.057380203263994206,0.09783037475345167,1.3,13.288306451612904
2038-08-08,Instagram,18-25,North India,Desktop,Video,0,42658,8,0.0720136730421139,3071,1.3,3992.3,0.1563271201227288,384,4967,0.80132,0.07199118570959726,0.12504070335395637,1.3,10.396614583333333
2038-08-09,Instagram,26-35,West India,Desktop,Image,3,31992,8,0.0617201866648129,1974,1.3,2566.2000000000003,0.0667865267646549,104,4968,0.80128,0.06170292573143286,0.05268490374873354,1.3,24.675000000000004
2038-08-10,Google,18-25,North India,Desktop,Text,1,46585,8,0.0514778466923795,2398,0.9,2158.2000000000003,0.073776000256071,141,4969,0.80124,0.051475796930342384,0.058798999165971644,0.9000000000000001,15.306382978723406
2038-08-11,Google,18-25,South India,Desktop,Text,1,66191,8,0.0358169561682456,2370,0.9,2133.0,0.0822014225462213,155,4970,0.8012,0.035805472043027,0.06540084388185655,0.9,13.761290322580646
2038-08-12,Instagram,26-35,West India,Mobile,Video,16,57401,8,0.1011268583408816,5804,1.3,7545.2,0.2136328791163615,992,4971,0.80116,0.10111322102402397,0.17091660923501034,1.3,7.606048387096774
2038-08-13,Google,36-50,North India,Mobile,Video,20,43058,8,0.0712441753179612,3067,0.9,2760.3,0.1985572186742023,487,4972,0.80112,0.07122950438942821,0.1587870883599609,0.9,5.667967145790555
2038-08-14,Instagram,36-50,South India,Mobile,Image,1,73108,8,0.0955495551468015,6985,1.3,9080.5,0.1705522565761237,954,4973,0.80108,0.09554357936203972,0.13657838224767357,1.3,9.518343815513626
2038-08-15,Google,18-25,South India,Mobile,Image,3,57779,8,0.0227038505969478,1311,0.9,1179.9,0.1168167371155207,122,4974,0.80104,0.022689904636632688,0.09305873379099924,0.9,9.671311475409837
2038-08-16,Google,18-25,North India,Desktop,Text,10,36662,8,0.0433148452288985,1588,0.9,1429.2,0.0621533185519491,78,4975,0.8009999999999999,0.0433146036768316,0.0491183879093199,0.9,18.323076923076922
2038-08-17,Google,18-25,South India,Mobile,Image,18,37185,8,0.0573807360982392,2133,0.9,1919.7,0.1850584933430228,315,4976,0.80096,0.05736183945139169,0.14767932489451477,0.9,6.094285714285714
2038-08-18,Google,18-25,West India,Mobile,Text,23,83168,8,0.036277780359001,3017,0.9,2715.3,0.0658971886480711,158,4977,0.80092,0.03627597152751058,0.05236990387802453,0.9,17.185443037974686
2038-08-19,Google,26-35,South India,Mobile,Text,12,8810,8,0.030856571191596,271,0.9,243.9,0.1057223410769898,22,4978,0.80088,0.03076049943246311,0.08118081180811808,0.9,11.086363636363636
2038-08-20,Google,18-25,North India,Desktop,Video,21,79210,8,0.0317540148097199,2515,0.9,2263.5,0.0847135746032195,170,4979,0.80084,0.0317510415351597,0.06759443339960239,0.9,13.314705882352941
2038-08-21,Instagram,18-25,West India,Desktop,Text,20,52042,8,0.07274937209131,3786,1.3,4921.8,0.1495796892223591,453,4980,0.8008,0.0727489335536682,0.1196513470681458,1.3,10.864900662251657
2038-08-22,Google,36-50,South India,Mobile,Video,17,74416,8,0.051490732377899,3831,0.9,3447.9,0.060517545181876,184,4981,0.80076,0.051480864330251556,0.04802923518663534,0.9,18.73858695652174
2038-08-23,Instagram,36-50,South India,Mobile,Text,18,79186,8,0.1174197852765493,9298,1.3,12087.4,0.0602223912077659,447,4982,0.80072,0.11741974591468189,0.04807485480748548,1.3,27.041163310961966
2038-08-24,Instagram,36-50,West India,Mobile,Text,23,35883,8,0.0368997269959058,1324,1.3,1721.2,0.1250408594695899,132,4983,0.80068,0.03689769528746203,0.09969788519637462,1.3,13.039393939393939
2038-08-25,Instagram,26-35,West India,Mobile,Text,14,40349,8,0.0628072422790553,2534,1.3,3294.2000000000003,0.0520219891270902,104,4984,0.80064,0.06280205209546705,0.04104183109707971,1.3,31.675000000000004
2038-08-26,Google,26-35,South India,Mobile,Image,11,53215,8,0.0503310257636105,2678,0.9,2410.2000000000003,0.1948198297250442,417,4985,0.8006,0.05032415672272855,0.15571321882001493,0.9000000000000001,5.779856115107914
2038-08-27,Instagram,36-50,West India,Mobile,Image,10,39419,8,0.0641603726554796,2529,1.3,3287.7000000000003,0.0849893240731216,171,4986,0.8005599999999999,0.06415687866257389,0.06761565836298933,1.3,19.226315789473684
2038-08-28,Instagram,36-50,North India,Mobile,Video,22,68342,8,0.042568830539825,2909,1.3,3781.7,0.1922159271452924,447,4987,0.80052,0.04256533317725557,0.15366105190787213,1.3,8.460178970917225
2038-08-29,Instagram,18-25,South India,Mobile,Text,0,65806,8,0.0831226613710121,5469,1.3,7109.7,0.1240922296334015,542,4988,0.80048,0.08310792328966964,0.09910404095812762,1.3,13.117527675276753
2038-08-30,Instagram,18-25,North India,Mobile,Video,15,25871,8,0.0631378996821055,1633,1.3,2122.9,0.1468051512841328,191,4989,0.80044,0.06312086892659735,0.11696264543784446,1.3,11.114659685863876
2038-08-31,Instagram,26-35,South India,Desktop,Video,12,52846,8,0.0282101671032292,1490,1.3,1937.0,0.2219608285504455,264,4990,0.8004,0.02819513302804375,0.17718120805369128,1.3,7.337121212121212
2038-09-01,Instagram,26-35,North India,Desktop,Text,5,49991,9,0.0377426581701615,1886,1.3,2451.8,0.0903262285111256,136,4991,0.80036,0.037726790822348026,0.07211028632025451,1.3,18.02794117647059
2038-09-02,Google,18-25,North India,Mobile,Image,22,48136,9,0.0377591321242237,1817,0.9,1635.3,0.091303478108105,132,4992,0.80032,0.037747216220707994,0.07264722069345074,0.9,12.388636363636364
2038-09-03,Instagram,36-50,West India,Desktop,Image,5,72029,9,0.0591687978163412,4261,1.3,5539.3,0.0704671857568305,240,4993,0.80028,0.059156728539893656,0.05632480638347806,1.3,23.080416666666668
2038-09-04,Google,18-25,South India,Mobile,Video,9,33548,9,0.0220136413039662,738,0.9,664.2,0.0795102887455274,46,4994,0.80024,0.021998330749970194,0.06233062330623306,0.9,14.43913043478261
2038-09-05,Instagram,26-35,West India,Mobile,Image,1,5650,9,0.0608221999768,343,1.3,445.9,0.1508476340257517,40,4995,0.8002,0.060707964601769915,0.11661807580174927,1.3,11.147499999999999
2038-09-06,Google,26-35,West India,Mobile,Text,2,58278,9,0.0641501634115861,3738,0.9,3364.2000000000003,0.0492246607130828,147,4996,0.80016,0.06414084217028725,0.03932584269662921,0.9,22.885714285714286
2038-09-07,Google,18-25,South India,Desktop,Text,5,45835,9,0.0582861787195066,2671,0.9,2403.9,0.0889768975885839,189,4997,0.8001199999999999,0.05827424457292462,0.07076001497566455,0.9,12.71904761904762
2038-09-08,Instagram,18-25,North India,Mobile,Image,15,17225,9,0.0942467995166393,1623,1.3,2109.9,0.092425838339401,120,4998,0.80008,0.09422351233671988,0.07393715341959335,1.3,17.5825
2038-09-09,Instagram,18-25,South India,Mobile,Image,5,46360,9,0.0865213794812174,4011,1.3,5214.3,0.1463329042663187,468,4999,0.80004,0.08651855047454703,0.11667913238593867,1.3,11.141666666666667
