date,platform,age_group,region,device,campaign_type,hour,impressions,month,click_rate,clicks,cpc,cost,conversion_rate,conversions,day,fatigue_factor
2025-01-01,Google,36-50,North India,Desktop,Text,8,79015,1,0.019919182407595534,1573,0.9,1415.7,0.09355188216607262,147,0,1.0
2025-01-02,Instagram,36-50,West India,Desktop,Video,7,90463,1,0.042704116051566696,3863,1.3,5021.900000000001,0.1405058894382506,541,1,0.99996
2025-01-03,Instagram,36-50,South India,Desktop,Image,9,34292,1,0.04112195994670877,1410,1.3,1833.0,0.1908216841939059,268,2,0.99992
2025-01-04,Instagram,26-35,North India,Mobile,Image,8,20491,1,0.036983202996786195,757,1.3,984.1,0.15475654322866764,116,3,0.99988
2025-01-05,Google,36-50,North India,Mobile,Video,7,58294,1,0.07698012596808487,4487,0.9,4038.3,0.1493055454991448,668,4,0.99984
2025-01-06,Google,18-25,North India,Mobile,Text,6,67629,1,0.032744759194737474,2214,0.9,1992.6000000000001,0.08526335339497028,187,5,0.9998
2025-01-07,Google,36-50,South India,Mobile,Text,21,97544,1,0.026923080228490215,2626,0.9,2363.4,0.13283531742324536,347,6,0.99976
2025-01-08,Instagram,18-25,South India,Mobile,Text,23,66640,1,0.05682891386977352,3787,1.3,4923.1,0.045609510984076986,171,7,0.99972
2025-01-09,Instagram,36-50,West India,Mobile,Image,5,19123,1,0.07263384699457776,1388,1.3,1804.4,0.17224514753262843,238,8,0.99968
2025-01-10,Instagram,36-50,North India,Mobile,Image,1,93472,1,0.06210586390248641,5805,1.3,7546.5,0.11082807291542367,642,9,0.99964
2025-01-11,Google,18-25,South India,Desktop,Image,8,65618,1,0.03955386511379884,2595,0.9,2335.5,0.12142972994826594,314,10,0.9996
2025-01-12,Instagram,36-50,North India,Mobile,Image,8,84596,1,0.09516598498350741,8050,1.3,10465.0,0.0766810319307166,616,11,0.99956
2025-01-13,Instagram,36-50,North India,Desktop,Image,18,25288,1,0.10278188735328489,2599,1.3,3378.7000000000003,0.03845080280428865,98,12,0.99952
2025-01-14,Google,36-50,West India,Mobile,Text,8,90947,1,0.025002757253069916,2273,0.9,2045.7,0.041287939898684005,92,13,0.99948
2025-01-15,Google,26-35,South India,Desktop,Video,1,46091,1,0.047643757697980176,2195,0.9,1975.5,0.10140396303532705,221,14,0.99944
2025-01-16,Google,18-25,South India,Mobile,Text,18,79872,1,0.04981360850283414,3978,0.9,3580.2000000000003,0.10828840526452278,429,15,0.9994
2025-01-17,Google,36-50,North India,Desktop,Text,15,60216,1,0.059671780158712454,3593,0.9,3233.7000000000003,0.041748754821612936,149,16,0.99936
2025-01-18,Google,18-25,North India,Mobile,Image,21,78162,1,0.0824265637526698,6442,0.9,5797.8,0.16728291718888672,1076,17,0.99932
2025-01-19,Google,18-25,West India,Mobile,Video,13,59785,1,0.04397284366626724,2628,0.9,2365.2000000000003,0.11704141153037972,306,18,0.99928
2025-01-20,Google,18-25,West India,Desktop,Video,19,51997,1,0.07521615954996405,3911,0.9,3519.9,0.10114133568027904,394,19,0.99924
2025-01-21,Instagram,36-50,West India,Mobile,Text,23,70037,1,0.06936172921935134,4857,1.3,6314.1,0.09649838110642542,467,20,0.9992
2025-01-22,Google,36-50,West India,Mobile,Video,0,51693,1,0.0653747721035305,3379,0.9,3041.1,0.05891774746406037,198,21,0.99916
2025-01-23,Google,18-25,West India,Desktop,Text,12,83386,1,0.03752264358123132,3128,0.9,2815.2000000000003,0.1352036301552619,421,22,0.99912
2025-01-24,Google,26-35,West India,Desktop,Text,21,36712,1,0.044998477807729614,1651,0.9,1485.9,0.0887729790901502,145,23,0.99908
2025-01-25,Google,18-25,North India,Mobile,Text,1,87214,1,0.03135735889799385,2734,0.9,2460.6,0.05246081826283738,142,24,0.99904
2025-01-26,Instagram,26-35,West India,Mobile,Text,21,16905,1,0.06883894226773468,1163,1.3,1511.9,0.05324639710453956,60,25,0.999
2025-01-27,Google,18-25,North India,Mobile,Image,13,2591,1,0.026659517328404693,69,0.9,62.1,0.08600692904725402,4,26,0.99896
2025-01-28,Google,18-25,North India,Mobile,Video,0,61159,1,0.05591174484502077,3419,0.9,3077.1,0.13710870500425057,467,27,0.99892
2025-01-29,Instagram,18-25,South India,Desktop,Image,14,14522,1,0.06239236394368598,906,1.3,1177.8,0.10820350212261756,97,28,0.99888
2025-01-30,Google,36-50,North India,Mobile,Image,17,82689,1,0.061867192517315366,5115,0.9,4603.5,0.11737404600860712,599,29,0.99884
2025-01-31,Instagram,26-35,North India,Mobile,Image,8,4572,1,0.08467508598903367,387,1.3,503.1,0.13182854007179942,50,30,0.9988
2025-02-01,Google,26-35,West India,Desktop,Text,21,62680,2,0.06190587047257808,3880,0.9,3492.0,0.12307016271849403,476,31,0.99876
2025-02-02,Google,18-25,North India,Mobile,Text,7,59537,2,0.06323581386288162,3764,0.9,3387.6,0.07762802601213147,291,32,0.99872
2025-02-03,Instagram,36-50,West India,Mobile,Image,6,34061,2,0.07841473373636962,2670,1.3,3471.0,0.14038046361799356,373,33,0.99868
2025-02-04,Instagram,36-50,West India,Mobile,Image,8,92033,2,0.05358635194285855,4931,1.3,6410.3,0.059810609449224096,293,34,0.99864
2025-02-05,Instagram,26-35,West India,Mobile,Video,8,88778,2,0.05915970875251502,5252,1.3,6827.6,0.13420016164762297,703,35,0.9986
2025-02-06,Google,36-50,South India,Mobile,Image,10,67874,2,0.07254880686880802,4924,0.9,4431.6,0.055167266396435134,270,36,0.99856
2025-02-07,Google,26-35,West India,Mobile,Text,3,61542,2,0.05378446615497089,3310,0.9,2979.0,0.0630485700052554,207,37,0.99852
2025-02-08,Instagram,26-35,North India,Mobile,Image,6,62907,2,0.09121070211114887,5737,1.3,7458.1,0.11556382970347973,660,38,0.99848
2025-02-09,Google,26-35,West India,Mobile,Video,20,17151,2,0.08445164227655452,1448,0.9,1303.2,0.1723906751710426,248,39,0.99844
2025-02-10,Google,36-50,West India,Mobile,Video,6,93526,2,0.07183320362485834,6718,0.9,6046.2,0.06401197304934397,429,40,0.9984
2025-02-11,Google,26-35,West India,Mobile,Image,3,81916,2,0.051096383652018504,4185,0.9,3766.5,0.06898977854368075,287,41,0.99836
2025-02-12,Google,26-35,South India,Mobile,Video,11,97571,2,0.05175181467016303,5049,0.9,4544.1,0.2361027900449712,1189,42,0.99832
2025-02-13,Instagram,18-25,North India,Mobile,Video,16,46813,2,0.09446469610866891,4422,1.3,5748.6,0.0994901598925906,438,43,0.99828
2025-02-14,Google,26-35,South India,Mobile,Text,19,53627,2,0.07969403872914092,4273,0.9,3845.7000000000003,0.07458093640893669,317,44,0.99824
2025-02-15,Instagram,26-35,North India,Mobile,Video,2,27117,2,0.09207122222087205,2496,1.3,3244.8,0.059207031805365636,146,45,0.9982
2025-02-16,Google,18-25,South India,Mobile,Video,8,69034,2,0.05524553617639686,3813,0.9,3431.7000000000003,0.18120694303417062,688,46,0.99816
2025-02-17,Google,18-25,North India,Mobile,Image,4,26483,2,0.05594683064182082,1481,0.9,1332.9,0.105597700128051,155,47,0.99812
2025-02-18,Google,36-50,South India,Desktop,Text,19,72264,2,0.041197212609662796,2977,0.9,2679.3,0.058023409910544756,171,48,0.99808
2025-02-19,Google,26-35,West India,Mobile,Video,15,57469,2,0.06825047610709302,3922,0.9,3529.8,0.1543269032438604,603,49,0.99804
2025-02-20,Instagram,36-50,South India,Desktop,Image,7,19877,2,0.06991765346299268,1389,1.3,1805.7,0.12496709503360483,172,50,0.998
2025-02-21,Instagram,36-50,South India,Desktop,Image,20,63396,2,0.09815786419096152,6222,1.3,8088.6,0.13100157590214698,813,51,0.99796
2025-02-22,Instagram,18-25,West India,Mobile,Image,15,93239,2,0.09230526185002996,8606,1.3,11187.800000000001,0.17927967277976484,1538,52,0.99792
2025-02-23,Instagram,36-50,West India,Mobile,Image,18,4088,2,0.05073037616264191,207,1.3,269.1,0.0440057819118516,8,53,0.99788
2025-02-24,Instagram,26-35,North India,Desktop,Image,15,24179,2,0.08548659277321057,2066,1.3,2685.8,0.15969129740586852,328,54,0.99784
2025-02-25,Instagram,18-25,North India,Mobile,Image,17,48954,2,0.0855986453531926,4190,1.3,5447.0,0.14997147129044644,626,55,0.9978
2025-02-26,Google,26-35,North India,Desktop,Video,14,23011,2,0.02641953416558794,607,0.9,546.3000000000001,0.1118887148157611,66,56,0.99776
2025-02-27,Google,26-35,South India,Mobile,Text,23,13839,2,0.055561878528486104,768,0.9,691.2,0.1527158776912617,116,57,0.99772
2025-02-28,Google,18-25,North India,Mobile,Text,17,53903,2,0.03213707090107278,1732,0.9,1558.8,0.10561984845025058,181,58,0.99768
2025-03-01,Google,26-35,South India,Mobile,Image,13,64561,3,0.052645105388707224,3398,0.9,3058.2000000000003,0.19905665512918502,674,59,0.99764
2025-03-02,Google,18-25,South India,Mobile,Image,23,24625,3,0.06518938732159481,1605,0.9,1444.5,0.14914741145537694,238,60,0.9976
2025-03-03,Google,26-35,North India,Mobile,Text,15,19481,3,0.05840763377642782,1137,0.9,1023.3000000000001,0.06240923865553657,69,61,0.99756
2025-03-04,Instagram,18-25,North India,Mobile,Video,4,98289,3,0.10892271560339184,10705,1.3,13916.5,0.1513214261841293,1614,62,0.99752
2025-03-05,Google,36-50,South India,Desktop,Image,7,20558,3,0.021766199491662565,447,0.9,402.3,0.07873314479936526,34,63,0.99748
2025-03-06,Google,26-35,West India,Desktop,Text,15,83307,3,0.03364984635464444,2803,0.9,2522.7000000000003,0.05583437573426666,155,64,0.99744
2025-03-07,Google,18-25,West India,Mobile,Text,20,32104,3,0.03318445094987743,1065,0.9,958.5,0.12301661525851436,130,65,0.9974
2025-03-08,Google,26-35,South India,Desktop,Image,0,99602,3,0.029432909386064226,2931,0.9,2637.9,0.20890253884112808,610,66,0.99736
2025-03-09,Instagram,26-35,North India,Desktop,Text,10,54586,3,0.06323405017485094,3451,1.3,4486.3,0.10871241749434182,373,67,0.99732
2025-03-10,Google,26-35,South India,Desktop,Video,10,45420,3,0.05606675053750146,2546,0.9,2291.4,0.21984771003262701,557,68,0.9972799999999999
2025-03-11,Instagram,18-25,South India,Mobile,Text,1,5061,3,0.07866247011659416,398,1.3,517.4,0.06538278466670314,25,69,0.99724
2025-03-12,Instagram,36-50,North India,Desktop,Image,21,34241,3,0.1038555883976964,3556,1.3,4622.8,0.13751097657344222,486,70,0.9972
2025-03-13,Google,36-50,West India,Mobile,Image,18,63055,3,0.030737222594844328,1938,0.9,1744.2,0.15687853061045665,303,71,0.99716
2025-03-14,Google,36-50,South India,Mobile,Text,23,82697,3,0.06370191318912279,5267,0.9,4740.3,0.047132074808862875,247,72,0.99712
2025-03-15,Instagram,18-25,West India,Desktop,Text,4,71593,3,0.04410456233464866,3157,1.3,4104.1,0.050118809101015356,157,73,0.99708
2025-03-16,Instagram,36-50,West India,Mobile,Image,2,45173,3,0.10498181821354517,4742,1.3,6164.6,0.1643634556013658,776,74,0.99704
2025-03-17,Instagram,18-25,North India,Mobile,Video,22,6289,3,0.09123511938668842,573,1.3,744.9,0.12739762576789904,71,75,0.997
2025-03-18,Instagram,26-35,South India,Desktop,Text,7,66180,3,0.09316525850500944,6165,1.3,8014.5,0.0995396086050096,611,76,0.99696
2025-03-19,Google,26-35,South India,Mobile,Video,3,3221,3,0.06250484895905167,201,0.9,180.9,0.24517273166579615,48,77,0.99692
2025-03-20,Google,36-50,West India,Desktop,Video,12,64137,3,0.047818342963000714,3066,0.9,2759.4,0.23611528434055037,720,78,0.99688
2025-03-21,Google,18-25,West India,Desktop,Image,21,43942,3,0.04316931394703166,1896,0.9,1706.4,0.16171521868346903,305,79,0.99684
2025-03-22,Instagram,26-35,North India,Mobile,Image,13,22635,3,0.03933866037024543,890,1.3,1157.0,0.1577564691827749,139,80,0.9968
2025-03-23,Instagram,18-25,West India,Mobile,Image,0,53763,3,0.06312981082519027,3394,1.3,4412.2,0.07608143362633511,257,81,0.99676
2025-03-24,Google,18-25,North India,Desktop,Video,4,85562,3,0.027858614129465702,2383,0.9,2144.7000000000003,0.08390709865721022,198,82,0.99672
2025-03-25,Google,26-35,South India,Mobile,Image,20,52072,3,0.09903298709279357,5156,0.9,4640.400000000001,0.21452766890919325,1102,83,0.99668
2025-03-26,Google,18-25,North India,Desktop,Image,6,8075,3,0.04730580899253592,381,0.9,342.90000000000003,0.14349191852830734,53,84,0.99664
2025-03-27,Google,26-35,West India,Desktop,Video,22,23378,3,0.054972419101532555,1285,0.9,1156.5,0.17970397066659058,229,85,0.9966
2025-03-28,Instagram,26-35,South India,Mobile,Video,5,36084,3,0.10522390359924988,3796,1.3,4934.8,0.11625629075509814,439,86,0.99656
2025-03-29,Instagram,26-35,North India,Mobile,Video,14,51426,3,0.0768293465455556,3951,1.3,5136.3,0.20579031478742965,810,87,0.99652
2025-03-30,Instagram,18-25,South India,Desktop,Video,14,80217,3,0.06746339403181417,5411,1.3,7034.3,0.06711384394165329,361,88,0.99648
2025-03-31,Google,26-35,North India,Mobile,Text,7,32584,3,0.05484865711431074,1787,0.9,1608.3,0.0696766837781667,123,89,0.99644
2025-04-01,Google,18-25,West India,Mobile,Image,1,32245,4,0.0779193685310049,2512,0.9,2260.8,0.0782637424464088,195,90,0.9964
2025-04-02,Instagram,26-35,West India,Desktop,Text,13,59959,4,0.03868437911826808,2319,1.3,3014.7000000000003,0.14234452003356912,328,91,0.99636
2025-04-03,Instagram,26-35,South India,Desktop,Video,15,5983,4,0.07184091384522948,429,1.3,557.7,0.2219960138691195,94,92,0.99632
2025-04-04,Instagram,36-50,South India,Mobile,Video,22,98785,4,0.11175962354773812,11040,1.3,14352.0,0.18194205474920386,2000,93,0.99628
2025-04-05,Instagram,36-50,South India,Mobile,Video,9,97927,4,0.08689002471852057,8508,1.3,11060.4,0.06452635834713738,545,94,0.99624
2025-04-06,Google,36-50,North India,Mobile,Video,14,31897,4,0.06264432611464009,1998,0.9,1798.2,0.22206161925067452,441,95,0.9962
2025-04-07,Google,18-25,West India,Desktop,Video,22,41602,4,0.06606293897654454,2748,0.9,2473.2000000000003,0.25024636601169353,684,96,0.99616
2025-04-08,Google,18-25,South India,Desktop,Image,3,86538,4,0.036415223239018184,3151,0.9,2835.9,0.09018734170002983,282,97,0.99612
2025-04-09,Google,26-35,South India,Desktop,Text,11,77034,4,0.06624728998429667,5103,0.9,4592.7,0.1771779167970997,900,98,0.99608
2025-04-10,Google,26-35,South India,Mobile,Text,9,50411,4,0.03724695433245685,1877,0.9,1689.3,0.19776383583852672,369,99,0.99604
2025-04-11,Google,26-35,North India,Desktop,Image,1,69742,4,0.02164585191957278,1509,0.9,1358.1000000000001,0.09778507008905063,146,100,0.996
2025-04-12,Instagram,26-35,South India,Desktop,Image,3,79466,4,0.08020910854531603,6373,1.3,8284.9,0.08699850192501402,551,101,0.99596
2025-04-13,Google,18-25,South India,Mobile,Image,19,76856,4,0.0626912981188639,4818,0.9,4336.2,0.23344940162002698,1119,102,0.99592
2025-04-14,Google,26-35,North India,Mobile,Text,5,94550,4,0.08959432686310219,8471,0.9,7623.900000000001,0.0468647749690398,394,103,0.99588
2025-04-15,Instagram,26-35,North India,Desktop,Text,13,98353,4,0.09192670358937753,9041,1.3,11753.300000000001,0.07619682068483184,685,104,0.99584
2025-04-16,Google,36-50,South India,Mobile,Video,22,39126,4,0.03670513190239309,1436,0.9,1292.4,0.2279124101964684,325,105,0.9958
2025-04-17,Google,26-35,South India,Mobile,Text,2,93288,4,0.07738629390049953,7219,0.9,6497.1,0.1418538848945684,1019,106,0.99576
2025-04-18,Instagram,26-35,North India,Mobile,Text,14,71043,4,0.07688392832257589,5462,1.3,7100.6,0.13162072333782468,714,107,0.99572
2025-04-19,Google,26-35,West India,Mobile,Image,0,56610,4,0.05887773532394398,3333,0.9,2999.7000000000003,0.16695937880155565,553,108,0.99568
2025-04-20,Google,18-25,North India,Mobile,Text,18,24925,4,0.03752894694208688,935,0.9,841.5,0.13184232543285704,122,109,0.99564
2025-04-21,Google,36-50,West India,Mobile,Video,0,37276,4,0.06957284894824028,2593,0.9,2333.7000000000003,0.12659583339473995,326,110,0.9956
2025-04-22,Google,26-35,South India,Desktop,Text,12,24689,4,0.031435774621658495,776,0.9,698.4,0.093810455595761,71,111,0.99556
2025-04-23,Instagram,26-35,South India,Desktop,Image,7,64942,4,0.107937661183358,7009,1.3,9111.7,0.13198061743475925,920,112,0.99552
2025-04-24,Instagram,36-50,West India,Desktop,Image,17,55146,4,0.09972380211969939,5499,1.3,7148.7,0.18369084076436504,1005,113,0.99548
2025-04-25,Instagram,26-35,North India,Mobile,Video,21,16238,4,0.11844448282591921,1923,1.3,2499.9,0.23441766869023511,447,114,0.99544
2025-04-26,Instagram,18-25,South India,Desktop,Video,2,61424,4,0.03292700387968263,2022,1.3,2628.6,0.16431537668724114,330,115,0.9954
2025-04-27,Instagram,26-35,West India,Desktop,Text,22,25807,4,0.10234261020455802,2641,1.3,3433.3,0.05304740439448604,139,116,0.99536
2025-04-28,Google,18-25,North India,Mobile,Video,17,75457,4,0.07851112611018378,5924,0.9,5331.6,0.23442293491138372,1381,117,0.99532
2025-04-29,Instagram,18-25,West India,Mobile,Video,19,12204,4,0.053858693293759835,657,1.3,854.1,0.0738143268465302,47,118,0.99528
2025-04-30,Google,26-35,North India,Mobile,Image,8,66245,4,0.08059695640852581,5339,0.9,4805.1,0.07099389319791956,377,119,0.99524
2025-05-01,Instagram,36-50,North India,Desktop,Image,5,39567,5,0.07462868841210019,2952,1.3,3837.6,0.15340117572057704,449,120,0.9952
2025-05-02,Instagram,18-25,North India,Mobile,Text,19,36697,5,0.10053162030350007,3689,1.3,4795.7,0.09464464900506375,347,121,0.99516
2025-05-03,Google,36-50,North India,Desktop,Text,1,91429,5,0.03927514635499784,3590,0.9,3231.0,0.0721711746684241,257,122,0.99512
2025-05-04,Google,26-35,West India,Mobile,Text,3,2530,5,0.07124846210177459,180,0.9,162.0,0.1447782527030364,25,123,0.99508
2025-05-05,Google,18-25,West India,Mobile,Text,17,97777,5,0.023234234534257513,2271,0.9,2043.9,0.1483002602719848,334,124,0.99504
2025-05-06,Google,26-35,West India,Desktop,Image,6,25297,5,0.04316411737335534,1091,0.9,981.9,0.0863067771788184,93,125,0.995
2025-05-07,Instagram,36-50,West India,Mobile,Text,10,75838,5,0.07186068597944886,5449,1.3,7083.7,0.13734247313606843,744,126,0.99496
2025-05-08,Instagram,26-35,West India,Mobile,Text,4,49906,5,0.07869558470023257,3927,1.3,5105.1,0.11474493337324228,447,127,0.99492
2025-05-09,Google,26-35,North India,Desktop,Video,7,67251,5,0.03107190470892569,2089,0.9,1880.1000000000001,0.08940882311466618,185,128,0.99488
2025-05-10,Google,18-25,South India,Desktop,Text,10,76069,5,0.04007111213297104,3048,0.9,2743.2000000000003,0.16063353795268154,486,129,0.99484
2025-05-11,Google,26-35,South India,Mobile,Video,23,61748,5,0.032290522982556996,1993,0.9,1793.7,0.06445517201462822,127,130,0.9948
2025-05-12,Google,26-35,West India,Mobile,Image,19,41295,5,0.05729584935392731,2366,0.9,2129.4,0.08451192188757425,197,131,0.99476
2025-05-13,Google,26-35,West India,Mobile,Text,19,53464,5,0.07689167135034974,4110,0.9,3699.0,0.08115513167506853,331,132,0.99472
2025-05-14,Google,18-25,South India,Desktop,Video,14,8223,5,0.05604279768722317,460,0.9,414.0,0.18043271460811874,81,133,0.99468
2025-05-15,Instagram,36-50,North India,Mobile,Text,23,14421,5,0.07373087520425388,1063,1.3,1381.9,0.03664485363672623,37,134,0.99464
2025-05-16,Google,36-50,West India,Mobile,Video,2,94232,5,0.05595159422290272,5272,0.9,4744.8,0.19748251951051857,1035,135,0.9946
2025-05-17,Google,26-35,North India,Mobile,Text,6,15066,5,0.022001128487849225,331,0.9,297.90000000000003,0.10681158776092056,34,136,0.99456
2025-05-18,Instagram,18-25,South India,Desktop,Image,23,22576,5,0.038848316357181195,877,1.3,1140.1000000000001,0.08635351599656246,74,137,0.99452
2025-05-19,Google,26-35,South India,Desktop,Image,7,83121,5,0.061885633742662045,5143,0.9,4628.7,0.14538468245919864,742,138,0.99448
2025-05-20,Instagram,36-50,West India,Desktop,Video,10,3140,5,0.0666645246333542,209,1.3,271.7,0.13820321854643033,27,139,0.99444
2025-05-21,Instagram,18-25,North India,Mobile,Video,9,60016,5,0.05720177088275488,3433,1.3,4462.900000000001,0.09926961162714597,338,140,0.9944
2025-05-22,Google,36-50,West India,Desktop,Image,19,42378,5,0.0627633175128631,2659,0.9,2393.1,0.04400350585667503,116,141,0.99436
2025-05-23,Google,36-50,South India,Mobile,Text,8,8370,5,0.055491316154430356,464,0.9,417.6,0.10953907854253268,49,142,0.99432
2025-05-24,Google,18-25,North India,Mobile,Video,14,52750,5,0.045017498375676174,2374,0.9,2136.6,0.05871616976168179,138,143,0.99428
2025-05-25,Google,18-25,West India,Desktop,Image,19,96052,5,0.0298390809587147,2866,0.9,2579.4,0.15342468981401647,436,144,0.99424
2025-05-26,Google,26-35,West India,Mobile,Video,23,13022,5,0.0475035768602027,618,0.9,556.2,0.06287230957432134,37,145,0.9942
2025-05-27,Instagram,26-35,West India,Mobile,Image,21,60222,5,0.09741919157528141,5866,1.3,7625.8,0.10002349854902473,582,146,0.99416
2025-05-28,Google,36-50,South India,Desktop,Image,4,19328,5,0.049316412994258395,953,0.9,857.7,0.11092097599559872,104,147,0.99412
2025-05-29,Google,18-25,West India,Mobile,Video,14,3929,5,0.04630520222429622,181,0.9,162.9,0.14144187923566762,24,148,0.99408
2025-05-30,Google,18-25,North India,Mobile,Video,3,44727,5,0.06874338705340269,3074,0.9,2766.6,0.051905459263267846,158,149,0.99404
2025-05-31,Instagram,26-35,West India,Mobile,Image,4,69919,5,0.08855231127338542,6191,1.3,8048.3,0.06853654265533024,421,150,0.994
2025-06-01,Google,36-50,South India,Mobile,Text,14,53692,6,0.04272587637729922,2294,0.9,2064.6,0.060338969736937656,137,151,0.99396
2025-06-02,Google,36-50,West India,Desktop,Image,16,50545,6,0.040933337740878054,2068,0.9,1861.2,0.11766309175384074,241,152,0.99392
2025-06-03,Google,26-35,South India,Mobile,Text,22,93968,6,0.03298112018697411,3099,0.9,2789.1,0.06831439666087284,209,153,0.99388
2025-06-04,Instagram,18-25,South India,Desktop,Text,7,77647,6,0.03312754859772999,2572,1.3,3343.6,0.05346136684708457,136,154,0.99384
2025-06-05,Google,26-35,North India,Mobile,Text,18,49338,6,0.04332077211403902,2137,0.9,1923.3,0.03265607408217863,68,155,0.9938
2025-06-06,Instagram,26-35,North India,Mobile,Video,8,60962,6,0.08922436831417052,5439,1.3,7070.7,0.17076340792505534,922,156,0.99376
2025-06-07,Instagram,26-35,West India,Mobile,Image,9,98435,6,0.05336441852011922,5252,1.3,6827.6,0.16721591021707116,872,157,0.99372
2025-06-08,Google,26-35,South India,Desktop,Image,4,24161,6,0.032057452320832604,774,0.9,696.6,0.14468722962098646,110,158,0.99368
2025-06-09,Instagram,18-25,South India,Mobile,Text,9,9823,6,0.10368419164293598,1018,1.3,1323.4,0.08685285367909636,87,159,0.99364
2025-06-10,Google,26-35,North India,Desktop,Text,21,93968,6,0.022110600583683297,2077,0.9,1869.3,0.04378867013488989,89,160,0.9936
2025-06-11,Instagram,18-25,North India,Mobile,Text,0,34089,6,0.0362919153438638,1237,1.3,1608.1000000000001,0.08171007328843231,100,161,0.99356
2025-06-12,Instagram,26-35,West India,Desktop,Image,21,61850,6,0.05447808338292698,3369,1.3,4379.7,0.09882378920024006,329,162,0.99352
2025-06-13,Google,36-50,South India,Desktop,Text,23,22053,6,0.04110847005555294,906,0.9,815.4,0.08774371839782387,78,163,0.99348
2025-06-14,Google,18-25,North India,Desktop,Image,3,18447,6,0.039022725693559634,719,0.9,647.1,0.08389865748475155,59,164,0.99344
2025-06-15,Instagram,36-50,West India,Desktop,Image,20,90841,6,0.0652775217919645,5929,1.3,7707.7,0.10406821018684542,612,165,0.9934
2025-06-16,Google,26-35,South India,Mobile,Video,4,4111,6,0.06113925431599853,251,0.9,225.9,0.06300760587482385,14,166,0.99336
2025-06-17,Google,26-35,South India,Desktop,Text,22,59820,6,0.07104144736232379,4249,0.9,3824.1,0.04029212457617999,169,167,0.99332
2025-06-18,Google,26-35,North India,Mobile,Text,6,94029,6,0.062408964972233694,5868,0.9,5281.2,0.03755417457087525,218,168,0.99328
2025-06-19,Instagram,18-25,West India,Mobile,Text,22,77521,6,0.10067856086092047,7804,1.3,10145.2,0.05490982817742773,425,169,0.99324
2025-06-20,Instagram,36-50,North India,Mobile,Video,4,69622,6,0.038638978464017336,2690,1.3,3497.0,0.0854810121519116,227,170,0.9932
2025-06-21,Google,18-25,West India,Mobile,Text,19,53963,6,0.08674957508365681,4681,0.9,4212.900000000001,0.051457183891935314,238,171,0.99316
2025-06-22,Google,18-25,South India,Mobile,Image,7,53503,6,0.02733164601397255,1462,0.9,1315.8,0.07865541516072928,113,172,0.99312
2025-06-23,Google,26-35,West India,Mobile,Text,16,90000,6,0.06797955860266057,6118,0.9,5506.2,0.053308917696160314,323,173,0.99308
2025-06-24,Instagram,36-50,West India,Mobile,Image,0,42918,6,0.10302812149024912,4421,1.3,5747.3,0.058048853527532314,254,174,0.99304
2025-06-25,Google,26-35,West India,Mobile,Image,21,72868,6,0.08288900938107624,6039,0.9,5435.1,0.07696669400607936,460,175,0.993
2025-06-26,Instagram,18-25,West India,Mobile,Image,17,43542,6,0.03699895396007327,1611,1.3,2094.3,0.09086917976772836,144,176,0.99296
2025-06-27,Google,26-35,West India,Desktop,Image,11,69712,6,0.055206197083253514,3848,0.9,3463.2000000000003,0.13698748102664168,523,177,0.99292
2025-06-28,Instagram,36-50,North India,Desktop,Text,2,3416,6,0.034744363352473016,118,1.3,153.4,0.1333086749859485,14,178,0.99288
2025-06-29,Google,26-35,West India,Desktop,Video,19,41436,6,0.026555252060352117,1100,0.9,990.0,0.19226686350515187,209,179,0.99284
2025-06-30,Google,36-50,West India,Mobile,Video,13,75187,6,0.02839869575753919,2135,0.9,1921.5,0.12155903170448971,257,180,0.9928
2025-07-01,Google,36-50,South India,Mobile,Image,15,11486,7,0.028477868065733172,327,0.9,294.3,0.11504714370247555,36,181,0.99276
2025-07-02,Instagram,26-35,West India,Desktop,Text,17,19695,7,0.08889265318029449,1750,1.3,2275.0,0.04895804952320194,84,182,0.99272
2025-07-03,Instagram,18-25,South India,Desktop,Video,9,2229,7,0.027655892156588497,61,1.3,79.3,0.23237757539622833,13,183,0.99268
2025-07-04,Google,26-35,North India,Desktop,Text,22,68066,7,0.058533754373530686,3984,0.9,3585.6,0.1182290559683877,467,184,0.99264
2025-07-05,Instagram,18-25,North India,Mobile,Video,14,43347,7,0.09716286541272061,4211,1.3,5474.3,0.1808718943823578,755,185,0.9926
2025-07-06,Instagram,18-25,West India,Mobile,Image,9,2363,7,0.051460880594928,121,1.3,157.3,0.07278291319119791,7,186,0.99256
2025-07-07,Instagram,26-35,North India,Desktop,Image,0,83372,7,0.0844305954631885,7039,1.3,9150.7,0.09134443588197144,637,187,0.99252
2025-07-08,Google,18-25,West India,Mobile,Image,18,86824,7,0.07037017284966353,6109,0.9,5498.1,0.054370314515019266,329,188,0.99248
2025-07-09,Google,18-25,North India,Mobile,Video,1,88916,7,0.04758075994556329,4230,0.9,3807.0,0.19575377161352833,821,189,0.99244
2025-07-10,Google,26-35,West India,Desktop,Text,12,46869,7,0.031298284781593064,1466,0.9,1319.4,0.06801367707612356,98,190,0.9924
2025-07-11,Instagram,26-35,West India,Desktop,Image,15,50729,7,0.04480173845460208,2272,1.3,2953.6,0.12344136672882852,277,191,0.99236
2025-07-12,Instagram,26-35,South India,Mobile,Text,7,21303,7,0.06947725431318426,1480,1.3,1924.0,0.05732560178964902,83,192,0.99232
2025-07-13,Instagram,18-25,South India,Mobile,Text,2,73853,7,0.03307824054130738,2442,1.3,3174.6,0.14248608214451616,344,193,0.99228
2025-07-14,Google,36-50,South India,Desktop,Image,20,4264,7,0.05120513342121862,218,0.9,196.20000000000002,0.07269707875860747,14,194,0.99224
2025-07-15,Google,18-25,South India,Mobile,Video,18,19315,7,0.07401780667317055,1429,0.9,1286.1000000000001,0.20237423546811642,286,195,0.9922
2025-07-16,Instagram,36-50,West India,Desktop,Image,13,79229,7,0.05157967234983192,4086,1.3,5311.8,0.09624675671227609,389,196,0.99216
2025-07-17,Instagram,26-35,North India,Desktop,Image,10,83102,7,0.04346888973648072,3612,1.3,4695.6,0.11484168320386359,410,197,0.99212
2025-07-18,Instagram,36-50,West India,Desktop,Video,11,61521,7,0.06032984794278696,3711,1.3,4824.3,0.09331107516733347,343,198,0.99208
2025-07-19,Instagram,26-35,South India,Desktop,Text,10,25811,7,0.04149772518399306,1071,1.3,1392.3,0.15295543814552776,161,199,0.99204
2025-07-20,Instagram,26-35,South India,Mobile,Video,10,34405,7,0.043381300634048235,1492,1.3,1939.6000000000001,0.19322368842439294,285,200,0.992
2025-07-21,Google,36-50,North India,Mobile,Video,21,53157,7,0.07948332114061239,4225,0.9,3802.5,0.10214212464709586,427,201,0.99196
2025-07-22,Google,26-35,South India,Mobile,Image,20,60823,7,0.03558126012174866,2164,0.9,1947.6000000000001,0.13414606263568,287,202,0.99192
2025-07-23,Instagram,36-50,West India,Mobile,Video,17,20856,7,0.038923636967016374,811,1.3,1054.3,0.0696700611163105,55,203,0.99188
2025-07-24,Instagram,26-35,West India,Mobile,Video,9,93902,7,0.05073485210160753,4764,1.3,6193.2,0.07495934481875131,354,204,0.99184
2025-07-25,Google,18-25,West India,Mobile,Video,15,47970,7,0.06305919767504085,3024,0.9,2721.6,0.13765784025864916,412,205,0.9918
2025-07-26,Google,18-25,West India,Desktop,Text,7,51787,7,0.024644997501366943,1276,0.9,1148.4,0.11023125324103099,138,206,0.99176
2025-07-27,Instagram,26-35,West India,Mobile,Text,5,77174,7,0.03471367307875989,2678,1.3,3481.4,0.10033437393375011,265,207,0.99172
2025-07-28,Google,26-35,North India,Mobile,Image,18,87352,7,0.032613805365931024,2848,0.9,2563.2000000000003,0.1124012637170391,317,208,0.99168
2025-07-29,Google,36-50,West India,Mobile,Image,12,21598,7,0.05057709074862441,1092,0.9,982.8000000000001,0.143920619726374,155,209,0.99164
2025-07-30,Google,18-25,South India,Mobile,Text,14,43541,7,0.0463876982908834,2019,0.9,1817.1000000000001,0.1555251392319238,311,210,0.9916
2025-07-31,Instagram,36-50,South India,Mobile,Video,12,11652,7,0.04686577594683909,546,1.3,709.8000000000001,0.12442802640245956,66,211,0.99156
2025-08-01,Instagram,26-35,South India,Mobile,Image,0,17963,8,0.08134604745460636,1461,1.3,1899.3,0.1266877275009999,183,212,0.99152
2025-08-02,Google,26-35,South India,Mobile,Image,20,33223,8,0.037252761697067524,1237,0.9,1113.3,0.18152569359443363,222,213,0.99148
2025-08-03,Instagram,36-50,North India,Desktop,Video,1,32024,8,0.061550589412825985,1971,1.3,2562.3,0.1196988735836201,232,214,0.99144
2025-08-04,Google,26-35,South India,Desktop,Video,12,4941,8,0.01959799174067521,96,0.9,86.4,0.135063527161308,11,215,0.9914
2025-08-05,Google,18-25,North India,Desktop,Video,1,74923,8,0.058001187388327,4345,0.9,3910.5,0.16793570735885263,722,216,0.99136
2025-08-06,Instagram,36-50,South India,Mobile,Video,10,75060,8,0.06814674965318684,5115,1.3,6649.5,0.2149252480687206,1089,217,0.99132
2025-08-07,Instagram,18-25,North India,Mobile,Video,12,42617,8,0.06850902031291717,2919,1.3,3794.7000000000003,0.16333249137768407,471,218,0.99128
2025-08-08,Instagram,18-25,North India,Mobile,Text,9,91815,8,0.05757352390894528,5286,1.3,6871.8,0.04361906238569106,227,219,0.99124
2025-08-09,Instagram,18-25,North India,Mobile,Video,22,55704,8,0.06520945036073927,3632,1.3,4721.6,0.11977745055714793,431,220,0.9912
2025-08-10,Instagram,36-50,South India,Mobile,Image,21,27025,8,0.060325132808337324,1630,1.3,2119.0,0.07664332194036523,122,221,0.99116
2025-08-11,Google,26-35,North India,Mobile,Text,14,84172,8,0.038605244729396485,3249,0.9,2924.1,0.0681761799615825,219,222,0.99112
2025-08-12,Google,18-25,West India,Desktop,Image,0,44224,8,0.06285935699889886,2779,0.9,2501.1,0.10562561646713009,290,223,0.99108
2025-08-13,Google,18-25,West India,Mobile,Video,13,14277,8,0.058892470482462295,840,0.9,756.0,0.0852168163040388,70,224,0.99104
2025-08-14,Google,18-25,South India,Mobile,Image,9,49718,8,0.07434945572645539,3696,0.9,3326.4,0.12345378529737276,451,225,0.991
2025-08-15,Instagram,26-35,West India,Mobile,Video,17,41995,8,0.045927426495306435,1928,1.3,2506.4,0.15607034823653637,297,226,0.99096
2025-08-16,Google,26-35,West India,Mobile,Image,10,8539,8,0.07056591186880326,602,0.9,541.8000000000001,0.1624857667750917,96,227,0.99092
2025-08-17,Instagram,36-50,West India,Desktop,Image,6,33853,8,0.06032098787720507,2042,1.3,2654.6,0.06960448649930796,140,228,0.99088
2025-08-18,Instagram,26-35,South India,Mobile,Video,14,27811,8,0.10345178731985635,2877,1.3,3740.1,0.11019241763035384,314,229,0.99084
2025-08-19,Instagram,36-50,South India,Mobile,Image,2,93464,8,0.09698830415454425,9064,1.3,11783.2,0.10649327408799876,956,230,0.9908
2025-08-20,Google,36-50,West India,Mobile,Text,1,7909,8,0.057026993472268014,451,0.9,405.90000000000003,0.060721065587602575,26,231,0.99076
2025-08-21,Instagram,36-50,South India,Mobile,Image,21,94605,8,0.05129617284389533,4852,1.3,6307.6,0.09513417088199405,456,232,0.99072
2025-08-22,Google,36-50,North India,Mobile,Text,7,54433,8,0.05808938835075351,3161,0.9,2844.9,0.13216277627680964,413,233,0.99068
2025-08-23,Google,36-50,West India,Desktop,Text,7,47084,8,0.03811624281177047,1794,0.9,1614.6000000000001,0.05049992024932969,89,234,0.99064
2025-08-24,Instagram,18-25,South India,Desktop,Image,10,74569,8,0.07508995316840678,5599,1.3,7278.7,0.11233712942363859,622,235,0.9906
2025-08-25,Google,26-35,South India,Desktop,Text,15,57816,8,0.02877583953674669,1663,0.9,1496.7,0.07810557713001345,127,236,0.99056
2025-08-26,Google,18-25,West India,Mobile,Text,1,11748,8,0.05477167269733975,643,0.9,578.7,0.04318260189018454,26,237,0.99052
2025-08-27,Instagram,36-50,South India,Mobile,Image,21,71602,8,0.0967289295453067,6925,1.3,9002.5,0.05880330068914595,403,238,0.99048
2025-08-28,Google,26-35,West India,Mobile,Video,4,63465,8,0.03950867371717349,2507,0.9,2256.3,0.17985982529750286,445,239,0.99044
2025-08-29,Instagram,18-25,South India,Desktop,Video,6,50408,8,0.0688009397632349,3468,1.3,4508.400000000001,0.21031114195660114,722,240,0.9904
2025-08-30,Instagram,18-25,North India,Desktop,Text,19,12998,8,0.03895418443551719,506,1.3,657.8000000000001,0.11611612924907912,57,241,0.99036
2025-08-31,Instagram,36-50,West India,Desktop,Text,12,14764,8,0.06754081633068527,997,1.3,1296.1000000000001,0.098168257466191,96,242,0.99032
2025-09-01,Google,18-25,North India,Mobile,Video,1,46379,9,0.04791325217906908,2222,0.9,1999.8,0.16891645063718186,371,243,0.99028
2025-09-02,Google,18-25,West India,Mobile,Text,2,82394,9,0.07104551838588027,5853,0.9,5267.7,0.05208987516560491,301,244,0.99024
2025-09-03,Instagram,18-25,South India,Mobile,Video,8,60588,9,0.09600244870302993,5816,1.3,7560.8,0.1969812557901726,1133,245,0.9902
2025-09-04,Google,18-25,North India,Mobile,Image,9,83613,9,0.06831367680165563,5711,0.9,5139.900000000001,0.0943222040939302,532,246,0.99016
2025-09-05,Instagram,18-25,South India,Mobile,Text,23,63398,9,0.04920726393853179,3119,1.3,4054.7000000000003,0.13561630344379672,417,247,0.99012
2025-09-06,Instagram,36-50,West India,Mobile,Image,12,76793,9,0.038849003486264674,2983,1.3,3877.9,0.07188491521876106,211,248,0.99008
2025-09-07,Instagram,36-50,West India,Desktop,Video,20,48210,9,0.07803030504374113,3761,1.3,4889.3,0.18786729468269997,698,249,0.99004
2025-09-08,Google,18-25,West India,Mobile,Video,12,45560,9,0.0668328274453201,3044,0.9,2739.6,0.14344357968878327,431,250,0.99
2025-09-09,Google,36-50,West India,Mobile,Image,4,70201,9,0.04409273388111729,3095,0.9,2785.5,0.04102725144982108,124,251,0.98996
2025-09-10,Instagram,36-50,West India,Mobile,Text,22,17734,9,0.10991716969603764,1949,1.3,2533.7000000000003,0.09579279300829321,184,252,0.98992
2025-09-11,Google,26-35,North India,Mobile,Image,6,75376,9,0.03167348203415886,2387,0.9,2148.3,0.0792671707635722,187,253,0.98988
2025-09-12,Google,18-25,West India,Desktop,Image,16,78598,9,0.059419486084750055,4670,0.9,4203.0,0.048050260663772444,221,254,0.98984
2025-09-13,Instagram,36-50,South India,Mobile,Text,14,73580,9,0.033473941065657674,2463,1.3,3201.9,0.09595282519856328,233,255,0.9898
2025-09-14,Instagram,36-50,North India,Mobile,Video,4,3063,9,0.07891256935945512,241,1.3,313.3,0.09531063676566191,21,256,0.98976
2025-09-15,Instagram,18-25,South India,Desktop,Image,23,23313,9,0.06819984994417988,1589,1.3,2065.7000000000003,0.0754760852405295,117,257,0.98972
2025-09-16,Instagram,26-35,West India,Mobile,Image,6,28087,9,0.09675740956164015,2717,1.3,3532.1,0.08887708035032221,238,258,0.98968
2025-09-17,Google,18-25,South India,Mobile,Video,1,46779,9,0.040546509482105815,1896,0.9,1706.4,0.08599141355799374,161,259,0.98964
2025-09-18,Instagram,26-35,North India,Desktop,Image,23,41181,9,0.06003264091169265,2472,1.3,3213.6,0.07787500411601356,190,260,0.9896
2025-09-19,Instagram,18-25,North India,Desktop,Video,17,19205,9,0.05516928452453002,1059,1.3,1376.7,0.06400736653840998,66,261,0.98956
2025-09-20,Google,18-25,North India,Mobile,Text,9,13464,9,0.04387495285283487,590,0.9,531.0,0.04183153832465045,23,262,0.98952
2025-09-21,Google,18-25,South India,Mobile,Video,0,28132,9,0.036847707869558204,1036,0.9,932.4,0.22097159005575032,225,263,0.98948
2025-09-22,Instagram,18-25,North India,Mobile,Video,13,51737,9,0.10106899574086343,5229,1.3,6797.7,0.18968142187841133,980,264,0.98944
2025-09-23,Instagram,26-35,South India,Desktop,Image,18,70285,9,0.07104349976041384,4993,1.3,6490.900000000001,0.1715128005941221,846,265,0.9894
2025-09-24,Instagram,26-35,West India,Mobile,Video,15,65549,9,0.10053249926268924,6589,1.3,8565.7,0.08669468974491082,564,266,0.98936
2025-09-25,Instagram,36-50,West India,Desktop,Video,18,36306,9,0.058121927168853234,2110,1.3,2743.0,0.16994962252441828,354,267,0.98932
2025-09-26,Google,18-25,South India,Desktop,Image,5,26592,9,0.025874058992433287,688,0.9,619.2,0.1348156683686531,91,268,0.98928
2025-09-27,Google,26-35,North India,Desktop,Video,11,84987,9,0.05188932560853012,4409,0.9,3968.1,0.05377685282373125,234,269,0.98924
2025-09-28,Instagram,26-35,South India,Mobile,Image,2,94794,9,0.10564019768465305,10014,1.3,13018.2,0.1825362056306464,1807,270,0.9892
2025-09-29,Instagram,26-35,South India,Mobile,Text,6,45758,9,0.10569591211738373,4836,1.3,6286.8,0.16803585520503894,803,271,0.98916
2025-09-30,Instagram,18-25,South India,Mobile,Video,23,99392,9,0.036306906719803744,3608,1.3,4690.400000000001,0.183771722007088,655,272,0.98912
2025-10-01,Instagram,36-50,West India,Desktop,Text,2,88157,10,0.05239000806139493,4618,1.3,6003.400000000001,0.061549430005198885,280,273,0.98908
2025-10-02,Google,26-35,South India,Mobile,Video,16,7577,10,0.05953190515486612,451,0.9,405.90000000000003,0.1552548930031795,69,274,0.98904
2025-10-03,Google,18-25,West India,Mobile,Video,14,86230,10,0.058424148484055326,5037,0.9,4533.3,0.06637592263283502,330,275,0.989
2025-10-04,Instagram,26-35,South India,Mobile,Text,18,9263,10,0.0557310159866698,516,1.3,670.8000000000001,0.07651019986026038,38,276,0.98896
2025-10-05,Instagram,26-35,West India,Mobile,Text,18,83741,10,0.09690069798793914,8114,1.3,10548.2,0.11935346631024253,957,277,0.98892
2025-10-06,Instagram,36-50,South India,Mobile,Image,22,9072,10,0.11174094437692263,1013,1.3,1316.9,0.09036543175076919,89,278,0.98888
2025-10-07,Instagram,26-35,South India,Mobile,Image,10,61814,10,0.07252771632528193,4483,1.3,5827.900000000001,0.066669709343876,294,279,0.98884
2025-10-08,Instagram,26-35,North India,Mobile,Text,20,46306,10,0.11310171197272434,5237,1.3,6808.1,0.03314461752570613,171,280,0.9888
2025-10-09,Google,18-25,North India,Mobile,Video,19,6691,10,0.039274073632384575,262,0.9,235.8,0.13697329891543775,34,281,0.98876
2025-10-10,Google,18-25,South India,Mobile,Image,1,88649,10,0.039941743806103235,3540,0.9,3186.0,0.19317526051147363,675,282,0.98872
2025-10-11,Google,36-50,South India,Desktop,Video,6,2953,10,0.058566115277741526,172,0.9,154.8,0.14226778069405935,23,283,0.98868
2025-10-12,Instagram,18-25,South India,Desktop,Image,18,71499,10,0.0672467541462009,4808,1.3,6250.400000000001,0.07674223885968509,363,284,0.98864
2025-10-13,Google,18-25,South India,Mobile,Image,6,94405,10,0.048502651919000835,4578,0.9,4120.2,0.11534512353833185,521,285,0.9886
2025-10-14,Google,36-50,North India,Mobile,Image,9,77981,10,0.03843375663321669,2997,0.9,2697.3,0.118077134883208,348,286,0.98856
2025-10-15,Google,26-35,West India,Desktop,Text,11,38759,10,0.050864000584882406,1971,0.9,1773.9,0.1293628297040468,251,287,0.98852
2025-10-16,Google,36-50,South India,Mobile,Video,22,21185,10,0.07695553867757414,1630,0.9,1467.0,0.1364550072683524,219,288,0.98848
2025-10-17,Instagram,18-25,North India,Mobile,Text,17,74983,10,0.03819081428967648,2863,1.3,3721.9,0.05185223090167658,146,289,0.98844
2025-10-18,Google,36-50,South India,Mobile,Image,22,35699,10,0.028451531507684737,1015,0.9,913.5,0.07295353221161241,73,290,0.9884
2025-10-19,Google,26-35,South India,Mobile,Text,5,74490,10,0.022535362981814827,1678,0.9,1510.2,0.1551741355531399,256,291,0.98836
2025-10-20,Instagram,36-50,West India,Mobile,Text,19,54739,10,0.09187115511254816,5028,1.3,6536.400000000001,0.0621127847609858,308,292,0.98832
2025-10-21,Google,18-25,South India,Desktop,Text,20,56631,10,0.02983481735993153,1689,0.9,1520.1000000000001,0.13269750712570927,221,293,0.98828
2025-10-22,Google,18-25,South India,Desktop,Video,7,18945,10,0.05422418363313515,1027,0.9,924.3000000000001,0.1025017345578194,103,294,0.98824
2025-10-23,Google,36-50,West India,Mobile,Text,4,39294,10,0.05130641194682534,2016,0.9,1814.4,0.11974688518686516,238,295,0.9882
2025-10-24,Instagram,26-35,West India,Mobile,Text,2,13920,10,0.058790132130168336,818,1.3,1063.4,0.04332528384554983,34,296,0.98816
2025-10-25,Google,36-50,West India,Mobile,Text,1,96520,10,0.03173021922092743,3062,0.9,2755.8,0.05867977287132304,176,297,0.98812
2025-10-26,Instagram,26-35,West India,Mobile,Text,21,54609,10,0.1270052773987056,6935,1.3,9015.5,0.08263545365385234,566,298,0.98808
2025-10-27,Google,26-35,North India,Mobile,Text,5,72096,10,0.05390946499594003,3886,0.9,3497.4,0.09055653937577654,346,299,0.98804
2025-10-28,Google,36-50,North India,Mobile,Text,6,81925,10,0.04072080654615977,3336,0.9,3002.4,0.07220111758978637,237,300,0.988
2025-10-29,Google,26-35,North India,Desktop,Text,7,63358,10,0.041268658525099276,2614,0.9,2352.6,0.09713602085517234,249,301,0.98796
2025-10-30,Google,18-25,South India,Mobile,Image,3,25265,10,0.05439651454185953,1374,0.9,1236.6000000000001,0.0941069548349256,127,302,0.98792
2025-10-31,Instagram,36-50,West India,Desktop,Text,11,74251,10,0.08975189826184374,6664,1.3,8663.2,0.11473423454152515,754,303,0.98788
2025-11-01,Instagram,26-35,West India,Mobile,Text,23,85604,11,0.0407444093066461,3487,1.3,4533.1,0.09483363783644207,325,304,0.98784
2025-11-02,Instagram,18-25,North India,Mobile,Video,11,10438,11,0.10086466079366621,1052,1.3,1367.6000000000001,0.15813543994764387,163,305,0.9878
2025-11-03,Google,36-50,South India,Mobile,Image,16,71779,11,0.07590860141045211,5448,0.9,4903.2,0.11037076002714613,593,306,0.98776
2025-11-04,Google,18-25,South India,Mobile,Text,21,29629,11,0.07469715383516974,2213,0.9,1991.7,0.15213386793835873,331,307,0.98772
2025-11-05,Instagram,18-25,South India,Desktop,Video,21,63442,11,0.033153141543990454,2103,1.3,2733.9,0.1234181364502778,255,308,0.98768
2025-11-06,Google,18-25,North India,Mobile,Text,18,5085,11,0.04078630363104635,207,0.9,186.3,0.06713451133138587,12,309,0.98764
2025-11-07,Google,26-35,South India,Mobile,Text,8,83926,11,0.05076903045220255,4260,0.9,3834.0,0.11032242883410835,463,310,0.9876
2025-11-08,Google,36-50,South India,Mobile,Text,11,25513,11,0.06082671761007961,1551,0.9,1395.9,0.1040506742297984,158,311,0.98756
2025-11-09,Google,36-50,South India,Mobile,Text,20,61084,11,0.06615054628729274,4040,0.9,3636.0,0.10521903780355552,419,312,0.98752
2025-11-10,Instagram,26-35,West India,Mobile,Text,16,87230,11,0.06731019648260214,5871,1.3,7632.3,0.12873948082263,745,313,0.98748
2025-11-11,Instagram,36-50,North India,Mobile,Video,22,64605,11,0.10323123012651912,6669,1.3,8669.7,0.13954004438114967,918,314,0.98744
2025-11-12,Instagram,18-25,West India,Desktop,Text,9,62666,11,0.05756309625331241,3607,1.3,4689.1,0.13934658960704197,495,315,0.9874
2025-11-13,Google,36-50,West India,Desktop,Video,18,81420,11,0.07397329673351855,6022,0.9,5419.8,0.1520082932009957,903,316,0.98736
2025-11-14,Google,26-35,North India,Mobile,Text,10,69412,11,0.053013162482633276,3679,0.9,3311.1,0.03475331433987353,125,317,0.98732
2025-11-15,Google,18-25,West India,Mobile,Video,19,92743,11,0.07876330748107323,7304,0.9,6573.6,0.1942261154008358,1399,318,0.98728
2025-11-16,Google,26-35,South India,Mobile,Image,21,52178,11,0.07537352480815214,3932,0.9,3538.8,0.173326811875048,672,319,0.98724
2025-11-17,Google,18-25,South India,Mobile,Text,23,72092,11,0.05834530763561097,4206,0.9,3785.4,0.043794447656995666,181,320,0.9872
2025-11-18,Instagram,18-25,South India,Desktop,Image,12,87027,11,0.03811162339980462,3316,1.3,4310.8,0.06329380662101076,206,321,0.98716
2025-11-19,Instagram,36-50,South India,Desktop,Image,3,39009,11,0.05054275675099905,1971,1.3,2562.3,0.129678825654606,251,322,0.98712
2025-11-20,Google,18-25,North India,Mobile,Image,14,64976,11,0.0539816358512553,3507,0.9,3156.3,0.04369939152593659,151,323,0.98708
2025-11-21,Instagram,26-35,West India,Mobile,Text,11,33225,11,0.04794778975442048,1593,1.3,2070.9,0.08292898942286622,130,324,0.98704
2025-11-22,Instagram,36-50,West India,Desktop,Image,23,39437,11,0.05491998263157711,2165,1.3,2814.5,0.17655049073095877,377,325,0.987
2025-11-23,Instagram,26-35,South India,Desktop,Video,9,71935,11,0.08671599099047402,6237,1.3,8108.1,0.08472903246343537,521,326,0.98696
2025-11-24,Instagram,18-25,South India,Mobile,Text,21,14648,11,0.08931196615374182,1308,1.3,1700.4,0.06437794326146862,82,327,0.98692
2025-11-25,Google,26-35,West India,Mobile,Image,6,97423,11,0.05627379307441496,5482,0.9,4933.8,0.13468877341289098,728,328,0.98688
2025-11-26,Google,26-35,North India,Mobile,Text,23,43936,11,0.05483799560882596,2409,0.9,2168.1,0.03727173653319967,87,329,0.98684
2025-11-27,Google,18-25,West India,Desktop,Image,1,41263,11,0.06100663095967971,2517,0.9,2265.3,0.1548960626116769,383,330,0.9868
2025-11-28,Instagram,36-50,South India,Mobile,Video,20,49373,11,0.07219379894352862,3564,1.3,4633.2,0.0895809569882756,314,331,0.98676
2025-11-29,Google,26-35,South India,Desktop,Text,6,53814,11,0.03397566968879578,1828,0.9,1645.2,0.10698044007928659,192,332,0.98672
2025-11-30,Google,18-25,North India,Mobile,Text,7,66137,11,0.050874601620778004,3364,0.9,3027.6,0.06042267534439471,200,333,0.98668
2025-12-01,Google,36-50,West India,Mobile,Image,20,88340,12,0.07829144289587293,6916,0.9,6224.400000000001,0.132243471195386,901,334,0.98664
2025-12-02,Google,36-50,North India,Mobile,Video,18,97455,12,0.06206401118173587,6048,0.9,5443.2,0.1393196883213309,830,335,0.9866
2025-12-03,Instagram,36-50,North India,Desktop,Text,5,47972,12,0.06383095615356492,3062,1.3,3980.6,0.13929501189966573,420,336,0.98656
2025-12-04,Instagram,26-35,South India,Mobile,Image,20,29147,12,0.048238186170156266,1405,1.3,1826.5,0.11262251635886683,155,337,0.98652
2025-12-05,Google,26-35,West India,Desktop,Video,7,20295,12,0.05205653186590578,1056,0.9,950.4,0.19497966573768014,202,338,0.98648
2025-12-06,Google,26-35,South India,Mobile,Video,21,7897,12,0.030785586272844605,243,0.9,218.70000000000002,0.1592118753892196,37,339,0.98644
2025-12-07,Google,36-50,West India,Desktop,Video,19,77812,12,0.03643678491342367,2835,0.9,2551.5,0.20162972556774306,563,340,0.9863999999999999
2025-12-08,Google,26-35,South India,Desktop,Video,3,39253,12,0.024886691568384373,976,0.9,878.4,0.10672871738432152,102,341,0.98636
2025-12-09,Google,18-25,South India,Mobile,Text,19,6838,12,0.08874859179101728,606,0.9,545.4,0.10936372117538336,65,342,0.98632
2025-12-10,Google,26-35,West India,Desktop,Text,23,83693,12,0.022054241842568035,1845,0.9,1660.5,0.08041352734656491,145,343,0.98628
2025-12-11,Google,26-35,West India,Mobile,Video,8,68680,12,0.06370009852779412,4374,0.9,3936.6,0.059070749332324125,254,344,0.98624
2025-12-12,Instagram,36-50,South India,Mobile,Image,4,80942,12,0.03556102113778715,2878,1.3,3741.4,0.13243693361993622,375,345,0.9862
2025-12-13,Instagram,26-35,West India,Mobile,Image,5,27414,12,0.1069792895295321,2932,1.3,3811.6,0.15119197608195772,436,346,0.98616
2025-12-14,Google,18-25,South India,Desktop,Video,18,39748,12,0.06282538346598579,2497,0.9,2247.3,0.15558643039731535,382,347,0.98612
2025-12-15,Google,36-50,West India,Desktop,Video,11,62157,12,0.03602195874332071,2239,0.9,2015.1000000000001,0.09492948357814525,209,348,0.98608
2025-12-16,Instagram,18-25,South India,Mobile,Image,4,30483,12,0.04517406868835227,1377,1.3,1790.1000000000001,0.08462967164939803,114,349,0.98604
2025-12-17,Google,36-50,South India,Desktop,Video,4,12513,12,0.030991760200685507,387,0.9,348.3,0.09675256236524157,36,350,0.986
2025-12-18,Instagram,36-50,South India,Mobile,Video,17,56549,12,0.08178094187401815,4624,1.3,6011.2,0.23383592493641603,1065,351,0.98596
2025-12-19,Instagram,26-35,North India,Desktop,Text,5,45802,12,0.07936797068191953,3635,1.3,4725.5,0.07743176913586267,277,352,0.98592
2025-12-20,Google,18-25,West India,Mobile,Text,8,27451,12,0.07281907596650122,1998,0.9,1798.2,0.07170750187349764,140,353,0.98588
2025-12-21,Google,36-50,South India,Mobile,Video,10,41909,12,0.0606628369699762,2542,0.9,2287.8,0.1301329003977205,325,354,0.98584
2025-12-22,Instagram,26-35,North India,Mobile,Video,22,49091,12,0.11759343943512565,5772,1.3,7503.6,0.06408134907203088,363,355,0.9858
2025-12-23,Google,36-50,South India,Mobile,Text,13,53389,12,0.07499353555956727,4003,0.9,3602.7000000000003,0.06305895625230991,248,356,0.98576
2025-12-24,Instagram,36-50,North India,Mobile,Video,23,41963,12,0.06923482482635551,2905,1.3,3776.5,0.12682078182977388,362,357,0.98572
2025-12-25,Instagram,36-50,South India,Mobile,Text,1,55734,12,0.08682073974644967,4838,1.3,6289.400000000001,0.1419690937626753,676,358,0.98568
2025-12-26,Instagram,36-50,South India,Mobile,Text,13,89208,12,0.04094601202353834,3652,1.3,4747.6,0.1521242537360347,547,359,0.98564
2025-12-27,Google,36-50,North India,Desktop,Image,18,79167,12,0.07188787368516233,5691,0.9,5121.900000000001,0.15317597408862021,858,360,0.9856
2025-12-28,Instagram,36-50,North India,Mobile,Text,9,66509,12,0.09589072677667691,6377,1.3,8290.1,0.13910408567531754,874,361,0.98556
2025-12-29,Google,26-35,West India,Desktop,Image,4,33291,12,0.05493122825337789,1828,0.9,1645.2,0.05760801332894606,103,362,0.98552
2025-12-30,Google,36-50,West India,Mobile,Image,22,22817,12,0.03406352635919758,777,0.9,699.3000000000001,0.04573583980781192,34,363,0.98548
2025-12-31,Instagram,18-25,North India,Mobile,Text,3,77968,12,0.03983018750898414,3105,1.3,4036.5,0.044252914200492044,135,364,0.98544
2026-01-01,Google,26-35,West India,Mobile,Video,6,85487,1,0.040925965702763294,3498,0.9,3148.2000000000003,0.14892469855985177,512,365,0.9854
2026-01-02,Instagram,18-25,North India,Desktop,Text,23,74666,1,0.049399643246654315,3688,1.3,4794.400000000001,0.09516925134204172,344,366,0.98536
2026-01-03,Instagram,36-50,West India,Desktop,Image,12,89672,1,0.05363138033155871,4809,1.3,6251.7,0.13396940882984376,634,367,0.98532
2026-01-04,Google,18-25,South India,Mobile,Text,9,3559,1,0.03392898008486095,120,0.9,108.0,0.08597576483041888,9,368,0.98528
2026-01-05,Google,36-50,West India,Mobile,Text,9,15744,1,0.05264510428817729,828,0.9,745.2,0.08059906790820547,65,369,0.98524
2026-01-06,Google,36-50,South India,Mobile,Image,3,32155,1,0.02669996285822124,858,0.9,772.2,0.12801856383817067,107,370,0.9852
2026-01-07,Google,26-35,South India,Mobile,Text,15,22021,1,0.030522901558812782,672,0.9,604.8000000000001,0.04774844524805346,31,371,0.98516
2026-01-08,Google,26-35,West India,Desktop,Text,14,83532,1,0.029133681073704225,2433,0.9,2189.7000000000003,0.12918478777019615,309,372,0.98512
2026-01-09,Instagram,36-50,North India,Mobile,Image,20,57898,1,0.08745109505352866,5063,1.3,6581.900000000001,0.16073978789699328,800,373,0.98508
2026-01-10,Google,26-35,South India,Mobile,Video,10,79723,1,0.06583850663521518,5248,0.9,4723.2,0.12438139309477089,642,374,0.98504
2026-01-11,Google,18-25,South India,Desktop,Image,18,52036,1,0.05797197317355673,3016,0.9,2714.4,0.15789415379839447,468,375,0.985
2026-01-12,Instagram,26-35,West India,Desktop,Image,20,54176,1,0.04004557955380387,2169,1.3,2819.7000000000003,0.11683686083876285,249,376,0.98496
2026-01-13,Google,26-35,North India,Mobile,Text,23,59399,1,0.07459147626521882,4430,0.9,3987.0,0.05898077158882355,257,377,0.98492
2026-01-14,Instagram,18-25,North India,Mobile,Image,2,19006,1,0.09816542155811751,1865,1.3,2424.5,0.04701710604819949,85,378,0.98488
2026-01-15,Google,26-35,West India,Mobile,Text,14,82911,1,0.040022919719344546,3318,0.9,2986.2000000000003,0.06326197037093968,205,379,0.98484
2026-01-16,Google,36-50,North India,Mobile,Text,15,53434,1,0.039342342976985085,2102,0.9,1891.8,0.10068464078254201,207,380,0.9848
2026-01-17,Instagram,18-25,West India,Mobile,Text,13,96694,1,0.09169903303947351,8866,1.3,11525.800000000001,0.038787343347104895,337,381,0.98476
2026-01-18,Instagram,36-50,West India,Desktop,Image,4,65591,1,0.08056552631318638,5284,1.3,6869.2,0.15706670230143727,816,382,0.98472
2026-01-19,Instagram,18-25,West India,Desktop,Image,16,4069,1,0.03886395998344529,158,1.3,205.4,0.17584286711039065,26,383,0.98468
2026-01-20,Instagram,36-50,South India,Mobile,Text,17,7486,1,0.0871851119535728,652,1.3,847.6,0.0483304002733559,30,384,0.98464
2026-01-21,Instagram,36-50,South India,Mobile,Video,18,84175,1,0.0426806650206286,3592,1.3,4669.6,0.09838977759785945,347,385,0.9846
2026-01-22,Google,26-35,South India,Mobile,Video,0,66389,1,0.0686321204689859,4556,0.9,4100.400000000001,0.1776570921340964,796,386,0.98456
2026-01-23,Google,36-50,West India,Mobile,Image,8,36428,1,0.035832550596392156,1305,0.9,1174.5,0.15285124527951355,195,387,0.98452
2026-01-24,Instagram,26-35,South India,Mobile,Text,20,29800,1,0.11472147755867458,3418,1.3,4443.400000000001,0.08269062660191949,277,388,0.98448
2026-01-25,Instagram,18-25,South India,Mobile,Text,13,92154,1,0.07861760681359149,7244,1.3,9417.2,0.10484471052973335,747,389,0.98444
2026-01-26,Instagram,36-50,South India,Mobile,Image,19,38220,1,0.09334778401459212,3567,1.3,4637.1,0.18133094805629316,635,390,0.9844
2026-01-27,Google,36-50,West India,Mobile,Video,20,57254,1,0.07240649054965223,4145,0.9,3730.5,0.11257892144749854,458,391,0.98436
2026-01-28,Google,18-25,West India,Mobile,Image,19,12869,1,0.04553061730998887,585,0.9,526.5,0.0514153582847513,29,392,0.98432
2026-01-29,Instagram,18-25,West India,Mobile,Image,20,5176,1,0.07851104178816899,406,1.3,527.8000000000001,0.1792851770653912,70,393,0.98428
2026-01-30,Google,36-50,South India,Mobile,Text,22,37454,1,0.05971665703931259,2236,0.9,2012.4,0.06099867889513501,133,394,0.98424
2026-01-31,Instagram,18-25,North India,Mobile,Image,10,93016,1,0.0976029526009012,9078,1.3,11801.4,0.04448798174062967,396,395,0.9842
2026-02-01,Instagram,26-35,South India,Mobile,Video,23,98036,2,0.05930659923974799,5814,1.3,7558.2,0.12868878480259982,736,396,0.98416
2026-02-02,Google,18-25,South India,Mobile,Image,1,71773,2,0.04898043353445465,3515,0.9,3163.5,0.06270538227918852,216,397,0.98412
2026-02-03,Instagram,18-25,West India,Mobile,Text,19,27453,2,0.09639055537319764,2646,1.3,3439.8,0.15046927274666977,391,398,0.98408
2026-02-04,Instagram,36-50,West India,Desktop,Video,23,57813,2,0.06341928728833646,3666,1.3,4765.8,0.11197336781846014,403,399,0.98404
2026-02-05,Google,26-35,South India,Mobile,Text,22,67326,2,0.07516557245642243,5060,0.9,4554.0,0.14549867729780225,724,400,0.984
2026-02-06,Instagram,18-25,South India,Mobile,Image,4,48595,2,0.09920438780703124,4820,1.3,6266.0,0.07119722998368544,337,401,0.98396
2026-02-07,Google,26-35,North India,Mobile,Image,21,42184,2,0.07554583127972403,3186,0.9,2867.4,0.05646236264777459,176,402,0.98392
2026-02-08,Instagram,26-35,North India,Mobile,Image,23,53186,2,0.03401911542689727,1809,1.3,2351.7000000000003,0.12435598629636883,220,403,0.98388
2026-02-09,Google,26-35,West India,Desktop,Text,14,81290,2,0.059611092106226934,4845,0.9,4360.5,0.14220790616137038,676,404,0.98384
2026-02-10,Instagram,36-50,North India,Desktop,Image,11,79603,2,0.027611475505334115,2197,1.3,2856.1,0.05323334850967802,114,405,0.9838
2026-02-11,Google,18-25,North India,Mobile,Video,13,17609,2,0.03710186740881515,653,0.9,587.7,0.13964493292012156,89,406,0.98376
2026-02-12,Google,36-50,West India,Mobile,Video,10,94517,2,0.05240089276601467,4952,0.9,4456.8,0.06226983455822147,302,407,0.98372
2026-02-13,Instagram,18-25,North India,Mobile,Text,20,86099,2,0.11480830925519475,9884,1.3,12849.2,0.12411502082054374,1205,408,0.98368
2026-02-14,Google,18-25,South India,Mobile,Text,8,75539,2,0.029256976601393484,2210,0.9,1989.0,0.15642814408653585,339,409,0.98364
2026-02-15,Google,36-50,North India,Mobile,Text,19,28068,2,0.043161582872570416,1211,0.9,1089.9,0.10338519597952218,122,410,0.9836
2026-02-16,Instagram,26-35,West India,Mobile,Image,7,47996,2,0.049669366066108375,2383,1.3,3097.9,0.13636803435577916,318,411,0.98356
2026-02-17,Instagram,26-35,South India,Mobile,Video,11,62446,2,0.06552709967755688,4091,1.3,5318.3,0.06304465866030178,252,412,0.98352
2026-02-18,Instagram,18-25,North India,Mobile,Video,2,70759,2,0.08238146540585946,5829,1.3,7577.7,0.05724715902701883,327,413,0.98348
2026-02-19,Instagram,36-50,South India,Desktop,Video,20,90440,2,0.04677957220691179,4230,1.3,5499.0,0.08600311874745468,356,414,0.98344
2026-02-20,Google,26-35,South India,Mobile,Text,14,37834,2,0.026303557112042273,995,0.9,895.5,0.07324414637374273,70,415,0.9834
2026-02-21,Google,26-35,North India,Mobile,Text,7,21746,2,0.06497732593940787,1412,0.9,1270.8,0.11820173400874545,163,416,0.98336
2026-02-22,Google,18-25,North India,Mobile,Image,6,97940,2,0.07287405251891535,7137,0.9,6423.3,0.09591208985271557,672,417,0.98332
2026-02-23,Instagram,18-25,West India,Mobile,Text,16,22407,2,0.07241403083114481,1622,1.3,2108.6,0.04331171272285689,68,418,0.98328
2026-02-24,Instagram,36-50,West India,Desktop,Video,11,87229,2,0.0803689716501725,7010,1.3,9113.0,0.191244370463827,1317,419,0.98324
2026-02-25,Instagram,18-25,South India,Mobile,Image,19,99550,2,0.09650847441940608,9607,1.3,12489.1,0.19704931219685204,1861,420,0.9832
2026-02-26,Instagram,26-35,West India,Desktop,Text,17,88657,2,0.06193991615806048,5491,1.3,7138.3,0.08814812883190212,475,421,0.98316
2026-02-27,Google,26-35,South India,Mobile,Text,17,27403,2,0.06151289128744653,1685,0.9,1516.5,0.10438990832984231,172,422,0.98312
2026-02-28,Google,26-35,South India,Desktop,Video,14,12637,2,0.051377355263994985,649,0.9,584.1,0.06730854436433835,42,423,0.98308
2026-03-01,Google,26-35,West India,Desktop,Image,22,9612,3,0.04034292624767658,387,0.9,348.3,0.10298468435664386,38,424,0.98304
2026-03-02,Google,36-50,West India,Mobile,Text,2,31410,3,0.028661120116346667,900,0.9,810.0,0.08606919070961624,75,425,0.983
2026-03-03,Google,36-50,West India,Mobile,Text,18,6160,3,0.03985476015861748,245,0.9,220.5,0.16382210904928593,39,426,0.9829600000000001
2026-03-04,Instagram,18-25,North India,Desktop,Image,14,61108,3,0.04893189624797372,2990,1.3,3887.0,0.13842112979014654,405,427,0.98292
2026-03-05,Google,18-25,South India,Mobile,Image,15,8728,3,0.061317596219306866,535,0.9,481.5,0.18090182734582852,94,428,0.98288
2026-03-06,Google,18-25,South India,Mobile,Text,21,70774,3,0.08188551138572102,5795,0.9,5215.5,0.059618531965618886,339,429,0.98284
2026-03-07,Google,36-50,South India,Mobile,Text,21,93300,3,0.09431208936327201,8799,0.9,7919.1,0.10117330170212832,874,430,0.9828
2026-03-08,Instagram,26-35,West India,Mobile,Video,16,64594,3,0.10370961282331441,6699,1.3,8708.7,0.08819895786637623,579,431,0.98276
2026-03-09,Instagram,18-25,West India,Mobile,Image,0,19464,3,0.06925188279429,1347,1.3,1751.1000000000001,0.17646910265575724,232,432,0.98272
2026-03-10,Google,26-35,West India,Mobile,Text,10,32943,3,0.027712632698829603,912,0.9,820.8000000000001,0.05734554392124609,51,433,0.98268
2026-03-11,Google,18-25,West India,Mobile,Text,5,31838,3,0.08017025615223927,2552,0.9,2296.8,0.09484824256747428,237,434,0.98264
2026-03-12,Instagram,18-25,West India,Mobile,Text,22,6919,3,0.07410305382626066,512,1.3,665.6,0.04442282188156641,21,435,0.9826
2026-03-13,Google,18-25,North India,Desktop,Text,8,38092,3,0.04788353757894179,1823,0.9,1640.7,0.11440766695529551,204,436,0.98256
2026-03-14,Instagram,18-25,West India,Mobile,Video,19,8797,3,0.09158760698765517,805,1.3,1046.5,0.14185969379034621,112,437,0.98252
2026-03-15,Instagram,18-25,South India,Desktop,Image,15,52887,3,0.050266673202422674,2658,1.3,3455.4,0.1327555712513549,345,438,0.98248
2026-03-16,Google,26-35,West India,Desktop,Text,5,89003,3,0.025296415877197644,2251,0.9,2025.9,0.05070191539646352,111,439,0.98244
2026-03-17,Google,18-25,South India,Desktop,Image,11,90272,3,0.04454093840171651,4020,0.9,3618.0,0.13546841277577149,534,440,0.9824
2026-03-18,Instagram,26-35,West India,Desktop,Image,18,75557,3,0.07478257971823593,5650,1.3,7345.0,0.13082265758051356,725,441,0.98236
2026-03-19,Google,36-50,West India,Desktop,Text,12,4058,3,0.052205354350396464,211,0.9,189.9,0.1634357673460628,33,442,0.98232
2026-03-20,Google,18-25,South India,Desktop,Text,12,75577,3,0.051347348323116396,3880,0.9,3492.0,0.04592373416628008,174,443,0.98228
2026-03-21,Instagram,26-35,South India,Mobile,Text,3,67689,3,0.06932394910857499,4692,1.3,6099.6,0.1740015326306902,801,444,0.98224
2026-03-22,Instagram,36-50,South India,Mobile,Video,8,78557,3,0.07042196134895462,5532,1.3,7191.6,0.15556586300833253,844,445,0.9822
2026-03-23,Instagram,36-50,South India,Desktop,Text,13,28258,3,0.06406071790235816,1810,1.3,2353.0,0.07139439052544538,126,446,0.98216
2026-03-24,Instagram,36-50,North India,Mobile,Image,13,20359,3,0.045288414172841636,922,1.3,1198.6000000000001,0.13916939193576425,125,447,0.98212
2026-03-25,Google,26-35,South India,Desktop,Image,16,92714,3,0.05575511428676415,5169,0.9,4652.1,0.1359886456026514,689,448,0.98208
2026-03-26,Google,18-25,West India,Desktop,Video,4,13914,3,0.05738590211349822,798,0.9,718.2,0.09470432703621377,73,449,0.98204
2026-03-27,Instagram,18-25,West India,Mobile,Text,22,8536,3,0.04691706840836143,400,1.3,520.0,0.11945163411987576,46,450,0.982
2026-03-28,Instagram,26-35,North India,Desktop,Text,18,56071,3,0.05684449929939926,3187,1.3,4143.1,0.09438253023061553,294,451,0.9819599999999999
2026-03-29,Google,18-25,South India,Mobile,Video,1,34748,3,0.04895709678679145,1701,0.9,1530.9,0.198142891620618,330,452,0.98192
2026-03-30,Instagram,26-35,West India,Mobile,Video,12,40448,3,0.07775101633410678,3144,1.3,4087.2000000000003,0.18014141631831176,555,453,0.98188
2026-03-31,Google,18-25,North India,Mobile,Text,10,47132,3,0.03591613435972005,1692,0.9,1522.8,0.09432694899560098,156,454,0.98184
2026-04-01,Google,36-50,West India,Mobile,Text,1,77022,4,0.05278085444749181,4065,0.9,3658.5,0.09660569891961042,384,455,0.9818
2026-04-02,Google,18-25,North India,Mobile,Image,0,3384,4,0.05884299976058636,199,0.9,179.1,0.055693780931752,10,456,0.98176
2026-04-03,Google,26-35,North India,Mobile,Text,20,45312,4,0.04869434125512203,2206,0.9,1985.4,0.10575522947936793,228,457,0.98172
2026-04-04,Google,26-35,South India,Mobile,Text,2,77323,4,0.08624950899568475,6669,0.9,6002.1,0.08306850876921028,542,458,0.98168
2026-04-05,Google,36-50,North India,Desktop,Image,11,35134,4,0.06027468284523758,2117,0.9,1905.3,0.05409829535425396,111,459,0.98164
2026-04-06,Google,26-35,West India,Mobile,Image,6,84182,4,0.04512801269410465,3798,0.9,3418.2000000000003,0.10350387871348911,385,460,0.9816
2026-04-07,Instagram,18-25,West India,Mobile,Image,0,61120,4,0.05983759559141327,3657,1.3,4754.1,0.06269479514627126,224,461,0.98156
2026-04-08,Instagram,18-25,South India,Mobile,Image,8,61592,4,0.06543747452589666,4030,1.3,5239.0,0.15993628887719955,632,462,0.98152
2026-04-09,Instagram,36-50,South India,Desktop,Video,17,72723,4,0.05641872508119553,4102,1.3,5332.6,0.17505365179077184,704,463,0.98148
2026-04-10,Instagram,26-35,North India,Desktop,Image,23,75031,4,0.03527413581166617,2646,1.3,3439.8,0.17207166798441556,446,464,0.98144
2026-04-11,Google,36-50,South India,Mobile,Video,19,10885,4,0.07153092595876871,778,0.9,700.2,0.12271041463744001,93,465,0.9814
2026-04-12,Google,18-25,West India,Mobile,Image,5,19700,4,0.03316464845129793,653,0.9,587.7,0.11041688299896045,70,466,0.98136
2026-04-13,Instagram,36-50,West India,Desktop,Image,8,16018,4,0.04054800542446461,649,1.3,843.7,0.16374366529125226,104,467,0.98132
2026-04-14,Google,26-35,South India,Mobile,Image,22,96964,4,0.059015398415652544,5722,0.9,5149.8,0.23629614733878332,1326,468,0.98128
2026-04-15,Instagram,36-50,South India,Mobile,Text,7,95607,4,0.08281005558443444,7917,1.3,10292.1,0.1869069854996891,1451,469,0.98124
2026-04-16,Google,26-35,South India,Mobile,Video,22,58061,4,0.051214155328644685,2973,0.9,2675.7000000000003,0.17885812947882565,521,470,0.9812
2026-04-17,Instagram,26-35,North India,Mobile,Image,17,32322,4,0.09531883183374211,3080,1.3,4004.0,0.15380038842031155,464,471,0.98116
2026-04-18,Google,18-25,North India,Desktop,Text,14,51073,4,0.037054900905544495,1892,0.9,1702.8,0.11092058282329732,205,472,0.98112
2026-04-19,Instagram,18-25,West India,Mobile,Video,0,73650,4,0.10059117439446992,7408,1.3,9630.4,0.14525679523193957,1055,473,0.98108
2026-04-20,Google,18-25,North India,Mobile,Video,13,73110,4,0.05891359874018303,4307,0.9,3876.3,0.1700720535003745,718,474,0.98104
2026-04-21,Instagram,26-35,North India,Mobile,Text,17,25996,4,0.08868506414877965,2305,1.3,2996.5,0.09119248490766692,206,475,0.981
2026-04-22,Google,36-50,North India,Desktop,Video,18,93290,4,0.07114601397398268,6637,0.9,5973.3,0.10838167389152793,705,476,0.98096
2026-04-23,Instagram,26-35,North India,Desktop,Text,18,70345,4,0.12551043258050307,8829,1.3,11477.7,0.13449172165407655,1164,477,0.98092
2026-04-24,Instagram,18-25,West India,Desktop,Image,9,47304,4,0.09661763083512037,4570,1.3,5941.0,0.19449153336395697,871,478,0.98088
2026-04-25,Google,18-25,South India,Mobile,Text,19,84086,4,0.036054041650085106,3031,0.9,2727.9,0.0901228579944359,267,479,0.98084
2026-04-26,Instagram,36-50,West India,Mobile,Video,20,30249,4,0.04822717326567331,1458,1.3,1895.4,0.20010935013615963,285,480,0.9808
2026-04-27,Instagram,18-25,North India,Desktop,Video,5,87949,4,0.06506851710803485,5722,1.3,7438.6,0.13784331958694832,772,481,0.98076
2026-04-28,Google,18-25,South India,Mobile,Image,16,71223,4,0.050425182451138195,3591,0.9,3231.9,0.10862531487171051,382,482,0.98072
2026-04-29,Instagram,18-25,South India,Desktop,Text,13,22123,4,0.04126744414857362,912,1.3,1185.6000000000001,0.14244411250956387,126,483,0.98068
2026-04-30,Instagram,36-50,South India,Mobile,Image,12,34095,4,0.07716518457122899,2630,1.3,3419.0,0.22640379262271962,583,484,0.98064
2026-05-01,Instagram,26-35,West India,Mobile,Text,7,93971,5,0.047762842244353135,4488,1.3,5834.400000000001,0.07585128627788372,333,485,0.9806
2026-05-02,Google,18-25,South India,Mobile,Text,21,88158,5,0.07926501026240775,6987,0.9,6288.3,0.13681584065532545,936,486,0.98056
2026-05-03,Google,36-50,West India,Desktop,Text,9,76821,5,0.03357567686547691,2579,0.9,2321.1,0.07144907181479439,180,487,0.98052
2026-05-04,Instagram,18-25,West India,Desktop,Image,8,61185,5,0.03498414008268866,2140,1.3,2782.0,0.15254157336542512,319,488,0.98048
2026-05-05,Instagram,36-50,North India,Mobile,Image,4,91463,5,0.06801627746072306,6220,1.3,8086.0,0.13907796834443334,848,489,0.98044
2026-05-06,Google,18-25,North India,Mobile,Video,22,54884,5,0.07146533368061402,3922,0.9,3529.8,0.16779499035136475,645,490,0.9804
2026-05-07,Instagram,36-50,South India,Desktop,Image,3,6291,5,0.05790664216085423,364,1.3,473.2,0.19764704247229364,69,491,0.98036
2026-05-08,Google,18-25,South India,Mobile,Text,5,42193,5,0.02859258214172368,1206,0.9,1085.4,0.05579375014945965,65,492,0.98032
2026-05-09,Google,26-35,North India,Desktop,Text,5,4122,5,0.05303548979702701,218,0.9,196.20000000000002,0.07625827530452065,15,493,0.98028
2026-05-10,Google,18-25,West India,Mobile,Text,12,5876,5,0.0423807537019393,249,0.9,224.1,0.10906664783235144,26,494,0.98024
2026-05-11,Google,36-50,West India,Mobile,Image,3,85648,5,0.05936604679142519,5084,0.9,4575.6,0.12266656614209609,610,495,0.9802
2026-05-12,Instagram,18-25,North India,Mobile,Video,21,75660,5,0.05896451011910915,4461,1.3,5799.3,0.17018904030315166,743,496,0.98016
2026-05-13,Google,26-35,West India,Mobile,Image,7,58147,5,0.06564759965927018,3817,0.9,3435.3,0.04656734144442273,173,497,0.98012
2026-05-14,Instagram,18-25,North India,Mobile,Video,4,2823,5,0.08513269023220861,240,1.3,312.0,0.15812616653637526,36,498,0.98008
2026-05-15,Instagram,36-50,North India,Mobile,Image,1,53652,5,0.040048055033560764,2148,1.3,2792.4,0.13611728623077116,286,499,0.98004
2026-05-16,Instagram,36-50,South India,Mobile,Text,8,59204,5,0.08436617334182564,4994,1.3,6492.2,0.045398136078031476,221,500,0.98
2026-05-17,Google,26-35,South India,Mobile,Video,10,51382,5,0.031139964540903453,1600,0.9,1440.0,0.1523484996164484,238,501,0.9799599999999999
2026-05-18,Google,36-50,North India,Mobile,Image,19,11387,5,0.09041765947451756,1029,0.9,926.1,0.07058402969704757,70,502,0.97992
2026-05-19,Instagram,18-25,South India,Desktop,Text,19,52175,5,0.07900120805138837,4121,1.3,5357.3,0.14233300851350708,574,503,0.97988
2026-05-20,Instagram,18-25,North India,Mobile,Video,10,19980,5,0.06219567187328423,1242,1.3,1614.6000000000001,0.0535183315485232,64,504,0.97984
2026-05-21,Google,18-25,West India,Mobile,Video,6,25224,5,0.03281861834753906,827,0.9,744.3000000000001,0.07255557674572216,58,505,0.9798
2026-05-22,Instagram,36-50,West India,Mobile,Text,13,8121,5,0.07366976883035894,598,1.3,777.4,0.046429998783494845,26,506,0.97976
2026-05-23,Instagram,18-25,West India,Mobile,Text,5,68966,5,0.09237054950498626,6370,1.3,8281.0,0.04176090694873854,260,507,0.97972
2026-05-24,Instagram,18-25,West India,Desktop,Image,3,74490,5,0.06209178874569515,4625,1.3,6012.5,0.12401031282243194,561,508,0.97968
2026-05-25,Instagram,18-25,North India,Mobile,Image,5,12881,5,0.07866759336563346,1013,1.3,1316.9,0.1535167407006842,151,509,0.97964
2026-05-26,Instagram,26-35,West India,Desktop,Text,2,83453,5,0.04797344615762401,4003,1.3,5203.900000000001,0.09480580183507999,371,510,0.9796
2026-05-27,Google,36-50,West India,Mobile,Image,22,84176,5,0.07497331806812549,6310,0.9,5679.0,0.06948141306798566,429,511,0.97956
2026-05-28,Instagram,36-50,West India,Mobile,Text,5,51809,5,0.0855703896734811,4433,1.3,5762.900000000001,0.07491175595054461,325,512,0.97952
2026-05-29,Instagram,36-50,West India,Mobile,Text,2,78621,5,0.03303712481684078,2597,1.3,3376.1,0.07688358042633645,194,513,0.97948
2026-05-30,Google,26-35,North India,Desktop,Image,0,92795,5,0.046465739135790045,4311,0.9,3879.9,0.09806750788935134,413,514,0.97944
2026-05-31,Google,36-50,West India,Desktop,Image,20,24097,5,0.044858385122904736,1080,0.9,972.0,0.09887537123298915,103,515,0.9794
2026-06-01,Google,26-35,South India,Mobile,Video,17,3978,6,0.027494419409359896,109,0.9,98.10000000000001,0.1679873138697422,17,516,0.97936
2026-06-02,Instagram,26-35,South India,Desktop,Video,22,5332,6,0.05313526970372395,283,1.3,367.90000000000003,0.10983498074716969,30,517,0.97932
2026-06-03,Instagram,36-50,South India,Mobile,Image,22,86573,6,0.0994361752606533,8608,1.3,11190.4,0.1387918369683789,1169,518,0.97928
2026-06-04,Google,18-25,South India,Desktop,Image,3,16089,6,0.02286079981302764,367,0.9,330.3,0.12179295588057795,43,519,0.97924
2026-06-05,Instagram,18-25,South India,Mobile,Image,5,57804,6,0.07236888777972288,4183,1.3,5437.900000000001,0.04889684432356036,199,520,0.9792
2026-06-06,Google,36-50,South India,Mobile,Video,16,65752,6,0.021901713882719796,1440,0.9,1296.0,0.21161763110504184,297,521,0.97916
2026-06-07,Instagram,36-50,North India,Mobile,Image,17,24484,6,0.0899473565152935,2202,1.3,2862.6,0.05858491667817016,126,522,0.97912
2026-06-08,Instagram,26-35,South India,Desktop,Video,5,61408,6,0.051271335398550624,3148,1.3,4092.4,0.12943040594868346,398,523,0.97908
2026-06-09,Instagram,36-50,West India,Desktop,Video,1,80544,6,0.07735298326420406,6230,1.3,8099.0,0.19683651331604737,1200,524,0.97904
2026-06-10,Google,26-35,South India,Desktop,Video,11,55018,6,0.04239634889108086,2332,0.9,2098.8,0.09358181684396512,213,525,0.979
2026-06-11,Google,36-50,North India,Desktop,Video,11,19148,6,0.0264028952757338,505,0.9,454.5,0.04668058884961366,22,526,0.97896
2026-06-12,Google,18-25,South India,Mobile,Text,3,4830,6,0.032395007874814155,156,0.9,140.4,0.0964701459788483,14,527,0.97892
2026-06-13,Google,18-25,West India,Desktop,Image,15,69494,6,0.04291551364507999,2982,0.9,2683.8,0.06778284907334835,197,528,0.97888
2026-06-14,Instagram,36-50,West India,Desktop,Image,19,26998,6,0.04765212689930192,1286,1.3,1671.8,0.11540966058621582,144,529,0.97884
2026-06-15,Instagram,26-35,North India,Mobile,Text,9,68076,6,0.059145628567204414,4026,1.3,5233.8,0.1184403685312035,465,530,0.9788
2026-06-16,Instagram,18-25,North India,Mobile,Image,9,31677,6,0.05917900416910681,1874,1.3,2436.2000000000003,0.10069263634169641,184,531,0.97876
2026-06-17,Instagram,26-35,North India,Mobile,Video,6,30101,6,0.09326579990302608,2807,1.3,3649.1,0.14111934927122224,387,532,0.97872
2026-06-18,Instagram,36-50,North India,Desktop,Text,13,8053,6,0.03176025173944331,255,1.3,331.5,0.10222810193087402,25,533,0.97868
2026-06-19,Instagram,36-50,South India,Desktop,Video,6,6670,6,0.06556378265801321,437,1.3,568.1,0.19421303622398586,82,534,0.97864
2026-06-20,Instagram,18-25,South India,Desktop,Text,11,11281,6,0.0843782212272731,951,1.3,1236.3,0.12107713833051055,112,535,0.9786
2026-06-21,Instagram,36-50,West India,Desktop,Video,10,84658,6,0.026989708083885972,2284,1.3,2969.2000000000003,0.20139707542593643,449,536,0.97856
2026-06-22,Google,18-25,North India,Desktop,Image,16,54341,6,0.02705506264039158,1470,0.9,1323.0,0.09374229182784154,134,537,0.9785200000000001
2026-06-23,Google,26-35,North India,Desktop,Image,10,69069,6,0.030068566727451333,2076,0.9,1868.4,0.04245014549513838,86,538,0.97848
2026-06-24,Google,18-25,South India,Desktop,Image,20,11756,6,0.06536289634149992,768,0.9,691.2,0.09944613597945298,74,539,0.97844
2026-06-25,Instagram,18-25,North India,Mobile,Text,2,66075,6,0.10166502929806386,6717,1.3,8732.1,0.12088580208585012,793,540,0.9784
2026-06-26,Instagram,26-35,West India,Mobile,Image,18,55421,6,0.12478794361582886,6915,1.3,8989.5,0.05569799789838767,376,541,0.97836
2026-06-27,Google,18-25,West India,Mobile,Text,21,61108,6,0.07363995163274935,4499,0.9,4049.1,0.11549800033421387,507,542,0.97832
2026-06-28,Instagram,18-25,North India,Desktop,Video,3,66323,6,0.07753740674907511,5142,1.3,6684.6,0.12453699030625254,626,543,0.97828
2026-06-29,Instagram,36-50,West India,Mobile,Image,7,91610,6,0.04029913757261561,3691,1.3,4798.3,0.15778859091115946,569,544,0.97824
2026-06-30,Google,26-35,West India,Mobile,Video,13,85338,6,0.050581961555700786,4316,0.9,3884.4,0.1622978708082249,684,545,0.9782
2026-07-01,Google,18-25,South India,Mobile,Image,19,93858,7,0.06497323237216086,6098,0.9,5488.2,0.14572071302717216,868,546,0.97816
2026-07-02,Instagram,26-35,West India,Mobile,Video,23,18048,7,0.06342863289674505,1144,1.3,1487.2,0.19699549212212,220,547,0.97812
2026-07-03,Google,26-35,North India,Mobile,Text,13,53606,7,0.06802424704366736,3646,0.9,3281.4,0.1349742627804832,481,548,0.97808
2026-07-04,Instagram,18-25,North India,Mobile,Image,15,10876,7,0.039735975403292156,432,1.3,561.6,0.08919392168989564,37,549,0.97804
2026-07-05,Google,36-50,West India,Mobile,Text,14,59075,7,0.07640933848448411,4513,0.9,4061.7000000000003,0.1444138301094423,636,550,0.978
2026-07-06,Instagram,26-35,North India,Mobile,Text,11,16171,7,0.08190017124584281,1324,1.3,1721.2,0.03848360911059154,48,551,0.9779599999999999
2026-07-07,Instagram,18-25,South India,Mobile,Video,15,43204,7,0.10026085416606419,4331,1.3,5630.3,0.1937223128334892,820,552,0.97792
2026-07-08,Instagram,26-35,West India,Mobile,Image,19,6166,7,0.1162638702280632,716,1.3,930.8000000000001,0.08711433189619565,60,553,0.97788
2026-07-09,Instagram,36-50,West India,Mobile,Text,18,76902,7,0.11037817306918572,8488,1.3,11034.4,0.09200023652231956,762,554,0.97784
2026-07-10,Google,36-50,West India,Mobile,Video,4,86794,7,0.062002015736630584,5381,0.9,4842.900000000001,0.18840598085037266,990,555,0.9778
2026-07-11,Google,36-50,North India,Mobile,Video,11,44734,7,0.06477681553657141,2897,0.9,2607.3,0.147271380328984,416,556,0.97776
2026-07-12,Google,18-25,North India,Mobile,Video,4,79519,7,0.06890593973353727,5479,0.9,4931.1,0.11861556751553527,634,557,0.97772
2026-07-13,Instagram,18-25,West India,Desktop,Image,9,92251,7,0.034115164296775934,3147,1.3,4091.1000000000004,0.06295065398965231,193,558,0.97768
2026-07-14,Instagram,36-50,North India,Mobile,Image,16,97621,7,0.059410245894332546,5799,1.3,7538.7,0.1629222178028892,922,559,0.97764
2026-07-15,Instagram,18-25,North India,Mobile,Video,14,65441,7,0.08264983387273006,5408,1.3,7030.400000000001,0.09866340525599306,521,560,0.9776
2026-07-16,Google,36-50,West India,Mobile,Image,7,46078,7,0.06956049301365445,3205,0.9,2884.5,0.054162613307753196,169,561,0.97756
2026-07-17,Google,18-25,West India,Mobile,Video,7,28778,7,0.02341261136808775,673,0.9,605.7,0.1427766535234037,93,562,0.97752
2026-07-18,Google,36-50,North India,Mobile,Image,7,77926,7,0.058900423122942046,4589,0.9,4130.1,0.09203521223112378,412,563,0.97748
2026-07-19,Google,26-35,West India,Mobile,Image,9,21924,7,0.05509280422639301,1207,0.9,1086.3,0.12267156246122277,144,564,0.97744
2026-07-20,Instagram,36-50,West India,Mobile,Video,19,46832,7,0.0976348257149708,4572,1.3,5943.6,0.08723303367776218,389,565,0.9774
2026-07-21,Google,36-50,West India,Mobile,Video,12,67243,7,0.07315748437315779,4919,0.9,4427.1,0.11162644933574499,536,566,0.97736
2026-07-22,Google,18-25,West India,Mobile,Image,15,26048,7,0.046495476161341386,1211,0.9,1089.9,0.17615117232029293,208,567,0.97732
2026-07-23,Instagram,18-25,North India,Desktop,Video,8,33815,7,0.04577432864778305,1547,1.3,2011.1000000000001,0.19507117896235793,294,568,0.97728
2026-07-24,Google,18-25,West India,Mobile,Video,15,35682,7,0.07055387875267138,2517,0.9,2265.3,0.19321613296093007,474,569,0.97724
2026-07-25,Google,18-25,South India,Desktop,Video,9,18489,7,0.023855448188874827,441,0.9,396.90000000000003,0.19678153537319382,84,570,0.9772
2026-07-26,Instagram,18-25,West India,Mobile,Video,2,60234,7,0.10382028037590496,6253,1.3,8128.900000000001,0.0743020421778246,453,571,0.97716
2026-07-27,Google,18-25,South India,Mobile,Image,22,58701,7,0.07420417156225635,4355,0.9,3919.5,0.11590731085123801,492,572,0.97712
2026-07-28,Instagram,26-35,West India,Mobile,Text,21,17951,7,0.08051140692463059,1445,1.3,1878.5,0.12062043151944214,170,573,0.97708
2026-07-29,Instagram,36-50,South India,Desktop,Image,13,51018,7,0.04289770565408005,2188,1.3,2844.4,0.0843122051405889,179,574,0.97704
2026-07-30,Instagram,36-50,South India,Mobile,Video,12,12452,7,0.03308994727465168,412,1.3,535.6,0.05891211459143929,23,575,0.977
2026-07-31,Google,36-50,West India,Mobile,Video,3,29635,7,0.05887837140408476,1744,0.9,1569.6000000000001,0.11824061508646729,201,576,0.97696
2026-08-01,Instagram,26-35,West India,Mobile,Image,3,99283,8,0.0871994646599028,8657,1.3,11254.1,0.09951979549712281,841,577,0.97692
2026-08-02,Google,36-50,West India,Mobile,Video,5,28933,8,0.04413287088995861,1276,0.9,1148.4,0.05893684324694527,73,578,0.97688
2026-08-03,Google,26-35,South India,Desktop,Image,23,35581,8,0.03785679906778713,1346,0.9,1211.4,0.09337479918748214,122,579,0.97684
2026-08-04,Google,26-35,North India,Mobile,Text,18,39281,8,0.05893203596159998,2314,0.9,2082.6,0.13600077175897204,306,580,0.9768
2026-08-05,Instagram,26-35,North India,Mobile,Video,10,22187,8,0.05589813629028435,1240,1.3,1612.0,0.08554737040320338,103,581,0.97676
2026-08-06,Google,36-50,West India,Mobile,Text,7,23953,8,0.0619726621938531,1484,0.9,1335.6000000000001,0.10173001825290484,146,582,0.97672
2026-08-07,Google,26-35,North India,Mobile,Text,13,34818,8,0.0647263257498894,2253,0.9,2027.7,0.08745505787254361,192,583,0.97668
2026-08-08,Instagram,36-50,North India,Mobile,Video,7,25702,8,0.10223110753447161,2627,1.3,3415.1,0.18319527466744037,469,584,0.97664
2026-08-09,Google,36-50,West India,Mobile,Video,13,7278,8,0.0661913680956409,481,0.9,432.90000000000003,0.15779644094964154,73,585,0.9766
2026-08-10,Google,18-25,South India,Mobile,Image,22,45566,8,0.034461847720779676,1570,0.9,1413.0,0.06839814220000183,104,586,0.97656
2026-08-11,Google,18-25,West India,Desktop,Image,6,60722,8,0.05565679497890279,3379,0.9,3041.1,0.06000162175809799,197,587,0.97652
2026-08-12,Google,26-35,North India,Mobile,Video,20,19036,8,0.05196041975252437,989,0.9,890.1,0.134574961513201,129,588,0.97648
2026-08-13,Google,26-35,South India,Desktop,Image,17,25583,8,0.04179495040937912,1069,0.9,962.1,0.05115581980279258,52,589,0.97644
2026-08-14,Google,36-50,North India,Mobile,Text,11,71244,8,0.04585786702721873,3267,0.9,2940.3,0.07678867344410553,244,590,0.9764
2026-08-15,Instagram,26-35,South India,Mobile,Text,13,10476,8,0.08600880602871193,901,1.3,1171.3,0.08963055026093124,78,591,0.97636
2026-08-16,Google,26-35,North India,Mobile,Video,14,71854,8,0.037698522681846036,2708,0.9,2437.2000000000003,0.07693476614506342,203,592,0.97632
2026-08-17,Google,36-50,West India,Desktop,Image,17,95805,8,0.025647790985985273,2457,0.9,2211.3,0.0821417093071739,196,593,0.97628
2026-08-18,Instagram,26-35,North India,Mobile,Video,11,39627,8,0.0797128097990572,3158,1.3,4105.400000000001,0.0982597393275938,302,594,0.97624
2026-08-19,Google,26-35,North India,Mobile,Text,9,46441,8,0.04682693614874371,2174,0.9,1956.6000000000001,0.03362930963422364,71,595,0.9762
2026-08-20,Instagram,36-50,South India,Mobile,Video,11,25754,8,0.10981338924921653,2828,1.3,3676.4,0.20172873137806452,556,596,0.97616
2026-08-21,Google,36-50,North India,Desktop,Video,7,65751,8,0.02902448126465732,1908,0.9,1717.2,0.1984084213746635,368,597,0.97612
2026-08-22,Google,18-25,West India,Mobile,Video,5,20979,8,0.02934887370943908,615,0.9,553.5,0.09659677606039174,57,598,0.97608
2026-08-23,Google,36-50,West India,Mobile,Video,23,71446,8,0.028001667736640944,2000,0.9,1800.0,0.06681357368562546,129,599,0.97604
2026-08-24,Google,18-25,West India,Mobile,Text,18,62161,8,0.08464243575795159,5261,0.9,4734.900000000001,0.14747270503901538,756,600,0.976
2026-08-25,Google,26-35,South India,Desktop,Video,0,37022,8,0.0483311678853908,1789,0.9,1610.1000000000001,0.18965382871017447,330,601,0.97596
2026-08-26,Google,36-50,South India,Desktop,Video,12,64257,8,0.05956916003410131,3827,0.9,3444.3,0.217483120740125,811,602,0.97592
2026-08-27,Google,36-50,North India,Mobile,Image,21,5453,8,0.06890480244337212,375,0.9,337.5,0.0859965281328655,31,603,0.97588
2026-08-28,Google,36-50,North India,Mobile,Video,15,52575,8,0.0684173063218616,3597,0.9,3237.3,0.12285633921169581,430,604,0.97584
2026-08-29,Google,26-35,North India,Desktop,Image,17,58260,8,0.04298843651713379,2504,0.9,2253.6,0.161721880909335,394,605,0.9758
2026-08-30,Google,18-25,South India,Desktop,Video,11,87717,8,0.038818352280385125,3405,0.9,3064.5,0.13772529222569632,456,606,0.97576
2026-08-31,Google,26-35,South India,Mobile,Image,4,89901,8,0.051066257055186845,4590,0.9,4131.0,0.14750267526202396,660,607,0.97572
2026-09-01,Google,26-35,North India,Desktop,Video,20,92862,9,0.03889217670174585,3611,0.9,3249.9,0.15808588765165105,556,608,0.97568
2026-09-02,Instagram,36-50,South India,Mobile,Image,12,41705,9,0.05983575888183898,2495,1.3,3243.5,0.17291553175434124,420,609,0.97564
2026-09-03,Google,18-25,South India,Mobile,Video,7,56833,9,0.07134461959188741,4054,0.9,3648.6,0.23301307755737463,920,610,0.9756
2026-09-04,Instagram,26-35,West India,Desktop,Video,5,55029,9,0.039903965718790534,2195,1.3,2853.5,0.10426308796079171,222,611,0.97556
2026-09-05,Instagram,36-50,West India,Mobile,Image,2,5177,9,0.0822108928841134,425,1.3,552.5,0.07464311890530727,30,612,0.9755199999999999
2026-09-06,Google,26-35,North India,Desktop,Video,19,69965,9,0.07311163063465696,5115,0.9,4603.5,0.058001869489993,288,613,0.97548
2026-09-07,Instagram,26-35,North India,Mobile,Video,3,33952,9,0.03839688777362809,1303,1.3,1693.9,0.1823033887564397,231,614,0.97544
2026-09-08,Instagram,36-50,West India,Mobile,Video,11,71514,9,0.07488428225826882,5355,1.3,6961.5,0.09717021847930567,507,615,0.9754
2026-09-09,Google,36-50,South India,Desktop,Video,12,80309,9,0.05690879285907516,4570,0.9,4113.0,0.061968444580256625,276,616,0.97536
2026-09-10,Google,18-25,North India,Mobile,Text,1,52084,9,0.02226236408979687,1159,0.9,1043.1000000000001,0.1301188269522045,146,617,0.97532
2026-09-11,Instagram,26-35,North India,Mobile,Video,18,72710,9,0.12876243769345735,9362,1.3,12170.6,0.12698154468365352,1158,618,0.97528
2026-09-12,Instagram,36-50,North India,Desktop,Text,3,22796,9,0.04636270688501533,1056,1.3,1372.8,0.12707130777433767,130,619,0.97524
2026-09-13,Google,36-50,South India,Mobile,Text,22,51348,9,0.077428757824943,3975,0.9,3577.5,0.1099816885333144,426,620,0.9752
2026-09-14,Google,18-25,West India,Mobile,Video,12,78413,9,0.026387851129377925,2069,0.9,1862.1000000000001,0.10070659779246406,202,621,0.97516
2026-09-15,Google,18-25,North India,Desktop,Image,18,54333,9,0.022520729487465644,1223,0.9,1100.7,0.0552609516990027,65,622,0.97512
2026-09-16,Google,36-50,West India,Mobile,Image,7,18722,9,0.030108032534539277,563,0.9,506.7,0.10120261178786269,54,623,0.97508
2026-09-17,Instagram,18-25,West India,Desktop,Video,7,89091,9,0.056738903713944876,5054,1.3,6570.2,0.05246023915570479,258,624,0.97504
2026-09-18,Google,36-50,South India,Desktop,Text,15,80098,9,0.03891153068538557,3116,0.9,2804.4,0.11626194106810896,352,625,0.975
2026-09-19,Google,26-35,South India,Mobile,Image,10,73082,9,0.025597180659386445,1870,0.9,1683.0,0.10986035405379899,199,626,0.97496
2026-09-20,Instagram,18-25,South India,Mobile,Video,17,26258,9,0.08711764940492725,2287,1.3,2973.1,0.07895356758935601,175,627,0.97492
2026-09-21,Google,26-35,South India,Desktop,Video,3,12706,9,0.029162765747007015,370,0.9,333.0,0.15078733390221535,53,628,0.97488
2026-09-22,Google,26-35,South India,Mobile,Text,23,29943,9,0.03709043223036923,1110,0.9,999.0,0.14223921025835162,153,629,0.97484
2026-09-23,Instagram,26-35,South India,Mobile,Image,0,65324,9,0.0629314508721071,4110,1.3,5343.0,0.19411924407175568,776,630,0.9748
2026-09-24,Instagram,36-50,North India,Mobile,Video,0,23315,9,0.087978581973906,2051,1.3,2666.3,0.12976641629423005,259,631,0.97476
2026-09-25,Google,26-35,West India,Mobile,Image,13,11352,9,0.04751252160938897,539,0.9,485.1,0.05813713454605364,30,632,0.97472
2026-09-26,Google,26-35,South India,Mobile,Video,3,35497,9,0.039697388233497305,1409,0.9,1268.1000000000001,0.20261850312558402,277,633,0.97468
2026-09-27,Google,26-35,North India,Desktop,Video,10,76145,9,0.0599151679271806,4562,0.9,4105.8,0.1566478588015225,695,634,0.97464
2026-09-28,Google,36-50,West India,Desktop,Video,17,45974,9,0.040520180090984244,1862,0.9,1675.8,0.2082671695891294,377,635,0.9746
2026-09-29,Google,26-35,South India,Mobile,Text,15,99322,9,0.06216944641493968,6174,0.9,5556.6,0.10745938140992516,646,636,0.97456
2026-09-30,Google,26-35,South India,Mobile,Text,16,28228,9,0.04475570170279362,1263,0.9,1136.7,0.08414490248899174,103,637,0.97452
2026-10-01,Google,18-25,North India,Mobile,Text,23,9882,10,0.033140171771198774,327,0.9,294.3,0.14114907561837134,44,638,0.97448
2026-10-02,Google,36-50,West India,Mobile,Image,1,17268,10,0.05801868119121941,1001,0.9,900.9,0.11538224140106895,112,639,0.97444
2026-10-03,Google,26-35,South India,Desktop,Text,3,71846,10,0.04791791922915239,3442,0.9,3097.8,0.03948205302874775,131,640,0.9744
2026-10-04,Google,18-25,West India,Desktop,Text,2,25463,10,0.038708273253552784,985,0.9,886.5,0.09036661250936039,86,641,0.97436
2026-10-05,Google,36-50,North India,Desktop,Image,14,77789,10,0.030147733578637637,2345,0.9,2110.5,0.03831627811400744,86,642,0.97432
2026-10-06,Google,36-50,South India,Mobile,Image,1,86940,10,0.06774974206345119,5890,0.9,5301.0,0.15760700325173557,904,643,0.97428
2026-10-07,Google,36-50,West India,Mobile,Image,23,50314,10,0.03714249684120676,1868,0.9,1681.2,0.11923231589821426,216,644,0.97424
2026-10-08,Instagram,36-50,North India,Mobile,Image,18,10827,10,0.05584259429700238,604,1.3,785.2,0.05260354789472282,30,645,0.9742
2026-10-09,Instagram,36-50,North India,Mobile,Text,8,77474,10,0.08466866286412386,6559,1.3,8526.7,0.12421092828426943,792,646,0.97416
2026-10-10,Instagram,36-50,South India,Mobile,Text,9,34062,10,0.10746456272870855,3660,1.3,4758.0,0.10761963435134486,382,647,0.97412
2026-10-11,Instagram,26-35,West India,Desktop,Image,20,91690,10,0.051784809757207936,4748,1.3,6172.400000000001,0.05596845287559632,258,648,0.9740800000000001
2026-10-12,Google,26-35,South India,Desktop,Text,18,8240,10,0.05667191705588572,466,0.9,419.40000000000003,0.05834542357138066,26,649,0.97404
2026-10-13,Google,26-35,South India,Desktop,Video,4,2585,10,0.028162162512863322,72,0.9,64.8,0.20472479182573208,13,650,0.974
2026-10-14,Google,26-35,West India,Desktop,Text,13,53532,10,0.03985713209734262,2133,0.9,1919.7,0.07630293818035687,157,651,0.97396
2026-10-15,Instagram,18-25,West India,Mobile,Video,9,11541,10,0.04952505153198078,571,1.3,742.3000000000001,0.18594414074260224,103,652,0.97392
2026-10-16,Instagram,26-35,West India,Mobile,Image,15,6427,10,0.07087317558208309,455,1.3,591.5,0.049730470111290934,21,653,0.97388
2026-10-17,Google,36-50,North India,Mobile,Image,5,93283,10,0.07602216027414511,7091,0.9,6381.900000000001,0.07043325528511583,485,654,0.97384
2026-10-18,Google,26-35,North India,Mobile,Text,7,89732,10,0.06344202190359241,5692,0.9,5122.8,0.11873606244674108,657,655,0.9738
2026-10-19,Google,26-35,West India,Mobile,Image,1,82156,10,0.0761154622170125,6253,0.9,5627.7,0.12983829692880464,789,656,0.97376
2026-10-20,Google,36-50,North India,Desktop,Text,17,10033,10,0.023109778926348218,231,0.9,207.9,0.06698651187218736,14,657,0.97372
2026-10-21,Instagram,26-35,South India,Mobile,Text,20,32070,10,0.05914473423609853,1896,1.3,2464.8,0.1599258605901633,295,658,0.97368
2026-10-22,Instagram,26-35,West India,Mobile,Text,20,50104,10,0.11687391426272609,5855,1.3,7611.5,0.059116882018536154,336,659,0.97364
2026-10-23,Google,26-35,South India,Mobile,Text,20,13199,10,0.053819817062819776,710,0.9,639.0,0.14863614563807678,102,660,0.9736
2026-10-24,Instagram,18-25,West India,Mobile,Video,19,13776,10,0.060732081851819164,836,1.3,1086.8,0.16488497042236686,133,661,0.97356
2026-10-25,Instagram,26-35,South India,Mobile,Video,7,23727,10,0.07622900784000147,1808,1.3,2350.4,0.07518243554530404,131,662,0.97352
2026-10-26,Google,36-50,West India,Mobile,Image,4,3931,10,0.05696844641395278,223,0.9,200.70000000000002,0.1177161878626701,25,663,0.97348
2026-10-27,Google,36-50,South India,Mobile,Video,16,81379,10,0.0548420143602893,4462,0.9,4015.8,0.22464692091926555,975,664,0.97344
2026-10-28,Google,26-35,West India,Desktop,Image,15,57193,10,0.0628847327199297,3596,0.9,3236.4,0.12664544684487308,442,665,0.9734
2026-10-29,Google,26-35,West India,Mobile,Image,4,6699,10,0.05568343571399147,373,0.9,335.7,0.11403303577241952,40,666,0.97336
2026-10-30,Google,26-35,North India,Mobile,Text,16,58789,10,0.05753879345148187,3382,0.9,3043.8,0.0737128367070683,242,667,0.97332
2026-10-31,Google,36-50,South India,Mobile,Text,3,87760,10,0.02446258646132175,2146,0.9,1931.4,0.14065236761634917,292,668,0.97328
2026-11-01,Google,36-50,North India,Desktop,Text,0,28321,11,0.05665727709150918,1604,0.9,1443.6000000000001,0.1355213441295457,211,669,0.97324
2026-11-02,Google,18-25,South India,Mobile,Text,21,62032,11,0.09042590249498018,5609,0.9,5048.1,0.13600916756793904,741,670,0.9732
2026-11-03,Instagram,18-25,North India,Desktop,Text,5,8636,11,0.047754906768783606,412,1.3,535.6,0.11428944009644139,45,671,0.97316
2026-11-04,Google,18-25,West India,Desktop,Text,0,68396,11,0.027949752429213097,1911,0.9,1719.9,0.05690635392269575,105,672,0.97312
2026-11-05,Google,36-50,North India,Desktop,Video,23,15989,11,0.02816619047865716,450,0.9,405.0,0.17870422017219645,77,673,0.97308
2026-11-06,Google,18-25,North India,Mobile,Image,3,52086,11,0.0421325918867248,2194,0.9,1974.6000000000001,0.04341254872844171,92,674,0.97304
2026-11-07,Instagram,26-35,West India,Mobile,Image,1,37062,11,0.048521501505797135,1798,1.3,2337.4,0.14603060671503573,254,675,0.973
2026-11-08,Google,26-35,North India,Mobile,Text,12,80337,11,0.03880880560686226,3117,0.9,2805.3,0.056138857394371404,169,676,0.97296
2026-11-09,Google,36-50,West India,Mobile,Video,13,63125,11,0.05528691944243003,3489,0.9,3140.1,0.12985989335739417,440,677,0.97292
2026-11-10,Instagram,18-25,South India,Mobile,Text,16,31398,11,0.07352549518104014,2308,1.3,3000.4,0.1284061236664139,287,678,0.97288
2026-11-11,Instagram,26-35,North India,Desktop,Video,10,71283,11,0.04732625962727681,3373,1.3,4384.900000000001,0.166748914726294,546,679,0.97284
2026-11-12,Instagram,36-50,West India,Desktop,Video,2,71774,11,0.08421970976871153,6044,1.3,7857.2,0.19719810212061595,1158,680,0.9728
2026-11-13,Google,18-25,West India,Mobile,Image,6,3834,11,0.03728881620112633,142,0.9,127.8,0.0795629002012802,10,681,0.97276
2026-11-14,Google,26-35,North India,Mobile,Image,9,49203,11,0.036025757539362525,1772,0.9,1594.8,0.06783459232280022,116,682,0.97272
2026-11-15,Instagram,18-25,South India,Desktop,Video,10,46676,11,0.08373908420873548,3908,1.3,5080.400000000001,0.23690629912286573,899,683,0.97268
2026-11-16,Instagram,36-50,North India,Mobile,Image,9,27230,11,0.036633603132072985,997,1.3,1296.1000000000001,0.065605236448071,63,684,0.97264
2026-11-17,Instagram,18-25,West India,Mobile,Video,7,73652,11,0.07275336526230096,5358,1.3,6965.400000000001,0.1598007654500274,832,685,0.9726
2026-11-18,Instagram,36-50,South India,Mobile,Video,4,69464,11,0.0677014985649014,4702,1.3,6112.6,0.22886721897359183,1046,686,0.97256
2026-11-19,Google,18-25,North India,Desktop,Video,22,94715,11,0.04520496902855683,4281,0.9,3852.9,0.18869033552197376,784,687,0.97252
2026-11-20,Instagram,26-35,West India,Mobile,Image,1,23134,11,0.08410988751132586,1945,1.3,2528.5,0.10205688123981525,192,688,0.97248
2026-11-21,Google,36-50,North India,Desktop,Text,14,9190,11,0.0516884976218658,475,0.9,427.5,0.10437860791941556,47,689,0.97244
2026-11-22,Google,36-50,South India,Mobile,Image,15,90364,11,0.06187966383425869,5591,0.9,5031.900000000001,0.1254808275887189,681,690,0.9724
2026-11-23,Google,36-50,South India,Mobile,Text,3,5350,11,0.05406305116820129,289,0.9,260.1,0.08277721583002151,22,691,0.97236
2026-11-24,Google,18-25,South India,Mobile,Image,21,35055,11,0.08321491355094655,2917,0.9,2625.3,0.06624100356294016,187,692,0.97232
2026-11-25,Google,18-25,South India,Mobile,Image,15,44686,11,0.05632997199174553,2517,0.9,2265.3,0.16772271152414678,410,693,0.97228
2026-11-26,Google,26-35,South India,Mobile,Text,11,82572,11,0.07011173660637299,5789,0.9,5210.1,0.049238816923735225,277,694,0.97224
2026-11-27,Instagram,36-50,North India,Mobile,Video,13,29700,11,0.03341705497237017,992,1.3,1289.6000000000001,0.14289653006448808,137,695,0.9722
2026-11-28,Google,36-50,South India,Desktop,Text,11,73146,11,0.023941065461100104,1751,0.9,1575.9,0.1152029246816449,195,696,0.97216
2026-11-29,Instagram,18-25,South India,Mobile,Video,20,30420,11,0.07629128991723245,2320,1.3,3016.0,0.11467553776690127,258,697,0.97212
2026-11-30,Google,18-25,West India,Desktop,Video,15,26177,11,0.035213305858870926,921,0.9,828.9,0.07074863765970178,63,698,0.97208
2026-12-01,Google,26-35,South India,Desktop,Image,15,94386,12,0.047298805723855815,4464,0.9,4017.6,0.16714411760891085,725,699,0.97204
2026-12-02,Google,26-35,West India,Desktop,Image,21,40651,12,0.06141480460935805,2496,0.9,2246.4,0.10466941769642507,253,700,0.972
2026-12-03,Google,18-25,West India,Desktop,Image,11,77706,12,0.032701971394226204,2541,0.9,2286.9,0.14153820480691334,348,701,0.97196
2026-12-04,Google,36-50,West India,Mobile,Image,1,55339,12,0.04978398637135216,2754,0.9,2478.6,0.04230801228746697,112,702,0.97192
2026-12-05,Google,26-35,North India,Mobile,Image,22,50282,12,0.08546514999920728,4297,0.9,3867.3,0.04790892084884408,199,703,0.97188
2026-12-06,Google,18-25,North India,Desktop,Text,23,42070,12,0.05759069558573124,2422,0.9,2179.8,0.05217958073584742,122,704,0.97184
2026-12-07,Instagram,18-25,West India,Desktop,Text,13,93683,12,0.03111102030853234,2914,1.3,3788.2000000000003,0.04754673198270919,134,705,0.9718
2026-12-08,Google,36-50,North India,Desktop,Text,10,61703,12,0.05232327893745761,3228,0.9,2905.2000000000003,0.053972450457224444,169,706,0.97176
2026-12-09,Instagram,18-25,South India,Mobile,Text,8,26406,12,0.06564937320382735,1733,1.3,2252.9,0.12726128813473012,213,707,0.97172
2026-12-10,Google,18-25,North India,Mobile,Image,21,59009,12,0.07499793756113447,4425,0.9,3982.5,0.04425061064412099,189,708,0.97168
2026-12-11,Instagram,26-35,South India,Mobile,Text,6,2066,12,0.08074807254800155,166,1.3,215.8,0.04235660862481291,6,709,0.97164
2026-12-12,Instagram,18-25,South India,Desktop,Text,11,71506,12,0.06575266310604187,4701,1.3,6111.3,0.04154326021509731,189,710,0.9716
2026-12-13,Instagram,18-25,North India,Mobile,Video,16,53940,12,0.06320435058652789,3409,1.3,4431.7,0.156944800287362,519,711,0.97156
2026-12-14,Google,26-35,North India,Mobile,Image,8,51469,12,0.026803887871952203,1379,0.9,1241.1000000000001,0.10930601782856018,145,712,0.97152
2026-12-15,Google,36-50,West India,Mobile,Text,5,24350,12,0.028367392734493367,690,0.9,621.0,0.07805884698859768,51,713,0.97148
2026-12-16,Google,36-50,North India,Mobile,Text,11,95771,12,0.07425946510601134,7111,0.9,6399.900000000001,0.10867747401178249,749,714,0.97144
2026-12-17,Instagram,26-35,North India,Mobile,Text,19,5114,12,0.12397542083146601,634,1.3,824.2,0.09488496297765339,58,715,0.9714
2026-12-18,Instagram,26-35,North India,Desktop,Image,9,94690,12,0.03754066077923382,3554,1.3,4620.2,0.03897553379661637,134,716,0.97136
2026-12-19,Instagram,36-50,South India,Desktop,Text,8,50199,12,0.06987539805513682,3507,1.3,4559.1,0.14716616161553217,501,717,0.97132
2026-12-20,Google,36-50,South India,Mobile,Video,11,95426,12,0.04501970156200392,4296,0.9,3866.4,0.11751407401377173,489,718,0.97128
2026-12-21,Instagram,36-50,South India,Mobile,Image,0,66133,12,0.09740503720023291,6441,1.3,8373.300000000001,0.10553243453726369,659,719,0.97124
2026-12-22,Instagram,36-50,West India,Desktop,Video,1,22245,12,0.07316964951829683,1627,1.3,2115.1,0.17942471243330035,282,720,0.9712
2026-12-23,Google,36-50,West India,Mobile,Image,18,44266,12,0.03108154315547037,1375,0.9,1237.5,0.06619271420214438,88,721,0.97116
2026-12-24,Google,26-35,West India,Desktop,Text,0,90762,12,0.04545733797089247,4125,0.9,3712.5,0.03519855079790234,140,722,0.97112
2026-12-25,Instagram,18-25,South India,Mobile,Image,15,13595,12,0.08562788353841662,1164,1.3,1513.2,0.18396110508840544,207,723,0.9710799999999999
2026-12-26,Instagram,36-50,North India,Mobile,Image,15,94254,12,0.10604474894929378,9995,1.3,12993.5,0.10522860798706907,1020,724,0.97104
2026-12-27,Instagram,36-50,West India,Mobile,Image,17,40218,12,0.048547160258892455,1952,1.3,2537.6,0.08893379821395993,167,725,0.971
2026-12-28,Google,18-25,West India,Desktop,Video,17,26143,12,0.04291726118214945,1121,0.9,1008.9,0.1855996573760828,201,726,0.97096
2026-12-29,Instagram,18-25,South India,Mobile,Image,22,47178,12,0.1013299286064047,4780,1.3,6214.0,0.048049416632065536,222,727,0.97092
2026-12-30,Google,18-25,West India,Mobile,Text,12,72700,12,0.05695922692887439,4140,0.9,3726.0,0.05807260771550318,233,728,0.97088
2026-12-31,Google,18-25,North India,Mobile,Image,21,99176,12,0.0702364092874132,6965,0.9,6268.5,0.05865331230915986,396,729,0.97084
2027-01-01,Google,18-25,South India,Mobile,Image,11,8787,1,0.07199123229173165,632,0.9,568.8000000000001,0.1576259253754348,96,730,0.9708
2027-01-02,Instagram,18-25,South India,Mobile,Text,8,82460,1,0.08455921236251208,6972,1.3,9063.6,0.0782521556644003,529,731,0.97076
2027-01-03,Instagram,26-35,North India,Mobile,Text,4,65517,1,0.052532634987719005,3441,1.3,4473.3,0.1196771075832429,398,732,0.97072
2027-01-04,Google,18-25,North India,Mobile,Video,8,46286,1,0.044901565052292605,2078,0.9,1870.2,0.05221964045244017,104,733,0.97068
2027-01-05,Google,18-25,North India,Mobile,Text,12,86985,1,0.06959459857746662,6053,0.9,5447.7,0.1010474660703079,593,734,0.97064
2027-01-06,Instagram,26-35,West India,Mobile,Text,15,1081,1,0.09801796675996173,105,1.3,136.5,0.07186826620045343,6,735,0.9706
2027-01-07,Google,18-25,North India,Mobile,Text,9,4005,1,0.029458428050773602,117,0.9,105.3,0.053431298680951485,5,736,0.97056
2027-01-08,Instagram,36-50,South India,Mobile,Image,15,74944,1,0.058541679425240675,4387,1.3,5703.1,0.16978180883233485,722,737,0.97052
2027-01-09,Google,36-50,North India,Mobile,Video,13,1334,1,0.03542189275271814,47,0.9,42.300000000000004,0.11139511972601207,4,738,0.97048
2027-01-10,Google,18-25,South India,Mobile,Text,1,77639,1,0.04280923068546802,3323,0.9,2990.7000000000003,0.11222631427480337,361,739,0.97044
2027-01-11,Google,26-35,South India,Mobile,Text,18,59217,1,0.08167947916133654,4836,0.9,4352.400000000001,0.041730675150742066,195,740,0.9704
2027-01-12,Google,36-50,West India,Mobile,Text,10,26169,1,0.06276845063639132,1642,0.9,1477.8,0.12820331755613318,203,741,0.97036
2027-01-13,Instagram,26-35,North India,Mobile,Image,18,97030,1,0.10323444922986873,10016,1.3,13020.800000000001,0.07615537855665062,739,742,0.97032
2027-01-14,Google,36-50,West India,Mobile,Image,10,24452,1,0.052754613931057834,1289,0.9,1160.1000000000001,0.1370768592880149,170,743,0.97028
2027-01-15,Google,18-25,North India,Mobile,Video,13,27254,1,0.06312579083843971,1720,0.9,1548.0,0.16697174373186063,278,744,0.97024
2027-01-16,Instagram,26-35,North India,Mobile,Video,14,70433,1,0.07443108132665169,5242,1.3,6814.6,0.06429175469266578,326,745,0.9702
2027-01-17,Google,26-35,North India,Desktop,Image,6,58110,1,0.048581005180288815,2823,0.9,2540.7000000000003,0.07735477500861701,211,746,0.97016
2027-01-18,Google,26-35,North India,Desktop,Text,14,58253,1,0.049776804114132885,2899,0.9,2609.1,0.11408490126892944,320,747,0.97012
2027-01-19,Instagram,36-50,North India,Mobile,Text,23,71184,1,0.05893555330871913,4195,1.3,5453.5,0.058547671738597803,237,748,0.97008
2027-01-20,Instagram,36-50,South India,Mobile,Video,22,76210,1,0.07484785973149019,5704,1.3,7415.2,0.20954254633968034,1159,749,0.97004
2027-01-21,Google,36-50,South India,Desktop,Text,7,83702,1,0.04720523164178297,3951,0.9,3555.9,0.07823733519260433,299,750,0.97
2027-01-22,Instagram,18-25,North India,Desktop,Image,3,93246,1,0.040416622249628664,3768,1.3,4898.400000000001,0.091509917606355,333,751,0.96996
2027-01-23,Instagram,36-50,South India,Mobile,Video,17,20970,1,0.061901630710457976,1298,1.3,1687.4,0.07123257056788387,89,752,0.96992
2027-01-24,Google,18-25,West India,Mobile,Image,13,4794,1,0.06811264474520745,326,0.9,293.40000000000003,0.06067451660531285,18,753,0.96988
2027-01-25,Google,26-35,West India,Mobile,Image,20,30184,1,0.06558669124830348,1979,0.9,1781.1000000000001,0.07855902795381906,150,754,0.96984
2027-01-26,Instagram,26-35,West India,Mobile,Text,17,92095,1,0.09038994805071729,8324,1.3,10821.2,0.03982015056168465,321,755,0.9698
2027-01-27,Instagram,18-25,North India,Mobile,Image,3,81880,1,0.08709135359531515,7131,1.3,9270.300000000001,0.06367329320623988,440,756,0.96976
2027-01-28,Google,36-50,North India,Mobile,Image,1,39365,1,0.04815330580562095,1895,0.9,1705.5,0.09238942254659588,169,757,0.96972
2027-01-29,Instagram,18-25,South India,Desktop,Text,20,32217,1,0.0844498959650643,2720,1.3,3536.0,0.0871370581149229,229,758,0.96968
2027-01-30,Instagram,26-35,South India,Mobile,Image,5,6051,1,0.07687335177678606,465,1.3,604.5,0.07459893449335668,32,759,0.9696400000000001
2027-01-31,Google,26-35,South India,Mobile,Text,10,83662,1,0.0682160078236513,5707,0.9,5136.3,0.047930994516416754,264,760,0.9696
2027-02-01,Google,18-25,West India,Mobile,Image,0,71080,2,0.0424484385250972,3017,0.9,2715.3,0.08454069687676805,247,761,0.96956
2027-02-02,Google,36-50,West India,Mobile,Text,14,13875,2,0.024355999137082848,337,0.9,303.3,0.12269624630431873,39,762,0.96952
2027-02-03,Instagram,36-50,West India,Mobile,Text,11,70891,2,0.05078815394249908,3600,1.3,4680.0,0.09470184908897024,329,763,0.96948
2027-02-04,Google,18-25,West India,Mobile,Video,23,20992,2,0.057432274323107275,1205,0.9,1084.5,0.20706306766894786,241,764,0.96944
2027-02-05,Instagram,18-25,South India,Mobile,Image,17,52662,2,0.08544852977234617,4499,1.3,5848.7,0.06554249447253123,285,765,0.9694
2027-02-06,Instagram,36-50,North India,Mobile,Image,4,59475,2,0.04300243046393778,2557,1.3,3324.1,0.06557328663894435,161,766,0.96936
2027-02-07,Instagram,26-35,North India,Desktop,Video,10,32074,2,0.0857382938866278,2749,1.3,3573.7000000000003,0.09033580556878389,240,767,0.96932
2027-02-08,Google,18-25,West India,Mobile,Text,23,69052,2,0.026056410801180537,1799,0.9,1619.1000000000001,0.0355472260777519,61,768,0.96928
2027-02-09,Instagram,36-50,North India,Mobile,Text,20,23622,2,0.06906034688549736,1631,1.3,2120.3,0.13894916308955038,219,769,0.96924
2027-02-10,Google,36-50,North India,Mobile,Video,18,68015,2,0.0795397401582763,5409,0.9,4868.1,0.11668006749829767,611,770,0.9692
2027-02-11,Instagram,26-35,North India,Mobile,Video,21,83874,2,0.04682490819537873,3927,1.3,5105.1,0.1224712565660925,465,771,0.96916
2027-02-12,Google,26-35,West India,Mobile,Text,0,93543,2,0.07688441801823545,7191,0.9,6471.900000000001,0.05278503375333201,367,772,0.96912
2027-02-13,Google,26-35,South India,Mobile,Text,16,41982,2,0.0637113618073287,2674,0.9,2406.6,0.15163612763508041,392,773,0.96908
2027-02-14,Instagram,26-35,South India,Mobile,Video,7,60069,2,0.052179972758209715,3134,1.3,4074.2000000000003,0.18079843733163908,548,774,0.96904
2027-02-15,Google,26-35,North India,Mobile,Image,22,46078,2,0.09131888119176404,4207,0.9,3786.3,0.09537101134068005,388,775,0.969
2027-02-16,Google,18-25,South India,Desktop,Text,15,51873,2,0.03223391347424331,1672,0.9,1504.8,0.15232646891097373,246,776,0.96896
2027-02-17,Instagram,36-50,South India,Mobile,Video,10,64798,2,0.09604519366629594,6223,1.3,8089.900000000001,0.22012859003124557,1326,777,0.96892
2027-02-18,Instagram,18-25,West India,Mobile,Image,18,59784,2,0.05508696289181269,3293,1.3,4280.900000000001,0.04692727574532821,149,778,0.96888
2027-02-19,Instagram,18-25,West India,Mobile,Image,23,22836,2,0.059690374128560986,1363,1.3,1771.9,0.056705442559802914,74,779,0.96884
2027-02-20,Instagram,18-25,North India,Desktop,Image,10,95782,2,0.06486437474978361,6212,1.3,8075.6,0.0416745638143881,249,780,0.9688
2027-02-21,Google,18-25,North India,Mobile,Image,14,69083,2,0.07634381217375942,5274,0.9,4746.6,0.11537012286406911,589,781,0.96876
2027-02-22,Google,18-25,North India,Mobile,Video,7,29130,2,0.07295224172639446,2125,0.9,1912.5,0.08038384008412726,164,782,0.96872
2027-02-23,Google,26-35,West India,Desktop,Text,13,49975,2,0.06051427933092952,3024,0.9,2721.6,0.13454644194042606,393,783,0.96868
2027-02-24,Google,26-35,South India,Mobile,Image,0,66995,2,0.05586101495789981,3742,0.9,3367.8,0.11575073451970862,419,784,0.96864
2027-02-25,Instagram,36-50,West India,Mobile,Image,9,68772,2,0.0673151433828879,4629,1.3,6017.7,0.1572793644951778,705,785,0.9686
2027-02-26,Instagram,18-25,West India,Mobile,Video,6,21830,2,0.04590099081065917,1002,1.3,1302.6000000000001,0.14134167754164895,136,786,0.96856
2027-02-27,Google,36-50,South India,Desktop,Image,17,67116,2,0.052337257187790996,3512,0.9,3160.8,0.1666098407659787,566,787,0.96852
2027-02-28,Google,26-35,South India,Desktop,Video,11,15439,2,0.02709285133846025,418,0.9,376.2,0.1215188055148495,48,788,0.96848
2027-03-01,Instagram,26-35,North India,Desktop,Video,1,5715,3,0.031073736907582736,177,1.3,230.1,0.21613334264633285,36,789,0.96844
2027-03-02,Google,26-35,South India,Desktop,Text,17,27107,3,0.06739582512024457,1826,0.9,1643.4,0.137204184447377,242,790,0.9684
2027-03-03,Instagram,18-25,South India,Desktop,Image,20,92480,3,0.11747440336575564,10864,1.3,14123.2,0.14927609822101093,1569,791,0.96836
2027-03-04,Google,18-25,South India,Mobile,Text,6,98300,3,0.028920882615140097,2842,0.9,2557.8,0.09187583890384533,252,792,0.96832
2027-03-05,Instagram,26-35,South India,Desktop,Video,19,44394,3,0.03823479890112594,1697,1.3,2206.1,0.24859075923170204,407,793,0.96828
2027-03-06,Google,36-50,North India,Mobile,Image,11,94103,3,0.07208873700287272,6783,0.9,6104.7,0.09121054275330917,598,794,0.96824
2027-03-07,Instagram,36-50,North India,Mobile,Video,19,39665,3,0.08133618778295754,3226,1.3,4193.8,0.19690348244829514,614,795,0.9682
2027-03-08,Instagram,26-35,South India,Mobile,Video,13,33425,3,0.10363440784312526,3463,1.3,4501.900000000001,0.14026777413391278,469,796,0.96816
2027-03-09,Instagram,36-50,South India,Mobile,Video,9,60874,3,0.09829089359883406,5983,1.3,7777.900000000001,0.21403316382524423,1239,797,0.96812
2027-03-10,Instagram,26-35,North India,Desktop,Image,8,42432,3,0.04254953864731798,1805,1.3,2346.5,0.17520773904946124,305,798,0.96808
2027-03-11,Instagram,36-50,North India,Mobile,Video,22,83778,3,0.10094922749596437,8457,1.3,10994.1,0.13190198545362894,1079,799,0.96804
2027-03-12,Instagram,26-35,South India,Mobile,Video,14,44949,3,0.0390473298315304,1755,1.3,2281.5,0.16503276594416727,279,800,0.968
2027-03-13,Google,36-50,West India,Mobile,Image,19,85360,3,0.04017914314495374,3429,0.9,3086.1,0.09487280751364896,314,801,0.96796
2027-03-14,Instagram,18-25,North India,Desktop,Text,23,78434,3,0.07918388828240719,6210,1.3,8073.0,0.042331680387956906,253,802,0.96792
2027-03-15,Instagram,26-35,North India,Mobile,Video,9,84295,3,0.07144700968983415,6022,1.3,7828.6,0.16470959911767075,959,803,0.96788
2027-03-16,Google,26-35,North India,Mobile,Text,18,89604,3,0.09959281097389644,8923,0.9,8030.7,0.05040814613905426,434,804,0.96784
2027-03-17,Instagram,36-50,South India,Mobile,Text,18,4669,3,0.04981427378159795,232,1.3,301.6,0.09212094514288575,20,805,0.9678
2027-03-18,Instagram,26-35,South India,Mobile,Text,11,80918,3,0.1086049553964657,8788,1.3,11424.4,0.09146362808022443,777,806,0.96776
2027-03-19,Instagram,26-35,North India,Mobile,Text,22,16436,3,0.1341544722092279,2204,1.3,2865.2000000000003,0.05430807997076072,115,807,0.96772
2027-03-20,Google,26-35,South India,Mobile,Text,11,85310,3,0.08319116180139834,7097,0.9,6387.3,0.13713961838848637,941,808,0.96768
2027-03-21,Google,18-25,South India,Desktop,Text,8,37030,3,0.021458571709445318,794,0.9,714.6,0.06628055764458349,50,809,0.9676400000000001
2027-03-22,Instagram,18-25,North India,Mobile,Image,19,5638,3,0.14302655190194585,806,1.3,1047.8,0.15567060788499662,120,810,0.9676
2027-03-23,Instagram,36-50,South India,Mobile,Image,3,69402,3,0.08253466416502254,5728,1.3,7446.400000000001,0.09062787471219345,502,811,0.96756
2027-03-24,Google,18-25,West India,Mobile,Text,0,58000,3,0.07344150096048098,4259,0.9,3833.1,0.0750059319212111,308,812,0.96752
2027-03-25,Instagram,36-50,South India,Mobile,Image,15,10251,3,0.09911417620421076,1016,1.3,1320.8,0.10662757436783428,104,813,0.96748
2027-03-26,Instagram,18-25,South India,Mobile,Image,0,9948,3,0.05060323304898934,503,1.3,653.9,0.07427628381396233,35,814,0.96744
2027-03-27,Google,36-50,North India,Mobile,Text,12,53647,3,0.0492838722837897,2643,0.9,2378.7000000000003,0.08953296023409242,228,815,0.9674
2027-03-28,Instagram,18-25,North India,Mobile,Text,2,89414,3,0.11169675158772281,9987,1.3,12983.1,0.04551883082277974,439,816,0.96736
2027-03-29,Google,18-25,West India,Desktop,Video,11,66723,3,0.03415958217479358,2279,0.9,2051.1,0.1317310524522236,290,817,0.96732
2027-03-30,Google,36-50,South India,Mobile,Image,22,98806,3,0.0757760824150023,7487,0.9,6738.3,0.10598111523432968,767,818,0.96728
2027-03-31,Google,26-35,West India,Mobile,Text,8,87498,3,0.04202954218530225,3677,0.9,3309.3,0.08167894703980176,290,819,0.96724
2027-04-01,Instagram,26-35,West India,Mobile,Image,3,96447,4,0.1274539924854393,12292,1.3,15979.6,0.15899327431001437,1889,820,0.9672
2027-04-02,Google,18-25,North India,Mobile,Image,1,58245,4,0.036662713762642414,2135,0.9,1921.5,0.1683360507667289,347,821,0.96716
2027-04-03,Google,36-50,South India,Mobile,Image,21,20098,4,0.04238564410749386,851,0.9,765.9,0.11858852691277212,96,822,0.96712
2027-04-04,Google,26-35,North India,Mobile,Video,21,8408,4,0.0733279039559684,616,0.9,554.4,0.10490105382332798,61,823,0.96708
2027-04-05,Google,36-50,West India,Desktop,Text,8,83215,4,0.058401379238947455,4859,0.9,4373.1,0.11139309927844587,523,824,0.96704
2027-04-06,Instagram,26-35,West India,Mobile,Image,19,70069,4,0.07116932518108722,4986,1.3,6481.8,0.18033680467974397,869,825,0.967
2027-04-07,Google,36-50,North India,Mobile,Text,23,70676,4,0.034557804537158135,2442,0.9,2197.8,0.12620276657607912,297,826,0.96696
2027-04-08,Google,18-25,North India,Desktop,Image,12,64982,4,0.05657884017416241,3676,0.9,3308.4,0.051665015104989664,182,827,0.96692
2027-04-09,Instagram,36-50,North India,Mobile,Text,13,93154,4,0.118972800577644,11082,1.3,14406.6,0.1038672391912752,1112,828,0.96688
2027-04-10,Google,26-35,North India,Desktop,Text,2,87190,4,0.042188874584334145,3678,0.9,3310.2000000000003,0.17319432053374734,615,829,0.96684
2027-04-11,Google,18-25,North India,Mobile,Text,17,53203,4,0.04818309389031689,2563,0.9,2306.7000000000003,0.08666528040518849,214,830,0.9668
2027-04-12,Google,36-50,West India,Mobile,Image,8,55617,4,0.03848809081590937,2140,0.9,1926.0,0.12204042263428065,252,831,0.96676
2027-04-13,Google,26-35,North India,Mobile,Video,14,97311,4,0.036055764282876164,3508,0.9,3157.2000000000003,0.10976413720131666,372,832,0.96672
2027-04-14,Google,18-25,South India,Desktop,Text,21,81212,4,0.04787240580157171,3887,0.9,3498.3,0.1230578818410842,462,833,0.96668
2027-04-15,Google,36-50,West India,Desktop,Video,23,7005,4,0.023848080701586585,167,0.9,150.3,0.09004173862991915,14,834,0.9666399999999999
2027-04-16,Google,26-35,West India,Mobile,Text,9,72406,4,0.05521740924488629,3998,0.9,3598.2000000000003,0.07607354778568264,293,835,0.9666
2027-04-17,Instagram,36-50,South India,Mobile,Video,16,70440,4,0.10084469907294949,7103,1.3,9233.9,0.22119464375051226,1518,836,0.96656
2027-04-18,Google,36-50,South India,Mobile,Text,12,49235,4,0.0885491821693308,4359,0.9,3923.1,0.06660208955226025,280,837,0.96652
2027-04-19,Instagram,18-25,West India,Mobile,Video,0,12973,4,0.09707289932215797,1259,1.3,1636.7,0.24431058275001766,296,838,0.96648
2027-04-20,Instagram,18-25,North India,Mobile,Text,10,47976,4,0.05916626303942189,2838,1.3,3689.4,0.08053790901683239,220,839,0.96644
2027-04-21,Google,26-35,West India,Mobile,Text,4,68797,4,0.051111377169837977,3516,0.9,3164.4,0.12291358383998176,417,840,0.9664
2027-04-22,Instagram,18-25,West India,Mobile,Video,8,59866,4,0.1236477958435829,7402,1.3,9622.6,0.12248106459740801,875,841,0.96636
2027-04-23,Google,26-35,South India,Mobile,Text,6,18804,4,0.055897885114885595,1051,0.9,945.9,0.1199690742587069,121,842,0.96632
2027-04-24,Instagram,36-50,West India,Mobile,Image,6,89613,4,0.11013971893473347,9869,1.3,12829.7,0.19983862311206443,1905,843,0.96628
2027-04-25,Google,36-50,North India,Desktop,Text,1,62936,4,0.06069781421941342,3820,0.9,3438.0,0.04806319405538087,176,844,0.96624
2027-04-26,Google,26-35,South India,Desktop,Text,18,48276,4,0.07945042294842393,3835,0.9,3451.5,0.17939429980319965,663,845,0.9662
2027-04-27,Google,36-50,West India,Mobile,Image,19,25680,4,0.05194950489179523,1334,0.9,1200.6000000000001,0.14167237937485475,181,846,0.96616
2027-04-28,Instagram,18-25,West India,Desktop,Image,17,61967,4,0.05625566705681189,3485,1.3,4530.5,0.15973197145947843,537,847,0.96612
2027-04-29,Google,36-50,North India,Mobile,Image,9,17862,4,0.06370979096489819,1137,0.9,1023.3000000000001,0.05451957586026896,58,848,0.96608
2027-04-30,Instagram,18-25,West India,Desktop,Video,4,88438,4,0.046257075154354343,4090,1.3,5317.0,0.21109806205139744,833,849,0.96604
2027-05-01,Google,26-35,West India,Mobile,Image,15,40553,5,0.03398712881865259,1378,0.9,1240.2,0.05788897805946813,76,850,0.966
2027-05-02,Instagram,26-35,West India,Mobile,Video,22,9884,5,0.06625798715867307,654,1.3,850.2,0.21008995820473023,132,851,0.96596
2027-05-03,Google,36-50,West India,Desktop,Image,4,69574,5,0.03356454824884777,2335,0.9,2101.5,0.15190021867453038,341,852,0.96592
2027-05-04,Instagram,36-50,North India,Mobile,Video,14,61313,5,0.0653863948971616,4009,1.3,5211.7,0.12426172942261106,481,853,0.96588
2027-05-05,Google,18-25,West India,Desktop,Image,21,33961,5,0.03731641453829889,1267,0.9,1140.3,0.16938337401221207,206,854,0.96584
2027-05-06,Google,18-25,West India,Desktop,Image,15,32562,5,0.04465313064322095,1453,0.9,1307.7,0.06367025950306099,88,855,0.9658
2027-05-07,Google,36-50,West India,Desktop,Text,3,27065,5,0.05257395185566155,1422,0.9,1279.8,0.15200801170152684,208,856,0.96576
2027-05-08,Google,36-50,South India,Mobile,Image,13,33084,5,0.07590873266360659,2511,0.9,2259.9,0.15439013293165493,373,857,0.96572
2027-05-09,Instagram,26-35,North India,Mobile,Text,23,52038,5,0.05679602832610347,2955,1.3,3841.5,0.04342162313465538,123,858,0.96568
2027-05-10,Google,26-35,South India,Mobile,Image,16,78337,5,0.04969463110300988,3892,0.9,3502.8,0.12663509163727796,475,859,0.96564
2027-05-11,Instagram,26-35,South India,Desktop,Image,16,21957,5,0.052810653076337775,1159,1.3,1506.7,0.15347496074320935,170,860,0.9656
2027-05-12,Google,36-50,North India,Mobile,Text,20,69116,5,0.055288200391759426,3821,0.9,3438.9,0.1016021666827265,374,861,0.96556
2027-05-13,Google,36-50,South India,Mobile,Text,15,93080,5,0.023526282889375118,2189,0.9,1970.1000000000001,0.09289497632157066,196,862,0.96552
2027-05-14,Google,36-50,South India,Mobile,Video,8,63278,5,0.031127497361744395,1969,0.9,1772.1000000000001,0.0986567997818801,187,863,0.96548
2027-05-15,Google,26-35,South India,Mobile,Text,1,33454,5,0.02525539985672307,844,0.9,759.6,0.06858424068312675,55,864,0.96544
2027-05-16,Instagram,36-50,North India,Mobile,Video,10,54796,5,0.0377709926105631,2069,1.3,2689.7000000000003,0.19354127928537512,386,865,0.9654
2027-05-17,Google,18-25,West India,Mobile,Image,14,12277,5,0.044727905761999115,549,0.9,494.1,0.07286370509562076,38,866,0.96536
2027-05-18,Google,36-50,North India,Desktop,Text,2,99524,5,0.020869644512943434,2077,0.9,1869.3,0.1410998890997173,282,867,0.96532
2027-05-19,Instagram,36-50,North India,Mobile,Text,23,67411,5,0.03529528857054958,2379,1.3,3092.7000000000003,0.056066036258839116,128,868,0.96528
2027-05-20,Instagram,36-50,North India,Desktop,Image,15,78190,5,0.07524592193035186,5883,1.3,7647.900000000001,0.08910974257015393,505,869,0.96524
2027-05-21,Google,36-50,South India,Mobile,Image,20,61069,5,0.0739175468255728,4514,0.9,4062.6,0.045897807668170594,199,870,0.9652000000000001
2027-05-22,Google,36-50,West India,Mobile,Image,18,67732,5,0.06598905177226357,4469,0.9,4022.1,0.16644015151555816,717,871,0.96516
2027-05-23,Instagram,18-25,North India,Mobile,Image,21,52861,5,0.1083284428913459,5726,1.3,7443.8,0.05187877281915785,286,872,0.96512
2027-05-24,Google,18-25,North India,Mobile,Text,5,50487,5,0.025376576375819287,1281,0.9,1152.9,0.07269607277766509,89,873,0.96508
2027-05-25,Google,36-50,West India,Mobile,Image,13,42184,5,0.06694275336248705,2823,0.9,2540.7000000000003,0.1579525500055368,429,874,0.96504
2027-05-26,Google,26-35,West India,Desktop,Image,4,24398,5,0.027711404953463973,676,0.9,608.4,0.15086571142471325,97,875,0.965
2027-05-27,Instagram,36-50,West India,Mobile,Text,4,80906,5,0.03783217745279925,3060,1.3,3978.0,0.13413862138847982,395,876,0.96496
2027-05-28,Instagram,36-50,South India,Mobile,Video,5,29517,5,0.09367349326611235,2764,1.3,3593.2000000000003,0.2217270827752113,590,877,0.96492
2027-05-29,Google,36-50,West India,Mobile,Text,17,95395,5,0.07265788972400829,6931,0.9,6237.900000000001,0.14241742384931422,952,878,0.96488
2027-05-30,Google,26-35,South India,Desktop,Video,21,67783,5,0.05143174708613211,3486,0.9,3137.4,0.1951882455910824,656,879,0.96484
2027-05-31,Google,26-35,North India,Mobile,Image,17,25564,5,0.053900928696293295,1377,0.9,1239.3,0.11546234736920596,152,880,0.9648
2027-06-01,Instagram,26-35,South India,Mobile,Text,18,8111,6,0.07302053146834184,592,1.3,769.6,0.10536145905278234,59,881,0.96476
2027-06-02,Google,18-25,West India,Mobile,Image,1,21973,6,0.07099179816741255,1559,0.9,1403.1000000000001,0.03971829810622795,58,882,0.96472
2027-06-03,Google,26-35,South India,Desktop,Text,16,1310,6,0.043278980622852285,56,0.9,50.4,0.1253852256845635,6,883,0.96468
2027-06-04,Instagram,18-25,West India,Mobile,Video,0,77296,6,0.0770357264043508,5954,1.3,7740.2,0.08177760375219792,468,884,0.9646399999999999
2027-06-05,Google,18-25,South India,Mobile,Text,8,18988,6,0.049955298280151834,948,0.9,853.2,0.13858266752648823,126,885,0.9646
2027-06-06,Instagram,26-35,North India,Mobile,Image,12,23043,6,0.038900713112685364,896,1.3,1164.8,0.10607314615986761,91,886,0.96456
2027-06-07,Google,26-35,South India,Desktop,Text,3,54134,6,0.01847279673377508,1000,0.9,900.0,0.15829921010481304,152,887,0.96452
2027-06-08,Google,26-35,North India,Mobile,Image,4,91480,6,0.04344847629274516,3974,0.9,3576.6,0.06266805471658493,240,888,0.96448
2027-06-09,Google,18-25,West India,Desktop,Text,22,56326,6,0.06020396085382371,3391,0.9,3051.9,0.11408775908669751,372,889,0.96444
2027-06-10,Instagram,36-50,North India,Mobile,Video,17,90937,6,0.06518524692034613,5927,1.3,7705.1,0.1263370699813832,721,890,0.9644
2027-06-11,Instagram,26-35,West India,Mobile,Text,9,18381,6,0.05936425572181255,1091,1.3,1418.3,0.13764076378128237,144,891,0.96436
2027-06-12,Instagram,26-35,West India,Mobile,Text,3,34264,6,0.08299007692658704,2843,1.3,3695.9,0.062370588713356566,170,892,0.96432
2027-06-13,Google,26-35,North India,Desktop,Text,12,23069,6,0.0457860751811665,1056,0.9,950.4,0.03706844938614673,37,893,0.96428
2027-06-14,Instagram,18-25,North India,Mobile,Text,12,43964,6,0.03634937479892775,1598,1.3,2077.4,0.08909480935262773,136,894,0.96424
2027-06-15,Google,18-25,South India,Desktop,Video,16,67734,6,0.032917706869680124,2229,0.9,2006.1000000000001,0.14173438197393892,303,895,0.9642
2027-06-16,Google,36-50,South India,Mobile,Image,7,6910,6,0.021139541762790634,146,0.9,131.4,0.08740276628511631,11,896,0.96416
2027-06-17,Instagram,26-35,North India,Desktop,Text,3,72020,6,0.03804819672273238,2740,1.3,3562.0,0.13663669312673604,360,897,0.96412
2027-06-18,Google,18-25,North India,Mobile,Text,22,47165,6,0.08469580034140328,3994,0.9,3594.6,0.03817183267559268,146,898,0.96408
2027-06-19,Google,36-50,North India,Mobile,Text,2,67112,6,0.06491627339993397,4356,0.9,3920.4,0.09185003471959056,385,899,0.96404
2027-06-20,Google,26-35,North India,Mobile,Video,10,33821,6,0.03527441585362243,1193,0.9,1073.7,0.08277408817784206,94,900,0.964
2027-06-21,Google,18-25,West India,Mobile,Image,11,45392,6,0.041862279331372175,1900,0.9,1710.0,0.038254297550375245,69,901,0.96396
2027-06-22,Google,26-35,North India,Mobile,Image,8,49603,6,0.07001088914684708,3472,0.9,3124.8,0.16091473852122604,537,902,0.96392
2027-06-23,Instagram,26-35,North India,Mobile,Text,14,33996,6,0.07879664353778058,2678,1.3,3481.4,0.08240901463045854,212,903,0.96388
2027-06-24,Google,18-25,North India,Mobile,Text,12,91890,6,0.0487248476453466,4477,0.9,4029.3,0.12274511602525606,529,904,0.96384
2027-06-25,Instagram,18-25,North India,Mobile,Image,4,96765,6,0.04187970293011276,4052,1.3,5267.6,0.1422424957299209,555,905,0.9638
2027-06-26,Instagram,18-25,West India,Mobile,Text,4,78558,6,0.06868550801333605,5395,1.3,7013.5,0.1241280693513843,644,906,0.96376
2027-06-27,Google,26-35,South India,Mobile,Text,18,67520,6,0.08339561460553457,5630,0.9,5067.0,0.0926110904654934,502,907,0.96372
2027-06-28,Google,26-35,South India,Mobile,Text,10,79196,6,0.06712784185789115,5316,0.9,4784.400000000001,0.14694291725686132,752,908,0.96368
2027-06-29,Google,36-50,South India,Mobile,Video,8,26044,6,0.047127891777788616,1227,0.9,1104.3,0.11463831253228318,134,909,0.96364
2027-06-30,Instagram,26-35,South India,Mobile,Video,2,85387,6,0.06679453130324271,5703,1.3,7413.900000000001,0.12185640737107803,668,910,0.9636
2027-07-01,Google,18-25,South India,Mobile,Image,17,43809,7,0.05333890067073071,2336,0.9,2102.4,0.0833786001610182,186,911,0.96356
2027-07-02,Instagram,26-35,West India,Desktop,Video,12,34299,7,0.08003406903619645,2745,1.3,3568.5,0.1232782927516336,325,912,0.96352
2027-07-03,Google,36-50,South India,Desktop,Video,11,80247,7,0.025142556909453564,2017,0.9,1815.3,0.2351052374795486,456,913,0.96348
2027-07-04,Instagram,36-50,West India,Mobile,Image,8,77763,7,0.03737759303560856,2906,1.3,3777.8,0.12025369271550312,336,914,0.96344
2027-07-05,Google,18-25,West India,Mobile,Video,9,63647,7,0.03607827832794203,2296,0.9,2066.4,0.187624421919287,414,915,0.9634
2027-07-06,Google,18-25,South India,Mobile,Image,12,74564,7,0.043144706885301976,3217,0.9,2895.3,0.08455480930196782,262,916,0.96336
2027-07-07,Instagram,36-50,South India,Mobile,Text,19,83481,7,0.07425435522875107,6198,1.3,8057.400000000001,0.16253001856441157,970,917,0.96332
2027-07-08,Instagram,36-50,South India,Mobile,Image,19,33857,7,0.08821642259227061,2986,1.3,3881.8,0.04602867568244816,131,918,0.96328
2027-07-09,Google,36-50,North India,Mobile,Image,12,39503,7,0.05994964284263772,2368,0.9,2131.2000000000003,0.16172261411569389,367,919,0.96324
2027-07-10,Instagram,18-25,West India,Mobile,Image,21,66217,7,0.04095978926228302,2712,1.3,3525.6,0.16572054464277708,432,920,0.9632000000000001
2027-07-11,Google,36-50,South India,Mobile,Text,8,26982,7,0.050841998484247274,1371,0.9,1233.9,0.04621692873202543,60,921,0.96316
2027-07-12,Instagram,36-50,North India,Mobile,Text,23,67828,7,0.04296064095007761,2913,1.3,3786.9,0.1006779225223577,282,922,0.96312
2027-07-13,Instagram,18-25,West India,Mobile,Text,9,54262,7,0.04711600268744686,2556,1.3,3322.8,0.1274440422434087,313,923,0.96308
2027-07-14,Google,26-35,North India,Mobile,Image,18,24880,7,0.08598749888922483,2139,0.9,1925.1000000000001,0.09170644816544204,188,924,0.96304
2027-07-15,Google,26-35,North India,Mobile,Image,5,99074,7,0.051800941795054255,5132,0.9,4618.8,0.050217022762273106,247,925,0.963
2027-07-16,Google,36-50,South India,Mobile,Image,6,8559,7,0.04518264235047695,386,0.9,347.40000000000003,0.17172758883885483,63,926,0.96296
2027-07-17,Google,26-35,West India,Desktop,Image,14,37549,7,0.05432229126287422,2039,0.9,1835.1000000000001,0.10530976445597703,206,927,0.96292
2027-07-18,Instagram,26-35,North India,Desktop,Image,21,36159,7,0.06889065476037191,2491,1.3,3238.3,0.07301226348844801,174,928,0.96288
2027-07-19,Google,26-35,West India,Mobile,Image,18,51370,7,0.03760920490879777,1931,0.9,1737.9,0.04991976166008178,92,929,0.96284
2027-07-20,Google,26-35,South India,Mobile,Image,13,60289,7,0.035023559882105065,2111,0.9,1899.9,0.14258646407152417,289,930,0.9628
2027-07-21,Instagram,36-50,West India,Mobile,Video,15,88075,7,0.08687485260077478,7651,1.3,9946.300000000001,0.0551067126601922,405,931,0.96276
2027-07-22,Instagram,26-35,North India,Mobile,Text,13,79740,7,0.04707730223148013,3753,1.3,4878.900000000001,0.12173316134600456,439,932,0.96272
2027-07-23,Google,26-35,North India,Mobile,Video,19,3252,7,0.06069760597105852,197,0.9,177.3,0.16861201988809332,31,933,0.96268
2027-07-24,Google,18-25,West India,Mobile,Text,1,10866,7,0.03905880685188954,424,0.9,381.6,0.07243018141132411,28,934,0.96264
2027-07-25,Google,36-50,North India,Mobile,Image,8,38997,7,0.04845890625935445,1889,0.9,1700.1000000000001,0.1008142164693563,182,935,0.9626
2027-07-26,Google,18-25,North India,Mobile,Video,2,91336,7,0.06288461339576107,5743,0.9,5168.7,0.15240744908812942,842,936,0.96256
2027-07-27,Instagram,18-25,North India,Desktop,Image,5,8553,7,0.05224158264102666,446,1.3,579.8000000000001,0.16556347285650133,70,937,0.96252
2027-07-28,Google,36-50,South India,Desktop,Video,4,33831,7,0.032165310598139936,1088,0.9,979.2,0.148923909419438,155,938,0.96248
2027-07-29,Instagram,26-35,South India,Mobile,Video,13,68323,7,0.041763996904535694,2853,1.3,3708.9,0.23698641579561788,650,939,0.96244
2027-07-30,Google,18-25,North India,Mobile,Image,14,45810,7,0.07305438362956752,3346,0.9,3011.4,0.08123906991329527,260,940,0.9624
2027-07-31,Instagram,36-50,West India,Mobile,Video,17,59719,7,0.04317343434122906,2578,1.3,3351.4,0.1364506470311117,337,941,0.96236
2027-08-01,Instagram,26-35,South India,Desktop,Video,16,12726,8,0.060043565241778576,764,1.3,993.2,0.07416575512148703,53,942,0.96232
2027-08-02,Instagram,36-50,West India,Desktop,Text,8,70451,8,0.06080350133412837,4283,1.3,5567.900000000001,0.10021630931461226,412,943,0.96228
2027-08-03,Google,18-25,North India,Desktop,Image,18,48423,8,0.04943753376033151,2393,0.9,2153.7000000000003,0.10932967017167078,251,944,0.96224
2027-08-04,Google,26-35,North India,Mobile,Image,22,1092,8,0.08562818788408172,93,0.9,83.7,0.15089225062291933,13,945,0.9621999999999999
2027-08-05,Google,26-35,West India,Desktop,Video,8,77470,8,0.053626568075867256,4154,0.9,3738.6,0.21542066615435945,860,946,0.96216
2027-08-06,Instagram,36-50,South India,Mobile,Image,15,30995,8,0.056319773517521717,1745,1.3,2268.5,0.195871429312718,328,947,0.96212
2027-08-07,Instagram,26-35,West India,Desktop,Text,5,99005,8,0.035229330384013324,3487,1.3,4533.1,0.06211984228653036,207,948,0.96208
2027-08-08,Instagram,18-25,West India,Desktop,Text,7,63957,8,0.04877448292051507,3119,1.3,4054.7000000000003,0.07427502088583184,222,949,0.96204
2027-08-09,Instagram,18-25,North India,Mobile,Image,2,2677,8,0.10185929406080599,272,1.3,353.6,0.07452938104361753,19,950,0.962
2027-08-10,Instagram,18-25,South India,Mobile,Image,21,94778,8,0.05185996434832092,4915,1.3,6389.5,0.07475065090595567,353,951,0.96196
2027-08-11,Google,36-50,West India,Desktop,Text,4,22892,8,0.04022885939739665,920,0.9,828.0,0.05186618557275357,45,952,0.96192
2027-08-12,Instagram,26-35,South India,Mobile,Image,6,23114,8,0.07106144069919185,1642,1.3,2134.6,0.12280857793545115,193,953,0.96188
2027-08-13,Google,26-35,North India,Mobile,Video,22,37632,8,0.05529205450456256,2080,0.9,1872.0,0.1848508056705457,369,954,0.96184
2027-08-14,Google,26-35,South India,Mobile,Image,0,28057,8,0.06561717839395895,1841,0.9,1656.9,0.13483960551216256,238,955,0.9618
2027-08-15,Google,18-25,North India,Mobile,Video,21,63565,8,0.03407440336637799,2165,0.9,1948.5,0.18487711858578357,384,956,0.96176
2027-08-16,Google,26-35,South India,Mobile,Text,20,61753,8,0.07379172964561315,4556,0.9,4100.400000000001,0.16299784679433404,713,957,0.96172
2027-08-17,Google,18-25,West India,Mobile,Image,3,45031,8,0.02998655333362029,1350,0.9,1215.0,0.09363979893371421,121,958,0.96168
2027-08-18,Instagram,26-35,North India,Mobile,Text,15,51049,8,0.10513093724137959,5366,1.3,6975.8,0.12677224554937072,653,959,0.96164
2027-08-19,Google,18-25,West India,Mobile,Image,13,61275,8,0.039272072438222734,2406,0.9,2165.4,0.047326930651564195,108,960,0.9616
2027-08-20,Instagram,26-35,North India,Mobile,Video,0,48881,8,0.07396557660704912,3615,1.3,4699.5,0.12237927516903935,425,961,0.96156
2027-08-21,Google,36-50,South India,Mobile,Image,3,53865,8,0.050677933795977195,2729,0.9,2456.1,0.10071766419301617,263,962,0.96152
2027-08-22,Google,36-50,South India,Mobile,Text,9,98068,8,0.02700978866233308,2648,0.9,2383.2000000000003,0.06421511189889806,163,963,0.96148
2027-08-23,Google,18-25,North India,Mobile,Video,10,51684,8,0.05404227699151048,2793,0.9,2513.7000000000003,0.11556749241907738,309,964,0.96144
2027-08-24,Google,18-25,North India,Mobile,Image,6,56687,8,0.07216977552854136,4091,0.9,3681.9,0.09701243720984173,380,965,0.9614
2027-08-25,Instagram,26-35,North India,Desktop,Text,3,76705,8,0.0815320234776085,6253,1.3,8128.900000000001,0.12370540098037272,743,966,0.96136
2027-08-26,Google,26-35,South India,Mobile,Text,0,57438,8,0.03967188221484575,2278,0.9,2050.2000000000003,0.15114144626769613,330,967,0.96132
2027-08-27,Instagram,36-50,North India,Desktop,Image,0,58314,8,0.06379864668545993,3720,1.3,4836.0,0.12537440643496187,447,968,0.96128
2027-08-28,Google,26-35,North India,Mobile,Text,16,51503,8,0.03712791848373596,1912,0.9,1720.8,0.10390453119933364,190,969,0.96124
2027-08-29,Instagram,18-25,West India,Desktop,Video,9,31740,8,0.03736124947621517,1185,1.3,1540.5,0.06651064048053976,74,970,0.9612
2027-08-30,Instagram,18-25,North India,Mobile,Image,4,47176,8,0.09164294026126305,4323,1.3,5619.900000000001,0.11450982100938911,475,971,0.96116
2027-08-31,Instagram,18-25,West India,Mobile,Video,6,11030,8,0.09967781260892068,1099,1.3,1428.7,0.09410672103508123,98,972,0.96112
2027-09-01,Google,18-25,West India,Mobile,Text,7,77288,9,0.03431542204035363,2652,0.9,2386.8,0.0690767646450204,175,973,0.96108
2027-09-02,Google,18-25,West India,Mobile,Text,1,8051,9,0.03408382656149066,274,0.9,246.6,0.045278183619426884,11,974,0.96104
2027-09-03,Google,36-50,South India,Mobile,Text,8,57010,9,0.031671713458216656,1805,0.9,1624.5,0.1206351412129187,208,975,0.961
2027-09-04,Instagram,36-50,West India,Mobile,Video,3,11589,9,0.09463572231795724,1096,1.3,1424.8,0.1460798127989346,153,976,0.96096
2027-09-05,Google,18-25,North India,Mobile,Text,11,12395,9,0.051307201125952974,635,0.9,571.5,0.05720181371798749,34,977,0.96092
2027-09-06,Google,26-35,South India,Desktop,Image,10,13833,9,0.01848366745882118,255,0.9,229.5,0.08450768622731113,20,978,0.96088
2027-09-07,Instagram,18-25,South India,Mobile,Image,4,67134,9,0.050720221351521017,3405,1.3,4426.5,0.16304218265346426,533,979,0.96084
2027-09-08,Google,36-50,South India,Mobile,Text,11,80903,9,0.05020146408921044,4061,0.9,3654.9,0.14119497729928326,550,980,0.9608
2027-09-09,Instagram,18-25,South India,Mobile,Image,20,19428,9,0.12371212510656734,2403,1.3,3123.9,0.1199350358002873,276,981,0.96076
2027-09-10,Google,36-50,South India,Mobile,Video,3,17642,9,0.025701132187664386,453,0.9,407.7,0.0803356981516413,34,982,0.96072
2027-09-11,Google,36-50,South India,Desktop,Video,12,87491,9,0.020843968370819765,1823,0.9,1640.7,0.06307347202390642,109,983,0.96068
2027-09-12,Instagram,18-25,South India,Desktop,Text,21,41771,9,0.10315037587937927,4308,1.3,5600.400000000001,0.07293527417958612,301,984,0.9606399999999999
2027-09-13,Google,18-25,West India,Desktop,Image,0,11097,9,0.040468146658694054,449,0.9,404.1,0.14236600960514734,60,985,0.9606
2027-09-14,Instagram,26-35,North India,Desktop,Image,17,79743,9,0.05146096201878476,4103,1.3,5333.900000000001,0.11790861210105827,463,986,0.96056
2027-09-15,Google,36-50,North India,Mobile,Text,3,89096,9,0.0716630984789997,6384,0.9,5745.6,0.11348197020779986,695,987,0.96052
2027-09-16,Google,26-35,West India,Mobile,Video,3,24426,9,0.06777803559886723,1655,0.9,1489.5,0.12725366077410932,201,988,0.96048
2027-09-17,Instagram,18-25,West India,Mobile,Text,7,67333,9,0.060307145966253126,4060,1.3,5278.0,0.12380999996122423,482,989,0.96044
2027-09-18,Instagram,36-50,South India,Desktop,Image,19,44463,9,0.07715442000079564,3430,1.3,4459.0,0.11804409231736959,388,990,0.9604
2027-09-19,Instagram,26-35,South India,Desktop,Image,5,72249,9,0.087714849688494,6337,1.3,8238.1,0.05693827191311685,345,991,0.96036
2027-09-20,Google,26-35,West India,Mobile,Text,3,41079,9,0.05947043464931024,2442,0.9,2197.8,0.04350313715179846,101,992,0.96032
2027-09-21,Instagram,26-35,South India,Mobile,Video,3,21404,9,0.036064786303084954,771,1.3,1002.3000000000001,0.20646170251605028,152,993,0.96028
2027-09-22,Google,18-25,North India,Desktop,Video,10,72447,9,0.03280860685461616,2376,0.9,2138.4,0.14608804373925244,333,994,0.96024
2027-09-23,Google,18-25,North India,Mobile,Text,8,4954,9,0.04590544416208833,227,0.9,204.3,0.06385531403243193,13,995,0.9601999999999999
2027-09-24,Instagram,18-25,South India,Desktop,Image,13,70848,9,0.06365654275085147,4509,1.3,5861.7,0.16060501745844444,695,996,0.96016
2027-09-25,Google,36-50,South India,Mobile,Video,3,97411,9,0.07138885379844234,6954,0.9,6258.6,0.07788388484138793,519,997,0.96012
2027-09-26,Instagram,18-25,South India,Mobile,Text,12,56331,9,0.03831872398911488,2158,1.3,2805.4,0.12186236881046571,251,998,0.96008
2027-09-27,Google,36-50,North India,Mobile,Image,5,56931,9,0.026642186872645447,1516,0.9,1364.4,0.16960163131823533,246,999,0.96004
2027-09-28,Google,26-35,South India,Mobile,Video,12,19440,9,0.04431636681748279,861,0.9,774.9,0.08052361216536857,66,1000,0.96
2027-09-29,Google,26-35,West India,Mobile,Video,2,59407,9,0.03550005154358171,2108,0.9,1897.2,0.07184673904237888,144,1001,0.95996
2027-09-30,Instagram,18-25,South India,Mobile,Text,22,82364,9,0.07074219588147825,5826,1.3,7573.8,0.0986395244228538,550,1002,0.95992
2027-10-01,Instagram,26-35,West India,Desktop,Image,6,31898,10,0.07990959605961953,2548,1.3,3312.4,0.12997259717605278,317,1003,0.95988
2027-10-02,Instagram,18-25,South India,Mobile,Video,0,47720,10,0.04614021941248176,2201,1.3,2861.3,0.05770576294822946,121,1004,0.95984
2027-10-03,Instagram,36-50,South India,Desktop,Text,10,46428,10,0.028806412753633773,1337,1.3,1738.1000000000001,0.10280692237575825,131,1005,0.9598
2027-10-04,Instagram,26-35,North India,Mobile,Video,1,16427,10,0.10782872410238067,1771,1.3,2302.3,0.0588739881401439,99,1006,0.95976
2027-10-05,Instagram,18-25,West India,Desktop,Image,4,96177,10,0.08877984593892957,8538,1.3,11099.4,0.07378532875239352,603,1007,0.95972
2027-10-06,Google,26-35,West India,Mobile,Video,23,23169,10,0.05681834437110699,1316,0.9,1184.4,0.16768280012491096,211,1008,0.95968
2027-10-07,Google,26-35,West India,Mobile,Image,21,46419,10,0.0447585404258285,2077,0.9,1869.3,0.1434410926607464,285,1009,0.95964
2027-10-08,Google,18-25,North India,Mobile,Video,13,52065,10,0.0569647513440612,2965,0.9,2668.5,0.16206529911095463,460,1010,0.9596
2027-10-09,Instagram,26-35,West India,Mobile,Video,12,68487,10,0.08293167277288725,5679,1.3,7382.7,0.05894458412019381,320,1011,0.95956
2027-10-10,Instagram,26-35,North India,Desktop,Text,15,88490,10,0.08624247301134037,7631,1.3,9920.300000000001,0.12124356944309946,887,1012,0.95952
2027-10-11,Google,26-35,South India,Mobile,Video,22,80363,10,0.045492991306388515,3655,0.9,3289.5,0.1326718545013009,464,1013,0.95948
2027-10-12,Instagram,26-35,South India,Mobile,Image,14,75501,10,0.047591821698029536,3593,1.3,4670.900000000001,0.11719767532787634,403,1014,0.95944
2027-10-13,Instagram,36-50,West India,Desktop,Text,2,99632,10,0.06583208787253265,6558,1.3,8525.4,0.08394316627575406,527,1015,0.9594
2027-10-14,Google,26-35,South India,Mobile,Image,5,9985,10,0.035484834779488446,354,0.9,318.6,0.175981445751419,59,1016,0.95936
2027-10-15,Instagram,26-35,South India,Desktop,Image,8,33641,10,0.07221741800351683,2429,1.3,3157.7000000000003,0.1487154359142173,346,1017,0.95932
2027-10-16,Instagram,18-25,West India,Mobile,Text,2,23897,10,0.10115481005336431,2417,1.3,3142.1,0.09350307516116377,215,1018,0.95928
2027-10-17,Google,36-50,South India,Desktop,Image,12,46652,10,0.0337693023465553,1575,0.9,1417.5,0.17248020137663675,259,1019,0.95924
2027-10-18,Instagram,18-25,West India,Mobile,Video,12,6973,10,0.04455579500412197,310,1.3,403.0,0.18330106739568255,53,1020,0.9592
2027-10-19,Google,18-25,West India,Desktop,Text,21,84330,10,0.022928725572749466,1933,0.9,1739.7,0.034600255496911966,63,1021,0.95916
2027-10-20,Instagram,18-25,South India,Mobile,Video,6,74250,10,0.06180582069220687,4589,1.3,5965.7,0.1412970174627174,621,1022,0.95912
2027-10-21,Instagram,36-50,South India,Mobile,Video,4,67673,10,0.06786059720290098,4592,1.3,5969.6,0.0606070810518279,266,1023,0.95908
2027-10-22,Instagram,18-25,South India,Mobile,Image,7,55309,10,0.1068802980984658,5911,1.3,7684.3,0.09130671816907689,516,1024,0.95904
2027-10-23,Google,18-25,South India,Mobile,Image,7,57718,10,0.0382167894299055,2205,0.9,1984.5,0.1677909508932267,353,1025,0.959
2027-10-24,Instagram,18-25,South India,Mobile,Video,21,69809,10,0.05342739748041428,3729,1.3,4847.7,0.22726087466954553,812,1026,0.95896
2027-10-25,Instagram,26-35,North India,Mobile,Text,6,23627,10,0.06712321274858775,1585,1.3,2060.5,0.059665635990385366,90,1027,0.95892
2027-10-26,Google,18-25,South India,Mobile,Video,18,53621,10,0.045918858221157405,2462,0.9,2215.8,0.05675936750468227,133,1028,0.95888
2027-10-27,Instagram,36-50,North India,Desktop,Video,6,98729,10,0.035535397142974594,3508,1.3,4560.400000000001,0.10981288046636468,369,1029,0.95884
2027-10-28,Google,36-50,West India,Mobile,Image,22,56084,10,0.04467411368325595,2505,0.9,2254.5,0.08691663741517738,208,1030,0.9588
2027-10-29,Instagram,26-35,South India,Desktop,Image,3,16151,10,0.06659985135575071,1075,1.3,1397.5,0.1482527921402415,152,1031,0.9587600000000001
2027-10-30,Google,36-50,South India,Mobile,Video,9,76691,10,0.055985381160627595,4293,0.9,3863.7000000000003,0.14428665786846478,593,1032,0.95872
2027-10-31,Google,36-50,South India,Mobile,Video,12,27741,10,0.05844700783111668,1621,0.9,1458.9,0.12650697428954025,196,1033,0.95868
2027-11-01,Google,26-35,West India,Desktop,Image,3,89484,11,0.024680947071746714,2208,0.9,1987.2,0.07213778367895662,152,1034,0.9586399999999999
2027-11-02,Instagram,18-25,North India,Desktop,Video,18,39130,11,0.039053458643718765,1528,1.3,1986.4,0.17782547161395787,259,1035,0.9586
2027-11-03,Google,26-35,North India,Mobile,Image,9,71172,11,0.0357525011942246,2544,0.9,2289.6,0.07103577514522859,172,1036,0.95856
2027-11-04,Instagram,18-25,South India,Mobile,Video,6,61916,11,0.09755638596805753,6040,1.3,7852.0,0.06291502412724594,364,1037,0.95852
2027-11-05,Google,18-25,South India,Mobile,Text,4,60219,11,0.06758445863639924,4069,0.9,3662.1,0.11130751555793904,433,1038,0.95848
2027-11-06,Google,36-50,South India,Mobile,Text,2,98185,11,0.07156412533991557,7026,0.9,6323.400000000001,0.07894095087886692,530,1039,0.95844
2027-11-07,Google,26-35,South India,Mobile,Video,21,38236,11,0.08083391668891594,3090,0.9,2781.0,0.18445801339887713,545,1040,0.9584
2027-11-08,Instagram,36-50,West India,Mobile,Image,21,68882,11,0.09075631359931952,6251,1.3,8126.3,0.051322033579616955,306,1041,0.95836
2027-11-09,Google,36-50,South India,Mobile,Video,21,14984,11,0.0923516639163703,1383,0.9,1244.7,0.2313736379057826,305,1042,0.95832
2027-11-10,Instagram,18-25,West India,Mobile,Video,1,2042,11,0.03891823867354413,79,1.3,102.7,0.07939214662137384,5,1043,0.95828
2027-11-11,Instagram,36-50,South India,Desktop,Image,10,14063,11,0.06593515532462943,927,1.3,1205.1000000000001,0.09898676218519936,87,1044,0.95824
2027-11-12,Instagram,26-35,North India,Desktop,Video,9,54918,11,0.057754218075573634,3171,1.3,4122.3,0.12236041162426291,371,1045,0.9581999999999999
2027-11-13,Google,36-50,North India,Mobile,Image,22,21490,11,0.08034710609815518,1726,0.9,1553.4,0.15638562867365058,257,1046,0.95816
2027-11-14,Google,36-50,South India,Mobile,Video,12,41967,11,0.06004586717958052,2519,0.9,2267.1,0.18632555585583474,449,1047,0.95812
2027-11-15,Instagram,18-25,South India,Mobile,Image,6,57472,11,0.1088874545555565,6257,1.3,8134.1,0.06630358356292688,396,1048,0.95808
2027-11-16,Google,26-35,West India,Desktop,Video,9,73838,11,0.03534599624750668,2609,0.9,2348.1,0.12168708899106438,303,1049,0.95804
2027-11-17,Instagram,36-50,South India,Mobile,Text,3,22876,11,0.058646515888191725,1341,1.3,1743.3,0.10846716312751592,138,1050,0.958
2027-11-18,Google,18-25,South India,Mobile,Image,21,82830,11,0.038978281236164695,3228,0.9,2905.2000000000003,0.15212736153912518,470,1051,0.95796
2027-11-19,Instagram,36-50,South India,Mobile,Text,19,61650,11,0.07614479348694961,4694,1.3,6102.2,0.1122504960060918,503,1052,0.95792
2027-11-20,Instagram,26-35,North India,Mobile,Image,15,3302,11,0.1000590935722924,330,1.3,429.0,0.09882553992826405,30,1053,0.95788
2027-11-21,Instagram,36-50,West India,Mobile,Image,19,20017,11,0.04212753599164376,843,1.3,1095.9,0.14717667094791576,118,1054,0.95784
2027-11-22,Google,36-50,North India,Desktop,Image,5,43311,11,0.03633029462389653,1573,0.9,1415.7,0.08828166458739495,132,1055,0.9578
2027-11-23,Instagram,18-25,West India,Mobile,Image,8,1361,11,0.038532671259430495,52,1.3,67.60000000000001,0.1782041791118011,8,1056,0.95776
2027-11-24,Google,36-50,North India,Mobile,Video,12,39261,11,0.04330616947081483,1700,0.9,1530.0,0.19686608831204958,319,1057,0.95772
2027-11-25,Google,18-25,South India,Mobile,Video,6,18171,11,0.05445027978283206,989,0.9,890.1,0.18352389876976216,173,1058,0.95768
2027-11-26,Instagram,26-35,North India,Mobile,Image,17,42226,11,0.05530869727344141,2335,1.3,3035.5,0.1553873859188376,346,1059,0.95764
2027-11-27,Instagram,36-50,North India,Mobile,Video,13,30327,11,0.049203371898513766,1492,1.3,1939.6000000000001,0.10835081236483034,154,1060,0.9576
2027-11-28,Instagram,26-35,West India,Mobile,Image,21,71628,11,0.11366101511695141,8141,1.3,10583.300000000001,0.12140583096771693,946,1061,0.95756
2027-11-29,Instagram,26-35,West India,Mobile,Image,4,83473,11,0.10586100854137469,8836,1.3,11486.800000000001,0.07817172296432966,660,1062,0.95752
2027-11-30,Google,36-50,North India,Desktop,Text,21,65223,11,0.03963587612876115,2585,0.9,2326.5,0.1324215232472862,327,1063,0.95748
2027-12-01,Google,18-25,West India,Desktop,Image,12,80353,12,0.031912525564004646,2564,0.9,2307.6,0.10594350534729594,259,1064,0.95744
2027-12-02,Instagram,26-35,West India,Mobile,Image,23,76315,12,0.0879836445624936,6714,1.3,8728.2,0.11506010566315375,739,1065,0.9574
2027-12-03,Google,26-35,West India,Desktop,Video,7,71052,12,0.028250631981421272,2007,0.9,1806.3,0.19324733405396516,370,1066,0.95736
2027-12-04,Google,36-50,West India,Desktop,Image,14,64624,12,0.05620070531500339,3631,0.9,3267.9,0.15161899110870666,526,1067,0.95732
2027-12-05,Google,36-50,West India,Mobile,Image,18,96650,12,0.08736348254043912,8443,0.9,7598.7,0.085044047769262,687,1068,0.95728
2027-12-06,Google,36-50,North India,Mobile,Text,8,15530,12,0.060509319648598056,939,0.9,845.1,0.04218369058223005,37,1069,0.95724
2027-12-07,Google,36-50,West India,Mobile,Video,5,10310,12,0.023649973202079223,243,0.9,218.70000000000002,0.07523165793819431,17,1070,0.9572
2027-12-08,Google,36-50,South India,Mobile,Video,22,35281,12,0.07829139087851412,2762,0.9,2485.8,0.1154649136786885,304,1071,0.95716
2027-12-09,Google,36-50,North India,Desktop,Text,13,60270,12,0.041937292850191446,2527,0.9,2274.3,0.06681312831245828,160,1072,0.95712
2027-12-10,Google,18-25,North India,Mobile,Image,22,90345,12,0.07643526580031801,6905,0.9,6214.5,0.043095303051304726,284,1073,0.95708
2027-12-11,Instagram,26-35,North India,Mobile,Text,9,47104,12,0.07200396321241363,3391,1.3,4408.3,0.08114496406624475,263,1074,0.95704
2027-12-12,Google,18-25,West India,Mobile,Video,8,22735,12,0.024270505318868592,551,0.9,495.90000000000003,0.06578285659415638,34,1075,0.957
2027-12-13,Google,18-25,South India,Mobile,Text,16,73285,12,0.0594959742232239,4360,0.9,3924.0,0.06631446427936895,276,1076,0.95696
2027-12-14,Instagram,36-50,West India,Mobile,Video,12,94173,12,0.0876937938800829,8258,1.3,10735.4,0.1802971738068763,1423,1077,0.95692
2027-12-15,Google,26-35,North India,Mobile,Text,16,8005,12,0.07007239225498857,560,0.9,504.0,0.08824613280783804,46,1078,0.95688
2027-12-16,Instagram,18-25,North India,Mobile,Image,18,58564,12,0.12060722374900977,7063,1.3,9181.9,0.08760275642495967,591,1079,0.95684
2027-12-17,Instagram,36-50,North India,Desktop,Image,12,52496,12,0.08857122263431455,4649,1.3,6043.7,0.0626628994570944,278,1080,0.9568
2027-12-18,Google,36-50,North India,Desktop,Video,8,30898,12,0.05058368819027184,1562,0.9,1405.8,0.18385830498262679,274,1081,0.95676
2027-12-19,Google,26-35,West India,Desktop,Text,0,90074,12,0.04028438697522889,3628,0.9,3265.2000000000003,0.14153908410082644,490,1082,0.95672
2027-12-20,Instagram,18-25,South India,Desktop,Video,0,22708,12,0.0435982603122031,990,1.3,1287.0,0.14865169757761063,140,1083,0.95668
2027-12-21,Instagram,18-25,South India,Desktop,Image,4,46024,12,0.03250742813576857,1496,1.3,1944.8,0.1858763064563518,265,1084,0.95664
2027-12-22,Google,18-25,North India,Mobile,Video,7,92003,12,0.03424093169797553,3150,0.9,2835.0,0.11978031841951199,360,1085,0.9566
2027-12-23,Instagram,36-50,South India,Mobile,Image,17,15412,12,0.03686078170191068,568,1.3,738.4,0.06051534093447989,32,1086,0.95656
2027-12-24,Google,26-35,North India,Mobile,Video,3,55821,12,0.03557376754740303,1985,0.9,1786.5,0.048319516338054314,90,1087,0.95652
2027-12-25,Instagram,26-35,North India,Mobile,Text,21,30378,12,0.0629354759229986,1911,1.3,2484.3,0.04681311098339214,85,1088,0.95648
2027-12-26,Google,18-25,South India,Mobile,Image,0,94638,12,0.022238529977779583,2104,0.9,1893.6000000000001,0.13988907528505007,281,1089,0.95644
2027-12-27,Instagram,36-50,North India,Desktop,Video,14,79580,12,0.053358199959700585,4246,1.3,5519.8,0.0968164694364532,393,1090,0.9564
2027-12-28,Instagram,18-25,South India,Mobile,Image,19,32309,12,0.06779255688519743,2190,1.3,2847.0,0.14383958650356052,301,1091,0.95636
2027-12-29,Instagram,26-35,North India,Mobile,Text,3,84775,12,0.06754514444278382,5726,1.3,7443.8,0.08972670073274967,490,1092,0.95632
2027-12-30,Google,36-50,South India,Mobile,Image,8,3435,12,0.044983574663338584,154,0.9,138.6,0.09528393651473496,13,1093,0.95628
2027-12-31,Google,18-25,North India,Mobile,Text,21,89700,12,0.038372935742165874,3442,0.9,3097.8,0.05702175133328957,187,1094,0.95624
2028-01-01,Google,18-25,South India,Desktop,Image,23,4386,1,0.06150908279418214,269,0.9,242.1,0.05648073654665558,14,1095,0.9561999999999999
2028-01-02,Google,36-50,North India,Mobile,Text,19,71976,1,0.06624641792517265,4768,0.9,4291.2,0.120749309488994,549,1096,0.95616
2028-01-03,Google,26-35,North India,Mobile,Image,9,46503,1,0.06674321751486598,3103,0.9,2792.7000000000003,0.14692755609500577,435,1097,0.95612
2028-01-04,Instagram,36-50,North India,Mobile,Text,23,72972,1,0.09119203979075474,6654,1.3,8650.2,0.09351101442954805,594,1098,0.95608
2028-01-05,Google,18-25,South India,Desktop,Video,14,73939,1,0.050526536281781095,3735,0.9,3361.5,0.08183109553617302,291,1099,0.95604
2028-01-06,Google,18-25,West India,Mobile,Video,2,89778,1,0.07533785645714669,6763,0.9,6086.7,0.09227287974585091,596,1100,0.956
2028-01-07,Instagram,18-25,North India,Mobile,Image,1,44464,1,0.039288427038037504,1746,1.3,2269.8,0.16503431738438268,275,1101,0.95596
2028-01-08,Instagram,18-25,North India,Desktop,Text,21,69475,1,0.056506069999290795,3925,1.3,5102.5,0.0578426067382476,216,1102,0.95592
2028-01-09,Instagram,26-35,South India,Mobile,Video,4,83758,1,0.06654478980184436,5573,1.3,7244.900000000001,0.06329752713385528,336,1103,0.95588
2028-01-10,Instagram,26-35,North India,Mobile,Image,23,28277,1,0.07182693605251034,2031,1.3,2640.3,0.11115657976436374,215,1104,0.95584
2028-01-11,Google,18-25,North India,Mobile,Video,0,87679,1,0.03482045305157172,3053,0.9,2747.7000000000003,0.08740146762539057,254,1105,0.9558
2028-01-12,Google,26-35,North India,Desktop,Text,10,55012,1,0.048388837886418554,2661,0.9,2394.9,0.14053801576215705,356,1106,0.9557599999999999
2028-01-13,Instagram,26-35,North India,Mobile,Image,11,4138,1,0.0659782072423745,273,1.3,354.90000000000003,0.11444412995813312,29,1107,0.95572
2028-01-14,Instagram,26-35,West India,Mobile,Text,2,50327,1,0.06464687477352658,3253,1.3,4228.900000000001,0.1489319534298118,462,1108,0.95568
2028-01-15,Google,18-25,West India,Mobile,Text,22,87525,1,0.0653652066541121,5721,0.9,5148.900000000001,0.12748361894369642,696,1109,0.95564
2028-01-16,Instagram,36-50,North India,Mobile,Text,15,69698,1,0.05155984265706286,3593,1.3,4670.900000000001,0.11404473727491436,390,1110,0.9556
2028-01-17,Google,36-50,North India,Mobile,Video,13,3752,1,0.07123828493867293,267,0.9,240.3,0.17812618750852222,44,1111,0.95556
2028-01-18,Google,36-50,North India,Mobile,Image,11,26765,1,0.05264104516572812,1408,0.9,1267.2,0.11844977603244725,158,1112,0.95552
2028-01-19,Google,18-25,West India,Mobile,Text,19,1837,1,0.07141247990172109,131,0.9,117.9,0.03532343388933192,3,1113,0.95548
2028-01-20,Instagram,26-35,West India,Mobile,Video,15,95010,1,0.06309959286992092,5995,1.3,7793.5,0.11393408352935377,652,1114,0.95544
2028-01-21,Instagram,26-35,South India,Mobile,Text,20,78579,1,0.10928272342083263,8587,1.3,11163.1,0.06606946769149209,541,1115,0.9554
2028-01-22,Google,18-25,South India,Mobile,Video,7,57997,1,0.04591610360164658,2662,0.9,2395.8,0.13306098204343403,338,1116,0.95536
2028-01-23,Instagram,18-25,North India,Mobile,Image,16,36501,1,0.04285305490418133,1564,1.3,2033.2,0.10058308671407193,149,1117,0.95532
2028-01-24,Google,36-50,North India,Mobile,Image,16,45770,1,0.04311530082756652,1973,0.9,1775.7,0.05500153189086575,103,1118,0.95528
2028-01-25,Google,36-50,West India,Mobile,Image,6,90608,1,0.07649163173000553,6930,0.9,6237.0,0.043280416844464105,285,1119,0.95524
2028-01-26,Instagram,18-25,North India,Desktop,Image,14,69189,1,0.05254817286552695,3635,1.3,4725.5,0.0563806390152853,194,1120,0.9552
2028-01-27,Instagram,36-50,North India,Mobile,Text,8,89060,1,0.0971893346305864,8655,1.3,11251.5,0.12923213727070015,1067,1121,0.95516
2028-01-28,Instagram,26-35,West India,Mobile,Video,3,61594,1,0.061607816610725744,3794,1.3,4932.2,0.17498350473517954,633,1122,0.95512
2028-01-29,Instagram,18-25,West India,Mobile,Image,7,86269,1,0.054666693041567016,4716,1.3,6130.8,0.15184500668011067,683,1123,0.95508
2028-01-30,Instagram,18-25,West India,Mobile,Text,9,38448,1,0.09266443020271162,3562,1.3,4630.6,0.06688048770075215,227,1124,0.95504
2028-01-31,Instagram,26-35,West India,Desktop,Image,14,85306,1,0.040181775243296726,3427,1.3,4455.1,0.07305388660125045,238,1125,0.955
2028-02-01,Google,26-35,South India,Mobile,Image,22,38959,2,0.028218462413418875,1099,0.9,989.1,0.049755351041026144,51,1126,0.95496
2028-02-02,Google,26-35,West India,Mobile,Image,17,50525,2,0.055731212431614774,2815,0.9,2533.5,0.10611758456007173,284,1127,0.95492
2028-02-03,Google,36-50,West India,Mobile,Video,13,79340,2,0.054258000498838437,4304,0.9,3873.6,0.11224468822577875,461,1128,0.95488
2028-02-04,Google,18-25,North India,Mobile,Video,4,82746,2,0.06588137724466957,5451,0.9,4905.900000000001,0.17900742161028554,930,1129,0.95484
2028-02-05,Instagram,36-50,North India,Mobile,Video,8,35029,2,0.0637670978010476,2233,1.3,2902.9,0.1544260623408192,328,1130,0.9548
2028-02-06,Google,26-35,North India,Mobile,Image,12,74169,2,0.07292995392930904,5409,0.9,4868.1,0.05719002933585886,295,1131,0.95476
2028-02-07,Google,36-50,South India,Desktop,Text,18,9312,2,0.06388764916001524,594,0.9,534.6,0.16661860788192948,93,1132,0.95472
2028-02-08,Google,26-35,West India,Desktop,Text,10,39300,2,0.02396954341450302,942,0.9,847.8000000000001,0.12570624722720888,112,1133,0.95468
2028-02-09,Instagram,36-50,West India,Mobile,Text,11,55994,2,0.04758603489385021,2664,1.3,3463.2000000000003,0.11970826436635869,303,1134,0.95464
2028-02-10,Google,36-50,South India,Mobile,Image,2,86765,2,0.023442682877283648,2034,0.9,1830.6000000000001,0.07735879972149967,149,1135,0.9546
2028-02-11,Instagram,26-35,West India,Desktop,Video,1,3884,2,0.04820293901056518,187,1.3,243.1,0.20006630890352697,35,1136,0.95456
2028-02-12,Google,36-50,North India,Mobile,Text,22,21522,2,0.06002939274878373,1291,0.9,1161.9,0.08587674389499186,104,1137,0.95452
2028-02-13,Google,18-25,South India,Mobile,Image,21,6623,2,0.08883245241961639,588,0.9,529.2,0.08983901674143889,49,1138,0.95448
2028-02-14,Instagram,36-50,West India,Desktop,Image,14,12460,2,0.06191892349080069,771,1.3,1002.3000000000001,0.13167670233470952,96,1139,0.95444
2028-02-15,Instagram,36-50,South India,Mobile,Text,4,11234,2,0.08578249812165124,963,1.3,1251.9,0.06511833169312055,59,1140,0.9544
2028-02-16,Google,18-25,South India,Mobile,Text,6,85039,2,0.036741320692609575,3124,0.9,2811.6,0.15620034106361924,464,1141,0.95436
2028-02-17,Instagram,26-35,West India,Mobile,Image,3,64578,2,0.06605093642323362,4265,1.3,5544.5,0.15960811114937548,648,1142,0.9543200000000001
2028-02-18,Instagram,18-25,North India,Mobile,Text,4,90636,2,0.07788313586933192,7059,1.3,9176.7,0.08485823031396617,571,1143,0.95428
2028-02-19,Google,36-50,West India,Desktop,Image,15,83410,2,0.029134131541856612,2430,0.9,2187.0,0.06669203902857099,154,1144,0.95424
2028-02-20,Instagram,26-35,West India,Mobile,Text,14,47905,2,0.06720782553139901,3219,1.3,4184.7,0.09308399070419467,285,1145,0.9541999999999999
2028-02-21,Instagram,36-50,North India,Desktop,Video,15,30420,2,0.04416668558570972,1343,1.3,1745.9,0.06940245952217244,88,1146,0.95416
2028-02-22,Instagram,36-50,West India,Mobile,Image,3,36813,2,0.05512864702175634,2029,1.3,2637.7000000000003,0.07777884385637271,149,1147,0.95412
2028-02-23,Instagram,18-25,West India,Mobile,Video,5,1382,2,0.08681972033936855,119,1.3,154.70000000000002,0.1290990416192729,14,1148,0.95408
2028-02-24,Instagram,18-25,West India,Mobile,Text,17,39353,2,0.03332964793606404,1311,1.3,1704.3,0.03651562918480791,44,1149,0.95404
2028-02-25,Instagram,26-35,South India,Mobile,Image,2,10369,2,0.040337362510042066,418,1.3,543.4,0.16192128094621766,63,1150,0.954
2028-02-26,Instagram,26-35,South India,Mobile,Text,21,35985,2,0.12727003379021634,4579,1.3,5952.7,0.06317615742360347,275,1151,0.95396
2028-02-27,Instagram,26-35,South India,Mobile,Image,23,43255,2,0.04740039230345153,2050,1.3,2665.0,0.17745813362197782,346,1152,0.95392
2028-02-28,Instagram,36-50,West India,Desktop,Text,4,59261,2,0.053341616188117065,3161,1.3,4109.3,0.036648919462963454,109,1153,0.95388
2028-02-29,Instagram,18-25,North India,Desktop,Video,1,90197,2,0.08053016357574914,7263,1.3,9441.9,0.1305282178360042,904,1154,0.95384
2028-03-01,Instagram,18-25,South India,Mobile,Video,22,62590,3,0.04357040514352708,2727,1.3,3545.1,0.21595760612100504,560,1155,0.9538
2028-03-02,Google,18-25,North India,Mobile,Text,15,46486,3,0.07719938333741425,3588,0.9,3229.2000000000003,0.0651200774245976,222,1156,0.9537599999999999
2028-03-03,Instagram,26-35,West India,Desktop,Video,5,48883,3,0.03340676163601835,1633,1.3,2122.9,0.18355580552705378,285,1157,0.95372
2028-03-04,Instagram,18-25,South India,Mobile,Video,14,56318,3,0.05077260849468372,2859,1.3,3716.7000000000003,0.20461801139554567,557,1158,0.95368
2028-03-05,Google,18-25,West India,Mobile,Text,17,52566,3,0.08019242997557524,4215,0.9,3793.5,0.12089373586816168,485,1159,0.95364
2028-03-06,Instagram,18-25,North India,Desktop,Image,5,1650,3,0.06570273920405768,108,1.3,140.4,0.09509017460338177,9,1160,0.9536
2028-03-07,Google,26-35,South India,Mobile,Text,12,41937,3,0.0786671586243698,3299,0.9,2969.1,0.15418148028550666,484,1161,0.95356
2028-03-08,Google,18-25,South India,Mobile,Image,23,22299,3,0.07078419112576674,1578,0.9,1420.2,0.15485667177420784,232,1162,0.95352
2028-03-09,Instagram,26-35,South India,Mobile,Video,12,27862,3,0.09048670186861832,2521,1.3,3277.3,0.17809411515449602,427,1163,0.95348
2028-03-10,Google,18-25,South India,Mobile,Video,0,97689,3,0.06054538868666964,5914,0.9,5322.6,0.22459910279624,1266,1164,0.95344
2028-03-11,Instagram,18-25,North India,Mobile,Video,15,17312,3,0.10995487424523559,1903,1.3,2473.9,0.09310865484567224,168,1165,0.9534
2028-03-12,Instagram,18-25,South India,Mobile,Video,3,11943,3,0.10022947562928011,1197,1.3,1556.1000000000001,0.10534015119887852,120,1166,0.95336
2028-03-13,Google,26-35,West India,Desktop,Video,16,69734,3,0.02935617980711677,2047,0.9,1842.3,0.12421538474512309,242,1167,0.95332
2028-03-14,Google,26-35,South India,Mobile,Image,17,18325,3,0.05586380779414475,1023,0.9,920.7,0.06078874183245193,59,1168,0.95328
2028-03-15,Google,18-25,North India,Mobile,Image,15,75268,3,0.031171312922641987,2346,0.9,2111.4,0.09116066456617762,203,1169,0.95324
2028-03-16,Instagram,36-50,South India,Mobile,Image,0,72341,3,0.09543974325279318,6904,1.3,8975.2,0.11722249010363721,771,1170,0.9532
2028-03-17,Instagram,26-35,North India,Desktop,Text,5,53879,3,0.03665662166225761,1975,1.3,2567.5,0.09709296032961988,182,1171,0.95316
2028-03-18,Instagram,26-35,North India,Desktop,Video,10,85449,3,0.09790830624275516,8366,1.3,10875.800000000001,0.09475460375755787,754,1172,0.95312
2028-03-19,Google,18-25,West India,Desktop,Video,5,67738,3,0.027598231860782182,1869,0.9,1682.1000000000001,0.22038448433585442,391,1173,0.95308
2028-03-20,Instagram,36-50,South India,Mobile,Video,16,65010,3,0.09173394679632481,5963,1.3,7751.900000000001,0.11603073060166215,658,1174,0.95304
2028-03-21,Google,18-25,South India,Desktop,Text,3,83570,3,0.03477009625613117,2905,0.9,2614.5,0.16375479645406743,452,1175,0.953
2028-03-22,Instagram,26-35,South India,Mobile,Text,13,4006,3,0.11298851147518363,452,1.3,587.6,0.1052087012947958,44,1176,0.95296
2028-03-23,Google,26-35,West India,Mobile,Text,13,62876,3,0.08270382036190031,5200,0.9,4680.0,0.1314067114964163,650,1177,0.95292
2028-03-24,Instagram,18-25,West India,Mobile,Video,19,64228,3,0.09554916719549661,6136,1.3,7976.8,0.07329476129942482,427,1178,0.95288
2028-03-25,Google,18-25,North India,Mobile,Image,7,53056,3,0.06597344964907824,3500,0.9,3150.0,0.12148042532134745,404,1179,0.95284
2028-03-26,Instagram,36-50,North India,Desktop,Text,21,9505,3,0.08109211170236573,770,1.3,1001.0,0.15501350416561202,113,1180,0.9528
2028-03-27,Google,36-50,North India,Mobile,Text,1,21498,3,0.07944672506426975,1707,0.9,1536.3,0.11838166914055662,192,1181,0.95276
2028-03-28,Instagram,26-35,West India,Mobile,Image,4,17505,3,0.1126683210826284,1972,1.3,2563.6,0.1703245461072945,319,1182,0.95272
2028-03-29,Instagram,36-50,West India,Mobile,Text,3,63518,3,0.041711984441129384,2649,1.3,3443.7000000000003,0.07157412349903775,180,1183,0.95268
2028-03-30,Google,36-50,West India,Mobile,Image,9,7603,3,0.07149795382046656,543,0.9,488.7,0.16722601381682592,85,1184,0.95264
2028-03-31,Instagram,26-35,North India,Mobile,Video,19,25744,3,0.07074172373960579,1821,1.3,2367.3,0.11182604360397089,193,1185,0.9526
2028-04-01,Instagram,26-35,West India,Mobile,Image,23,70218,4,0.08407780048524942,5903,1.3,7673.900000000001,0.12949312080778075,727,1186,0.95256
2028-04-02,Google,26-35,North India,Mobile,Image,20,14460,4,0.06570292795166649,950,0.9,855.0,0.07559805174597148,67,1187,0.95252
2028-04-03,Google,26-35,North India,Mobile,Video,2,54273,4,0.043693986159855557,2371,0.9,2133.9,0.14774095527069278,333,1188,0.95248
2028-04-04,Instagram,18-25,South India,Desktop,Text,15,80095,4,0.058404751327586865,4677,1.3,6080.1,0.12588644554645315,560,1189,0.95244
2028-04-05,Google,26-35,South India,Desktop,Video,9,29544,4,0.043433558730813865,1283,0.9,1154.7,0.2013672750579991,245,1190,0.9524
2028-04-06,Instagram,26-35,South India,Desktop,Text,14,7864,4,0.08186167739582297,643,1.3,835.9,0.18132499640503694,110,1191,0.95236
2028-04-07,Google,26-35,North India,Desktop,Text,3,90314,4,0.03494056781932763,3155,0.9,2839.5,0.08011610765097438,239,1192,0.95232
2028-04-08,Instagram,36-50,South India,Mobile,Image,0,80770,4,0.049092069061351,3965,1.3,5154.5,0.23466847616016848,885,1193,0.95228
2028-04-09,Google,26-35,South India,Desktop,Video,21,29593,4,0.08800399194519724,2604,0.9,2343.6,0.2513437241448271,622,1194,0.95224
2028-04-10,Instagram,18-25,South India,Mobile,Image,14,45657,4,0.051060596656964524,2331,1.3,3030.3,0.12726010008821556,281,1195,0.9522
2028-04-11,Instagram,18-25,West India,Desktop,Video,9,2729,4,0.05901000878949787,161,1.3,209.3,0.10329539021353203,15,1196,0.95216
2028-04-12,Instagram,26-35,North India,Mobile,Video,19,45515,4,0.1514772941365092,6894,1.3,8962.2,0.06841264147686693,448,1197,0.95212
2028-04-13,Instagram,18-25,South India,Desktop,Image,21,88872,4,0.04979356846500323,4425,1.3,5752.5,0.09611050193050334,404,1198,0.95208
2028-04-14,Google,36-50,West India,Mobile,Text,17,55281,4,0.08449107088865503,4670,0.9,4203.0,0.167109873210912,742,1199,0.95204
2028-04-15,Instagram,26-35,West India,Mobile,Text,15,35936,4,0.0890014781048853,3198,1.3,4157.400000000001,0.08250208555110414,250,1200,0.952
2028-04-16,Google,18-25,West India,Mobile,Video,20,13413,4,0.04400307062150917,590,0.9,531.0,0.08541673096448281,47,1201,0.95196
2028-04-17,Google,18-25,South India,Mobile,Text,8,48652,4,0.0391642394540818,1905,0.9,1714.5,0.04844172450709064,87,1202,0.95192
2028-04-18,Google,26-35,West India,Desktop,Image,23,30764,4,0.05688461711122701,1749,0.9,1574.1000000000001,0.09801029773787455,162,1203,0.95188
2028-04-19,Google,18-25,North India,Mobile,Image,18,64784,4,0.04017016501560394,2602,0.9,2341.8,0.08009797253764213,197,1204,0.95184
2028-04-20,Instagram,26-35,West India,Mobile,Image,16,46741,4,0.10123660977859752,4731,1.3,6150.3,0.06516999405161183,293,1205,0.9518
2028-04-21,Instagram,18-25,West India,Desktop,Video,9,74204,4,0.08893279296567472,6599,1.3,8578.7,0.24933889752498026,1565,1206,0.9517599999999999
2028-04-22,Google,36-50,West India,Mobile,Video,18,79796,4,0.04042736760520815,3225,0.9,2902.5,0.11155257009205974,341,1207,0.95172
2028-04-23,Google,18-25,West India,Mobile,Text,7,77844,4,0.055076151349990894,4287,0.9,3858.3,0.041682051252261834,169,1208,0.95168
2028-04-24,Instagram,18-25,North India,Mobile,Image,18,60773,4,0.09874316530902355,6000,1.3,7800.0,0.19630638313253776,1120,1209,0.95164
2028-04-25,Google,26-35,South India,Mobile,Image,4,75432,4,0.09172074571423065,6918,0.9,6226.2,0.1597092368254516,1050,1210,0.9516
2028-04-26,Google,18-25,North India,Desktop,Video,1,20283,4,0.07381065366280998,1497,0.9,1347.3,0.0705803387877296,99,1211,0.95156
2028-04-27,Google,26-35,North India,Desktop,Video,14,86127,4,0.03184281759720378,2742,0.9,2467.8,0.060737937109530855,157,1212,0.95152
2028-04-28,Instagram,36-50,South India,Desktop,Video,16,26282,4,0.09641960984740278,2534,1.3,3294.2000000000003,0.08727660834036777,210,1213,0.95148
2028-04-29,Instagram,26-35,West India,Mobile,Image,9,65560,4,0.07135992985573916,4678,1.3,6081.400000000001,0.1473704633536354,655,1214,0.95144
2028-04-30,Google,26-35,South India,Mobile,Image,20,80455,4,0.06406037871023214,5153,0.9,4637.7,0.06423387258634447,313,1215,0.9514
2028-05-01,Google,18-25,South India,Mobile,Text,20,74210,5,0.07521564152262213,5581,0.9,5022.900000000001,0.11176960412531423,592,1216,0.95136
2028-05-02,Instagram,36-50,North India,Desktop,Image,21,97235,5,0.05809516708822436,5648,1.3,7342.400000000001,0.12478795564200522,669,1217,0.9513199999999999
2028-05-03,Instagram,26-35,South India,Mobile,Text,1,97376,5,0.07614162712697617,7414,1.3,9638.2,0.056717800699005415,399,1218,0.95128
2028-05-04,Google,18-25,West India,Mobile,Text,8,53984,5,0.03277913437577137,1769,0.9,1592.1000000000001,0.09212349638721713,154,1219,0.95124
2028-05-05,Instagram,18-25,North India,Mobile,Image,1,19392,5,0.1039987945717981,2016,1.3,2620.8,0.16619603064125058,318,1220,0.9512
2028-05-06,Google,26-35,West India,Mobile,Text,17,98496,5,0.03130664742342889,3083,0.9,2774.7000000000003,0.1335421251335386,390,1221,0.95116
2028-05-07,Google,18-25,North India,Desktop,Text,11,5721,5,0.034217886856761706,195,0.9,175.5,0.11407633948231839,20,1222,0.95112
2028-05-08,Instagram,26-35,West India,Mobile,Video,14,30197,5,0.10908562605475579,3294,1.3,4282.2,0.1349795009091687,422,1223,0.95108
2028-05-09,Google,26-35,South India,Mobile,Image,20,27173,5,0.08004599627203443,2175,0.9,1957.5,0.1047183124136806,215,1224,0.95104
2028-05-10,Instagram,26-35,South India,Mobile,Text,19,2066,5,0.07758197323834663,160,1.3,208.0,0.09649280695826812,14,1225,0.951
2028-05-11,Google,36-50,South India,Desktop,Text,5,93911,5,0.030677880771217712,2880,0.9,2592.0,0.13748745002789345,375,1226,0.95096
2028-05-12,Google,26-35,West India,Mobile,Text,17,60418,5,0.06488586304140478,3920,0.9,3528.0,0.09996145744925014,371,1227,0.95092
2028-05-13,Instagram,18-25,North India,Mobile,Image,12,68454,5,0.03340358293431384,2286,1.3,2971.8,0.13969898004391967,303,1228,0.95088
2028-05-14,Google,36-50,North India,Mobile,Video,3,75993,5,0.06701614523278629,5092,0.9,4582.8,0.20039172608110722,969,1229,0.95084
2028-05-15,Instagram,18-25,North India,Mobile,Video,11,77262,5,0.06642357575377994,5132,1.3,6671.6,0.14782605846310115,720,1230,0.9508
2028-05-16,Google,36-50,South India,Desktop,Image,8,15282,5,0.06208509041926727,948,0.9,853.2,0.1368779478411718,122,1231,0.95076
2028-05-17,Google,36-50,West India,Mobile,Image,1,25815,5,0.0584477825166009,1508,0.9,1357.2,0.09686267279137675,138,1232,0.95072
2028-05-18,Google,36-50,North India,Desktop,Image,15,23594,5,0.034884594511985285,823,0.9,740.7,0.06416827577410218,49,1233,0.95068
2028-05-19,Instagram,36-50,West India,Mobile,Image,0,73984,5,0.033984717405636904,2514,1.3,3268.2000000000003,0.09238810391460027,220,1234,0.95064
2028-05-20,Google,18-25,North India,Desktop,Video,3,57511,5,0.05121182847226774,2945,0.9,2650.5,0.12860751160625222,359,1235,0.9506
2028-05-21,Instagram,26-35,South India,Desktop,Text,14,67678,5,0.08344324200306809,5647,1.3,7341.1,0.04196260554344261,224,1236,0.95056
2028-05-22,Google,18-25,West India,Mobile,Text,19,86768,5,0.030886974572231458,2680,0.9,2412.0,0.09062079795385278,230,1237,0.95052
2028-05-23,Instagram,26-35,North India,Mobile,Image,0,67951,5,0.06693048360449202,4547,1.3,5911.1,0.15266586054619213,659,1238,0.95048
2028-05-24,Google,18-25,North India,Mobile,Image,19,7374,5,0.08129722897439336,599,0.9,539.1,0.16789104021697204,95,1239,0.95044
2028-05-25,Instagram,36-50,North India,Mobile,Text,14,27974,5,0.0485862293907714,1359,1.3,1766.7,0.12901977740474158,166,1240,0.9504
2028-05-26,Instagram,36-50,North India,Mobile,Video,2,70178,5,0.0388912661553961,2729,1.3,3547.7000000000003,0.07304828666423939,189,1241,0.95036
2028-05-27,Instagram,26-35,South India,Mobile,Image,12,84472,5,0.0901656503541662,7616,1.3,9900.800000000001,0.06787203153185675,490,1242,0.95032
2028-05-28,Instagram,26-35,North India,Desktop,Image,17,32914,5,0.03185952248721286,1048,1.3,1362.4,0.09031052276486026,89,1243,0.95028
2028-05-29,Instagram,18-25,North India,Mobile,Video,12,51014,5,0.06256405981253353,3191,1.3,4148.3,0.08157870310642748,247,1244,0.95024
2028-05-30,Instagram,26-35,South India,Desktop,Video,9,62379,5,0.07424021569130355,4631,1.3,6020.3,0.17772378436148922,782,1245,0.9502
2028-05-31,Google,18-25,North India,Mobile,Video,19,10347,5,0.07634973542019721,789,0.9,710.1,0.059095473474312134,43,1246,0.95016
2028-06-01,Google,26-35,West India,Mobile,Image,23,91468,6,0.04177765051781838,3821,0.9,3438.9,0.0970146601883783,351,1247,0.95012
2028-06-02,Instagram,26-35,West India,Desktop,Video,6,60015,6,0.059842767887445185,3591,1.3,4668.3,0.0903448568966178,307,1248,0.95008
2028-06-03,Instagram,26-35,North India,Mobile,Image,7,90129,6,0.03795749907335293,3421,1.3,4447.3,0.11132915477242733,361,1249,0.95004
2028-06-04,Instagram,36-50,South India,Mobile,Image,0,67864,6,0.044145052128840935,2995,1.3,3893.5,0.1584106123958572,450,1250,0.95
2028-06-05,Google,36-50,South India,Desktop,Video,17,51181,6,0.01789635951624742,915,0.9,823.5,0.21230074515359887,184,1251,0.94996
2028-06-06,Google,18-25,South India,Desktop,Text,11,19760,6,0.021955681213136544,433,0.9,389.7,0.15538990676418746,63,1252,0.94992
2028-06-07,Google,26-35,North India,Mobile,Video,17,86161,6,0.0512886008112023,4419,0.9,3977.1,0.09656811524113698,404,1253,0.9498800000000001
2028-06-08,Instagram,18-25,North India,Mobile,Text,23,93103,6,0.08973589651011081,8354,1.3,10860.2,0.12260091214913785,972,1254,0.94984
2028-06-09,Google,26-35,West India,Mobile,Video,11,78599,6,0.06077213934871519,4776,0.9,4298.400000000001,0.1400773057664687,635,1255,0.9498
2028-06-10,Google,36-50,South India,Mobile,Video,19,98166,6,0.07148154626771154,7017,0.9,6315.3,0.1716923605773662,1143,1256,0.94976
2028-06-11,Google,36-50,North India,Mobile,Image,8,93497,6,0.06119899419687501,5721,0.9,5148.900000000001,0.14364034709753515,779,1257,0.94972
2028-06-12,Google,26-35,North India,Mobile,Image,1,4140,6,0.023222171637956333,96,0.9,86.4,0.05253980407024363,4,1258,0.94968
2028-06-13,Instagram,26-35,North India,Mobile,Image,13,83801,6,0.0568464009406501,4763,1.3,6191.900000000001,0.155804908315874,704,1259,0.94964
2028-06-14,Google,36-50,South India,Desktop,Image,3,75266,6,0.05511685274779909,4148,0.9,3733.2000000000003,0.1218841943281864,479,1260,0.9496
2028-06-15,Instagram,36-50,South India,Desktop,Image,14,63176,6,0.0688299347930171,4348,1.3,5652.400000000001,0.09095728535633575,375,1261,0.94956
2028-06-16,Google,18-25,West India,Mobile,Image,16,15057,6,0.033889053861042996,510,0.9,459.0,0.08305125763446214,39,1262,0.94952
2028-06-17,Google,36-50,South India,Mobile,Image,18,70093,6,0.06220959024339587,4360,0.9,3924.0,0.1516713492560306,627,1263,0.94948
2028-06-18,Google,26-35,North India,Mobile,Text,5,30114,6,0.05004953965310873,1507,0.9,1356.3,0.1035713726505023,148,1264,0.94944
2028-06-19,Google,18-25,West India,Mobile,Text,8,79747,6,0.03254951410181349,2595,0.9,2335.5,0.11476772431790402,281,1265,0.9494
2028-06-20,Google,26-35,South India,Mobile,Image,16,57215,6,0.052413551849022966,2998,0.9,2698.2000000000003,0.07881324229726562,224,1266,0.94936
2028-06-21,Google,18-25,South India,Mobile,Text,14,19580,6,0.06255861756625687,1224,0.9,1101.6000000000001,0.05669475045849759,65,1267,0.9493199999999999
2028-06-22,Instagram,26-35,South India,Mobile,Video,4,84870,6,0.062140286252218395,5273,1.3,6854.900000000001,0.17688968068528146,884,1268,0.94928
2028-06-23,Google,36-50,South India,Desktop,Text,17,10802,6,0.01965208190246634,212,0.9,190.8,0.07264757107487751,14,1269,0.94924
2028-06-24,Instagram,26-35,North India,Desktop,Image,22,88857,6,0.09184357375527935,8160,1.3,10608.0,0.06420480800568275,496,1270,0.9492
2028-06-25,Instagram,18-25,South India,Desktop,Text,3,70543,6,0.05315336188002989,3749,1.3,4873.7,0.06221764045022842,221,1271,0.94916
2028-06-26,Instagram,26-35,North India,Mobile,Video,20,5675,6,0.06559894355943091,372,1.3,483.6,0.06582054939486967,22,1272,0.94912
2028-06-27,Google,18-25,North India,Mobile,Text,23,15058,6,0.04813359255797151,724,0.9,651.6,0.0765239343803749,52,1273,0.94908
2028-06-28,Google,26-35,North India,Mobile,Image,1,50001,6,0.05786821617050273,2893,0.9,2603.7000000000003,0.06907085245440213,188,1274,0.94904
2028-06-29,Google,36-50,West India,Desktop,Video,18,38519,6,0.021600994146699,832,0.9,748.8000000000001,0.18826092984464654,148,1275,0.949
2028-06-30,Google,36-50,North India,Mobile,Video,4,72755,6,0.05268998742101212,3833,0.9,3449.7000000000003,0.1478073517393635,537,1276,0.94896
2028-07-01,Instagram,26-35,South India,Mobile,Text,3,16445,7,0.10662517132214225,1753,1.3,2278.9,0.13477154165358765,223,1277,0.94892
2028-07-02,Google,26-35,West India,Mobile,Video,4,74954,7,0.058355803386800596,4374,0.9,3936.6,0.11580656267310827,480,1278,0.94888
2028-07-03,Google,26-35,South India,Mobile,Video,18,90450,7,0.08727019729562112,7893,0.9,7103.7,0.16371871895056642,1225,1279,0.94884
2028-07-04,Instagram,18-25,North India,Mobile,Video,12,96166,7,0.10910665448721175,10492,1.3,13639.6,0.12552733537636596,1249,1280,0.9488
2028-07-05,Instagram,26-35,South India,Mobile,Image,15,29695,7,0.10059121408453599,2987,1.3,3883.1,0.06978752492046739,197,1281,0.94876
2028-07-06,Instagram,26-35,West India,Mobile,Video,11,96970,7,0.08631607737419737,8370,1.3,10881.0,0.0560394207685318,444,1282,0.94872
2028-07-07,Google,18-25,West India,Mobile,Text,8,52227,7,0.02879322945877491,1503,0.9,1352.7,0.11533869611415992,164,1283,0.94868
2028-07-08,Google,36-50,South India,Mobile,Text,23,80992,7,0.028609863105768702,2317,0.9,2085.3,0.05326147491289201,116,1284,0.94864
2028-07-09,Google,26-35,South India,Mobile,Video,15,31185,7,0.048886725362019004,1524,0.9,1371.6000000000001,0.06339812351269696,91,1285,0.9486
2028-07-10,Google,26-35,South India,Desktop,Text,13,90692,7,0.03286186023767018,2980,0.9,2682.0,0.09524043384671398,268,1286,0.94856
2028-07-11,Google,36-50,West India,Mobile,Video,21,46908,7,0.07386626634690838,3464,0.9,3117.6,0.17198843016143947,564,1287,0.94852
2028-07-12,Google,36-50,North India,Mobile,Text,0,44631,7,0.07164420528652185,3197,0.9,2877.3,0.11922057705521977,361,1288,0.94848
2028-07-13,Google,18-25,South India,Mobile,Video,19,48993,7,0.06727873868584981,3296,0.9,2966.4,0.21421718332112666,669,1289,0.94844
2028-07-14,Google,26-35,North India,Desktop,Video,22,3078,7,0.03311337002932328,101,0.9,90.9,0.07739455799080276,6,1290,0.9484
2028-07-15,Google,26-35,West India,Mobile,Video,20,96886,7,0.08783787325692152,8510,0.9,7659.0,0.21358489816086162,1723,1291,0.94836
2028-07-16,Instagram,18-25,South India,Mobile,Image,3,78609,7,0.0939182151149189,7382,1.3,9596.6,0.16153419708247044,1130,1292,0.94832
2028-07-17,Instagram,36-50,South India,Mobile,Text,8,24778,7,0.10869986306622188,2693,1.3,3500.9,0.05797922698487763,147,1293,0.94828
2028-07-18,Instagram,18-25,West India,Mobile,Video,23,24397,7,0.06882145313149172,1679,1.3,2182.7000000000003,0.189241176047229,300,1294,0.94824
2028-07-19,Google,36-50,South India,Mobile,Image,18,69857,7,0.09172890751852758,6407,0.9,5766.3,0.12083972796266777,733,1295,0.9482
2028-07-20,Google,18-25,North India,Mobile,Image,13,13337,7,0.04983351720059207,664,0.9,597.6,0.046850666949296425,29,1296,0.94816
2028-07-21,Google,36-50,West India,Desktop,Video,21,7011,7,0.0652353868089184,457,0.9,411.3,0.07018301766731581,30,1297,0.94812
2028-07-22,Instagram,18-25,West India,Desktop,Video,11,40855,7,0.06609499193323284,2700,1.3,3510.0,0.12089407136075914,309,1298,0.94808
2028-07-23,Instagram,36-50,South India,Desktop,Video,3,76532,7,0.06150558361302354,4707,1.3,6119.1,0.15083765878443411,672,1299,0.94804
2028-07-24,Google,36-50,West India,Mobile,Video,6,47845,7,0.051574188560195945,2467,0.9,2220.3,0.20717872605822796,484,1300,0.948
2028-07-25,Instagram,36-50,South India,Desktop,Video,16,21046,7,0.07081196290491318,1490,1.3,1937.0,0.09266366491766037,130,1301,0.94796
2028-07-26,Google,36-50,South India,Mobile,Text,0,88030,7,0.04515654653370744,3975,0.9,3577.5,0.09946028039078371,374,1302,0.94792
2028-07-27,Google,36-50,West India,Mobile,Video,13,7618,7,0.06180463797826934,470,0.9,423.0,0.0859494308386011,37,1303,0.9478800000000001
2028-07-28,Instagram,26-35,South India,Desktop,Video,14,73435,7,0.04063045267543643,2983,1.3,3877.9,0.1559924473136112,440,1304,0.94784
2028-07-29,Instagram,36-50,North India,Mobile,Text,11,32322,7,0.09500030227987176,3070,1.3,3991.0,0.1350984081494599,392,1305,0.9478
2028-07-30,Instagram,26-35,North India,Mobile,Image,11,34797,7,0.060763384189096714,2114,1.3,2748.2000000000003,0.11351082596466223,226,1306,0.94776
2028-07-31,Instagram,36-50,South India,Mobile,Text,5,16128,7,0.05514316396034654,889,1.3,1155.7,0.10416823355051233,87,1307,0.94772
2028-08-01,Google,26-35,North India,Mobile,Image,12,34179,8,0.040253243191567215,1375,0.9,1237.5,0.13776721112011847,179,1308,0.94768
2028-08-02,Instagram,26-35,South India,Desktop,Image,15,68517,8,0.03118030143621473,2136,1.3,2776.8,0.06673248593477242,134,1309,0.94764
2028-08-03,Google,18-25,North India,Mobile,Text,13,35073,8,0.07399101442292252,2595,0.9,2335.5,0.1346797746686747,330,1310,0.9476
2028-08-04,Instagram,36-50,West India,Mobile,Video,6,79014,8,0.08806729370758616,6958,1.3,9045.4,0.1450425074582602,956,1311,0.94756
2028-08-05,Google,18-25,South India,Mobile,Image,15,92965,8,0.06442881543576573,5989,0.9,5390.1,0.1496916499327784,848,1312,0.94752
2028-08-06,Instagram,18-25,South India,Desktop,Video,22,38363,8,0.08653602448098503,3319,1.3,4314.7,0.20414394857447699,641,1313,0.94748
2028-08-07,Google,36-50,South India,Mobile,Text,8,12697,8,0.07436744808815811,944,0.9,849.6,0.12052645455101361,107,1314,0.9474400000000001
2028-08-08,Instagram,18-25,South India,Mobile,Image,13,16422,8,0.05574341886049923,915,1.3,1189.5,0.14274559853012952,123,1315,0.9474
2028-08-09,Google,36-50,South India,Desktop,Video,23,39380,8,0.03195705638779954,1258,0.9,1132.2,0.18763404229049885,223,1316,0.94736
2028-08-10,Instagram,18-25,South India,Mobile,Image,6,96877,8,0.06552900191226889,6348,1.3,8252.4,0.05204442969239303,312,1317,0.9473199999999999
2028-08-11,Google,36-50,West India,Mobile,Image,11,61857,8,0.05597655327723669,3462,0.9,3115.8,0.09350947114425484,305,1318,0.94728
2028-08-12,Google,36-50,West India,Desktop,Text,2,68573,8,0.028536082403053283,1956,0.9,1760.4,0.14858947264068278,274,1319,0.94724
2028-08-13,Google,36-50,North India,Mobile,Video,13,76058,8,0.06346529223871607,4827,0.9,4344.3,0.08676656247877072,395,1320,0.9472
2028-08-14,Google,26-35,South India,Desktop,Video,18,22259,8,0.03373334187856073,750,0.9,675.0,0.15300880684099177,107,1321,0.94716
2028-08-15,Instagram,18-25,North India,Mobile,Image,10,78534,8,0.03509549938412369,2756,1.3,3582.8,0.06133185247315393,160,1322,0.94712
2028-08-16,Google,26-35,North India,Desktop,Video,4,73622,8,0.049365293084767226,3634,0.9,3270.6,0.09719458071846217,334,1323,0.94708
2028-08-17,Instagram,18-25,West India,Desktop,Image,22,2149,8,0.06772707742645119,145,1.3,188.5,0.14039120598380989,18,1324,0.94704
2028-08-18,Google,18-25,North India,Mobile,Text,12,23792,8,0.06236452286839133,1483,0.9,1334.7,0.10500177942078094,146,1325,0.947
2028-08-19,Google,18-25,West India,Mobile,Text,9,17390,8,0.06593538003537568,1146,0.9,1031.4,0.08330364705871,89,1326,0.94696
2028-08-20,Instagram,26-35,North India,Desktop,Video,6,35204,8,0.08292202106691669,2919,1.3,3794.7000000000003,0.19531696015178232,539,1327,0.94692
2028-08-21,Instagram,18-25,South India,Mobile,Text,16,37018,8,0.07365353543011233,2726,1.3,3543.8,0.13885362814675095,357,1328,0.9468799999999999
2028-08-22,Google,26-35,North India,Mobile,Text,15,94651,8,0.06854540058641093,6487,0.9,5838.3,0.06258878887171034,384,1329,0.94684
2028-08-23,Instagram,36-50,West India,Mobile,Video,7,90583,8,0.061116008027895914,5536,1.3,7196.8,0.12619498067978718,660,1330,0.9468
2028-08-24,Instagram,18-25,West India,Desktop,Image,16,83614,8,0.0423154030448009,3538,1.3,4599.400000000001,0.162924830812386,545,1331,0.94676
2028-08-25,Google,18-25,West India,Desktop,Text,12,22471,8,0.027975903358791614,628,0.9,565.2,0.03667322950160826,21,1332,0.94672
2028-08-26,Instagram,36-50,North India,Mobile,Video,10,15263,8,0.07295205073488113,1113,1.3,1446.9,0.13840201906504626,145,1333,0.94668
2028-08-27,Instagram,36-50,North India,Mobile,Video,19,61309,8,0.07247008436089875,4443,1.3,5775.900000000001,0.08262088162056092,347,1334,0.94664
2028-08-28,Instagram,18-25,West India,Desktop,Video,17,53451,8,0.06785582369850687,3626,1.3,4713.8,0.058721779799342795,200,1335,0.9466
2028-08-29,Google,36-50,South India,Desktop,Text,4,71379,8,0.02466759420581409,1760,0.9,1584.0,0.156893515636694,261,1336,0.94656
2028-08-30,Instagram,26-35,South India,Mobile,Text,5,78969,8,0.10279973958344019,8117,1.3,10552.1,0.1442514477216603,1107,1337,0.94652
2028-08-31,Google,26-35,North India,Desktop,Image,19,12559,8,0.045767176662410966,574,0.9,516.6,0.06264404332101711,33,1338,0.94648
2028-09-01,Google,18-25,North India,Desktop,Image,13,64728,9,0.04149672259860266,2685,0.9,2416.5,0.14931388312490243,378,1339,0.94644
2028-09-02,Google,26-35,West India,Mobile,Image,11,5952,9,0.07225822078881552,430,0.9,387.0,0.06049983692513111,24,1340,0.9464
2028-09-03,Google,26-35,North India,Desktop,Image,3,62726,9,0.0351456661317463,2204,0.9,1983.6000000000001,0.10132946086122555,211,1341,0.94636
2028-09-04,Instagram,18-25,North India,Mobile,Image,6,41610,9,0.0517544755736078,2153,1.3,2798.9,0.13452784896360565,273,1342,0.94632
2028-09-05,Instagram,36-50,West India,Mobile,Image,10,99329,9,0.09333513140331529,9270,1.3,12051.0,0.11473278352958202,1005,1343,0.94628
2028-09-06,Instagram,18-25,West India,Mobile,Video,19,87467,9,0.08047316097778807,7038,1.3,9149.4,0.19093116014401182,1270,1344,0.94624
2028-09-07,Google,26-35,North India,Desktop,Image,1,3153,9,0.05815275174068346,183,0.9,164.70000000000002,0.12004475561313778,19,1345,0.9462
2028-09-08,Google,18-25,South India,Desktop,Text,3,95447,9,0.03642298358439618,3476,0.9,3128.4,0.09394247061680407,308,1346,0.94616
2028-09-09,Google,18-25,North India,Mobile,Image,6,9019,9,0.055761281601023886,502,0.9,451.8,0.161046558000477,75,1347,0.94612
2028-09-10,Instagram,26-35,South India,Mobile,Text,0,86409,9,0.09482400381078603,8193,1.3,10650.9,0.042150970597752545,326,1348,0.94608
2028-09-11,Google,26-35,South India,Mobile,Image,14,98167,9,0.030004103199391025,2945,0.9,2650.5,0.11921342424221965,332,1349,0.94604
2028-09-12,Instagram,18-25,South India,Desktop,Video,19,38929,9,0.041474015368369706,1614,1.3,2098.2000000000003,0.17491242862735415,266,1350,0.946
2028-09-13,Instagram,26-35,West India,Desktop,Video,21,18028,9,0.0818199011731096,1475,1.3,1917.5,0.1884578095902298,262,1351,0.94596
2028-09-14,Google,26-35,West India,Mobile,Text,23,35620,9,0.07627085469994156,2716,0.9,2444.4,0.09839762646712522,252,1352,0.94592
2028-09-15,Instagram,26-35,West India,Mobile,Image,7,49474,9,0.06996208590136194,3461,1.3,4499.3,0.16397248078096316,536,1353,0.94588
2028-09-16,Google,26-35,North India,Mobile,Video,4,11623,9,0.06851091009167294,796,0.9,716.4,0.11363378297733023,85,1354,0.94584
2028-09-17,Instagram,26-35,West India,Mobile,Video,13,86504,9,0.0766384332957275,6629,1.3,8617.7,0.10127760229543331,634,1355,0.9458
2028-09-18,Instagram,26-35,West India,Mobile,Image,17,4809,9,0.04877314001655481,234,1.3,304.2,0.17633368664362736,38,1356,0.94576
2028-09-19,Google,36-50,North India,Desktop,Text,2,93907,9,0.054039677046991474,5074,0.9,4566.6,0.10772480739621107,516,1357,0.94572
2028-09-20,Google,18-25,North India,Mobile,Text,1,52046,9,0.023210338982855534,1208,0.9,1087.2,0.08043422381549989,91,1358,0.94568
2028-09-21,Instagram,26-35,South India,Mobile,Text,21,63496,9,0.08422832901999076,5348,1.3,6952.400000000001,0.15235503657215646,769,1359,0.94564
2028-09-22,Instagram,18-25,North India,Mobile,Video,15,32739,9,0.0717411980837783,2348,1.3,3052.4,0.15461963408184343,343,1360,0.9456
2028-09-23,Google,36-50,North India,Mobile,Image,13,54452,9,0.048255004183952635,2627,0.9,2364.3,0.12284531586101569,304,1361,0.94556
2028-09-24,Instagram,26-35,West India,Mobile,Video,15,74324,9,0.04071959989858569,3026,1.3,3933.8,0.17039437220967033,486,1362,0.94552
2028-09-25,Instagram,18-25,South India,Mobile,Video,10,7977,9,0.062300558540932804,496,1.3,644.8000000000001,0.18923656665909105,87,1363,0.94548
2028-09-26,Instagram,26-35,South India,Mobile,Video,16,35838,9,0.07262015250431857,2602,1.3,3382.6,0.14390332988786667,353,1364,0.9454400000000001
2028-09-27,Google,26-35,North India,Desktop,Video,2,69192,9,0.059909363981022104,4145,0.9,3730.5,0.11252148679909649,440,1365,0.9454
2028-09-28,Instagram,26-35,West India,Mobile,Image,22,5134,9,0.08619868909145036,442,1.3,574.6,0.16729957536290893,69,1366,0.94536
2028-09-29,Instagram,26-35,West India,Desktop,Video,22,54420,9,0.09101084444113959,4952,1.3,6437.6,0.13153762024648355,615,1367,0.94532
2028-09-30,Google,26-35,West India,Mobile,Video,4,30431,9,0.06986798093329562,2126,0.9,1913.4,0.08425803516712232,169,1368,0.94528
2028-10-01,Google,26-35,West India,Mobile,Text,2,70020,10,0.07088526866859324,4963,0.9,4466.7,0.09607073151318195,449,1369,0.94524
2028-10-02,Instagram,26-35,North India,Mobile,Video,14,50565,10,0.043064138852920715,2177,1.3,2830.1,0.051093767146217155,104,1370,0.9452
2028-10-03,Google,36-50,West India,Desktop,Image,22,57993,10,0.031481013773358754,1825,0.9,1642.5,0.1412645692745081,242,1371,0.94516
2028-10-04,Instagram,36-50,South India,Mobile,Video,4,59035,10,0.05149079991385559,3039,1.3,3950.7000000000003,0.07626665411406791,218,1372,0.94512
2028-10-05,Google,26-35,South India,Mobile,Image,21,48312,10,0.08481642280668575,4097,0.9,3687.3,0.061205536862756,236,1373,0.94508
2028-10-06,Google,26-35,North India,Desktop,Image,2,39916,10,0.022540773804804633,899,0.9,809.1,0.16386536704276022,138,1374,0.94504
2028-10-07,Instagram,36-50,West India,Mobile,Image,5,93810,10,0.08000955662297009,7505,1.3,9756.5,0.14815793540422204,1049,1375,0.945
2028-10-08,Google,36-50,West India,Desktop,Text,22,21693,10,0.05038634986625508,1093,0.9,983.7,0.08329322438461552,85,1376,0.94496
2028-10-09,Google,36-50,West India,Mobile,Text,13,39559,10,0.0766551607218615,3032,0.9,2728.8,0.06250956094626778,178,1377,0.94492
2028-10-10,Google,26-35,West India,Mobile,Video,23,83839,10,0.04647545376191748,3896,0.9,3506.4,0.18970640072852796,698,1378,0.9448799999999999
2028-10-11,Instagram,18-25,North India,Mobile,Video,1,51058,10,0.0460325109385674,2350,1.3,3055.0,0.20018598144027605,444,1379,0.94484
2028-10-12,Google,18-25,West India,Desktop,Video,17,86130,10,0.029973727438706053,2581,0.9,2322.9,0.13340348957399026,325,1380,0.9448
2028-10-13,Google,18-25,North India,Mobile,Image,5,85639,10,0.07144210950334534,6118,0.9,5506.2,0.115150117608805,665,1381,0.94476
2028-10-14,Instagram,18-25,West India,Mobile,Image,23,12858,10,0.03413461661725165,438,1.3,569.4,0.07402748880892523,30,1382,0.94472
2028-10-15,Google,26-35,West India,Mobile,Image,4,81538,10,0.06680377294950612,5447,0.9,4902.3,0.12249503696866551,630,1383,0.94468
2028-10-16,Instagram,18-25,South India,Mobile,Video,13,71431,10,0.035690122927079446,2549,1.3,3313.7000000000003,0.12683044295472912,305,1384,0.94464
2028-10-17,Google,36-50,North India,Desktop,Video,16,44324,10,0.053471098282266566,2370,0.9,2133.0,0.18055432851235834,403,1385,0.9446
2028-10-18,Instagram,36-50,South India,Mobile,Video,10,50944,10,0.07793224999860297,3970,1.3,5161.0,0.12249048606337222,459,1386,0.94456
2028-10-19,Google,18-25,North India,Mobile,Video,0,91687,10,0.022297433385320833,2044,0.9,1839.6000000000001,0.14914515209529575,287,1387,0.94452
2028-10-20,Instagram,36-50,West India,Mobile,Text,9,76455,10,0.08038288586009443,6145,1.3,7988.5,0.05821245559931659,337,1388,0.94448
2028-10-21,Google,26-35,West India,Mobile,Text,8,45187,10,0.03265516162937144,1475,0.9,1327.5,0.04479006746749511,62,1389,0.94444
2028-10-22,Google,18-25,North India,Mobile,Text,19,88463,10,0.07601646236642304,6724,0.9,6051.6,0.03686215761259489,233,1390,0.9444
2028-10-23,Google,18-25,South India,Mobile,Video,11,29147,10,0.04824612043862703,1406,0.9,1265.4,0.12961127681869003,171,1391,0.94436
2028-10-24,Google,26-35,North India,Desktop,Text,0,78914,10,0.025187327850919386,1987,0.9,1788.3,0.05078692195329816,94,1392,0.94432
2028-10-25,Google,36-50,North India,Desktop,Text,23,88081,10,0.029556133967036366,2603,0.9,2342.7000000000003,0.14461293550962706,355,1393,0.94428
2028-10-26,Google,26-35,West India,Mobile,Video,17,79593,10,0.04972422429182367,3957,0.9,3561.3,0.18212840925561524,679,1394,0.94424
2028-10-27,Instagram,26-35,South India,Desktop,Text,11,2360,10,0.08469228004616658,199,1.3,258.7,0.1281625455587354,23,1395,0.9442
2028-10-28,Google,36-50,North India,Mobile,Video,1,3048,10,0.04532690734546556,138,0.9,124.2,0.1738096273935511,21,1396,0.94416
2028-10-29,Google,26-35,South India,Mobile,Video,0,40020,10,0.059293377200955705,2372,0.9,2134.8,0.10135569339021375,226,1397,0.94412
2028-10-30,Instagram,36-50,South India,Mobile,Video,0,44935,10,0.09882415498277286,4440,1.3,5772.0,0.21528798403719243,901,1398,0.94408
2028-10-31,Instagram,36-50,North India,Mobile,Image,0,23482,10,0.08280991072264389,1944,1.3,2527.2000000000003,0.17041964053546227,312,1399,0.94404
2028-11-01,Google,26-35,South India,Mobile,Video,21,92199,11,0.04795679572276889,4421,0.9,3978.9,0.10636510588441117,443,1400,0.944
2028-11-02,Google,36-50,West India,Desktop,Text,11,33973,11,0.026238407580889012,891,0.9,801.9,0.15117319378079289,126,1401,0.94396
2028-11-03,Google,26-35,West India,Desktop,Text,6,16185,11,0.05443835806598315,881,0.9,792.9,0.07212718901456888,59,1402,0.94392
2028-11-04,Instagram,36-50,West India,Mobile,Video,3,20699,11,0.09807805328281544,2030,1.3,2639.0,0.04996948377304437,95,1403,0.94388
2028-11-05,Instagram,18-25,West India,Mobile,Image,20,56885,11,0.1244311205484128,7078,1.3,9201.4,0.09140996808182328,609,1404,0.94384
2028-11-06,Google,36-50,South India,Desktop,Image,19,42582,11,0.0380722254793951,1621,0.9,1458.9,0.19761731014121325,302,1405,0.9438
2028-11-07,Instagram,36-50,West India,Mobile,Image,3,19061,11,0.04100435730614093,781,1.3,1015.3000000000001,0.12892117566324568,94,1406,0.94376
2028-11-08,Instagram,26-35,North India,Mobile,Text,14,78015,11,0.10470024872303578,8168,1.3,10618.4,0.11092317007226224,855,1407,0.94372
2028-11-09,Instagram,36-50,West India,Mobile,Image,0,45597,11,0.07677517526955892,3500,1.3,4550.0,0.07336860129218702,241,1408,0.94368
2028-11-10,Instagram,18-25,North India,Mobile,Image,5,11892,11,0.10924479123290746,1299,1.3,1688.7,0.05740737267438337,69,1409,0.94364
2028-11-11,Google,18-25,North India,Mobile,Video,13,24931,11,0.040060868269292775,998,0.9,898.2,0.1869274658372192,175,1410,0.9436
2028-11-12,Google,36-50,West India,Desktop,Image,13,25654,11,0.05003906077518731,1283,0.9,1154.7,0.09787490865493852,117,1411,0.94356
2028-11-13,Google,36-50,West India,Desktop,Image,9,89478,11,0.04738720371802274,4240,0.9,3816.0,0.04057506188824332,162,1412,0.94352
2028-11-14,Google,18-25,South India,Mobile,Image,6,59820,11,0.05343890533577296,3196,0.9,2876.4,0.08931387692847619,268,1413,0.94348
2028-11-15,Google,26-35,North India,Desktop,Video,22,54886,11,0.05012414272244748,2751,0.9,2475.9,0.07683884448695175,199,1414,0.9434400000000001
2028-11-16,Instagram,18-25,West India,Mobile,Video,23,73470,11,0.10068547159489495,7397,1.3,9616.1,0.14943373926139164,1042,1415,0.9434
2028-11-17,Google,18-25,South India,Mobile,Image,22,96269,11,0.08247829192196214,7940,0.9,7146.0,0.16044296817189385,1200,1416,0.94336
2028-11-18,Google,36-50,West India,Desktop,Text,21,86148,11,0.07106370305422384,6121,0.9,5508.900000000001,0.09320232143856953,537,1417,0.94332
2028-11-19,Google,36-50,West India,Mobile,Text,11,98391,11,0.028207325541188107,2775,0.9,2497.5,0.056121984122067155,146,1418,0.94328
2028-11-20,Instagram,18-25,West India,Mobile,Video,23,75842,11,0.08616061698698481,6534,1.3,8494.2,0.05773802988191093,355,1419,0.94324
2028-11-21,Google,26-35,North India,Mobile,Image,18,66324,11,0.0870149558832335,5771,0.9,5193.900000000001,0.07970002260885233,432,1420,0.9432
2028-11-22,Google,18-25,West India,Desktop,Text,8,83080,11,0.024063299332159237,1999,0.9,1799.1000000000001,0.12990964061287918,244,1421,0.94316
2028-11-23,Google,18-25,South India,Desktop,Image,2,66027,11,0.03657867179836079,2415,0.9,2173.5,0.10860508441093837,247,1422,0.94312
2028-11-24,Google,26-35,West India,Desktop,Video,3,2425,11,0.02200860771079068,53,0.9,47.7,0.0903781852189181,3,1423,0.94308
2028-11-25,Instagram,18-25,West India,Mobile,Text,12,2733,11,0.06080322243638565,166,1.3,215.8,0.03646624851570975,5,1424,0.94304
2028-11-26,Instagram,18-25,South India,Desktop,Video,9,46375,11,0.08841625226521965,4100,1.3,5330.0,0.1444722672546801,558,1425,0.9430000000000001
2028-11-27,Google,36-50,South India,Mobile,Image,13,65411,11,0.046539877165677146,3044,0.9,2739.6,0.14946260466087744,428,1426,0.94296
2028-11-28,Instagram,26-35,North India,Desktop,Video,5,11603,11,0.08580313290472716,995,1.3,1293.5,0.07597658235463432,70,1427,0.94292
2028-11-29,Instagram,36-50,North India,Mobile,Video,7,13152,11,0.10654110013249724,1401,1.3,1821.3,0.13133533879473144,173,1428,0.9428799999999999
2028-11-30,Instagram,36-50,North India,Mobile,Video,18,16801,11,0.044308554013405346,744,1.3,967.2,0.11274990077913356,78,1429,0.94284
2028-12-01,Google,26-35,North India,Mobile,Video,9,85442,12,0.07097661765418753,6064,0.9,5457.6,0.15795004918899297,902,1430,0.9428
2028-12-02,Google,26-35,South India,Desktop,Text,21,57318,12,0.05262546453564719,3016,0.9,2714.4,0.15005318176483773,426,1431,0.94276
2028-12-03,Google,18-25,West India,Desktop,Image,4,95973,12,0.01889944900069531,1813,0.9,1631.7,0.08298684380995654,141,1432,0.94272
2028-12-04,Instagram,36-50,West India,Mobile,Text,4,17985,12,0.03910267589739096,703,1.3,913.9,0.1416677581921304,93,1433,0.94268
2028-12-05,Google,26-35,West India,Mobile,Image,4,93471,12,0.049070581065756694,4586,0.9,4127.400000000001,0.13897325175811445,600,1434,0.94264
2028-12-06,Google,36-50,North India,Desktop,Image,8,22068,12,0.039414442867437414,869,0.9,782.1,0.04294309300828994,34,1435,0.9426
2028-12-07,Google,36-50,South India,Mobile,Image,22,14531,12,0.067380336165293,979,0.9,881.1,0.16585140622387531,152,1436,0.94256
2028-12-08,Instagram,26-35,South India,Desktop,Image,8,35288,12,0.06939667493522668,2448,1.3,3182.4,0.12017256778267013,277,1437,0.94252
2028-12-09,Google,18-25,South India,Desktop,Image,14,92017,12,0.04361122681678981,4012,0.9,3610.8,0.1896009773390676,716,1438,0.94248
2028-12-10,Instagram,36-50,West India,Mobile,Text,8,92762,12,0.04628216769313532,4293,1.3,5580.900000000001,0.07251214817166664,293,1439,0.9424399999999999
2028-12-11,Instagram,26-35,North India,Mobile,Image,13,67653,12,0.046702468026077644,3159,1.3,4106.7,0.11663141666513756,346,1440,0.9424
2028-12-12,Google,18-25,South India,Mobile,Video,5,99197,12,0.06197688253725643,6147,0.9,5532.3,0.22949581464262578,1328,1441,0.94236
2028-12-13,Instagram,36-50,North India,Mobile,Text,21,41068,12,0.12002886072526327,4929,1.3,6407.7,0.06295460781877033,292,1442,0.94232
2028-12-14,Google,26-35,South India,Mobile,Text,19,13459,12,0.07377302687423726,992,0.9,892.8000000000001,0.09917871896192218,92,1443,0.94228
2028-12-15,Instagram,36-50,North India,Desktop,Image,7,87641,12,0.08989826442642186,7878,1.3,10241.4,0.1380818994427142,1024,1444,0.94224
2028-12-16,Google,26-35,South India,Mobile,Video,1,86000,12,0.07225337988225601,6213,0.9,5591.7,0.18051503700899035,1056,1445,0.9422
2028-12-17,Instagram,26-35,North India,Mobile,Video,4,33554,12,0.06322702534117833,2121,1.3,2757.3,0.1794570413473676,358,1446,0.94216
2028-12-18,Instagram,36-50,South India,Mobile,Image,16,71313,12,0.05249011146834792,3743,1.3,4865.900000000001,0.12404868863198641,437,1447,0.94212
2028-12-19,Instagram,36-50,South India,Mobile,Image,9,77968,12,0.10399369932775539,8108,1.3,10540.4,0.09311386354990138,710,1448,0.94208
2028-12-20,Instagram,26-35,North India,Desktop,Video,13,15271,12,0.03476233201190805,530,1.3,689.0,0.13099950373681674,65,1449,0.94204
2028-12-21,Google,18-25,North India,Mobile,Text,17,4801,12,0.060590732310073274,290,0.9,261.0,0.0718629815769096,18,1450,0.942
2028-12-22,Instagram,36-50,West India,Mobile,Text,0,73593,12,0.039461250834037516,2904,1.3,3775.2000000000003,0.054995233895754836,149,1451,0.94196
2028-12-23,Instagram,26-35,North India,Desktop,Image,21,27511,12,0.1044817483476795,2874,1.3,3736.2000000000003,0.1118109704490387,302,1452,0.94192
2028-12-24,Instagram,26-35,South India,Mobile,Text,1,74046,12,0.08055696704800484,5964,1.3,7753.2,0.04373301449066543,244,1453,0.94188
2028-12-25,Google,18-25,South India,Mobile,Text,3,74635,12,0.03797150068172791,2834,0.9,2550.6,0.042187707161877454,112,1454,0.94184
2028-12-26,Instagram,18-25,North India,Mobile,Video,12,81729,12,0.05421220373352035,4430,1.3,5759.0,0.055905936894724305,232,1455,0.9418
2028-12-27,Instagram,18-25,West India,Desktop,Text,15,56233,12,0.054977940493210566,3091,1.3,4018.3,0.11404072956842784,331,1456,0.94176
2028-12-28,Instagram,36-50,North India,Mobile,Video,4,21011,12,0.04003614272955986,841,1.3,1093.3,0.11055510134636641,86,1457,0.94172
2028-12-29,Google,26-35,South India,Desktop,Image,22,63963,12,0.03163951947656176,2023,0.9,1820.7,0.12009373808247885,227,1458,0.94168
2028-12-30,Instagram,26-35,South India,Desktop,Image,9,49900,12,0.05918924374789581,2953,1.3,3838.9,0.09688342486491101,269,1459,0.94164
2028-12-31,Google,26-35,West India,Mobile,Video,16,21764,12,0.025065418465105217,545,0.9,490.5,0.09061088572459228,46,1460,0.9416
2029-01-01,Instagram,18-25,North India,Mobile,Video,10,52694,1,0.05099842981047127,2687,1.3,3493.1,0.10278550392025064,259,1461,0.94156
2029-01-02,Google,26-35,South India,Mobile,Image,4,70986,1,0.031846828456911745,2260,0.9,2034.0,0.07378023810863786,156,1462,0.94152
2029-01-03,Instagram,36-50,South India,Mobile,Video,14,81085,1,0.049253632497175605,3993,1.3,5190.900000000001,0.17823446142777516,669,1463,0.94148
2029-01-04,Instagram,18-25,South India,Desktop,Image,3,7960,1,0.07841396072109762,624,1.3,811.2,0.05966726615753715,34,1464,0.94144
2029-01-05,Google,18-25,North India,Mobile,Image,6,17583,1,0.02633324150619112,463,0.9,416.7,0.10674779514958706,46,1465,0.9414
2029-01-06,Instagram,18-25,North India,Mobile,Image,9,73532,1,0.04441157896312276,3265,1.3,4244.5,0.10141799021477549,311,1466,0.94136
2029-01-07,Google,18-25,West India,Desktop,Image,22,85103,1,0.06996900386099351,5954,0.9,5358.6,0.0822693064843089,460,1467,0.94132
2029-01-08,Instagram,36-50,South India,Mobile,Image,23,15201,1,0.09646314871471343,1466,1.3,1905.8,0.05975256597510887,81,1468,0.94128
2029-01-09,Instagram,26-35,South India,Mobile,Image,3,71579,1,0.041442888664923315,2966,1.3,3855.8,0.15231708741282043,424,1469,0.94124
2029-01-10,Instagram,36-50,West India,Mobile,Text,19,61019,1,0.09027991981532502,5508,1.3,7160.400000000001,0.10177530303038478,527,1470,0.9412
2029-01-11,Instagram,26-35,South India,Mobile,Text,4,21420,1,0.07415552194071835,1588,1.3,2064.4,0.14336045437086783,213,1471,0.94116
2029-01-12,Instagram,36-50,West India,Desktop,Image,4,41602,1,0.03978547629232583,1655,1.3,2151.5,0.07297331878598387,112,1472,0.94112
2029-01-13,Google,18-25,West India,Mobile,Text,10,53645,1,0.05569670740301949,2987,0.9,2688.3,0.12819612974758435,359,1473,0.94108
2029-01-14,Google,18-25,South India,Mobile,Video,18,54124,1,0.05875518080118226,3180,0.9,2862.0,0.1067515697956251,319,1474,0.94104
2029-01-15,Instagram,36-50,North India,Mobile,Video,4,50031,1,0.0722075701227317,3612,1.3,4695.6,0.06356948067217526,215,1475,0.9410000000000001
2029-01-16,Instagram,36-50,North India,Mobile,Image,20,13629,1,0.07283627782163943,992,1.3,1289.6000000000001,0.055943866385613196,51,1476,0.94096
2029-01-17,Instagram,26-35,North India,Mobile,Text,7,58731,1,0.0975589988832379,5729,1.3,7447.7,0.057290661206312245,308,1477,0.94092
2029-01-18,Instagram,36-50,North India,Mobile,Video,6,29675,1,0.039496533340855206,1172,1.3,1523.6000000000001,0.15451565181980903,170,1478,0.94088
2029-01-19,Google,36-50,South India,Desktop,Video,7,2662,1,0.06279234759838073,167,0.9,150.3,0.09788412864122296,15,1479,0.94084
2029-01-20,Instagram,26-35,West India,Desktop,Video,12,81270,1,0.04336843056436474,3524,1.3,4581.2,0.14945032037644776,494,1480,0.9408
2029-01-21,Google,26-35,West India,Mobile,Video,4,8589,1,0.03610184325995664,310,0.9,279.0,0.09109582699366306,26,1481,0.94076
2029-01-22,Google,26-35,South India,Mobile,Text,17,50364,1,0.07443599539203026,3748,0.9,3373.2000000000003,0.08520775161094507,300,1482,0.94072
2029-01-23,Google,36-50,North India,Mobile,Video,23,5655,1,0.0337536536585437,190,0.9,171.0,0.18759951302216113,32,1483,0.94068
2029-01-24,Google,26-35,West India,Mobile,Video,8,75285,1,0.062228722733518316,4684,0.9,4215.6,0.13206082261500895,581,1484,0.94064
2029-01-25,Google,18-25,South India,Mobile,Video,1,11797,1,0.028339207143062137,334,0.9,300.6,0.16372653645825777,50,1485,0.9406
2029-01-26,Google,18-25,South India,Mobile,Image,15,98466,1,0.05768974742079089,5680,0.9,5112.0,0.07314863172923267,390,1486,0.94056
2029-01-27,Instagram,18-25,North India,Mobile,Video,13,7645,1,0.07584929621307059,579,1.3,752.7,0.06658836874262497,35,1487,0.94052
2029-01-28,Google,36-50,South India,Mobile,Video,16,78431,1,0.06928020795234455,5433,0.9,4889.7,0.12915571168727924,659,1488,0.94048
2029-01-29,Google,18-25,West India,Desktop,Text,5,35762,1,0.05104377628596048,1825,0.9,1642.5,0.13579087439681797,232,1489,0.9404399999999999
2029-01-30,Google,36-50,West India,Mobile,Video,2,48634,1,0.07279169454454987,3540,0.9,3186.0,0.08847517503918674,294,1490,0.9404
2029-01-31,Google,36-50,South India,Desktop,Video,16,22432,1,0.041441546605532634,929,0.9,836.1,0.16768876571970792,145,1491,0.94036
2029-02-01,Google,18-25,West India,Mobile,Video,12,48890,2,0.05925857337913303,2897,0.9,2607.3,0.19451216456121503,529,1492,0.94032
2029-02-02,Google,26-35,South India,Mobile,Image,5,83394,2,0.04232525467985936,3529,0.9,3176.1,0.18789920528158685,623,1493,0.94028
2029-02-03,Instagram,36-50,West India,Desktop,Text,7,60111,2,0.08044700425567869,4835,1.3,6285.5,0.15226104180199887,692,1494,0.94024
2029-02-04,Instagram,18-25,North India,Mobile,Text,5,74769,2,0.09722226406052129,7269,1.3,9449.7,0.11855230693942737,809,1495,0.9402
2029-02-05,Instagram,36-50,West India,Desktop,Image,15,44611,2,0.06507602313552852,2903,1.3,3773.9,0.05050141648926127,137,1496,0.94016
2029-02-06,Google,26-35,North India,Mobile,Image,5,98540,2,0.03156584623553499,3110,0.9,2799.0,0.15390444510927145,449,1497,0.94012
2029-02-07,Google,26-35,North India,Mobile,Text,16,27671,2,0.023575241341591013,652,0.9,586.8000000000001,0.13242124874176522,80,1498,0.94008
2029-02-08,Instagram,18-25,South India,Mobile,Video,20,37760,2,0.05571988033540821,2103,1.3,2733.9,0.1557858686844789,307,1499,0.94004
2029-02-09,Google,36-50,North India,Mobile,Text,2,94977,2,0.07124091112816092,6766,0.9,6089.400000000001,0.039923149263134686,253,1500,0.94
2029-02-10,Google,36-50,West India,Desktop,Image,22,29233,2,0.0375575610260518,1097,0.9,987.3000000000001,0.10673314357721603,109,1501,0.93996
2029-02-11,Google,36-50,West India,Desktop,Video,11,38591,2,0.02851668516841523,1100,0.9,990.0,0.08339760602752376,85,1502,0.93992
2029-02-12,Google,36-50,North India,Desktop,Text,5,68804,2,0.018656542117944735,1283,0.9,1154.7,0.08228020398414208,98,1503,0.93988
2029-02-13,Google,18-25,South India,Mobile,Video,20,92756,2,0.046005639715864376,4267,0.9,3840.3,0.186618573069822,748,1504,0.93984
2029-02-14,Google,26-35,North India,Mobile,Video,6,51091,2,0.061360149236223,3134,0.9,2820.6,0.15214108319051933,447,1505,0.9398
2029-02-15,Instagram,18-25,West India,Mobile,Image,10,5438,2,0.08103624528740742,440,1.3,572.0,0.14919885754447085,61,1506,0.93976
2029-02-16,Google,36-50,West India,Mobile,Text,8,85905,2,0.03920076778406984,3367,0.9,3030.3,0.09070620613550655,286,1507,0.93972
2029-02-17,Instagram,36-50,North India,Desktop,Image,15,46896,2,0.04008813910084081,1879,1.3,2442.7000000000003,0.10593534708185667,186,1508,0.93968
2029-02-18,Instagram,26-35,North India,Mobile,Text,4,93139,2,0.0685426542849977,6383,1.3,8297.9,0.13807966834576332,827,1509,0.93964
2029-02-19,Instagram,36-50,North India,Mobile,Text,14,12319,2,0.041376213374132144,509,1.3,661.7,0.10365531544961559,48,1510,0.9396
2029-02-20,Instagram,18-25,West India,Mobile,Video,20,81258,2,0.08974580083585416,7292,1.3,9479.6,0.17358682594602368,1188,1511,0.93956
2029-02-21,Instagram,18-25,West India,Desktop,Video,3,7028,2,0.03310731091246941,232,1.3,301.6,0.15963889573735407,34,1512,0.93952
2029-02-22,Google,26-35,West India,Desktop,Video,4,26940,2,0.06263952482100342,1687,0.9,1518.3,0.1556015494797278,246,1513,0.93948
2029-02-23,Google,18-25,South India,Mobile,Image,6,97984,2,0.059438735810398165,5824,0.9,5241.6,0.18468549101296175,1009,1514,0.93944
2029-02-24,Google,18-25,West India,Mobile,Video,2,9422,2,0.07296192733962739,687,0.9,618.3000000000001,0.1078896134557041,69,1515,0.9394
2029-02-25,Instagram,18-25,West India,Mobile,Image,3,52651,2,0.04294229234638789,2260,1.3,2938.0,0.0998766464410952,211,1516,0.93936
2029-02-26,Instagram,18-25,South India,Mobile,Video,14,60648,2,0.06385470339270811,3872,1.3,5033.6,0.12297787449063834,447,1517,0.93932
2029-02-27,Google,36-50,South India,Desktop,Image,1,44441,2,0.048352375359297574,2148,0.9,1933.2,0.16184032348172495,325,1518,0.93928
2029-02-28,Instagram,18-25,South India,Mobile,Text,23,21688,2,0.0912436238871425,1978,1.3,2571.4,0.15107612764990172,279,1519,0.93924
2029-03-01,Google,26-35,South India,Mobile,Image,4,47280,3,0.08428001124551826,3984,0.9,3585.6,0.1089609065878592,407,1520,0.9392
2029-03-02,Instagram,26-35,South India,Mobile,Image,6,15472,3,0.11567142308813333,1789,1.3,2325.7000000000003,0.0725135934822177,121,1521,0.93916
2029-03-03,Google,18-25,South India,Mobile,Image,21,81436,3,0.07485908297824934,6096,0.9,5486.400000000001,0.13210166142111338,755,1522,0.93912
2029-03-04,Google,26-35,North India,Desktop,Text,16,36671,3,0.036453777443948024,1336,0.9,1202.4,0.15793617642169705,198,1523,0.93908
2029-03-05,Google,18-25,North India,Mobile,Image,7,61809,3,0.07330533483713739,4530,0.9,4077.0,0.07159864222204189,304,1524,0.93904
2029-03-06,Google,26-35,North India,Mobile,Text,8,74299,3,0.06982595307715976,5187,0.9,4668.3,0.091738576651676,446,1525,0.9390000000000001
2029-03-07,Google,26-35,North India,Desktop,Video,9,11960,3,0.06397966694908373,765,0.9,688.5,0.09780466718638264,69,1526,0.93896
2029-03-08,Google,18-25,West India,Mobile,Video,10,77620,3,0.04499402407546923,3492,0.9,3142.8,0.22331105769578097,731,1527,0.93892
2029-03-09,Instagram,18-25,South India,Desktop,Text,0,3074,3,0.05130531666918641,157,1.3,204.1,0.12046658311650532,16,1528,0.93888
2029-03-10,Google,36-50,West India,Mobile,Image,14,74361,3,0.025519001467645432,1897,0.9,1707.3,0.13312664669622162,236,1529,0.93884
2029-03-11,Google,18-25,South India,Mobile,Video,7,35833,3,0.039658154364951785,1421,0.9,1278.9,0.05975934621496681,78,1530,0.9388
2029-03-12,Instagram,18-25,South India,Mobile,Image,18,91741,3,0.11675878290040913,10711,1.3,13924.300000000001,0.15898089057360146,1597,1531,0.93876
2029-03-13,Instagram,36-50,West India,Mobile,Image,11,36976,3,0.07069828319330126,2614,1.3,3398.2000000000003,0.09117827289683962,223,1532,0.93872
2029-03-14,Google,18-25,North India,Mobile,Text,5,71210,3,0.0539280443477588,3840,0.9,3456.0,0.09937588943563627,357,1533,0.93868
2029-03-15,Google,18-25,West India,Mobile,Video,9,66658,3,0.057864589998581774,3857,0.9,3471.3,0.15094125235374722,546,1534,0.93864
2029-03-16,Google,36-50,West India,Mobile,Text,23,51108,3,0.07744779010391095,3958,0.9,3562.2000000000003,0.11492219055437009,426,1535,0.9386
2029-03-17,Google,18-25,South India,Mobile,Text,4,22480,3,0.07774670558273053,1747,0.9,1572.3,0.15972143684607812,261,1536,0.9385600000000001
2029-03-18,Instagram,18-25,South India,Mobile,Text,23,51138,3,0.09127615166557926,4667,1.3,6067.1,0.08418359860903817,367,1537,0.93852
2029-03-19,Google,36-50,South India,Desktop,Text,6,10443,3,0.025428323187299925,265,0.9,238.5,0.07802467771150653,18,1538,0.93848
2029-03-20,Google,36-50,North India,Mobile,Image,6,70969,3,0.0405662279632144,2878,0.9,2590.2000000000003,0.15822683443937546,426,1539,0.9384399999999999
2029-03-21,Instagram,26-35,West India,Mobile,Video,22,1990,3,0.1338044900026605,266,1.3,345.8,0.18561919185817036,45,1540,0.9384
2029-03-22,Google,18-25,West India,Desktop,Video,21,72092,3,0.06837946801356647,4929,0.9,4436.1,0.09449364051325405,436,1541,0.93836
2029-03-23,Instagram,26-35,North India,Mobile,Video,21,93198,3,0.07802052963532172,7271,1.3,9452.300000000001,0.05030683072529421,342,1542,0.93832
2029-03-24,Google,26-35,West India,Mobile,Image,8,62336,3,0.0630838482356358,3932,0.9,3538.8,0.14655419293452904,540,1543,0.93828
2029-03-25,Instagram,36-50,West India,Mobile,Image,14,30097,3,0.0514222663918067,1547,1.3,2011.1000000000001,0.06820541614348354,98,1544,0.93824
2029-03-26,Google,18-25,South India,Mobile,Text,5,71245,3,0.07276010770258111,5183,0.9,4664.7,0.1789378946177348,869,1545,0.9382
2029-03-27,Instagram,18-25,North India,Mobile,Text,15,90893,3,0.11753867596766465,10683,1.3,13887.9,0.11069106772663441,1108,1546,0.93816
2029-03-28,Instagram,36-50,South India,Desktop,Text,6,20186,3,0.048719395051833134,983,1.3,1277.9,0.1634813657812174,150,1547,0.93812
2029-03-29,Google,26-35,North India,Desktop,Text,14,52356,3,0.029484993178249715,1543,0.9,1388.7,0.1357130639022388,196,1548,0.93808
2029-03-30,Instagram,36-50,South India,Mobile,Video,22,85744,3,0.06199390664612353,5315,1.3,6909.5,0.17146912147233973,854,1549,0.93804
2029-03-31,Instagram,18-25,West India,Mobile,Text,1,89015,3,0.11844311245604482,10543,1.3,13705.9,0.0947801084125412,937,1550,0.938
2029-04-01,Instagram,36-50,North India,Mobile,Image,7,94014,4,0.06672905907077493,6273,1.3,8154.900000000001,0.12488902593209905,734,1551,0.93796
2029-04-02,Instagram,18-25,North India,Desktop,Image,11,13922,4,0.08026177511615513,1117,1.3,1452.1000000000001,0.17375700297691785,181,1552,0.93792
2029-04-03,Instagram,26-35,South India,Mobile,Image,10,93615,4,0.046039469141077254,4309,1.3,5601.7,0.17115529038471633,691,1553,0.93788
2029-04-04,Google,18-25,North India,Mobile,Text,5,31766,4,0.08315214365361227,2641,0.9,2376.9,0.0666675927755798,165,1554,0.93784
2029-04-05,Google,26-35,West India,Mobile,Video,19,20787,4,0.057756319920717815,1200,0.9,1080.0,0.1804459921245826,202,1555,0.9378
2029-04-06,Instagram,26-35,West India,Mobile,Video,12,23537,4,0.039915700186391644,939,1.3,1220.7,0.13918078231352096,121,1556,0.93776
2029-04-07,Google,18-25,West India,Mobile,Text,22,76919,4,0.06903083098321515,5309,0.9,4778.1,0.049553284040190305,246,1557,0.93772
2029-04-08,Instagram,18-25,South India,Mobile,Text,15,54034,4,0.09440277724495645,5100,1.3,6630.0,0.10476976495732516,500,1558,0.93768
2029-04-09,Instagram,26-35,North India,Desktop,Image,7,98431,4,0.061877965094272215,6090,1.3,7917.0,0.08192520438410461,466,1559,0.93764
2029-04-10,Google,36-50,South India,Mobile,Image,16,46542,4,0.033153070939229846,1543,0.9,1388.7,0.20777042184331426,300,1560,0.9376
2029-04-11,Google,18-25,West India,Mobile,Video,12,4207,4,0.029305702522820307,123,0.9,110.7,0.07876789152360472,8,1561,0.93756
2029-04-12,Instagram,26-35,North India,Desktop,Image,3,29234,4,0.09282704288099866,2713,1.3,3526.9,0.10315550250882671,261,1562,0.93752
2029-04-13,Google,26-35,West India,Mobile,Image,19,31568,4,0.04691141714638386,1480,0.9,1332.0,0.16484265285970118,227,1563,0.93748
2029-04-14,Instagram,36-50,North India,Mobile,Text,9,69633,4,0.11535187648862635,8032,1.3,10441.6,0.16050018756064938,1208,1564,0.93744
2029-04-15,Google,18-25,North India,Mobile,Video,21,85558,4,0.05262593124210286,4502,0.9,4051.8,0.11893985631036877,501,1565,0.9374
2029-04-16,Instagram,26-35,South India,Mobile,Text,19,55703,4,0.08175173074292749,4553,1.3,5918.900000000001,0.14013936363255639,598,1566,0.93736
2029-04-17,Google,36-50,North India,Mobile,Video,15,53623,4,0.08056457270236513,4320,0.9,3888.0,0.12628136949017227,510,1567,0.93732
2029-04-18,Instagram,26-35,West India,Desktop,Text,16,54454,4,0.07285571510183597,3967,1.3,5157.1,0.06977142613253401,258,1568,0.93728
2029-04-19,Google,18-25,North India,Desktop,Video,7,82504,4,0.05397329377452568,4453,0.9,4007.7000000000003,0.11710147324394915,488,1569,0.93724
2029-04-20,Instagram,36-50,West India,Mobile,Image,10,77685,4,0.08949660477091459,6952,1.3,9037.6,0.15483156342285948,1008,1570,0.9372
2029-04-21,Google,26-35,South India,Mobile,Video,4,61631,4,0.029438666146272358,1814,0.9,1632.6000000000001,0.22221541173066,377,1571,0.93716
2029-04-22,Instagram,36-50,West India,Mobile,Video,20,76253,4,0.07313791423129513,5576,1.3,7248.8,0.13231409006249367,690,1572,0.93712
2029-04-23,Instagram,18-25,North India,Mobile,Text,15,17642,4,0.10853484322868734,1914,1.3,2488.2000000000003,0.059452497792435215,105,1573,0.93708
2029-04-24,Google,36-50,West India,Mobile,Video,23,80176,4,0.027171315833416823,2178,0.9,1960.2,0.0857347944909438,174,1574,0.93704
2029-04-25,Google,18-25,West India,Mobile,Video,7,83373,4,0.06430314212545206,5361,0.9,4824.900000000001,0.22142300247195396,1112,1575,0.937
2029-04-26,Google,26-35,North India,Mobile,Video,20,9990,4,0.10240893864108651,1023,0.9,920.7,0.17983494473405262,171,1576,0.93696
2029-04-27,Instagram,18-25,West India,Mobile,Text,15,54622,4,0.07388493838873979,4035,1.3,5245.5,0.14476279918682827,547,1577,0.93692
2029-04-28,Instagram,26-35,North India,Mobile,Video,3,52663,4,0.0699578984430151,3684,1.3,4789.2,0.1482304477609226,511,1578,0.93688
2029-04-29,Google,26-35,South India,Mobile,Text,5,5170,4,0.03284216224235668,169,0.9,152.1,0.11671579119218059,17,1579,0.93684
2029-04-30,Google,18-25,West India,Mobile,Image,20,25817,4,0.09705455893764747,2505,0.9,2254.5,0.08347322205120306,195,1580,0.9368
2029-05-01,Google,26-35,South India,Desktop,Text,7,6136,5,0.05581459612359708,342,0.9,307.8,0.05943566715093434,18,1581,0.93676
2029-05-02,Instagram,36-50,West India,Mobile,Video,8,2712,5,0.05115929342901324,138,1.3,179.4,0.07385744188509322,9,1582,0.93672
2029-05-03,Google,26-35,West India,Desktop,Image,12,95330,5,0.06110295335588104,5824,0.9,5241.6,0.1788504106417864,975,1583,0.93668
2029-05-04,Instagram,18-25,South India,Desktop,Video,16,74687,5,0.04816164340196151,3597,1.3,4676.1,0.20450079263563772,688,1584,0.93664
2029-05-05,Google,36-50,West India,Desktop,Text,8,53479,5,0.024356523935951724,1302,0.9,1171.8,0.10850942324126839,132,1585,0.9366
2029-05-06,Instagram,36-50,West India,Mobile,Image,12,11473,5,0.07346487932125687,842,1.3,1094.6000000000001,0.07001654832828762,54,1586,0.9365600000000001
2029-05-07,Google,26-35,South India,Desktop,Image,8,81839,5,0.062847661682037,5143,0.9,4628.7,0.09599945636682965,461,1587,0.93652
2029-05-08,Google,26-35,West India,Mobile,Image,5,86031,5,0.07146103519276122,6147,0.9,5532.3,0.08911000027452265,512,1588,0.93648
2029-05-09,Instagram,18-25,North India,Mobile,Video,9,22625,5,0.06370567950929684,1441,1.3,1873.3,0.12183667559990466,163,1589,0.9364399999999999
2029-05-10,Instagram,36-50,West India,Mobile,Image,4,14761,5,0.1084972140065554,1601,1.3,2081.3,0.09907955120067014,147,1590,0.9364
2029-05-11,Instagram,18-25,West India,Mobile,Image,6,75454,5,0.035874315840203064,2706,1.3,3517.8,0.17078144578192156,432,1591,0.93636
2029-05-12,Google,26-35,West India,Mobile,Image,10,2821,5,0.04740146423853992,133,0.9,119.7,0.14091335276039968,16,1592,0.93632
2029-05-13,Google,36-50,South India,Mobile,Image,23,49646,5,0.05076885372301499,2520,0.9,2268.0,0.05653640757442404,132,1593,0.93628
2029-05-14,Instagram,18-25,North India,Mobile,Text,8,37200,5,0.10085995113370627,3751,1.3,4876.3,0.07299311624762467,255,1594,0.93624
2029-05-15,Instagram,18-25,North India,Mobile,Video,9,84889,5,0.10375292345691994,8807,1.3,11449.1,0.06682083566743634,550,1595,0.9362
2029-05-16,Google,18-25,West India,Mobile,Video,10,49250,5,0.07259661519996456,3575,0.9,3217.5,0.09493156522890762,317,1596,0.93616
2029-05-17,Google,18-25,South India,Mobile,Image,2,85304,5,0.049507570044885194,4223,0.9,3800.7000000000003,0.191669522516528,757,1597,0.93612
2029-05-18,Google,18-25,South India,Desktop,Text,7,37447,5,0.05539456397554189,2074,0.9,1866.6000000000001,0.12971899806340628,251,1598,0.93608
2029-05-19,Instagram,36-50,North India,Mobile,Image,16,30184,5,0.04058512340908583,1225,1.3,1592.5,0.03904434207456787,43,1599,0.93604
2029-05-20,Google,18-25,South India,Mobile,Video,6,50754,5,0.0754272322304865,3828,0.9,3445.2000000000003,0.11357356684337858,406,1600,0.9359999999999999
2029-05-21,Google,36-50,West India,Desktop,Video,11,17811,5,0.022205845505033347,395,0.9,355.5,0.12170189182178194,44,1601,0.93596
2029-05-22,Google,18-25,West India,Mobile,Video,15,27595,5,0.05420726557630942,1495,0.9,1345.5,0.1492202400775049,208,1602,0.93592
2029-05-23,Google,26-35,South India,Mobile,Image,14,92568,5,0.06544382873417415,6058,0.9,5452.2,0.12095796076963616,685,1603,0.93588
2029-05-24,Google,26-35,West India,Desktop,Image,20,18757,5,0.06555821326075326,1229,0.9,1106.1000000000001,0.04976818508441065,57,1604,0.93584
2029-05-25,Google,18-25,North India,Desktop,Text,12,12954,5,0.026922649985416887,348,0.9,313.2,0.0905826413346676,29,1605,0.9358
2029-05-26,Google,26-35,West India,Mobile,Text,17,96329,5,0.044090523877674245,4247,0.9,3822.3,0.04950085385031591,196,1606,0.93576
2029-05-27,Instagram,36-50,South India,Mobile,Video,17,62349,5,0.08822605810519944,5500,1.3,7150.0,0.14874811726160714,765,1607,0.93572
2029-05-28,Google,18-25,North India,Desktop,Video,23,38930,5,0.032214721939758745,1254,0.9,1128.6000000000001,0.084872550151548,99,1608,0.93568
2029-05-29,Google,36-50,West India,Mobile,Text,4,93342,5,0.05820628083674141,5433,0.9,4889.7,0.05115888359000832,259,1609,0.93564
2029-05-30,Instagram,18-25,North India,Mobile,Video,13,89760,5,0.07548552420793343,6775,1.3,8807.5,0.09155250108123698,580,1610,0.9356
2029-05-31,Instagram,26-35,South India,Mobile,Text,10,95772,5,0.08078814493767568,7737,1.3,10058.1,0.05044053007975089,364,1611,0.93556
2029-06-01,Google,36-50,West India,Mobile,Image,2,4811,6,0.0265465619603739,127,0.9,114.3,0.07576983520153524,8,1612,0.93552
2029-06-02,Google,26-35,West India,Desktop,Video,16,31368,6,0.018778060570967706,589,0.9,530.1,0.1839624596492957,101,1613,0.93548
2029-06-03,Google,26-35,North India,Desktop,Video,22,33719,6,0.06336954542762495,2136,0.9,1922.4,0.08989322110393028,179,1614,0.93544
2029-06-04,Instagram,18-25,West India,Desktop,Text,11,9637,6,0.032547865773638114,313,1.3,406.90000000000003,0.08545860096014748,24,1615,0.9354
2029-06-05,Instagram,36-50,West India,Mobile,Image,2,13133,6,0.07406214256229478,972,1.3,1263.6000000000001,0.10713451164320788,97,1616,0.93536
2029-06-06,Instagram,26-35,West India,Mobile,Video,22,47986,6,0.12132228959860585,5821,1.3,7567.3,0.0740552051897795,403,1617,0.93532
2029-06-07,Instagram,18-25,West India,Desktop,Video,1,29871,6,0.05628782043723864,1681,1.3,2185.3,0.11610879965517151,182,1618,0.93528
2029-06-08,Instagram,18-25,South India,Mobile,Text,3,94107,6,0.041576224371349516,3912,1.3,5085.6,0.1416024673744062,517,1619,0.93524
2029-06-09,Google,18-25,West India,Desktop,Image,17,42472,6,0.026887915085832464,1141,0.9,1026.9,0.048710100811680146,51,1620,0.9352
2029-06-10,Google,26-35,North India,Desktop,Text,19,59333,6,0.0634931402996709,3767,0.9,3390.3,0.1297935203296429,456,1621,0.93516
2029-06-11,Instagram,18-25,South India,Mobile,Image,20,56508,6,0.10458206334193486,5909,1.3,7681.7,0.16924391513251408,935,1622,0.93512
2029-06-12,Instagram,36-50,North India,Mobile,Image,13,2401,6,0.07574751430283432,181,1.3,235.3,0.1442340596866773,24,1623,0.93508
2029-06-13,Google,36-50,North India,Mobile,Text,7,11004,6,0.04850233039461419,533,0.9,479.7,0.05200799775006883,25,1624,0.93504
2029-06-14,Instagram,26-35,North India,Desktop,Text,1,99849,6,0.03421470648610685,3416,1.3,4440.8,0.08269906969667419,263,1625,0.935
2029-06-15,Google,36-50,South India,Mobile,Image,18,36301,6,0.08452728342975023,3068,0.9,2761.2000000000003,0.13194354533501337,377,1626,0.93496
2029-06-16,Google,18-25,South India,Desktop,Text,9,94544,6,0.04012865266091801,3793,0.9,3413.7000000000003,0.04795927280048075,169,1627,0.93492
2029-06-17,Google,26-35,South India,Mobile,Video,4,6901,6,0.05426628169198352,374,0.9,336.6,0.14791979818074946,51,1628,0.93488
2029-06-18,Google,18-25,West India,Mobile,Video,10,70621,6,0.053777241570536656,3797,0.9,3417.3,0.17967089687904064,637,1629,0.93484
2029-06-19,Instagram,26-35,North India,Mobile,Video,8,68751,6,0.08964220414122445,6162,1.3,8010.6,0.18532030824921927,1066,1630,0.9348
2029-06-20,Google,26-35,South India,Mobile,Video,15,49809,6,0.054354896452967164,2707,0.9,2436.3,0.09902335612017064,250,1631,0.93476
2029-06-21,Instagram,18-25,North India,Desktop,Video,4,82299,6,0.07874592962473015,6480,1.3,8424.0,0.08709865607224256,527,1632,0.93472
2029-06-22,Instagram,36-50,South India,Mobile,Text,14,59171,6,0.06190132417466549,3662,1.3,4760.6,0.0691967059230353,236,1633,0.93468
2029-06-23,Instagram,36-50,South India,Mobile,Image,13,68720,6,0.0672082602682666,4618,1.3,6003.400000000001,0.06424974569656508,276,1634,0.93464
2029-06-24,Google,26-35,South India,Desktop,Text,8,65744,6,0.03433059993599343,2257,0.9,2031.3,0.08909140885573542,187,1635,0.9346
2029-06-25,Google,18-25,North India,Mobile,Video,19,11354,6,0.07184379081313827,815,0.9,733.5,0.16226116677105948,123,1636,0.9345600000000001
2029-06-26,Google,18-25,West India,Mobile,Video,4,59860,6,0.026135646415794533,1564,0.9,1407.6000000000001,0.1592493470426645,232,1637,0.93452
2029-06-27,Instagram,26-35,South India,Mobile,Text,14,10504,6,0.08425518112460458,885,1.3,1150.5,0.1474892129331449,121,1638,0.93448
2029-06-28,Instagram,36-50,South India,Mobile,Text,8,55320,6,0.05268048878434479,2914,1.3,3788.2000000000003,0.07976823208239413,216,1639,0.93444
2029-06-29,Google,18-25,South India,Mobile,Image,3,4523,6,0.04198080141106057,189,0.9,170.1,0.12551567653178697,21,1640,0.9344
2029-06-30,Instagram,36-50,West India,Desktop,Video,20,75243,6,0.05509309289245089,4145,1.3,5388.5,0.16793906493532657,650,1641,0.93436
2029-07-01,Google,36-50,North India,Mobile,Text,20,87703,7,0.06844114451400637,6002,0.9,5401.8,0.13383849202695516,750,1642,0.93432
2029-07-02,Instagram,26-35,North India,Mobile,Image,3,34787,7,0.03724394449642798,1295,1.3,1683.5,0.15394332349466489,185,1643,0.93428
2029-07-03,Google,26-35,North India,Mobile,Video,19,92407,7,0.041276341334226266,3814,0.9,3432.6,0.1198966080709599,426,1644,0.93424
2029-07-04,Instagram,36-50,North India,Mobile,Video,20,24982,7,0.04899785842773561,1224,1.3,1591.2,0.19033451025609058,216,1645,0.9342
2029-07-05,Google,18-25,South India,Mobile,Video,21,2049,7,0.03219323982808473,65,0.9,58.5,0.13486150431733024,7,1646,0.93416
2029-07-06,Instagram,18-25,West India,Mobile,Text,6,14381,7,0.035897922649539914,516,1.3,670.8000000000001,0.14143703394066812,67,1647,0.93412
2029-07-07,Instagram,26-35,South India,Desktop,Video,14,68876,7,0.03151185142031487,2170,1.3,2821.0,0.1963842051141417,397,1648,0.93408
2029-07-08,Instagram,36-50,West India,Mobile,Video,21,49390,7,0.06787961992868141,3352,1.3,4357.6,0.08523685092836186,266,1649,0.93404
2029-07-09,Google,18-25,North India,Mobile,Image,16,13061,7,0.06256876796234813,817,0.9,735.3000000000001,0.1616458006623636,123,1650,0.9339999999999999
2029-07-10,Google,18-25,West India,Mobile,Text,17,72241,7,0.062239860738497584,4496,0.9,4046.4,0.06285328632112408,263,1651,0.93396
2029-07-11,Google,26-35,South India,Desktop,Image,6,51296,7,0.056846660726971046,2916,0.9,2624.4,0.18389667417585073,500,1652,0.93392
2029-07-12,Google,36-50,South India,Mobile,Text,18,25014,7,0.08725916696695817,2182,0.9,1963.8,0.11791777719088013,240,1653,0.93388
2029-07-13,Google,18-25,North India,Mobile,Video,9,65535,7,0.06462635235418374,4235,0.9,3811.5,0.15211322670922484,601,1654,0.93384
2029-07-14,Instagram,26-35,South India,Mobile,Image,12,66191,7,0.049045596172809285,3246,1.3,4219.8,0.060837356384731714,183,1655,0.9338
2029-07-15,Instagram,18-25,South India,Mobile,Text,1,52576,7,0.038507583063228955,2024,1.3,2631.2000000000003,0.046005500622693936,86,1656,0.93376
2029-07-16,Google,18-25,West India,Mobile,Text,21,29147,7,0.06875320588328868,2003,0.9,1802.7,0.14923258189649644,278,1657,0.93372
2029-07-17,Google,18-25,South India,Desktop,Video,19,69020,7,0.050725724517616075,3501,0.9,3150.9,0.11506424371411522,375,1658,0.93368
2029-07-18,Google,26-35,North India,Mobile,Video,10,57148,7,0.030739363183904363,1756,0.9,1580.4,0.1803616307834565,295,1659,0.93364
2029-07-19,Instagram,36-50,North India,Mobile,Image,4,2745,7,0.057299874527836796,157,1.3,204.1,0.13169523487528276,18,1660,0.9336
2029-07-20,Google,26-35,South India,Mobile,Image,5,23148,7,0.07075907571886866,1637,0.9,1473.3,0.1370373106976284,209,1661,0.93356
2029-07-21,Instagram,36-50,North India,Mobile,Text,2,17216,7,0.07392559767345167,1272,1.3,1653.6000000000001,0.10976298508637598,129,1662,0.93352
2029-07-22,Google,18-25,West India,Mobile,Image,0,99083,7,0.0587913053439472,5825,0.9,5242.5,0.052514203829603895,284,1663,0.93348
2029-07-23,Instagram,36-50,West India,Desktop,Video,2,42929,7,0.08586212815908288,3685,1.3,4790.5,0.11728240138071351,403,1664,0.93344
2029-07-24,Instagram,18-25,South India,Desktop,Image,2,63637,7,0.05110580207089465,3252,1.3,4227.6,0.13748976415255637,417,1665,0.9334
2029-07-25,Google,18-25,South India,Desktop,Image,21,60991,7,0.052124645185950585,3179,0.9,2861.1,0.17760469505541815,526,1666,0.93336
2029-07-26,Instagram,26-35,West India,Desktop,Text,3,23012,7,0.036195785331829704,832,1.3,1081.6000000000001,0.1190477946025469,92,1667,0.93332
2029-07-27,Google,18-25,North India,Mobile,Video,6,67313,7,0.05203589922823532,3502,0.9,3151.8,0.08594803975889044,279,1668,0.93328
2029-07-28,Instagram,26-35,South India,Mobile,Text,14,10525,7,0.05815294442927543,612,1.3,795.6,0.16632685134671965,94,1669,0.93324
2029-07-29,Google,36-50,South India,Mobile,Video,10,44348,7,0.06374212732751966,2826,0.9,2543.4,0.17163316198356454,452,1670,0.9332
2029-07-30,Instagram,36-50,North India,Mobile,Video,17,61447,7,0.05423779539689449,3332,1.3,4331.6,0.1256101322477335,390,1671,0.93316
2029-07-31,Instagram,18-25,South India,Desktop,Text,11,69650,7,0.04639653910280855,3231,1.3,4200.3,0.13968248670153532,420,1672,0.93312
2029-08-01,Instagram,26-35,North India,Desktop,Image,3,87030,8,0.06642750867050891,5781,1.3,7515.3,0.11815915379516835,637,1673,0.93308
2029-08-02,Instagram,18-25,North India,Desktop,Text,23,67881,8,0.03800493451606692,2579,1.3,3352.7000000000003,0.11256420514435661,270,1674,0.93304
2029-08-03,Google,26-35,North India,Mobile,Image,10,3041,8,0.02491740719666373,75,0.9,67.5,0.12007872082003707,8,1675,0.933
2029-08-04,Google,26-35,North India,Mobile,Text,5,80866,8,0.04648561281188017,3759,0.9,3383.1,0.05251763863940343,183,1676,0.93296
2029-08-05,Google,26-35,North India,Mobile,Text,18,79734,8,0.07520505495007215,5996,0.9,5396.400000000001,0.09372640267769397,523,1677,0.93292
2029-08-06,Google,36-50,West India,Mobile,Image,17,52826,8,0.06646713372690533,3511,0.9,3159.9,0.07963416148860752,260,1678,0.93288
2029-08-07,Instagram,26-35,North India,Mobile,Image,14,76283,8,0.07485874825399727,5710,1.3,7423.0,0.11384836321287492,606,1679,0.93284
2029-08-08,Google,36-50,West India,Mobile,Image,2,18073,8,0.0324174226216568,585,0.9,526.5,0.0575704961268482,30,1680,0.9328
2029-08-09,Instagram,26-35,North India,Desktop,Text,16,96822,8,0.04732351674160579,4581,1.3,5955.3,0.05852372901433024,249,1681,0.93276
2029-08-10,Instagram,36-50,South India,Desktop,Image,0,29028,8,0.08769734491369502,2545,1.3,3308.5,0.16854327939118074,399,1682,0.93272
2029-08-11,Instagram,36-50,West India,Mobile,Image,1,92646,8,0.06834220856388795,6331,1.3,8230.300000000001,0.09673787610962303,570,1683,0.93268
2029-08-12,Google,36-50,South India,Mobile,Image,18,24440,8,0.0418489514020045,1022,0.9,919.8000000000001,0.14776287238932118,140,1684,0.93264
2029-08-13,Instagram,18-25,North India,Mobile,Video,8,33887,8,0.055822335015295675,1891,1.3,2458.3,0.1250566191741887,220,1685,0.9326
2029-08-14,Instagram,26-35,North India,Mobile,Image,7,39937,8,0.036287512663561915,1449,1.3,1883.7,0.0833127329967406,111,1686,0.9325600000000001
2029-08-15,Google,18-25,South India,Desktop,Image,11,66045,8,0.05278215298942446,3485,0.9,3136.5,0.12025698856407475,390,1687,0.93252
2029-08-16,Instagram,26-35,North India,Mobile,Image,14,62503,8,0.05321367634008573,3326,1.3,4323.8,0.146222119491926,453,1688,0.93248
2029-08-17,Instagram,26-35,South India,Mobile,Video,22,78782,8,0.1282051510642061,10100,1.3,13130.0,0.10483980266360877,986,1689,0.93244
2029-08-18,Google,18-25,North India,Mobile,Video,6,28428,8,0.05007550969495044,1423,0.9,1280.7,0.11286240046214978,149,1690,0.9324
2029-08-19,Google,36-50,North India,Mobile,Image,20,2613,8,0.045016411215950736,117,0.9,105.3,0.06494357683169892,6,1691,0.93236
2029-08-20,Google,26-35,West India,Desktop,Image,15,49343,8,0.030792782687331894,1519,0.9,1367.1000000000001,0.08916645521943528,125,1692,0.93232
2029-08-21,Google,36-50,South India,Mobile,Image,6,74159,8,0.02300649926871838,1706,0.9,1535.4,0.18030689519275048,286,1693,0.93228
2029-08-22,Google,18-25,North India,Desktop,Image,19,61127,8,0.05899126810083967,3605,0.9,3244.5,0.14250109411350106,478,1694,0.93224
2029-08-23,Google,36-50,South India,Mobile,Video,20,53088,8,0.07761258797658947,4120,0.9,3708.0,0.12184410609894845,467,1695,0.9322
2029-08-24,Google,26-35,West India,Desktop,Image,11,72195,8,0.019459249781566032,1404,0.9,1263.6000000000001,0.05853524176872349,76,1696,0.93216
2029-08-25,Google,26-35,South India,Mobile,Video,16,46023,8,0.05422639965220244,2495,0.9,2245.5,0.13041046041666893,302,1697,0.9321200000000001
2029-08-26,Instagram,26-35,West India,Mobile,Text,10,30653,8,0.09865564848470626,3024,1.3,3931.2000000000003,0.1258349662685552,354,1698,0.93208
2029-08-27,Google,18-25,South India,Mobile,Video,3,78616,8,0.04269320266150513,3356,0.9,3020.4,0.06089442423781645,190,1699,0.93204
2029-08-28,Instagram,26-35,South India,Mobile,Text,18,78512,8,0.09493179183037627,7453,1.3,9688.9,0.13496509514770516,936,1700,0.9319999999999999
2029-08-29,Google,18-25,West India,Desktop,Video,1,16718,8,0.03427312049604631,572,0.9,514.8000000000001,0.16222486837590658,85,1701,0.93196
2029-08-30,Google,36-50,North India,Mobile,Video,1,75877,8,0.03936078952115607,2986,0.9,2687.4,0.05591797122106067,154,1702,0.93192
2029-08-31,Google,26-35,North India,Desktop,Video,23,55219,8,0.04010137756433644,2214,0.9,1992.6000000000001,0.1470481901735216,302,1703,0.93188
2029-09-01,Google,26-35,North India,Mobile,Image,16,54954,9,0.031135536307327353,1711,0.9,1539.9,0.0777212276468843,123,1704,0.93184
2029-09-02,Google,26-35,South India,Desktop,Video,23,17296,9,0.037830945655433657,654,0.9,588.6,0.08556232719778707,51,1705,0.9318
2029-09-03,Instagram,36-50,South India,Mobile,Image,8,27285,9,0.04103840269059696,1119,1.3,1454.7,0.10327182049912104,107,1706,0.93176
2029-09-04,Google,26-35,North India,Desktop,Video,21,53310,9,0.023079713281049515,1230,0.9,1107.0,0.07837988660428448,89,1707,0.93172
2029-09-05,Instagram,18-25,South India,Desktop,Video,0,15134,9,0.044218688956696554,669,1.3,869.7,0.2051779263232767,127,1708,0.93168
2029-09-06,Instagram,36-50,South India,Mobile,Text,9,54642,9,0.06081448536002616,3323,1.3,4319.900000000001,0.13452786621185236,416,1709,0.93164
2029-09-07,Google,36-50,North India,Mobile,Video,22,95873,9,0.03511576793430497,3366,0.9,3029.4,0.20212817088452908,633,1710,0.9316
2029-09-08,Google,36-50,West India,Mobile,Image,14,1455,9,0.03692044947265101,53,0.9,47.7,0.11477047849927585,5,1711,0.9315599999999999
2029-09-09,Instagram,36-50,South India,Mobile,Text,20,74179,9,0.13114647321543188,9728,1.3,12646.4,0.04907704207040596,444,1712,0.93152
2029-09-10,Google,36-50,South India,Mobile,Text,14,71156,9,0.07387392417026077,5256,0.9,4730.400000000001,0.08554091257337094,418,1713,0.93148
2029-09-11,Google,18-25,South India,Mobile,Video,22,9867,9,0.038511078362035586,379,0.9,341.1,0.20778012664073556,72,1714,0.93144
2029-09-12,Instagram,36-50,South India,Desktop,Video,20,26577,9,0.041525917025012266,1103,1.3,1433.9,0.12614032136151931,129,1715,0.9314
2029-09-13,Google,26-35,West India,Desktop,Text,1,29647,9,0.05033360307207837,1492,0.9,1342.8,0.08822534012072185,122,1716,0.93136
2029-09-14,Instagram,36-50,North India,Desktop,Image,13,49894,9,0.07914795893664832,3949,1.3,5133.7,0.09279212474674946,340,1717,0.93132
2029-09-15,Instagram,36-50,South India,Mobile,Video,3,92007,9,0.06274466142316489,5772,1.3,7503.6,0.09629798192463748,516,1718,0.93128
2029-09-16,Google,36-50,North India,Desktop,Text,17,71635,9,0.019406097853620186,1390,0.9,1251.0,0.04057471863954173,52,1719,0.93124
2029-09-17,Google,36-50,South India,Mobile,Image,8,14887,9,0.027439514358823566,408,0.9,367.2,0.071806289880745,27,1720,0.9312
2029-09-18,Google,36-50,West India,Mobile,Video,1,44314,9,0.04041628408071257,1791,0.9,1611.9,0.10914243705716521,181,1721,0.93116
2029-09-19,Google,18-25,North India,Mobile,Text,1,49203,9,0.026068214323177276,1282,0.9,1153.8,0.060046730763170894,70,1722,0.93112
2029-09-20,Google,18-25,West India,Desktop,Text,17,94205,9,0.06244153692729399,5882,0.9,5293.8,0.10215548879887129,558,1723,0.93108
2029-09-21,Instagram,36-50,South India,Desktop,Video,16,1059,9,0.07806442670939856,82,1.3,106.60000000000001,0.16624976613652467,12,1724,0.93104
2029-09-22,Google,18-25,West India,Mobile,Image,8,13673,9,0.04880390191286413,667,0.9,600.3000000000001,0.11980925047719512,73,1725,0.931
2029-09-23,Google,26-35,West India,Desktop,Image,7,56351,9,0.053348030320456985,3006,0.9,2705.4,0.051888665026511176,144,1726,0.93096
2029-09-24,Instagram,36-50,South India,Mobile,Text,1,89231,9,0.034195820629609706,3051,1.3,3966.3,0.12469201588360988,353,1727,0.93092
2029-09-25,Instagram,26-35,South India,Desktop,Image,1,72067,9,0.054587551113953296,3933,1.3,5112.900000000001,0.10322524064097355,377,1728,0.93088
2029-09-26,Instagram,26-35,North India,Mobile,Text,4,69300,9,0.07685036017371374,5325,1.3,6922.5,0.13157584976902906,651,1729,0.93084
2029-09-27,Google,36-50,South India,Mobile,Video,11,2794,9,0.04274458303284821,119,0.9,107.10000000000001,0.14993353538851914,15,1730,0.9308
2029-09-28,Instagram,26-35,North India,Mobile,Image,15,11721,9,0.045399863684192715,532,1.3,691.6,0.04924045095809152,24,1731,0.93076
2029-09-29,Google,26-35,West India,Mobile,Video,13,60286,9,0.027410733775099467,1652,0.9,1486.8,0.04954863903609361,75,1732,0.93072
2029-09-30,Google,26-35,West India,Mobile,Text,19,6686,9,0.02647605449244278,177,0.9,159.3,0.11759896279532549,18,1733,0.93068
2029-10-01,Google,36-50,North India,Mobile,Video,1,48443,10,0.02210465637736708,1070,0.9,963.0,0.1095215135099208,108,1734,0.93064
2029-10-02,Instagram,36-50,South India,Mobile,Image,23,96003,10,0.08108920168883076,7784,1.3,10119.2,0.08835136454641575,639,1735,0.9306
2029-10-03,Google,26-35,South India,Desktop,Video,7,65263,10,0.05971576361433747,3897,0.9,3507.3,0.1354386867632069,490,1736,0.93056
2029-10-04,Google,36-50,West India,Desktop,Image,3,63722,10,0.0480399209867161,3061,0.9,2754.9,0.05013500519123924,142,1737,0.93052
2029-10-05,Google,36-50,North India,Mobile,Image,19,53573,10,0.07436066379853996,3983,0.9,3584.7000000000003,0.0901339165207715,334,1738,0.93048
2029-10-06,Google,26-35,West India,Desktop,Image,8,13888,10,0.041094380549251706,570,0.9,513.0,0.08405796616232275,43,1739,0.93044
2029-10-07,Instagram,36-50,West India,Mobile,Image,19,40348,10,0.08956691129303035,3613,1.3,4696.900000000001,0.1520264795205287,510,1740,0.9304
2029-10-08,Instagram,18-25,South India,Desktop,Image,18,14533,10,0.049795800356873435,723,1.3,939.9,0.07092751718355397,47,1741,0.93036
2029-10-09,Instagram,36-50,North India,Mobile,Text,1,22916,10,0.04353600302863402,997,1.3,1296.1000000000001,0.11780162594385579,108,1742,0.93032
2029-10-10,Google,18-25,West India,Mobile,Video,15,62422,10,0.0626819193522299,3912,0.9,3520.8,0.13206762546968862,480,1743,0.93028
2029-10-11,Google,26-35,South India,Mobile,Text,10,51525,10,0.035498962659813386,1829,0.9,1646.1000000000001,0.048119132535282404,81,1744,0.93024
2029-10-12,Google,36-50,West India,Desktop,Video,7,4553,10,0.05715667881221301,260,0.9,234.0,0.2109059961244432,50,1745,0.9302
2029-10-13,Google,26-35,West India,Mobile,Video,11,9144,10,0.05781816889340146,528,0.9,475.2,0.1713472210938666,83,1746,0.93016
2029-10-14,Google,26-35,South India,Desktop,Video,2,92045,10,0.04692127592505294,4318,0.9,3886.2000000000003,0.1008654205950155,404,1747,0.9301200000000001
2029-10-15,Instagram,26-35,South India,Mobile,Text,12,60931,10,0.05621800447105611,3425,1.3,4452.5,0.11355150547784883,360,1748,0.93008
2029-10-16,Google,26-35,North India,Mobile,Image,1,64712,10,0.0450707896743061,2916,0.9,2624.4,0.15769142546525824,426,1749,0.93004
2029-10-17,Google,26-35,West India,Mobile,Image,12,6437,10,0.05086996791522797,327,0.9,294.3,0.17031297549866425,51,1750,0.93
2029-10-18,Google,36-50,North India,Desktop,Text,7,91083,10,0.031231632978499953,2844,0.9,2559.6,0.11495741644440441,303,1751,0.92996
2029-10-19,Google,18-25,South India,Mobile,Image,14,33518,10,0.07045360365084062,2361,0.9,2124.9,0.15606120380882277,342,1752,0.92992
2029-10-20,Google,36-50,South India,Desktop,Video,23,24830,10,0.05569514736800499,1382,0.9,1243.8,0.10405635845005362,132,1753,0.92988
2029-10-21,Instagram,36-50,West India,Mobile,Image,20,75285,10,0.12145922646964502,9144,1.3,11887.2,0.1785666731668895,1517,1754,0.92984
2029-10-22,Instagram,36-50,North India,Desktop,Image,8,47553,10,0.0753045203784792,3580,1.3,4654.0,0.0703830002434755,233,1755,0.9298
2029-10-23,Instagram,36-50,North India,Mobile,Image,10,88885,10,0.09687822307103679,8611,1.3,11194.300000000001,0.049891055320800445,398,1756,0.92976
2029-10-24,Google,18-25,West India,Mobile,Video,21,95825,10,0.03939483553772176,3775,0.9,3397.5,0.21219986917058933,744,1757,0.92972
2029-10-25,Google,36-50,West India,Mobile,Image,20,6915,10,0.031120076796179768,215,0.9,193.5,0.061398364988264946,12,1758,0.92968
2029-10-26,Google,26-35,North India,Mobile,Image,2,29695,10,0.024514076733957127,727,0.9,654.3000000000001,0.10737459262084653,72,1759,0.92964
2029-10-27,Google,36-50,South India,Mobile,Image,6,76270,10,0.024127579349390013,1840,0.9,1656.0,0.11610948418921216,198,1760,0.9296
2029-10-28,Instagram,36-50,South India,Desktop,Text,13,15703,10,0.03460458392756461,543,1.3,705.9,0.1484301684768719,74,1761,0.9295599999999999
2029-10-29,Google,18-25,West India,Mobile,Text,14,89035,10,0.03604224998546482,3209,0.9,2888.1,0.08120244792917031,241,1762,0.92952
2029-10-30,Google,18-25,North India,Mobile,Image,8,22478,10,0.05997063167490712,1348,0.9,1213.2,0.10479013417069577,131,1763,0.92948
2029-10-31,Google,26-35,North India,Mobile,Text,19,68918,10,0.06955684388667335,4793,0.9,4313.7,0.03724454692145727,165,1764,0.92944
2029-11-01,Google,36-50,North India,Mobile,Text,10,31128,11,0.051811100392921375,1612,0.9,1450.8,0.05579600779673487,82,1765,0.9294
2029-11-02,Instagram,36-50,South India,Mobile,Video,6,54250,11,0.03567084011088949,1935,1.3,2515.5,0.20673759765488153,371,1766,0.92936
2029-11-03,Google,36-50,South India,Mobile,Text,11,92119,11,0.06877509347421518,6335,0.9,5701.5,0.10001748139143482,588,1767,0.92932
2029-11-04,Google,26-35,North India,Desktop,Text,18,38126,11,0.0599239486782029,2284,0.9,2055.6,0.05840683094728827,123,1768,0.92928
2029-11-05,Google,18-25,North India,Mobile,Image,17,47799,11,0.036933936821741224,1765,0.9,1588.5,0.08706467670057451,142,1769,0.92924
2029-11-06,Google,26-35,West India,Desktop,Video,12,95228,11,0.040575989804107954,3863,0.9,3476.7000000000003,0.09589606467631197,343,1770,0.9292
2029-11-07,Instagram,36-50,West India,Mobile,Video,10,59248,11,0.08607307749724315,5099,1.3,6628.7,0.1414450956305864,669,1771,0.92916
2029-11-08,Instagram,18-25,North India,Mobile,Video,0,33907,11,0.10757955890264381,3647,1.3,4741.1,0.0538107845082323,182,1772,0.92912
2029-11-09,Instagram,18-25,North India,Mobile,Text,5,8644,11,0.040148618416259906,347,1.3,451.1,0.05773284162684096,18,1773,0.92908
2029-11-10,Instagram,26-35,South India,Desktop,Image,20,35583,11,0.08584311980038958,3054,1.3,3970.2000000000003,0.09866460937008355,279,1774,0.92904
2029-11-11,Google,18-25,North India,Mobile,Video,1,55560,11,0.06040662956449762,3356,0.9,3020.4,0.19374297094473056,603,1775,0.929
2029-11-12,Instagram,18-25,West India,Desktop,Video,12,16185,11,0.02701042627957211,437,1.3,568.1,0.15271073919774514,61,1776,0.92896
2029-11-13,Google,36-50,South India,Mobile,Text,12,42988,11,0.07359739964531965,3163,0.9,2846.7000000000003,0.10340680351968017,303,1777,0.92892
2029-11-14,Google,36-50,West India,Desktop,Video,18,11446,11,0.03834717362947985,438,0.9,394.2,0.08005834023494675,32,1778,0.92888
2029-11-15,Instagram,18-25,West India,Mobile,Image,8,24162,11,0.085066841717463,2055,1.3,2671.5,0.11809942282652225,224,1779,0.92884
2029-11-16,Google,18-25,South India,Mobile,Video,18,15150,11,0.06559474502236835,993,0.9,893.7,0.22448096493857972,206,1780,0.9288
2029-11-17,Instagram,26-35,West India,Mobile,Image,22,42304,11,0.043856933579737994,1855,1.3,2411.5,0.11928330263918815,205,1781,0.92876
2029-11-18,Google,26-35,North India,Mobile,Image,0,96373,11,0.0538492014388449,5189,0.9,4670.1,0.05991494957498591,287,1782,0.92872
2029-11-19,Instagram,18-25,West India,Mobile,Image,22,37003,11,0.04752953492899168,1758,1.3,2285.4,0.17959665960769766,292,1783,0.92868
2029-11-20,Instagram,36-50,South India,Mobile,Text,7,52746,11,0.04391292754601263,2316,1.3,3010.8,0.10270045786640422,220,1784,0.92864
2029-11-21,Instagram,18-25,South India,Desktop,Text,22,67923,11,0.07115072176867451,4832,1.3,6281.6,0.07922978397716504,354,1785,0.9286
2029-11-22,Instagram,18-25,South India,Mobile,Image,13,78745,11,0.059208741903563275,4662,1.3,6060.6,0.12151992437978071,525,1786,0.92856
2029-11-23,Instagram,36-50,West India,Mobile,Image,23,1983,11,0.06878605240027823,136,1.3,176.8,0.07691671133353017,9,1787,0.92852
2029-11-24,Google,36-50,North India,Mobile,Video,15,48114,11,0.03592209574379772,1728,0.9,1555.2,0.0504475575785855,80,1788,0.92848
2029-11-25,Google,26-35,South India,Mobile,Video,3,98687,11,0.060581128393661754,5978,0.9,5380.2,0.21718353407483043,1205,1789,0.92844
2029-11-26,Google,26-35,North India,Mobile,Video,17,52274,11,0.07278019375619503,3804,0.9,3423.6,0.11404835916135414,401,1790,0.9284
2029-11-27,Instagram,26-35,South India,Mobile,Text,13,88339,11,0.0760799649777605,6720,1.3,8736.0,0.13595365446213414,847,1791,0.92836
2029-11-28,Google,26-35,North India,Desktop,Video,8,20378,11,0.02179047612702248,444,0.9,399.6,0.20061235863090576,82,1792,0.92832
2029-11-29,Instagram,36-50,North India,Mobile,Image,14,8548,11,0.08139086881350731,695,1.3,903.5,0.12213414767170151,77,1793,0.92828
2029-11-30,Google,18-25,North India,Mobile,Image,2,40621,11,0.045939510954649106,1866,0.9,1679.4,0.12998497303333786,224,1794,0.92824
2029-12-01,Google,26-35,South India,Mobile,Text,3,67311,12,0.040507682161004505,2726,0.9,2453.4,0.1608702400405597,406,1795,0.9282
2029-12-02,Instagram,26-35,West India,Mobile,Text,22,87901,12,0.11204470675942915,9848,1.3,12802.4,0.09546997907597213,872,1796,0.92816
2029-12-03,Google,36-50,West India,Mobile,Video,17,97243,12,0.046179857536993336,4490,0.9,4041.0,0.10174317948707633,423,1797,0.9281200000000001
2029-12-04,Google,36-50,West India,Mobile,Text,13,90673,12,0.022339376244204824,2025,0.9,1822.5,0.14364472654175775,269,1798,0.92808
2029-12-05,Google,18-25,North India,Mobile,Image,14,22531,12,0.03501054029506385,788,0.9,709.2,0.047176216467465754,34,1799,0.92804
2029-12-06,Instagram,18-25,South India,Mobile,Image,7,18870,12,0.07623614319088871,1438,1.3,1869.4,0.07704962487592815,102,1800,0.928
2029-12-07,Instagram,36-50,North India,Desktop,Text,9,50547,12,0.028414050811463195,1436,1.3,1866.8,0.07087996837604153,93,1801,0.92796
2029-12-08,Google,26-35,South India,Mobile,Image,23,46738,12,0.03159512079483678,1476,0.9,1328.4,0.16444518965408014,224,1802,0.92792
2029-12-09,Google,26-35,North India,Mobile,Text,11,68537,12,0.025729079404133163,1763,0.9,1586.7,0.1344860585515324,219,1803,0.92788
2029-12-10,Google,26-35,South India,Mobile,Image,20,15756,12,0.03937644843231085,620,0.9,558.0,0.11357512866316301,64,1804,0.92784
2029-12-11,Instagram,18-25,South India,Mobile,Video,8,58707,12,0.04059042736330572,2382,1.3,3096.6,0.10567639742152245,232,1805,0.9278
2029-12-12,Instagram,26-35,South India,Desktop,Text,7,41830,12,0.04500783205870676,1882,1.3,2446.6,0.08363528381320728,145,1806,0.92776
2029-12-13,Google,26-35,North India,Mobile,Text,16,94399,12,0.04631529085841597,4372,0.9,3934.8,0.1065226738743563,431,1807,0.92772
2029-12-14,Google,36-50,West India,Mobile,Text,8,11046,12,0.07027982686883201,776,0.9,698.4,0.05280284687582603,37,1808,0.9276800000000001
2029-12-15,Google,26-35,North India,Desktop,Image,12,24652,12,0.028469952815435275,701,0.9,630.9,0.11080829452087171,71,1809,0.92764
2029-12-16,Instagram,36-50,North India,Mobile,Video,13,56029,12,0.05747691261288378,3220,1.3,4186.0,0.13951555036376528,416,1810,0.9276
2029-12-17,Instagram,26-35,South India,Desktop,Text,4,37956,12,0.05369003470052601,2037,1.3,2648.1,0.130058317728511,244,1811,0.9275599999999999
2029-12-18,Google,18-25,South India,Desktop,Image,8,14886,12,0.055503031029722545,826,0.9,743.4,0.13700027787571678,104,1812,0.92752
2029-12-19,Google,26-35,West India,Mobile,Text,15,87281,12,0.02918198566205189,2547,0.9,2292.3,0.04553771895446976,106,1813,0.92748
2029-12-20,Google,26-35,West India,Mobile,Image,18,32823,12,0.028502770492577253,935,0.9,841.5,0.13643184428093097,117,1814,0.92744
2029-12-21,Instagram,36-50,South India,Mobile,Video,23,39948,12,0.09920359354739446,3962,1.3,5150.6,0.05681892518224313,208,1815,0.9274
2029-12-22,Google,36-50,West India,Mobile,Image,22,14322,12,0.08586171589690354,1229,0.9,1106.1000000000001,0.09464323250568832,107,1816,0.92736
2029-12-23,Instagram,36-50,West India,Mobile,Image,6,74330,12,0.03433099666467559,2551,1.3,3316.3,0.09838881127990909,231,1817,0.92732
2029-12-24,Instagram,26-35,South India,Mobile,Text,11,7162,12,0.04631732542450454,331,1.3,430.3,0.052666930092508946,15,1818,0.92728
2029-12-25,Google,26-35,North India,Desktop,Image,1,83293,12,0.032238674685548675,2685,0.9,2416.5,0.0393109995449046,97,1819,0.92724
2029-12-26,Google,18-25,West India,Mobile,Text,17,6905,12,0.06609054507532902,456,0.9,410.40000000000003,0.04246825912040026,17,1820,0.9272
2029-12-27,Google,26-35,South India,Mobile,Image,17,95301,12,0.04518389698790135,4306,0.9,3875.4,0.11273019420725588,449,1821,0.92716
2029-12-28,Instagram,18-25,West India,Mobile,Video,15,58483,12,0.08767918320514509,5127,1.3,6665.1,0.0883795126505826,419,1822,0.9271199999999999
2029-12-29,Instagram,36-50,West India,Desktop,Image,10,39457,12,0.029084867299927004,1147,1.3,1491.1000000000001,0.04965725569243737,51,1823,0.92708
2029-12-30,Instagram,36-50,South India,Mobile,Text,1,85940,12,0.06091536201315137,5235,1.3,6805.5,0.07096346829304108,343,1824,0.92704
2029-12-31,Google,36-50,West India,Mobile,Image,13,16380,12,0.02543423982095875,416,0.9,374.40000000000003,0.11403512962145737,43,1825,0.927
2030-01-01,Google,18-25,West India,Desktop,Image,3,16508,1,0.034831324716306074,574,0.9,516.6,0.14389943745313447,76,1826,0.92696
2030-01-02,Instagram,26-35,West India,Desktop,Video,6,20676,1,0.054107769779147344,1118,1.3,1453.4,0.1172162262956995,121,1827,0.92692
2030-01-03,Instagram,36-50,North India,Desktop,Text,1,89796,1,0.08403418528084804,7545,1.3,9808.5,0.10161648997057456,709,1828,0.92688
2030-01-04,Google,26-35,North India,Desktop,Video,20,73433,1,0.07461876838391748,5479,0.9,4931.1,0.14084364199754346,714,1829,0.92684
2030-01-05,Instagram,26-35,West India,Mobile,Image,13,2564,1,0.0736299990411778,188,1.3,244.4,0.16548403108234241,28,1830,0.9268
2030-01-06,Instagram,36-50,South India,Mobile,Video,6,14870,1,0.06120029201152074,910,1.3,1183.0,0.08595206167107221,72,1831,0.92676
2030-01-07,Instagram,18-25,West India,Mobile,Image,8,15219,1,0.10721349870681139,1631,1.3,2120.3,0.10670026209021738,161,1832,0.92672
2030-01-08,Instagram,26-35,West India,Mobile,Image,7,82977,1,0.09411411686520588,7809,1.3,10151.7,0.1284561624124525,929,1833,0.92668
2030-01-09,Instagram,36-50,North India,Mobile,Video,8,20880,1,0.042399911857223485,885,1.3,1150.5,0.12854768307872488,104,1834,0.92664
2030-01-10,Instagram,26-35,North India,Mobile,Video,6,11379,1,0.10441055126763807,1188,1.3,1544.4,0.11747451710355149,128,1835,0.9266
2030-01-11,Google,26-35,North India,Desktop,Image,18,55294,1,0.04351575247192162,2406,0.9,2165.4,0.16747004470146232,372,1836,0.92656
2030-01-12,Google,26-35,West India,Mobile,Video,16,3948,1,0.029957023915638342,118,0.9,106.2,0.20625832419103307,22,1837,0.92652
2030-01-13,Instagram,26-35,West India,Mobile,Video,22,96129,1,0.0896432190530111,8617,1.3,11202.1,0.1507245147688849,1202,1838,0.92648
2030-01-14,Google,26-35,South India,Mobile,Image,12,36902,1,0.07407650225107733,2733,0.9,2459.7000000000003,0.1116946592411734,282,1839,0.92644
2030-01-15,Google,18-25,West India,Desktop,Text,10,84507,1,0.05611871669501334,4742,0.9,4267.8,0.12389047243548143,543,1840,0.9264
2030-01-16,Google,18-25,West India,Mobile,Video,21,9969,1,0.06550261308146559,652,0.9,586.8000000000001,0.13417303739801892,80,1841,0.92636
2030-01-17,Google,36-50,North India,Mobile,Video,17,63805,1,0.044069118859280484,2811,0.9,2529.9,0.2044929115825167,531,1842,0.92632
2030-01-18,Instagram,18-25,North India,Mobile,Text,16,21646,1,0.10765488009234275,2330,1.3,3029.0,0.10984521122490956,236,1843,0.92628
2030-01-19,Instagram,18-25,North India,Mobile,Video,15,61566,1,0.09618303081625135,5921,1.3,7697.3,0.056478345519643744,309,1844,0.92624
2030-01-20,Google,18-25,North India,Mobile,Image,9,56818,1,0.051323813732009095,2916,0.9,2624.4,0.09145411703528296,246,1845,0.9262
2030-01-21,Google,26-35,North India,Desktop,Video,3,64451,1,0.05313513637716898,3424,0.9,3081.6,0.1621502457712954,514,1846,0.92616
2030-01-22,Google,26-35,South India,Desktop,Image,3,4678,1,0.05976090849438258,279,0.9,251.1,0.17372486361742986,44,1847,0.92612
2030-01-23,Instagram,36-50,South India,Desktop,Text,21,94055,1,0.08908342420981177,8378,1.3,10891.4,0.14387006754645637,1115,1848,0.92608
2030-01-24,Instagram,36-50,South India,Mobile,Text,10,69879,1,0.10938604818288035,7643,1.3,9935.9,0.16532041811537773,1169,1849,0.92604
2030-01-25,Google,36-50,North India,Desktop,Text,20,5014,1,0.043351179261068074,217,0.9,195.3,0.08759507195890313,17,1850,0.926
2030-01-26,Instagram,26-35,North India,Desktop,Video,7,6107,1,0.0720636099447264,440,1.3,572.0,0.06795469993690849,26,1851,0.92596
2030-01-27,Instagram,18-25,North India,Desktop,Text,8,38423,1,0.08868224116111212,3407,1.3,4429.1,0.10603609161188353,334,1852,0.92592
2030-01-28,Instagram,18-25,South India,Mobile,Video,15,33332,1,0.06861966309782419,2287,1.3,2973.1,0.0658743980429145,138,1853,0.92588
2030-01-29,Instagram,26-35,North India,Desktop,Video,9,35010,1,0.07320485793583881,2562,1.3,3330.6,0.20097431936767957,475,1854,0.92584
2030-01-30,Google,36-50,South India,Mobile,Video,22,89935,1,0.08733177371896049,7854,0.9,7068.6,0.1929769113809006,1402,1855,0.9258
2030-01-31,Instagram,36-50,North India,Desktop,Text,8,3661,1,0.06149154831607777,225,1.3,292.5,0.1433318705635292,29,1856,0.92576
2030-02-01,Google,36-50,West India,Mobile,Text,2,5798,2,0.07659301669027477,444,0.9,399.6,0.07889310593101605,32,1857,0.92572
2030-02-02,Instagram,26-35,South India,Mobile,Video,1,67076,2,0.03454653037093139,2317,1.3,3012.1,0.05571922923650628,119,1858,0.9256800000000001
2030-02-03,Instagram,36-50,West India,Desktop,Text,8,23329,2,0.059738901654465985,1393,1.3,1810.9,0.09603347407440925,123,1859,0.92564
2030-02-04,Instagram,36-50,South India,Mobile,Video,12,57060,2,0.052696631265229554,3006,1.3,3907.8,0.07519466854249424,209,1860,0.9256
2030-02-05,Instagram,26-35,North India,Mobile,Text,5,26850,2,0.043105837460991746,1157,1.3,1504.1000000000001,0.10913191111103017,116,1861,0.92556
2030-02-06,Google,18-25,North India,Desktop,Image,3,85705,2,0.020195088595350873,1730,0.9,1557.0,0.10417433951815708,166,1862,0.92552
2030-02-07,Google,26-35,West India,Desktop,Text,13,4157,2,0.036532389023442746,151,0.9,135.9,0.123660190171987,16,1863,0.92548
2030-02-08,Instagram,26-35,North India,Mobile,Text,10,38485,2,0.10267461667143346,3951,1.3,5136.3,0.06520532704005531,237,1864,0.92544
2030-02-09,Instagram,26-35,South India,Desktop,Text,1,6336,2,0.059619740571863075,377,1.3,490.1,0.14593777237151337,50,1865,0.9254
2030-02-10,Google,26-35,North India,Mobile,Video,2,73701,2,0.042147693814137036,3106,0.9,2795.4,0.1494709590571263,429,1866,0.92536
2030-02-11,Google,18-25,North India,Mobile,Video,4,94154,2,0.02800797253093124,2637,0.9,2373.3,0.20323847177739088,495,1867,0.92532
2030-02-12,Google,36-50,South India,Mobile,Image,6,43280,2,0.024846431999982353,1075,0.9,967.5,0.07149778300986485,70,1868,0.92528
2030-02-13,Instagram,26-35,West India,Mobile,Image,10,53145,2,0.05176902882562508,2751,1.3,3576.3,0.047164185326473866,119,1869,0.92524
2030-02-14,Instagram,18-25,West India,Mobile,Image,11,80290,2,0.05088656030733059,4085,1.3,5310.5,0.15914699136638294,601,1870,0.9252
2030-02-15,Google,36-50,North India,Mobile,Video,10,6209,2,0.027695149500589055,171,0.9,153.9,0.09961682528017869,15,1871,0.92516
2030-02-16,Google,36-50,South India,Desktop,Image,18,62402,2,0.042948814948414904,2680,0.9,2412.0,0.110411940057107,272,1872,0.9251199999999999
2030-02-17,Instagram,36-50,West India,Mobile,Image,12,81026,2,0.09866071312755047,7994,1.3,10392.2,0.16959355672427012,1253,1873,0.92508
2030-02-18,Instagram,26-35,West India,Desktop,Text,3,94137,2,0.07329693875047909,6899,1.3,8968.7,0.08644292061152099,551,1874,0.92504
2030-02-19,Google,26-35,North India,Desktop,Image,13,8645,2,0.04880860588171967,421,0.9,378.90000000000003,0.07763653715162167,29,1875,0.925
2030-02-20,Instagram,36-50,South India,Mobile,Text,11,39508,2,0.07364635110926146,2909,1.3,3781.7000000000003,0.04518796024028645,121,1876,0.92496
2030-02-21,Google,36-50,West India,Desktop,Video,1,58822,2,0.022136514198242224,1302,0.9,1171.8,0.12241313692998781,147,1877,0.92492
2030-02-22,Google,36-50,North India,Desktop,Video,7,7018,2,0.04666653560532218,327,0.9,294.3,0.15013026354073458,45,1878,0.92488
2030-02-23,Instagram,36-50,North India,Mobile,Text,21,51908,2,0.05222039904219187,2710,1.3,3523.0,0.06273024027719266,156,1879,0.92484
2030-02-24,Instagram,36-50,North India,Mobile,Image,18,27374,2,0.08682208662560197,2376,1.3,3088.8,0.13346465984132944,293,1880,0.9248
2030-02-25,Instagram,36-50,North India,Desktop,Video,12,6713,2,0.03930231041585381,263,1.3,341.90000000000003,0.12193092610597968,29,1881,0.92476
2030-02-26,Instagram,18-25,West India,Desktop,Text,20,96608,2,0.07055980344888707,6816,1.3,8860.800000000001,0.136114767761817,857,1882,0.92472
2030-02-27,Instagram,36-50,South India,Desktop,Video,20,88071,2,0.05461940041330123,4810,1.3,6253.0,0.08268908487660298,367,1883,0.92468
2030-02-28,Google,26-35,North India,Mobile,Video,0,97856,2,0.06925255671696091,6776,0.9,6098.400000000001,0.16642991425710307,1042,1884,0.92464
2030-03-01,Google,26-35,North India,Mobile,Image,4,94099,3,0.08087279597348038,7610,0.9,6849.0,0.17823244197296614,1253,1885,0.9246
2030-03-02,Google,26-35,West India,Mobile,Video,21,85498,3,0.045035367628866944,3850,0.9,3465.0,0.18981033860267807,674,1886,0.92456
2030-03-03,Google,36-50,North India,Mobile,Text,10,2026,3,0.07321374235133916,148,0.9,133.20000000000002,0.08601033655310439,11,1887,0.92452
2030-03-04,Instagram,26-35,North India,Mobile,Image,10,71009,3,0.06885579153330111,4889,1.3,6355.7,0.07551567870395309,341,1888,0.92448
2030-03-05,Instagram,18-25,South India,Mobile,Text,12,71203,3,0.0669433722701799,4766,1.3,6195.8,0.05530392433037234,243,1889,0.9244399999999999
2030-03-06,Google,36-50,North India,Mobile,Text,1,52106,3,0.06727261896828551,3505,0.9,3154.5,0.11541188376390167,373,1890,0.9244
2030-03-07,Google,26-35,West India,Desktop,Text,18,94425,3,0.027500292178894884,2596,0.9,2336.4,0.056099629912241995,134,1891,0.92436
2030-03-08,Instagram,18-25,South India,Mobile,Image,15,92676,3,0.10868186116301334,10072,1.3,13093.6,0.19040870024750578,1771,1892,0.92432
2030-03-09,Google,18-25,West India,Mobile,Video,4,83506,3,0.06468882501688979,5401,0.9,4860.900000000001,0.23034426093011806,1149,1893,0.92428
2030-03-10,Instagram,26-35,South India,Desktop,Text,13,82477,3,0.054461601714856145,4491,1.3,5838.3,0.06069228377519696,251,1894,0.92424
2030-03-11,Instagram,18-25,South India,Desktop,Video,18,95564,3,0.0818212109999112,7819,1.3,10164.7,0.13452404392153516,971,1895,0.9242
2030-03-12,Instagram,26-35,North India,Mobile,Video,4,34452,3,0.04926994747902256,1697,1.3,2206.1,0.2147074908361849,336,1896,0.92416
2030-03-13,Google,18-25,North India,Mobile,Text,20,88962,3,0.09626467520891338,8563,0.9,7706.7,0.09406446831698163,743,1897,0.92412
2030-03-14,Google,36-50,North India,Desktop,Video,23,4268,3,0.035387031568233605,151,0.9,135.9,0.1441576428556387,19,1898,0.92408
2030-03-15,Instagram,36-50,West India,Mobile,Image,8,81729,3,0.0916797373270312,7492,1.3,9739.6,0.15911746384042957,1101,1899,0.92404
2030-03-16,Instagram,36-50,North India,Desktop,Image,23,94602,3,0.045927195421155566,4344,1.3,5647.2,0.07260103801595204,291,1900,0.9239999999999999
2030-03-17,Google,36-50,North India,Mobile,Video,11,1658,3,0.03769013003778467,62,0.9,55.800000000000004,0.2220594108606255,12,1901,0.92396
2030-03-18,Instagram,36-50,South India,Mobile,Video,15,35064,3,0.09943925750925812,3486,1.3,4531.8,0.21681800418324196,697,1902,0.92392
2030-03-19,Google,26-35,North India,Mobile,Image,18,35293,3,0.08837751707732866,3119,0.9,2807.1,0.06540892400303082,188,1903,0.92388
2030-03-20,Instagram,36-50,North India,Mobile,Video,14,44042,3,0.11450041816851284,5042,1.3,6554.6,0.0696593749677496,324,1904,0.92384
2030-03-21,Google,36-50,North India,Mobile,Video,16,8792,3,0.0430704801485726,378,0.9,340.2,0.21430056408995807,74,1905,0.9238
2030-03-22,Instagram,36-50,North India,Mobile,Video,14,7604,3,0.11007304977243518,836,1.3,1086.8,0.17042348054638545,131,1906,0.92376
2030-03-23,Google,36-50,South India,Desktop,Video,2,48821,3,0.03325533008318933,1623,0.9,1460.7,0.06591996198870743,97,1907,0.92372
2030-03-24,Google,18-25,North India,Mobile,Text,16,39557,3,0.05210994609167115,2061,0.9,1854.9,0.05318682080819248,100,1908,0.9236800000000001
2030-03-25,Google,36-50,South India,Mobile,Video,12,8420,3,0.02478059699191887,208,0.9,187.20000000000002,0.06780272896951135,12,1909,0.92364
2030-03-26,Google,36-50,West India,Desktop,Image,8,39521,3,0.030303304651190705,1197,0.9,1077.3,0.19400858278851535,214,1910,0.9236
2030-03-27,Instagram,26-35,North India,Mobile,Text,12,62951,3,0.06259174944451293,3940,1.3,5122.0,0.09744024857237993,353,1911,0.9235599999999999
2030-03-28,Instagram,18-25,North India,Desktop,Text,15,24018,3,0.04783425630489046,1148,1.3,1492.4,0.09300046908980107,97,1912,0.92352
2030-03-29,Google,26-35,North India,Desktop,Image,18,64076,3,0.06156250260387122,3944,0.9,3549.6,0.18163043349196661,661,1913,0.92348
2030-03-30,Google,36-50,South India,Mobile,Video,13,6108,3,0.03825341962195032,233,0.9,209.70000000000002,0.16066240515883243,34,1914,0.92344
2030-03-31,Instagram,26-35,North India,Mobile,Text,7,93686,3,0.11319859033288501,10605,1.3,13786.5,0.09991540399367677,977,1915,0.9234
2030-04-01,Instagram,26-35,North India,Desktop,Text,21,71783,4,0.11019103351764357,7909,1.3,10281.7,0.17226262118051322,1257,1916,0.92336
2030-04-02,Instagram,36-50,West India,Mobile,Video,18,74937,4,0.12226509126546081,9162,1.3,11910.6,0.0800647348962545,676,1917,0.92332
2030-04-03,Google,18-25,South India,Mobile,Video,23,18007,4,0.06787166513436599,1222,0.9,1099.8,0.2819609837357046,317,1918,0.92328
2030-04-04,Google,18-25,South India,Desktop,Image,2,10997,4,0.027622070520947867,303,0.9,272.7,0.08341727588690341,23,1919,0.9232400000000001
2030-04-05,Instagram,26-35,West India,Desktop,Text,22,6261,4,0.060377661900534264,378,1.3,491.40000000000003,0.10833175700422937,36,1920,0.9232
2030-04-06,Google,36-50,South India,Desktop,Video,20,70804,4,0.08169497342169126,5784,0.9,5205.6,0.13822920959282722,737,1921,0.92316
2030-04-07,Instagram,26-35,North India,Mobile,Video,17,72520,4,0.05071506972580876,3677,1.3,4780.1,0.2377022775316076,806,1922,0.9231199999999999
2030-04-08,Google,26-35,North India,Mobile,Image,15,21926,4,0.06087834128384725,1334,0.9,1200.6000000000001,0.12308632808786779,151,1923,0.92308
2030-04-09,Instagram,26-35,West India,Mobile,Text,13,98398,4,0.043155520470977024,4246,1.3,5519.8,0.04408647299773272,172,1924,0.92304
2030-04-10,Google,36-50,South India,Mobile,Video,15,98994,4,0.03583384320157739,3547,0.9,3192.3,0.11252222594103493,368,1925,0.923
2030-04-11,Instagram,36-50,South India,Mobile,Image,23,66546,4,0.1315811012270789,8756,1.3,11382.800000000001,0.13241406611672998,1069,1926,0.92296
2030-04-12,Google,18-25,South India,Mobile,Text,16,18144,4,0.0428263160491449,777,0.9,699.3000000000001,0.1511274052303613,107,1927,0.92292
2030-04-13,Instagram,36-50,West India,Mobile,Text,19,26903,4,0.09489929118732209,2553,1.3,3318.9,0.12103974816508671,285,1928,0.92288
2030-04-14,Google,26-35,North India,Mobile,Text,10,2177,4,0.03216837948094293,70,0.9,63.0,0.15405869478830986,9,1929,0.92284
2030-04-15,Instagram,26-35,West India,Mobile,Text,12,93482,4,0.127848174810414,11951,1.3,15536.300000000001,0.15910031637110036,1754,1930,0.9228
2030-04-16,Instagram,18-25,North India,Mobile,Image,10,61952,4,0.12195807651849302,7555,1.3,9821.5,0.13984528436338473,974,1931,0.92276
2030-04-17,Instagram,36-50,West India,Desktop,Video,3,10168,4,0.05165949190228543,525,1.3,682.5,0.1727770911897294,83,1932,0.92272
2030-04-18,Instagram,26-35,North India,Mobile,Text,13,3389,4,0.04747219668400844,160,1.3,208.0,0.07649582537358605,11,1933,0.92268
2030-04-19,Instagram,18-25,South India,Desktop,Text,4,7364,4,0.054227939672880913,399,1.3,518.7,0.19534785327333737,71,1934,0.92264
2030-04-20,Instagram,18-25,South India,Desktop,Video,3,28033,4,0.06545515069833552,1834,1.3,2384.2000000000003,0.08040255265692987,135,1935,0.9226
2030-04-21,Google,26-35,South India,Mobile,Text,0,49545,4,0.03255980030912249,1613,0.9,1451.7,0.10724551299720703,158,1936,0.92256
2030-04-22,Instagram,26-35,West India,Mobile,Text,13,12865,4,0.1111055069559303,1429,1.3,1857.7,0.1351673650385968,178,1937,0.92252
2030-04-23,Google,36-50,West India,Mobile,Video,6,19936,4,0.035359786518885314,704,0.9,633.6,0.24824568097727978,160,1938,0.92248
2030-04-24,Google,18-25,West India,Desktop,Video,9,78863,4,0.05214843207562839,4112,0.9,3700.8,0.1587084017092146,601,1939,0.92244
2030-04-25,Google,26-35,South India,Mobile,Text,1,98788,4,0.0543915840318454,5373,0.9,4835.7,0.18561100780766016,919,1940,0.9224
2030-04-26,Google,18-25,North India,Desktop,Video,9,4741,4,0.04657091425744891,220,0.9,198.0,0.07479125348181041,14,1941,0.92236
2030-04-27,Instagram,36-50,South India,Desktop,Image,2,90537,4,0.06625436551978053,5998,1.3,7797.400000000001,0.151036755490213,834,1942,0.92232
2030-04-28,Instagram,26-35,South India,Desktop,Image,20,4839,4,0.06529930989223923,315,1.3,409.5,0.11120614344014401,32,1943,0.92228
2030-04-29,Instagram,36-50,North India,Mobile,Text,7,20139,4,0.11041279470002276,2223,1.3,2889.9,0.1467042227203551,300,1944,0.92224
2030-04-30,Google,18-25,North India,Desktop,Text,9,47905,4,0.055591460729073935,2663,0.9,2396.7000000000003,0.09912799618261428,242,1945,0.9222
2030-05-01,Google,36-50,North India,Desktop,Video,7,91934,5,0.034366752651570125,3159,0.9,2843.1,0.1214502967880121,353,1946,0.92216
2030-05-02,Google,36-50,North India,Mobile,Video,13,53749,5,0.023488814422533085,1262,0.9,1135.8,0.05593922228614013,64,1947,0.92212
2030-05-03,Google,18-25,South India,Mobile,Text,17,26036,5,0.02840901858953135,739,0.9,665.1,0.09473551701615772,64,1948,0.92208
2030-05-04,Google,36-50,West India,Mobile,Text,8,46272,5,0.06219769877966611,2878,0.9,2590.2000000000003,0.043618614934961136,115,1949,0.92204
2030-05-05,Google,18-25,South India,Mobile,Image,21,2740,5,0.05076745926396691,139,0.9,125.10000000000001,0.09013256618591227,11,1950,0.9219999999999999
2030-05-06,Google,26-35,North India,Desktop,Video,8,85044,5,0.033049684612919024,2810,0.9,2529.0,0.06585028243382086,170,1951,0.92196
2030-05-07,Instagram,18-25,West India,Mobile,Text,3,59788,5,0.07860538001045504,4699,1.3,6108.7,0.0738032300080457,318,1952,0.92192
2030-05-08,Instagram,18-25,West India,Desktop,Text,2,32611,5,0.08702172070272642,2837,1.3,3688.1,0.06105921303289587,159,1953,0.92188
2030-05-09,Instagram,26-35,South India,Desktop,Video,13,71827,5,0.03207821124176575,2304,1.3,2995.2000000000003,0.10550125548696573,224,1954,0.92184
2030-05-10,Instagram,18-25,South India,Mobile,Video,13,32109,5,0.09093922090457109,2919,1.3,3794.7000000000003,0.08022170325065807,215,1955,0.9218
2030-05-11,Instagram,26-35,South India,Mobile,Text,20,20481,5,0.11994545481952393,2456,1.3,3192.8,0.09494463654361934,214,1956,0.92176
2030-05-12,Google,26-35,West India,Mobile,Text,15,6247,5,0.07399496381384447,462,0.9,415.8,0.09321160034317567,39,1957,0.92172
2030-05-13,Instagram,18-25,West India,Desktop,Text,4,54621,5,0.04808973609331662,2626,1.3,3413.8,0.13356107548650573,322,1958,0.92168
2030-05-14,Instagram,36-50,West India,Mobile,Video,19,22383,5,0.07245505111211321,1621,1.3,2107.3,0.13852266764621643,206,1959,0.92164
2030-05-15,Google,36-50,North India,Mobile,Text,22,65535,5,0.056272584561559764,3687,0.9,3318.3,0.058161038653891654,197,1960,0.9216
2030-05-16,Google,26-35,North India,Mobile,Text,23,26319,5,0.0638473371665017,1680,0.9,1512.0,0.11549300850424687,178,1961,0.9215599999999999
2030-05-17,Instagram,36-50,South India,Desktop,Text,14,40334,5,0.035822494828224825,1444,1.3,1877.2,0.07630959914891333,101,1962,0.92152
2030-05-18,Google,36-50,West India,Desktop,Image,20,24728,5,0.04959872861352454,1226,0.9,1103.4,0.14589551651643712,164,1963,0.92148
2030-05-19,Instagram,18-25,South India,Mobile,Image,8,31442,5,0.05573520154832651,1752,1.3,2277.6,0.10362326496373968,166,1964,0.92144
2030-05-20,Instagram,26-35,West India,Mobile,Video,6,87846,5,0.06186965764171619,5435,1.3,7065.5,0.13429741051447902,671,1965,0.9214
2030-05-21,Google,26-35,South India,Desktop,Text,12,43521,5,0.059730817079845816,2599,0.9,2339.1,0.10334160386300663,246,1966,0.92136
2030-05-22,Google,18-25,North India,Mobile,Text,22,65777,5,0.06958551931709972,4577,0.9,4119.3,0.140334631646472,591,1967,0.92132
2030-05-23,Google,36-50,West India,Mobile,Video,7,87988,5,0.05817452734139889,5118,0.9,4606.2,0.0738157729479108,347,1968,0.92128
2030-05-24,Google,26-35,North India,Mobile,Video,11,13137,5,0.035581628136551094,467,0.9,420.3,0.19539347352993303,83,1969,0.9212400000000001
2030-05-25,Google,36-50,West India,Mobile,Video,3,44636,5,0.06757429220949682,3016,0.9,2714.4,0.14241408267292885,395,1970,0.9212
2030-05-26,Instagram,26-35,South India,Mobile,Text,15,15905,5,0.0850820522428661,1353,1.3,1758.9,0.16747383530128845,208,1971,0.92116
2030-05-27,Google,26-35,West India,Mobile,Image,5,88309,5,0.06744368355991369,5955,0.9,5359.5,0.12023935864262075,659,1972,0.9211199999999999
2030-05-28,Google,26-35,North India,Mobile,Video,4,31024,5,0.05818188256583872,1805,0.9,1624.5,0.15035762706021677,249,1973,0.92108
2030-05-29,Google,26-35,West India,Mobile,Text,0,65966,5,0.03846260143173883,2537,0.9,2283.3,0.12319933016857282,287,1974,0.92104
2030-05-30,Instagram,36-50,South India,Mobile,Video,13,18702,5,0.08989731968269729,1681,1.3,2185.3,0.20466664032962237,316,1975,0.921
2030-05-31,Google,36-50,West India,Mobile,Text,8,17505,5,0.026233121432273552,459,0.9,413.1,0.09083006955998867,37,1976,0.92096
2030-06-01,Google,36-50,North India,Mobile,Video,17,70790,6,0.05151823521059163,3646,0.9,3281.4,0.14620840515971528,490,1977,0.92092
2030-06-02,Instagram,36-50,South India,Mobile,Text,5,62071,6,0.051590044926260605,3202,1.3,4162.6,0.11199377495540223,329,1978,0.92088
2030-06-03,Instagram,18-25,North India,Desktop,Video,14,9498,6,0.05996601432098412,569,1.3,739.7,0.10504253049613084,54,1979,0.92084
2030-06-04,Google,26-35,West India,Mobile,Image,15,78710,6,0.023964799245177065,1886,0.9,1697.4,0.1471660829830658,255,1980,0.9208
2030-06-05,Instagram,26-35,North India,Desktop,Video,7,59456,6,0.06380987790397173,3793,1.3,4930.900000000001,0.07249904963886761,252,1981,0.92076
2030-06-06,Google,26-35,West India,Mobile,Video,18,95958,6,0.04141668660368493,3974,0.9,3576.6,0.07227406153582944,264,1982,0.92072
2030-06-07,Google,18-25,South India,Mobile,Image,4,30733,6,0.04024995557555816,1237,0.9,1113.3,0.1495409107808548,169,1983,0.9206799999999999
2030-06-08,Google,36-50,North India,Mobile,Video,13,68432,6,0.02373630920478168,1624,0.9,1461.6000000000001,0.13997552326556428,208,1984,0.92064
2030-06-09,Google,26-35,North India,Mobile,Image,6,58158,6,0.05873847913404758,3416,0.9,3074.4,0.07623639982052037,239,1985,0.9206
2030-06-10,Instagram,36-50,West India,Desktop,Text,3,4911,6,0.06347394233293653,311,1.3,404.3,0.10410143570559376,29,1986,0.92056
2030-06-11,Google,36-50,North India,Mobile,Image,20,50105,6,0.02598304467202921,1301,0.9,1170.9,0.13347127225606073,159,1987,0.92052
2030-06-12,Google,18-25,North India,Mobile,Image,0,74876,6,0.07034360554759267,5267,0.9,4740.3,0.06351367661624457,307,1988,0.92048
2030-06-13,Instagram,18-25,South India,Desktop,Text,3,83959,6,0.03611300440306593,3032,1.3,3941.6,0.10782926726059083,300,1989,0.92044
2030-06-14,Instagram,36-50,West India,Mobile,Image,13,65322,6,0.03223287275195241,2105,1.3,2736.5,0.14768056476884264,285,1990,0.9204
2030-06-15,Google,26-35,West India,Mobile,Image,22,37672,6,0.0855523066047717,3222,0.9,2899.8,0.09269472561071214,274,1991,0.92036
2030-06-16,Instagram,26-35,South India,Mobile,Text,15,71412,6,0.07101859014270642,5071,1.3,6592.3,0.10662831827011206,496,1992,0.92032
2030-06-17,Google,18-25,South India,Mobile,Video,6,67239,6,0.04838967386248431,3253,0.9,2927.7000000000003,0.0639477282420746,191,1993,0.92028
2030-06-18,Instagram,18-25,West India,Mobile,Video,9,64804,6,0.05446613287607698,3529,1.3,4587.7,0.1781428089343218,577,1994,0.92024
2030-06-19,Instagram,18-25,South India,Mobile,Image,9,62727,6,0.06264439180309848,3929,1.3,5107.7,0.1582732877684412,571,1995,0.9202
2030-06-20,Instagram,18-25,South India,Mobile,Video,3,7440,6,0.08740021975736677,650,1.3,845.0,0.13026003176808637,77,1996,0.92016
2030-06-21,Google,18-25,South India,Mobile,Video,11,98473,6,0.02884693259440288,2840,0.9,2556.0,0.071095250892647,184,1997,0.92012
2030-06-22,Google,18-25,West India,Desktop,Image,5,68560,6,0.032692494948450355,2241,0.9,2016.9,0.12583303828386222,258,1998,0.92008
2030-06-23,Google,18-25,South India,Desktop,Text,12,16751,6,0.05198863592155379,870,0.9,783.0,0.10678294279931008,84,1999,0.92004
2030-06-24,Google,26-35,North India,Desktop,Video,20,13730,6,0.029877023534529534,410,0.9,369.0,0.18273154205467484,68,2000,0.9199999999999999
2030-06-25,Google,18-25,North India,Desktop,Image,0,65792,6,0.04830122630728843,3177,0.9,2859.3,0.07145380774074948,208,2001,0.91996
2030-06-26,Instagram,18-25,West India,Desktop,Text,7,22380,6,0.08147474786002451,1823,1.3,2369.9,0.03595450679677697,59,2002,0.91992
2030-06-27,Google,26-35,South India,Desktop,Video,22,29972,6,0.023459375872000414,703,0.9,632.7,0.09488208593998161,60,2003,0.91988
2030-06-28,Google,26-35,North India,Mobile,Text,15,65385,6,0.022071908375868803,1443,0.9,1298.7,0.07664113981829251,101,2004,0.91984
2030-06-29,Instagram,36-50,West India,Mobile,Image,4,38113,6,0.06499604616592362,2477,1.3,3220.1,0.05867411046749061,133,2005,0.9198
2030-06-30,Google,18-25,North India,Mobile,Text,6,11149,6,0.057065896980138704,636,0.9,572.4,0.13590608364982099,79,2006,0.91976
2030-07-01,Instagram,18-25,South India,Mobile,Text,2,56014,7,0.06155444628464191,3447,1.3,4481.1,0.06651098530203256,210,2007,0.91972
2030-07-02,Google,18-25,West India,Desktop,Image,23,39402,7,0.048047998527022226,1893,0.9,1703.7,0.13490051960588348,234,2008,0.91968
2030-07-03,Google,18-25,North India,Mobile,Video,20,83917,7,0.07032023743984679,5901,0.9,5310.900000000001,0.11807638474243051,640,2009,0.91964
2030-07-04,Google,36-50,West India,Mobile,Video,1,50557,7,0.06636050424433479,3354,0.9,3018.6,0.14126483961088127,434,2010,0.9196
2030-07-05,Google,26-35,North India,Mobile,Text,1,98895,7,0.027471708808711463,2716,0.9,2444.4,0.1377394731372937,343,2011,0.9195599999999999
2030-07-06,Instagram,26-35,North India,Mobile,Text,19,1243,7,0.08731248086551298,108,1.3,140.4,0.09239216179877495,8,2012,0.91952
2030-07-07,Google,18-25,South India,Mobile,Text,22,3414,7,0.03052480989183876,104,0.9,93.60000000000001,0.0773541475254997,7,2013,0.91948
2030-07-08,Google,18-25,South India,Mobile,Text,9,4856,7,0.03167709271503358,153,0.9,137.70000000000002,0.06630459285266795,9,2014,0.91944
2030-07-09,Google,18-25,North India,Mobile,Video,19,72799,7,0.04788305958850541,3485,0.9,3136.5,0.18796206206229507,602,2015,0.9194
2030-07-10,Google,36-50,West India,Mobile,Image,8,82335,7,0.06090640822362064,5014,0.9,4512.6,0.17814150919401664,820,2016,0.91936
2030-07-11,Instagram,36-50,West India,Mobile,Image,17,59949,7,0.07378278679321336,4423,1.3,5749.900000000001,0.07525650224529325,305,2017,0.91932
2030-07-12,Google,26-35,South India,Mobile,Image,5,42392,7,0.040838644791225086,1731,0.9,1557.9,0.15517779567302828,246,2018,0.91928
2030-07-13,Instagram,18-25,North India,Desktop,Text,19,13470,7,0.09224642376139576,1242,1.3,1614.6000000000001,0.0894753185233414,102,2019,0.9192400000000001
2030-07-14,Instagram,18-25,South India,Mobile,Text,5,14772,7,0.09118466715617501,1346,1.3,1749.8,0.1288445144328423,159,2020,0.9192
2030-07-15,Instagram,18-25,North India,Mobile,Image,9,28382,7,0.08129897849651983,2307,1.3,2999.1,0.16624053817849566,352,2021,0.91916
2030-07-16,Instagram,18-25,North India,Desktop,Video,8,70662,7,0.06028735405784277,4260,1.3,5538.0,0.089663441856031,350,2022,0.9191199999999999
2030-07-17,Google,36-50,South India,Mobile,Image,8,85944,7,0.04848778953910528,4167,0.9,3750.3,0.15795168123718456,604,2023,0.91908
2030-07-18,Google,26-35,West India,Mobile,Video,2,81399,7,0.05322970817178459,4332,0.9,3898.8,0.1215750641862067,483,2024,0.91904
2030-07-19,Google,26-35,South India,Mobile,Text,11,14584,7,0.059743328144900215,871,0.9,783.9,0.12281671543975792,97,2025,0.919
2030-07-20,Instagram,36-50,North India,Desktop,Image,10,24391,7,0.029302580696183408,714,1.3,928.2,0.09208470481265679,59,2026,0.91896
2030-07-21,Instagram,18-25,South India,Mobile,Image,13,86376,7,0.08675924742866381,7493,1.3,9740.9,0.1530837409455604,1054,2027,0.91892
2030-07-22,Google,26-35,West India,Mobile,Text,18,37965,7,0.054856830455752785,2082,0.9,1873.8,0.07416268782097649,141,2028,0.91888
2030-07-23,Instagram,26-35,West India,Desktop,Video,9,92207,7,0.08394104321393867,7739,1.3,10060.7,0.13004365639558005,924,2029,0.91884
2030-07-24,Google,36-50,North India,Mobile,Image,18,13097,7,0.04013042010986988,525,0.9,472.5,0.1322695547719072,63,2030,0.9188
2030-07-25,Instagram,18-25,South India,Desktop,Image,4,19839,7,0.06494139580311992,1288,1.3,1674.4,0.05057684687540816,59,2031,0.91876
2030-07-26,Google,26-35,West India,Mobile,Video,21,84310,7,0.08393721660061565,7076,0.9,6368.400000000001,0.10311904125401126,669,2032,0.91872
2030-07-27,Instagram,18-25,South India,Mobile,Image,8,38693,7,0.08212156164991773,3177,1.3,4130.1,0.12811244420451942,373,2033,0.9186799999999999
2030-07-28,Instagram,26-35,West India,Desktop,Image,0,52988,7,0.057041971462755366,3022,1.3,3928.6,0.050378924929331895,139,2034,0.91864
2030-07-29,Google,36-50,North India,Mobile,Text,14,50769,7,0.05248030222255449,2664,0.9,2397.6,0.11179187296166049,272,2035,0.9186
2030-07-30,Google,18-25,North India,Desktop,Video,23,3469,7,0.06029171294162619,209,0.9,188.1,0.1754005982560748,33,2036,0.91856
2030-07-31,Google,36-50,South India,Desktop,Image,3,13468,7,0.05886025699600871,792,0.9,712.8000000000001,0.06915240567252631,49,2037,0.91852
2030-08-01,Google,26-35,North India,Mobile,Image,6,40025,8,0.05387590520687992,2156,0.9,1940.4,0.13555057914101734,268,2038,0.91848
2030-08-02,Google,36-50,West India,Desktop,Text,5,4165,8,0.024252971459332667,101,0.9,90.9,0.11089781603649154,10,2039,0.91844
2030-08-03,Instagram,36-50,North India,Mobile,Image,14,58603,8,0.10628818482973133,6228,1.3,8096.400000000001,0.09264683768879299,529,2040,0.9184
2030-08-04,Instagram,36-50,West India,Desktop,Text,5,77906,8,0.061613235077536,4800,1.3,6240.0,0.05363358771333233,236,2041,0.91836
2030-08-05,Google,26-35,West India,Mobile,Image,6,44251,8,0.07434551492994294,3289,0.9,2960.1,0.1736829707197863,524,2042,0.91832
2030-08-06,Google,18-25,North India,Mobile,Text,19,48526,8,0.05041274077967046,2446,0.9,2201.4,0.08475644100212949,190,2043,0.91828
2030-08-07,Instagram,36-50,West India,Mobile,Video,21,29942,8,0.11362101716312589,3402,1.3,4422.6,0.07885209998390659,246,2044,0.91824
2030-08-08,Instagram,18-25,West India,Mobile,Video,2,46017,8,0.09180000892499612,4224,1.3,5491.2,0.168651593289086,653,2045,0.9182
2030-08-09,Google,26-35,South India,Mobile,Image,20,61555,8,0.0315673232913893,1943,0.9,1748.7,0.13761628515463017,245,2046,0.91816
2030-08-10,Instagram,18-25,South India,Desktop,Image,12,33209,8,0.05807040876225008,1928,1.3,2506.4,0.16969449044470994,300,2047,0.91812
2030-08-11,Google,36-50,South India,Desktop,Text,1,40365,8,0.026257897509272363,1059,0.9,953.1,0.16778905956185033,162,2048,0.91808
2030-08-12,Google,36-50,North India,Mobile,Text,2,2407,8,0.059595211069777054,143,0.9,128.70000000000002,0.037372233147832425,4,2049,0.91804
2030-08-13,Google,36-50,South India,Mobile,Video,12,65081,8,0.05555466658173516,3615,0.9,3253.5,0.18942555224980745,627,2050,0.918
2030-08-14,Google,36-50,West India,Desktop,Image,8,26976,8,0.06178716412352249,1666,0.9,1499.4,0.17847832447494094,272,2051,0.91796
2030-08-15,Google,36-50,North India,Mobile,Text,21,42969,8,0.08813525589823744,3787,0.9,3408.3,0.09314708678466516,323,2052,0.91792
2030-08-16,Instagram,36-50,North India,Mobile,Video,18,39325,8,0.09057503821329237,3561,1.3,4629.3,0.15982604785709195,522,2053,0.91788
2030-08-17,Instagram,26-35,North India,Mobile,Video,17,57741,8,0.06677684352788016,3855,1.3,5011.5,0.11600123819277612,410,2054,0.91784
2030-08-18,Instagram,26-35,North India,Mobile,Text,4,16515,8,0.05107405765403286,843,1.3,1095.9,0.0726332683686625,55,2055,0.9178
2030-08-19,Google,26-35,West India,Mobile,Image,9,37174,8,0.059710369013684234,2219,0.9,1997.1000000000001,0.1375041328571666,279,2056,0.91776
2030-08-20,Google,18-25,West India,Desktop,Video,13,78330,8,0.05404255193326012,4233,0.9,3809.7000000000003,0.2139990198900696,830,2057,0.91772
2030-08-21,Instagram,18-25,South India,Mobile,Text,20,6700,8,0.11074464763105298,741,1.3,963.3000000000001,0.0493991338132076,33,2058,0.91768
2030-08-22,Google,26-35,North India,Mobile,Video,16,74663,8,0.06871275228193623,5130,0.9,4617.0,0.11297058827534141,531,2059,0.91764
2030-08-23,Google,18-25,South India,Desktop,Image,2,54379,8,0.037908876239466115,2061,0.9,1854.9,0.18885529565128906,356,2060,0.9176
2030-08-24,Google,18-25,West India,Mobile,Text,6,28391,8,0.0364049666570943,1033,0.9,929.7,0.047422996813189164,44,2061,0.9175599999999999
2030-08-25,Instagram,36-50,North India,Mobile,Image,8,77276,8,0.07850559722198484,6066,1.3,7885.8,0.12457413043573566,692,2062,0.91752
2030-08-26,Google,36-50,West India,Mobile,Image,4,68081,8,0.06992502191507767,4760,0.9,4284.0,0.10022307348818199,437,2063,0.91748
2030-08-27,Google,18-25,South India,Mobile,Video,3,90227,8,0.05144391170820949,4641,0.9,4176.900000000001,0.12244971875015839,521,2064,0.91744
2030-08-28,Instagram,18-25,West India,Mobile,Image,2,58284,8,0.058440087795155124,3406,1.3,4427.8,0.06932156837229453,216,2065,0.9174
2030-08-29,Google,26-35,North India,Mobile,Video,12,83054,8,0.06130747642619928,5091,0.9,4581.900000000001,0.07374294992151055,344,2066,0.91736
2030-08-30,Google,18-25,North India,Mobile,Text,8,63206,8,0.026422942891937824,1670,0.9,1503.0,0.09066621139870992,138,2067,0.91732
2030-08-31,Google,36-50,South India,Mobile,Text,22,94590,8,0.0652206183025414,6169,0.9,5552.1,0.08680653120248365,490,2068,0.91728
2030-09-01,Google,18-25,North India,Mobile,Video,6,79593,9,0.022941849690284115,1826,0.9,1643.4,0.12405048366581274,207,2069,0.91724
2030-09-02,Instagram,26-35,West India,Desktop,Video,7,60485,9,0.07329448430509662,4433,1.3,5762.900000000001,0.08091749305028471,328,2070,0.9172
2030-09-03,Google,36-50,West India,Mobile,Video,9,72539,9,0.04126109147044944,2993,0.9,2693.7000000000003,0.10683389434786661,292,2071,0.91716
2030-09-04,Google,36-50,West India,Mobile,Image,0,35032,9,0.057381270909532114,2010,0.9,1809.0,0.1794984739194523,330,2072,0.9171199999999999
2030-09-05,Instagram,36-50,West India,Desktop,Text,19,19156,9,0.0838359885602003,1605,1.3,2086.5,0.07780042854567992,113,2073,0.91708
2030-09-06,Instagram,36-50,South India,Mobile,Text,20,50316,9,0.12860280174011476,6470,1.3,8411.0,0.09142362931368006,541,2074,0.91704
2030-09-07,Instagram,18-25,West India,Mobile,Image,20,49787,9,0.07183562511158155,3576,1.3,4648.8,0.042782648714578216,139,2075,0.917
2030-09-08,Google,26-35,South India,Mobile,Video,0,94099,9,0.04425913174879623,4164,0.9,3747.6,0.12317660725797788,469,2076,0.91696
2030-09-09,Google,18-25,West India,Desktop,Text,18,42579,9,0.07488916100187865,3188,0.9,2869.2000000000003,0.12484356959241871,364,2077,0.91692
2030-09-10,Instagram,18-25,South India,Mobile,Image,1,58574,9,0.08873829518669364,5197,1.3,6756.1,0.12340190659282586,587,2078,0.91688
2030-09-11,Instagram,36-50,West India,Mobile,Video,11,73261,9,0.10703937294346066,7841,1.3,10193.300000000001,0.1583836299475127,1137,2079,0.91684
2030-09-12,Google,26-35,West India,Mobile,Text,22,88218,9,0.030160252689954467,2660,0.9,2394.0,0.10022970447463499,243,2080,0.9168000000000001
2030-09-13,Google,36-50,South India,Mobile,Video,12,94263,9,0.0428376170429572,4038,0.9,3634.2000000000003,0.07229474795716227,266,2081,0.91676
2030-09-14,Google,18-25,North India,Desktop,Image,13,60235,9,0.04411453667395517,2657,0.9,2391.3,0.08217520405816969,199,2082,0.91672
2030-09-15,Instagram,18-25,North India,Mobile,Text,4,53904,9,0.03606899890913668,1944,1.3,2527.2000000000003,0.1107830499220629,197,2083,0.9166799999999999
2030-09-16,Google,36-50,North India,Mobile,Video,2,82721,9,0.05106110115243831,4223,0.9,3800.7000000000003,0.13305104912626708,514,2084,0.91664
2030-09-17,Google,18-25,South India,Desktop,Video,23,37740,9,0.04118829956103516,1554,0.9,1398.6000000000001,0.177532805550287,252,2085,0.9166
2030-09-18,Google,18-25,North India,Mobile,Video,16,74130,9,0.0640148801928443,4745,0.9,4270.5,0.10308480592519265,448,2086,0.91656
2030-09-19,Instagram,36-50,North India,Mobile,Image,0,50554,9,0.10970443502481012,5545,1.3,7208.5,0.06376064821978043,323,2087,0.91652
2030-09-20,Instagram,18-25,South India,Mobile,Video,13,8199,9,0.05974972271348738,489,1.3,635.7,0.20614963401287992,91,2088,0.91648
2030-09-21,Google,26-35,North India,Desktop,Text,5,40032,9,0.03362177119578326,1345,0.9,1210.5,0.0748408460691589,91,2089,0.91644
2030-09-22,Instagram,36-50,North India,Desktop,Text,16,93886,9,0.04662715724160952,4377,1.3,5690.1,0.10634899288111285,426,2090,0.9164
2030-09-23,Instagram,26-35,North India,Desktop,Video,3,82410,9,0.059371770487323484,4892,1.3,6359.6,0.10644691952477828,476,2091,0.91636
2030-09-24,Google,18-25,South India,Mobile,Image,5,5480,9,0.053763135111218045,294,0.9,264.6,0.18679704782058704,49,2092,0.91632
2030-09-25,Google,18-25,South India,Mobile,Text,0,31435,9,0.046563023723019036,1463,0.9,1316.7,0.16724485628438868,223,2093,0.91628
2030-09-26,Google,36-50,North India,Mobile,Text,8,31120,9,0.07216285329861122,2245,0.9,2020.5,0.10566140091375371,217,2094,0.9162399999999999
2030-09-27,Instagram,18-25,North India,Desktop,Text,3,73155,9,0.08470371630892434,6196,1.3,8054.8,0.100373194185577,568,2095,0.9162
2030-09-28,Instagram,36-50,South India,Mobile,Video,8,3607,9,0.06360270171113099,229,1.3,297.7,0.20818482582759817,43,2096,0.91616
2030-09-29,Instagram,36-50,North India,Mobile,Text,8,75918,9,0.07647144692235838,5805,1.3,7546.5,0.09066000445316949,481,2097,0.91612
2030-09-30,Instagram,36-50,South India,Desktop,Video,21,75116,9,0.08048630231750098,6045,1.3,7858.5,0.21348469041663312,1181,2098,0.91608
2030-10-01,Google,36-50,North India,Mobile,Video,12,86324,10,0.07071455299329009,6104,0.9,5493.6,0.11150495077251268,622,2099,0.91604
2030-10-02,Instagram,36-50,South India,Mobile,Video,22,23026,10,0.07122159391683451,1639,1.3,2130.7000000000003,0.05869458191142374,87,2100,0.916
2030-10-03,Google,26-35,West India,Desktop,Video,16,18173,10,0.04343050279532796,789,0.9,710.1,0.20366717673453416,146,2101,0.91596
2030-10-04,Google,36-50,West India,Mobile,Video,20,89816,10,0.04419944649597781,3969,0.9,3572.1,0.1692167831428615,614,2102,0.91592
2030-10-05,Instagram,26-35,South India,Mobile,Text,2,35262,10,0.060408312483384734,2130,1.3,2769.0,0.10425941613054798,203,2103,0.91588
2030-10-06,Instagram,18-25,West India,Mobile,Video,5,52903,10,0.03351869127693489,1773,1.3,2304.9,0.20674214797268542,335,2104,0.91584
2030-10-07,Google,36-50,North India,Mobile,Video,19,48156,10,0.05589904892752299,2691,0.9,2421.9,0.1871281799161129,460,2105,0.9158
2030-10-08,Instagram,18-25,South India,Mobile,Video,14,73246,10,0.07443524136495742,5452,1.3,7087.6,0.07283712060192916,363,2106,0.91576
2030-10-09,Instagram,36-50,South India,Mobile,Video,13,78764,10,0.07546441403299906,5943,1.3,7725.900000000001,0.16818864781131454,914,2107,0.91572
2030-10-10,Google,26-35,North India,Mobile,Video,12,63301,10,0.06263171143706643,3964,0.9,3567.6,0.1314814203826663,477,2108,0.91568
2030-10-11,Instagram,26-35,North India,Desktop,Video,8,92591,10,0.07247044314731424,6710,1.3,8723.0,0.16952521396856574,1041,2109,0.91564
2030-10-12,Google,26-35,South India,Mobile,Text,22,65314,10,0.07874741854322002,5143,0.9,4628.7,0.07677052230325854,360,2110,0.9156
2030-10-13,Google,18-25,North India,Mobile,Video,14,97688,10,0.03488580752193304,3407,0.9,3066.3,0.046895258128417,145,2111,0.9155599999999999
2030-10-14,Google,36-50,South India,Mobile,Video,13,21449,10,0.04237785713710421,908,0.9,817.2,0.0870618462789302,72,2112,0.91552
2030-10-15,Instagram,18-25,North India,Desktop,Text,3,94242,10,0.059381919210309775,5596,1.3,7274.8,0.05614683301749256,287,2113,0.91548
2030-10-16,Instagram,26-35,South India,Mobile,Text,10,31466,10,0.04385659947066425,1379,1.3,1792.7,0.07554640306159978,95,2114,0.91544
2030-10-17,Google,18-25,North India,Desktop,Image,21,89121,10,0.04370284028260125,3894,0.9,3504.6,0.08726224882508017,310,2115,0.9154
2030-10-18,Google,26-35,North India,Desktop,Text,1,25279,10,0.027984114481710464,707,0.9,636.3000000000001,0.11217601945377549,72,2116,0.91536
2030-10-19,Instagram,26-35,West India,Desktop,Text,15,12837,10,0.0899879343139472,1155,1.3,1501.5,0.04283514012154163,44,2117,0.91532
2030-10-20,Google,26-35,West India,Desktop,Video,18,25209,10,0.04467241340056233,1126,0.9,1013.4,0.129739942311041,133,2118,0.91528
2030-10-21,Instagram,36-50,West India,Mobile,Image,15,13220,10,0.09406688827882384,1243,1.3,1615.9,0.10981011539224633,124,2119,0.91524
2030-10-22,Instagram,36-50,North India,Desktop,Video,6,4965,10,0.08993323249221209,446,1.3,579.8000000000001,0.14389281777542526,58,2120,0.9152
2030-10-23,Google,26-35,South India,Desktop,Image,10,43276,10,0.026636637899147782,1152,0.9,1036.8,0.09182430842306125,96,2121,0.91516
2030-10-24,Instagram,18-25,North India,Desktop,Video,11,28230,10,0.07533008205204696,2126,1.3,2763.8,0.08706230772276567,169,2122,0.9151199999999999
2030-10-25,Google,18-25,West India,Mobile,Text,3,90165,10,0.04567918903553924,4118,0.9,3706.2000000000003,0.09158230437294966,344,2123,0.91508
2030-10-26,Instagram,36-50,North India,Mobile,Text,15,42920,10,0.033258913051388735,1427,1.3,1855.1000000000001,0.10686868314826277,139,2124,0.91504
2030-10-27,Instagram,26-35,West India,Mobile,Image,15,66165,10,0.05040100578369057,3334,1.3,4334.2,0.04624288998143331,140,2125,0.915
2030-10-28,Instagram,18-25,West India,Mobile,Video,6,62544,10,0.09381460886068996,5867,1.3,7627.1,0.09732174939737644,521,2126,0.91496
2030-10-29,Google,26-35,South India,Desktop,Video,12,94406,10,0.03363783183674857,3175,0.9,2857.5,0.19829494619966181,575,2127,0.91492
2030-10-30,Instagram,18-25,South India,Desktop,Text,4,83909,10,0.04565545761393078,3830,1.3,4979.0,0.10078041105044121,352,2128,0.91488
2030-10-31,Google,36-50,West India,Mobile,Text,0,95691,10,0.02909738495815213,2784,0.9,2505.6,0.14726727060471792,374,2129,0.91484
2030-11-01,Google,26-35,West India,Desktop,Image,4,24036,11,0.022863093734072748,549,0.9,494.1,0.16145584209743633,80,2130,0.9148000000000001
2030-11-02,Google,26-35,North India,Mobile,Text,21,66322,11,0.04505871374957717,2988,0.9,2689.2000000000003,0.07118297984226053,193,2131,0.91476
2030-11-03,Instagram,18-25,West India,Mobile,Image,13,5847,11,0.10852802914383969,634,1.3,824.2,0.14167793936933187,81,2132,0.91472
2030-11-04,Google,18-25,North India,Mobile,Image,10,87250,11,0.0431365088060576,3763,0.9,3386.7000000000003,0.07448302865871861,256,2133,0.9146799999999999
2030-11-05,Instagram,18-25,West India,Mobile,Image,1,51772,11,0.07054508527610412,3652,1.3,4747.6,0.06454150858041216,214,2134,0.91464
2030-11-06,Instagram,26-35,South India,Desktop,Image,23,13893,11,0.05877849908065393,816,1.3,1060.8,0.17967713643274874,133,2135,0.9146
2030-11-07,Google,36-50,South India,Mobile,Text,17,5649,11,0.03637979668220409,205,0.9,184.5,0.08324763075699602,15,2136,0.91456
2030-11-08,Instagram,36-50,West India,Mobile,Image,14,31571,11,0.07343048822572551,2318,1.3,3013.4,0.06847852597360876,144,2137,0.91452
2030-11-09,Google,18-25,North India,Mobile,Text,13,12613,11,0.03394320612423028,428,0.9,385.2,0.14139059328529985,54,2138,0.91448
2030-11-10,Instagram,36-50,North India,Mobile,Image,12,54833,11,0.08480220488909465,4649,1.3,6043.7,0.042126831236636804,178,2139,0.91444
2030-11-11,Instagram,18-25,North India,Desktop,Text,1,63423,11,0.03253498947172651,2063,1.3,2681.9,0.07377797148469317,138,2140,0.9144
2030-11-12,Google,36-50,West India,Mobile,Image,18,90964,11,0.09066095955054036,8246,0.9,7421.400000000001,0.04537850518740996,341,2141,0.91436
2030-11-13,Instagram,26-35,West India,Mobile,Text,7,42382,11,0.1046646569166,4435,1.3,5765.5,0.0939879353340878,380,2142,0.91432
2030-11-14,Google,18-25,South India,Desktop,Video,21,53348,11,0.04646235484282887,2478,0.9,2230.2000000000003,0.12693721782652762,287,2143,0.91428
2030-11-15,Google,36-50,South India,Mobile,Image,16,89069,11,0.043794902840817204,3900,0.9,3510.0,0.15498300630145545,552,2144,0.9142399999999999
2030-11-16,Instagram,26-35,West India,Desktop,Image,14,54705,11,0.059240264350584326,3240,1.3,4212.0,0.17356482841678997,513,2145,0.9142
2030-11-17,Google,36-50,South India,Mobile,Video,19,76642,11,0.08581960985587667,6577,0.9,5919.3,0.1488384974737465,894,2146,0.91416
2030-11-18,Google,26-35,North India,Mobile,Video,20,98849,11,0.08626286912307009,8526,0.9,7673.400000000001,0.09114977256036044,710,2147,0.91412
2030-11-19,Google,26-35,North India,Desktop,Image,13,86930,11,0.03488126908687172,3032,0.9,2728.8,0.153999359961233,425,2148,0.91408
2030-11-20,Instagram,36-50,West India,Desktop,Text,2,78813,11,0.0859277403180135,6772,1.3,8803.6,0.10594023390952013,655,2149,0.91404
2030-11-21,Google,36-50,North India,Mobile,Image,16,56817,11,0.04670254877502967,2653,0.9,2387.7000000000003,0.1116134446465506,270,2150,0.914
2030-11-22,Google,26-35,West India,Mobile,Text,2,81984,11,0.04091924682844917,3354,0.9,3018.6,0.05644038472927935,172,2151,0.91396
2030-11-23,Instagram,26-35,North India,Desktop,Video,12,79669,11,0.02993020234085037,2384,1.3,3099.2000000000003,0.052078405549989104,113,2152,0.91392
2030-11-24,Instagram,26-35,West India,Mobile,Text,17,45142,11,0.042823717315886696,1933,1.3,2512.9,0.0889071884350867,156,2153,0.91388
2030-11-25,Google,18-25,North India,Mobile,Image,0,71182,11,0.05822762462406347,4144,0.9,3729.6,0.10823024128398646,409,2154,0.91384
2030-11-26,Google,26-35,North India,Mobile,Video,6,14708,11,0.07298431432074755,1073,0.9,965.7,0.06588415849805176,63,2155,0.9138
2030-11-27,Google,18-25,South India,Mobile,Video,22,7090,11,0.04487429559994326,318,0.9,286.2,0.06377649703876055,18,2156,0.91376
2030-11-28,Google,26-35,South India,Mobile,Image,4,53902,11,0.05922898391238534,3192,0.9,2872.8,0.0772763738668676,224,2157,0.91372
2030-11-29,Google,18-25,South India,Desktop,Image,1,93170,11,0.024460250470082028,2278,0.9,2050.2000000000003,0.053717140571861235,111,2158,0.91368
2030-11-30,Instagram,26-35,South India,Mobile,Video,16,92757,11,0.036119426760295587,3350,1.3,4355.0,0.0631743517133069,192,2159,0.91364
2030-12-01,Instagram,26-35,South India,Desktop,Text,20,81928,12,0.08137462941759517,6666,1.3,8665.800000000001,0.09554135943122205,581,2160,0.9136
2030-12-02,Instagram,26-35,South India,Mobile,Text,9,44752,12,0.0818181121991427,3661,1.3,4759.3,0.14346096386416177,479,2161,0.91356
2030-12-03,Google,36-50,West India,Mobile,Text,3,20643,12,0.03388906786701931,699,0.9,629.1,0.11301459909199836,71,2162,0.91352
2030-12-04,Instagram,36-50,West India,Mobile,Image,8,40647,12,0.04615787313134802,1876,1.3,2438.8,0.1351179120189512,231,2163,0.91348
2030-12-05,Google,26-35,South India,Mobile,Video,20,66082,12,0.07702105280862546,5089,0.9,4580.1,0.10129827698438323,470,2164,0.91344
2030-12-06,Instagram,18-25,West India,Mobile,Text,10,81329,12,0.06739109425628619,5480,1.3,7124.0,0.03532139800785786,176,2165,0.9134
2030-12-07,Instagram,18-25,South India,Mobile,Video,11,98330,12,0.09093614752920293,8941,1.3,11623.300000000001,0.13607949008096748,1110,2166,0.91336
2030-12-08,Google,26-35,West India,Desktop,Text,11,73974,12,0.05592223279936018,4136,0.9,3722.4,0.07887777407290689,297,2167,0.91332
2030-12-09,Instagram,36-50,North India,Mobile,Video,17,85431,12,0.0840741183895762,7182,1.3,9336.6,0.19677870588270002,1290,2168,0.91328
2030-12-10,Google,18-25,West India,Mobile,Image,3,19474,12,0.04542811897038102,884,0.9,795.6,0.050082731733108565,40,2169,0.91324
2030-12-11,Instagram,36-50,West India,Desktop,Image,8,38402,12,0.06763524315012935,2597,1.3,3376.1,0.14869870519870415,352,2170,0.9132
2030-12-12,Google,18-25,West India,Desktop,Image,7,83487,12,0.05106442235851336,4263,0.9,3836.7000000000003,0.09395826486075307,365,2171,0.91316
2030-12-13,Google,26-35,North India,Mobile,Text,18,17504,12,0.08441308554864502,1477,0.9,1329.3,0.12608852149542057,169,2172,0.9131199999999999
2030-12-14,Instagram,36-50,South India,Mobile,Image,23,7768,12,0.0835972369582457,649,1.3,843.7,0.12021581603437244,71,2173,0.91308
2030-12-15,Google,18-25,West India,Desktop,Image,12,75043,12,0.05030944025495034,3775,0.9,3397.5,0.1548702531963406,533,2174,0.91304
2030-12-16,Instagram,26-35,West India,Desktop,Image,1,96346,12,0.06711118818735473,6465,1.3,8404.5,0.10535877154142628,621,2175,0.913
2030-12-17,Google,26-35,North India,Mobile,Video,18,1620,12,0.07322666151712842,118,0.9,106.2,0.10973677756018868,10,2176,0.91296
2030-12-18,Instagram,26-35,South India,Mobile,Video,13,21447,12,0.05682729629205594,1218,1.3,1583.4,0.23089333054679997,256,2177,0.91292
2030-12-19,Instagram,36-50,West India,Desktop,Video,4,99757,12,0.047812385946515365,4769,1.3,6199.7,0.10996815981893594,478,2178,0.91288
2030-12-20,Google,36-50,North India,Desktop,Video,9,20118,12,0.04488989786528822,903,0.9,812.7,0.1741258843877578,143,2179,0.91284
2030-12-21,Google,26-35,South India,Desktop,Video,23,63051,12,0.03159704494907188,1992,0.9,1792.8,0.06518762490620889,117,2180,0.9128000000000001
2030-12-22,Google,36-50,South India,Mobile,Video,16,47599,12,0.026351749989220238,1254,0.9,1128.6000000000001,0.06437746461412347,73,2181,0.91276
2030-12-23,Google,18-25,West India,Mobile,Video,19,67494,12,0.08905609513102086,6010,0.9,5409.0,0.12160217654259742,666,2182,0.91272
2030-12-24,Google,26-35,West India,Mobile,Image,15,11200,12,0.05145675722091373,576,0.9,518.4,0.12197982428737872,63,2183,0.9126799999999999
2030-12-25,Instagram,26-35,West India,Mobile,Image,16,95854,12,0.07482059626615371,7171,1.3,9322.300000000001,0.12519461786936664,818,2184,0.91264
2030-12-26,Instagram,36-50,West India,Mobile,Text,0,59704,12,0.03362272144955377,2007,1.3,2609.1,0.03832994428419421,69,2185,0.9126
2030-12-27,Instagram,26-35,North India,Mobile,Image,20,54487,12,0.0484933216165735,2642,1.3,3434.6,0.1306664138825911,314,2186,0.91256
2030-12-28,Instagram,18-25,North India,Mobile,Video,21,47465,12,0.10274181447099419,4876,1.3,6338.8,0.06633618961709578,294,2187,0.91252
2030-12-29,Instagram,36-50,West India,Mobile,Video,14,30840,12,0.05313294409285519,1638,1.3,2129.4,0.20849795663659323,311,2188,0.91248
2030-12-30,Instagram,36-50,South India,Desktop,Text,16,89440,12,0.033798426854600945,3022,1.3,3928.6,0.08106153198723326,222,2189,0.91244
2030-12-31,Google,26-35,West India,Desktop,Image,10,19435,12,0.021507761231835634,418,0.9,376.2,0.07660230440794119,29,2190,0.9124
2031-01-01,Instagram,26-35,South India,Desktop,Image,21,48897,1,0.05163888077697762,2524,1.3,3281.2000000000003,0.0888549666748851,204,2191,0.9123600000000001
2031-01-02,Instagram,26-35,South India,Desktop,Text,4,98607,1,0.02885046520836275,2844,1.3,3697.2000000000003,0.16009956534321615,415,2192,0.91232
2031-01-03,Instagram,36-50,South India,Mobile,Video,3,64876,1,0.06461295085465148,4191,1.3,5448.3,0.14202905570370994,542,2193,0.91228
2031-01-04,Google,26-35,North India,Mobile,Video,20,90727,1,0.05452403999046616,4946,0.9,4451.400000000001,0.11497488819446813,518,2194,0.9122399999999999
2031-01-05,Google,18-25,South India,Mobile,Video,23,50412,1,0.05113814889390823,2577,0.9,2319.3,0.15737799070770409,369,2195,0.9122
2031-01-06,Google,26-35,South India,Mobile,Video,8,73282,1,0.035866543025691956,2628,0.9,2365.2000000000003,0.22480479968197256,538,2196,0.91216
2031-01-07,Instagram,26-35,North India,Desktop,Text,15,29484,1,0.04684321267682784,1381,1.3,1795.3,0.06715782150420345,83,2197,0.91212
2031-01-08,Google,36-50,South India,Mobile,Image,11,39658,1,0.057252976803210516,2270,0.9,2043.0,0.07184628160024605,148,2198,0.91208
2031-01-09,Google,26-35,South India,Mobile,Video,17,7053,1,0.06843928700656914,482,0.9,433.8,0.1628467243779749,71,2199,0.91204
2031-01-10,Instagram,36-50,West India,Mobile,Image,21,83055,1,0.12553418961852203,10426,1.3,13553.800000000001,0.10883446812030928,1034,2200,0.912
2031-01-11,Google,26-35,South India,Mobile,Image,2,56251,1,0.04146757379296498,2332,0.9,2098.8,0.053543112887256196,113,2201,0.91196
2031-01-12,Google,18-25,South India,Mobile,Video,14,41645,1,0.05242368421846008,2183,0.9,1964.7,0.1492540176355031,296,2202,0.91192
2031-01-13,Google,18-25,South India,Mobile,Video,17,3545,1,0.04594031434446519,162,0.9,145.8,0.15673482351872384,22,2203,0.91188
2031-01-14,Instagram,36-50,South India,Mobile,Video,11,80983,1,0.043611091460234064,3531,1.3,4590.3,0.18107903276087267,582,2204,0.91184
2031-01-15,Instagram,36-50,South India,Mobile,Image,12,96495,1,0.09170623866632849,8849,1.3,11503.7,0.19731348025722933,1592,2205,0.9117999999999999
2031-01-16,Google,26-35,North India,Desktop,Text,0,78213,1,0.038231596399157984,2990,0.9,2691.0,0.0799597262280284,217,2206,0.91176
2031-01-17,Instagram,26-35,South India,Mobile,Video,3,9560,1,0.0508611801746696,486,1.3,631.8000000000001,0.147085564848071,64,2207,0.91172
2031-01-18,Google,18-25,South India,Mobile,Image,7,63375,1,0.06358593451888313,4029,0.9,3626.1,0.0555503560519031,203,2208,0.91168
2031-01-19,Instagram,26-35,North India,Mobile,Image,18,4662,1,0.07564490703955912,352,1.3,457.6,0.1486012129868233,47,2209,0.91164
2031-01-20,Instagram,18-25,North India,Mobile,Video,20,79591,1,0.08981872688344841,7148,1.3,9292.4,0.061265665244935916,398,2210,0.9116
2031-01-21,Instagram,36-50,South India,Mobile,Text,20,40497,1,0.11886064462692483,4813,1.3,6256.900000000001,0.1596383499182069,700,2211,0.91156
2031-01-22,Google,26-35,South India,Mobile,Video,4,53606,1,0.05936079507998658,3182,0.9,2863.8,0.11720286319737246,339,2212,0.91152
2031-01-23,Instagram,36-50,South India,Desktop,Video,10,63112,1,0.06719107879870181,4240,1.3,5512.0,0.11518524008937896,444,2213,0.91148
2031-01-24,Instagram,26-35,West India,Desktop,Text,23,79334,1,0.08298329833347845,6583,1.3,8557.9,0.07310446870269792,438,2214,0.91144
2031-01-25,Google,18-25,West India,Mobile,Video,23,71344,1,0.06637468633984381,4735,0.9,4261.5,0.20768225209986696,895,2215,0.9114
2031-01-26,Instagram,36-50,South India,Mobile,Video,16,9048,1,0.1050037883655005,950,1.3,1235.0,0.23392392269400802,202,2216,0.91136
2031-01-27,Google,36-50,North India,Mobile,Text,16,79643,1,0.03107838885306063,2475,0.9,2227.5,0.14232482911394986,320,2217,0.91132
2031-01-28,Instagram,26-35,South India,Mobile,Image,1,7520,1,0.06358217440769186,478,1.3,621.4,0.1525372211006657,65,2218,0.91128
2031-01-29,Google,36-50,North India,Mobile,Image,23,17928,1,0.025807026707516348,462,0.9,415.8,0.052770735248062084,21,2219,0.91124
2031-01-30,Instagram,18-25,North India,Mobile,Image,0,56368,1,0.09743589795675045,5492,1.3,7139.6,0.08938617620791033,446,2220,0.9112
2031-01-31,Google,36-50,North India,Mobile,Image,3,24501,1,0.030126024982580882,738,0.9,664.2,0.07647812545582,51,2221,0.91116
2031-02-01,Google,36-50,South India,Desktop,Image,8,54751,2,0.030830665817738016,1688,0.9,1519.2,0.15309198891920986,235,2222,0.9111199999999999
2031-02-02,Google,26-35,South India,Desktop,Video,1,37191,2,0.05764864524992515,2144,0.9,1929.6000000000001,0.14384254892227233,280,2223,0.91108
2031-02-03,Google,36-50,North India,Desktop,Text,2,30476,2,0.0423223946080547,1289,0.9,1160.1000000000001,0.10199547747869085,119,2224,0.91104
2031-02-04,Google,26-35,West India,Mobile,Image,5,27948,2,0.039673614232806166,1108,0.9,997.2,0.04122235060253431,40,2225,0.911
2031-02-05,Google,26-35,West India,Mobile,Text,12,5483,2,0.05212167895081872,285,0.9,256.5,0.1271608233891858,32,2226,0.91096
2031-02-06,Instagram,36-50,West India,Mobile,Image,14,57123,2,0.08972826022702186,5125,1.3,6662.5,0.17328725713582474,808,2227,0.91092
2031-02-07,Google,18-25,North India,Mobile,Video,10,40887,2,0.02338452213380856,956,0.9,860.4,0.152431976975902,132,2228,0.91088
2031-02-08,Google,26-35,South India,Mobile,Image,9,84017,2,0.05520528634300917,4638,0.9,4174.2,0.17519835909953752,739,2229,0.91084
2031-02-09,Instagram,36-50,North India,Mobile,Image,2,77254,2,0.10662473759237025,8237,1.3,10708.1,0.10160730169599054,761,2230,0.9108
2031-02-10,Google,26-35,West India,Mobile,Text,19,81909,2,0.08446559651943465,6918,0.9,6226.2,0.03640476143535189,228,2231,0.91076
2031-02-11,Instagram,18-25,South India,Desktop,Text,8,89780,2,0.04289612193946307,3851,1.3,5006.3,0.1670524212013231,585,2232,0.91072
2031-02-12,Instagram,18-25,North India,Desktop,Video,9,62055,2,0.0889442555666567,5519,1.3,7174.7,0.05498961113882572,275,2233,0.9106799999999999
2031-02-13,Instagram,26-35,North India,Mobile,Text,20,94165,2,0.07540958658232569,7100,1.3,9230.0,0.05409312373737913,349,2234,0.91064
2031-02-14,Instagram,18-25,West India,Mobile,Text,22,32257,2,0.09945947206536003,3208,1.3,4170.400000000001,0.04024037791960788,117,2235,0.9106
2031-02-15,Instagram,36-50,North India,Mobile,Text,23,19327,2,0.0887367514299126,1715,1.3,2229.5,0.10295154717980175,160,2236,0.91056
2031-02-16,Google,36-50,South India,Mobile,Video,22,72304,2,0.07086627921306018,5123,0.9,4610.7,0.16058107081870862,748,2237,0.91052
2031-02-17,Google,26-35,West India,Mobile,Video,11,25866,2,0.03140157851645481,812,0.9,730.8000000000001,0.0832245019013272,61,2238,0.91048
2031-02-18,Google,18-25,West India,Desktop,Video,7,45649,2,0.026176609184502823,1194,0.9,1074.6000000000001,0.20871774453847258,226,2239,0.91044
2031-02-19,Instagram,36-50,South India,Mobile,Text,20,10166,2,0.08264193023283863,840,1.3,1092.0,0.15697535611101382,119,2240,0.9104
2031-02-20,Google,36-50,West India,Mobile,Text,20,97279,2,0.08863633151957256,8622,0.9,7759.8,0.06729739697237043,528,2241,0.9103600000000001
2031-02-21,Instagram,36-50,North India,Mobile,Video,20,83334,2,0.0901851130118662,7515,1.3,9769.5,0.1507548163460209,1030,2242,0.91032
2031-02-22,Instagram,26-35,North India,Mobile,Text,16,10042,2,0.08458155613595832,849,1.3,1103.7,0.12898412876762502,99,2243,0.91028
2031-02-23,Instagram,26-35,West India,Mobile,Text,21,12969,2,0.09633408055949479,1249,1.3,1623.7,0.07681597468502335,86,2244,0.9102399999999999
2031-02-24,Google,36-50,South India,Desktop,Image,4,52880,2,0.0387189769534541,2047,0.9,1842.3,0.08305170356428229,154,2245,0.9102
2031-02-25,Google,36-50,North India,Mobile,Video,23,73739,2,0.024187874251018107,1783,0.9,1604.7,0.08648791480726589,140,2246,0.91016
2031-02-26,Instagram,18-25,South India,Mobile,Video,7,64588,2,0.03905195060144001,2522,1.3,3278.6,0.20442035889534785,468,2247,0.91012
2031-02-27,Instagram,18-25,North India,Desktop,Text,17,5641,2,0.03993478869655638,225,1.3,292.5,0.08465008808156144,17,2248,0.91008
2031-02-28,Google,18-25,North India,Mobile,Text,10,29536,2,0.06516462341753619,1924,0.9,1731.6000000000001,0.113168964492105,197,2249,0.91004
2031-03-01,Google,26-35,West India,Mobile,Image,21,80910,3,0.03327273011365451,2692,0.9,2422.8,0.14414632141919909,353,2250,0.91
2031-03-02,Instagram,36-50,West India,Mobile,Video,9,15546,3,0.11457305016089474,1781,1.3,2315.3,0.10939050999840641,176,2251,0.90996
2031-03-03,Instagram,26-35,South India,Desktop,Video,14,15102,3,0.048555861361638274,733,1.3,952.9,0.10037783219774636,66,2252,0.90992
2031-03-04,Instagram,36-50,West India,Mobile,Text,5,99895,3,0.08490564519773863,8481,1.3,11025.300000000001,0.053865323282306476,414,2253,0.90988
2031-03-05,Instagram,18-25,North India,Mobile,Video,18,10029,3,0.09995849069147483,1002,1.3,1302.6000000000001,0.0543533591714392,49,2254,0.90984
2031-03-06,Instagram,18-25,North India,Desktop,Text,16,48545,3,0.0691676633151298,3357,1.3,4364.1,0.04563464173338522,139,2255,0.9097999999999999
2031-03-07,Google,18-25,South India,Desktop,Image,22,12322,3,0.0553681932411351,682,0.9,613.8000000000001,0.09180818665351667,56,2256,0.90976
2031-03-08,Google,18-25,South India,Mobile,Text,9,13654,3,0.0587685564180684,802,0.9,721.8000000000001,0.14389120724355414,104,2257,0.90972
2031-03-09,Google,36-50,North India,Desktop,Image,4,57663,3,0.040838086434545603,2354,0.9,2118.6,0.06446464036474875,137,2258,0.90968
2031-03-10,Google,18-25,West India,Mobile,Text,15,76501,3,0.038761619869692794,2965,0.9,2668.5,0.10591245469613565,285,2259,0.90964
2031-03-11,Instagram,36-50,West India,Mobile,Image,11,60687,3,0.06078450308905374,3688,1.3,4794.400000000001,0.08175033852968117,273,2260,0.9096
2031-03-12,Instagram,36-50,South India,Mobile,Image,20,8508,3,0.13968533875194905,1188,1.3,1544.4,0.13510057703424103,145,2261,0.90956
2031-03-13,Instagram,26-35,South India,Mobile,Video,23,48859,3,0.08017866684530843,3917,1.3,5092.1,0.21054227174882828,749,2262,0.90952
2031-03-14,Google,18-25,North India,Mobile,Text,4,23132,3,0.035334812503201855,817,0.9,735.3000000000001,0.06860608335358638,50,2263,0.90948
2031-03-15,Instagram,18-25,North India,Desktop,Video,20,66800,3,0.09625739469947393,6429,1.3,8357.7,0.11123711538796739,650,2264,0.90944
2031-03-16,Instagram,26-35,South India,Mobile,Video,0,17025,3,0.08417610912673237,1433,1.3,1862.9,0.20505155545456835,266,2265,0.9094
2031-03-17,Instagram,36-50,North India,Mobile,Text,1,78024,3,0.0636313089368876,4964,1.3,6453.2,0.1034698739238513,466,2266,0.90936
2031-03-18,Instagram,18-25,South India,Mobile,Video,4,66924,3,0.09278977242793851,6209,1.3,8071.700000000001,0.07730350382536043,435,2267,0.90932
2031-03-19,Google,36-50,South India,Desktop,Video,22,68607,3,0.032465494174296734,2227,0.9,2004.3,0.2121975998524992,429,2268,0.90928
2031-03-20,Google,26-35,West India,Desktop,Video,18,25970,3,0.025241982251670996,655,0.9,589.5,0.10407072582659,61,2269,0.90924
2031-03-21,Google,36-50,South India,Mobile,Text,14,48736,3,0.08051027005559927,3923,0.9,3530.7000000000003,0.09658446319668404,343,2270,0.9092
2031-03-22,Google,18-25,North India,Desktop,Video,0,80990,3,0.026021680421444728,2107,0.9,1896.3,0.09320326082836042,178,2271,0.90916
2031-03-23,Google,36-50,West India,Mobile,Video,10,8840,3,0.06684956143555837,590,0.9,531.0,0.15321237738318969,81,2272,0.9091199999999999
2031-03-24,Instagram,36-50,West India,Mobile,Video,17,30654,3,0.052100054667136936,1597,1.3,2076.1,0.1835955823250303,266,2273,0.90908
2031-03-25,Instagram,18-25,North India,Desktop,Text,2,78385,3,0.041487423995563995,3251,1.3,4226.3,0.1354139706232069,399,2274,0.90904
2031-03-26,Instagram,18-25,North India,Mobile,Image,8,53408,3,0.10444419749432496,5578,1.3,7251.400000000001,0.176706489099748,895,2275,0.909
2031-03-27,Instagram,36-50,North India,Desktop,Image,23,86939,3,0.04711427028357939,4096,1.3,5324.8,0.09435339613697517,350,2276,0.90896
2031-03-28,Google,36-50,South India,Mobile,Image,3,76967,3,0.05961233510953947,4588,0.9,4129.2,0.20638485067492182,859,2277,0.90892
2031-03-29,Instagram,26-35,West India,Mobile,Image,23,23442,3,0.05549666445564272,1300,1.3,1690.0,0.13901103061986003,163,2278,0.90888
2031-03-30,Google,18-25,South India,Desktop,Video,12,66243,3,0.06315878350733649,4183,0.9,3764.7000000000003,0.13727677890279277,521,2279,0.90884
2031-03-31,Google,36-50,South India,Desktop,Text,8,7630,3,0.05148015238139085,392,0.9,352.8,0.16890147007199896,59,2280,0.9088
2031-04-01,Google,18-25,South India,Mobile,Video,2,48736,4,0.08047214842131463,3921,0.9,3528.9,0.19189863909552587,683,2281,0.90876
2031-04-02,Google,26-35,South India,Mobile,Text,15,14008,4,0.028539262121872182,399,0.9,359.1,0.1162388566850183,41,2282,0.90872
2031-04-03,Google,36-50,West India,Desktop,Video,21,48487,4,0.06940035592745296,3365,0.9,3028.5,0.05991871254595059,182,2283,0.9086799999999999
2031-04-04,Google,36-50,West India,Mobile,Image,7,69395,4,0.04182477013635499,2902,0.9,2611.8,0.16854132553538653,444,2284,0.90864
2031-04-05,Google,36-50,South India,Desktop,Image,6,3393,4,0.03525330383814835,119,0.9,107.10000000000001,0.06709390942034597,6,2285,0.9086
2031-04-06,Instagram,18-25,North India,Desktop,Text,22,95680,4,0.08615560217597044,8243,1.3,10715.9,0.0780190310494556,584,2286,0.90856
2031-04-07,Google,26-35,West India,Mobile,Video,16,56971,4,0.0787665752824461,4487,0.9,4038.3,0.25147757945123267,1024,2287,0.90852
2031-04-08,Google,18-25,South India,Mobile,Image,15,80627,4,0.050934541359144485,4106,0.9,3695.4,0.0814833818267399,303,2288,0.90848
2031-04-09,Google,36-50,North India,Mobile,Text,20,88991,4,0.09425408389596986,8387,0.9,7548.3,0.08105666571776457,616,2289,0.90844
2031-04-10,Instagram,26-35,North India,Mobile,Video,21,69657,4,0.10785762799107422,7513,1.3,9766.9,0.2332816341898829,1591,2290,0.9084
2031-04-11,Google,36-50,South India,Desktop,Text,17,75652,4,0.06791284881200058,5137,0.9,4623.3,0.0979233741482277,456,2291,0.9083600000000001
2031-04-12,Google,36-50,West India,Desktop,Video,15,71507,4,0.022944803697644,1640,0.9,1476.0,0.12386087507161804,184,2292,0.90832
2031-04-13,Google,18-25,North India,Mobile,Video,14,30644,4,0.03191067467378014,977,0.9,879.3000000000001,0.1788162624827376,158,2293,0.90828
2031-04-14,Google,36-50,West India,Mobile,Video,1,90615,4,0.07763921927966701,7035,0.9,6331.5,0.08408161955675199,536,2294,0.9082399999999999
2031-04-15,Google,26-35,West India,Mobile,Text,19,94863,4,0.08110789852416232,7694,0.9,6924.6,0.17970894414903607,1255,2295,0.9082
2031-04-16,Google,36-50,North India,Mobile,Text,3,37122,4,0.06329533673994421,2349,0.9,2114.1,0.07606957202807994,161,2296,0.90816
2031-04-17,Google,36-50,South India,Mobile,Video,4,4397,4,0.06692260128434584,294,0.9,264.6,0.2375943553860474,62,2297,0.90812
2031-04-18,Google,18-25,North India,Mobile,Image,6,55569,4,0.08779258140986196,4878,0.9,4390.2,0.09150325026347332,405,2298,0.90808
2031-04-19,Google,26-35,North India,Mobile,Video,14,78948,4,0.06966544407491237,5499,0.9,4949.1,0.1074593238537451,535,2299,0.90804
2031-04-20,Instagram,18-25,West India,Desktop,Text,16,53133,4,0.08742745906540426,4645,1.3,6038.5,0.04901281471102725,206,2300,0.908
2031-04-21,Instagram,36-50,South India,Mobile,Video,9,49519,4,0.08398746540427315,4158,1.3,5405.400000000001,0.08982054949935575,338,2301,0.90796
2031-04-22,Google,18-25,West India,Desktop,Text,19,72057,4,0.08207702172546077,5914,0.9,5322.6,0.11533693178911258,619,2302,0.9079200000000001
2031-04-23,Google,18-25,North India,Desktop,Video,8,30151,4,0.03574327382487116,1077,0.9,969.3000000000001,0.16519700623752379,160,2303,0.90788
2031-04-24,Instagram,18-25,South India,Mobile,Video,15,4472,4,0.11245912493715533,502,1.3,652.6,0.2442814592311541,110,2304,0.90784
2031-04-25,Google,18-25,South India,Mobile,Image,23,52769,4,0.06494234759446338,3426,0.9,3083.4,0.06392776704656573,198,2305,0.9077999999999999
2031-04-26,Google,36-50,South India,Mobile,Image,2,6481,4,0.03530006577889061,228,0.9,205.20000000000002,0.11861655431269653,24,2306,0.90776
2031-04-27,Instagram,36-50,South India,Mobile,Text,21,39977,4,0.06098125891302428,2437,1.3,3168.1,0.07632095226070235,167,2307,0.90772
2031-04-28,Google,26-35,South India,Desktop,Video,8,20883,4,0.02535572779598513,529,0.9,476.1,0.14272291677767077,68,2308,0.90768
2031-04-29,Google,18-25,North India,Mobile,Text,7,89915,4,0.038607332768554416,3471,0.9,3123.9,0.08682524234354501,273,2309,0.90764
2031-04-30,Google,18-25,North India,Mobile,Video,22,25265,4,0.10398667608791991,2627,0.9,2364.3,0.12257166169475339,291,2310,0.9076
2031-05-01,Instagram,26-35,North India,Mobile,Video,6,53744,5,0.04998970818942537,2686,1.3,3491.8,0.09501749603581851,231,2311,0.90756
2031-05-02,Google,18-25,West India,Desktop,Video,16,24656,5,0.04405123349310576,1086,0.9,977.4,0.17634832040922513,173,2312,0.90752
2031-05-03,Instagram,26-35,South India,Mobile,Image,4,10304,5,0.035232359268950936,363,1.3,471.90000000000003,0.1502147681911947,49,2313,0.90748
2031-05-04,Instagram,36-50,South India,Mobile,Text,6,87616,5,0.08887547796499695,7786,1.3,10121.800000000001,0.08209832202571692,579,2314,0.90744
2031-05-05,Google,26-35,North India,Mobile,Video,12,46911,5,0.03492354483488217,1638,0.9,1474.2,0.06897950114620945,101,2315,0.9074
2031-05-06,Google,18-25,South India,Desktop,Video,17,44013,5,0.03799707546049471,1672,0.9,1504.8,0.1485782118846154,225,2316,0.9073599999999999
2031-05-07,Google,26-35,West India,Mobile,Text,21,78981,5,0.08364400658778522,6606,0.9,5945.400000000001,0.14334286681627734,858,2317,0.90732
2031-05-08,Google,36-50,South India,Mobile,Text,13,41314,5,0.042691933780064605,1763,0.9,1586.7,0.05357391771856119,85,2318,0.90728
2031-05-09,Google,18-25,South India,Mobile,Video,17,23857,5,0.04141670159005146,988,0.9,889.2,0.1919599159011411,171,2319,0.90724
2031-05-10,Instagram,36-50,West India,Mobile,Image,2,29894,5,0.08050834709176269,2406,1.3,3127.8,0.12391306869877661,270,2320,0.9072
2031-05-11,Instagram,36-50,North India,Mobile,Image,16,39570,5,0.03645097031811345,1442,1.3,1874.6000000000001,0.1162824866308883,151,2321,0.90716
2031-05-12,Instagram,26-35,North India,Mobile,Video,18,67080,5,0.07894716097493647,5295,1.3,6883.5,0.19477128481805808,935,2322,0.90712
2031-05-13,Google,36-50,South India,Mobile,Image,6,40420,5,0.022379513784549106,904,0.9,813.6,0.19121485044385217,156,2323,0.90708
2031-05-14,Instagram,18-25,West India,Mobile,Text,20,82588,5,0.12337252868038297,10189,1.3,13245.7,0.06301692892384028,582,2324,0.90704
2031-05-15,Instagram,36-50,North India,Mobile,Image,3,57210,5,0.06952035737456409,3977,1.3,5170.1,0.1455274453520749,524,2325,0.907
2031-05-16,Instagram,36-50,North India,Mobile,Text,14,28734,5,0.04397600497415259,1263,1.3,1641.9,0.10248135274275404,116,2326,0.90696
2031-05-17,Google,26-35,North India,Mobile,Text,23,37219,5,0.05542488480133108,2062,0.9,1855.8,0.07851999395799661,146,2327,0.90692
2031-05-18,Instagram,36-50,South India,Mobile,Text,7,67972,5,0.08475904315568508,5761,1.3,7489.3,0.12452982945640484,650,2328,0.90688
2031-05-19,Google,26-35,West India,Desktop,Text,15,56813,5,0.05667817410522338,3220,0.9,2898.0,0.14776004637707368,430,2329,0.90684
2031-05-20,Google,26-35,South India,Mobile,Image,0,12007,5,0.043175195404014224,518,0.9,466.2,0.12359880187141957,58,2330,0.9068
2031-05-21,Google,18-25,North India,Mobile,Text,15,29341,5,0.07561689743336888,2218,0.9,1996.2,0.13857602552749973,278,2331,0.90676
2031-05-22,Instagram,18-25,West India,Mobile,Video,1,97550,5,0.03342616196030247,3260,1.3,4238.0,0.15600505559428007,460,2332,0.90672
2031-05-23,Instagram,18-25,South India,Mobile,Text,1,50411,5,0.044718115116136006,2254,1.3,2930.2000000000003,0.10061281962130673,204,2333,0.9066799999999999
2031-05-24,Google,18-25,North India,Mobile,Video,7,74087,5,0.05688599984849778,4214,0.9,3792.6,0.14840960225774327,566,2334,0.90664
2031-05-25,Google,26-35,North India,Mobile,Text,11,79649,5,0.024878716515982682,1981,0.9,1782.9,0.10041726514410179,179,2335,0.9066
2031-05-26,Google,36-50,South India,Desktop,Text,10,49431,5,0.06172645850265291,3051,0.9,2745.9,0.09260018192853046,255,2336,0.90656
2031-05-27,Google,18-25,North India,Desktop,Image,5,5841,5,0.018624288066536886,108,0.9,97.2,0.11280722567991207,10,2337,0.90652
2031-05-28,Google,18-25,North India,Desktop,Text,18,41729,5,0.06105780910931352,2547,0.9,2292.3,0.11180226247824988,257,2338,0.90648
2031-05-29,Google,18-25,West India,Desktop,Text,17,83638,5,0.05802884767746427,4853,0.9,4367.7,0.1338250887967746,588,2339,0.90644
2031-05-30,Instagram,36-50,North India,Desktop,Image,4,85647,5,0.06421004064506215,5499,1.3,7148.7,0.07847598786442156,390,2340,0.9064
2031-05-31,Google,18-25,South India,Desktop,Image,14,77629,5,0.03345107358140138,2596,0.9,2336.4,0.04625578075866148,108,2341,0.90636
2031-06-01,Google,36-50,West India,Mobile,Video,7,74082,6,0.05022423304315545,3720,0.9,3348.0,0.13357437714267711,449,2342,0.90632
2031-06-02,Google,26-35,South India,Mobile,Image,5,58804,6,0.05642003518539933,3317,0.9,2985.3,0.11338227395684602,340,2343,0.90628
2031-06-03,Instagram,26-35,North India,Mobile,Video,11,98335,6,0.08370039639262787,8230,1.3,10699.0,0.051537622541603656,384,2344,0.9062399999999999
2031-06-04,Instagram,26-35,West India,Mobile,Text,18,53006,6,0.09581043140390956,5078,1.3,6601.400000000001,0.10380484965246199,477,2345,0.9062
2031-06-05,Instagram,36-50,West India,Mobile,Video,11,22584,6,0.07339124335243251,1657,1.3,2154.1,0.19584749703195656,293,2346,0.90616
2031-06-06,Google,18-25,West India,Desktop,Image,11,61591,6,0.05222852195388007,3216,0.9,2894.4,0.09149682753814652,266,2347,0.90612
2031-06-07,Instagram,18-25,West India,Mobile,Text,8,20361,6,0.045836183456141516,933,1.3,1212.9,0.13340741939210696,112,2348,0.90608
2031-06-08,Google,18-25,South India,Mobile,Video,23,81020,6,0.03276002796987549,2654,0.9,2388.6,0.19290807444416042,462,2349,0.90604
2031-06-09,Instagram,18-25,North India,Mobile,Video,9,48871,6,0.09419032754210555,4603,1.3,5983.900000000001,0.0678394235674908,282,2350,0.906
2031-06-10,Instagram,18-25,North India,Mobile,Video,21,15101,6,0.06314833140396889,953,1.3,1238.9,0.16268736854784874,140,2351,0.90596
2031-06-11,Instagram,36-50,West India,Mobile,Text,16,43774,6,0.05567430448952981,2437,1.3,3168.1,0.09071362251802743,200,2352,0.9059200000000001
2031-06-12,Instagram,26-35,North India,Mobile,Video,17,43701,6,0.0714850744405854,3123,1.3,4059.9,0.18260245626779664,516,2353,0.90588
2031-06-13,Instagram,18-25,South India,Mobile,Video,15,14261,6,0.05924025156778736,844,1.3,1097.2,0.08341566989725487,63,2354,0.90584
2031-06-14,Google,26-35,North India,Mobile,Image,3,14209,6,0.0727431304902147,1033,0.9,929.7,0.05189961850450501,48,2355,0.9057999999999999
2031-06-15,Instagram,36-50,South India,Mobile,Video,17,29647,6,0.09844137036024504,2918,1.3,3793.4,0.09251918694535091,243,2356,0.90576
2031-06-16,Google,36-50,South India,Mobile,Text,2,9221,6,0.04677714553394904,431,0.9,387.90000000000003,0.042944879577674136,16,2357,0.90572
2031-06-17,Google,18-25,North India,Mobile,Image,15,48833,6,0.03808426709876733,1859,0.9,1673.1000000000001,0.07654212048740305,128,2358,0.90568
2031-06-18,Google,36-50,South India,Mobile,Text,13,86413,6,0.041469772420161,3583,0.9,3224.7000000000003,0.07072357151238491,229,2359,0.90564
2031-06-19,Google,26-35,South India,Mobile,Image,23,26557,6,0.04449791581009463,1181,0.9,1062.9,0.10269226903311836,109,2360,0.9056
2031-06-20,Google,18-25,South India,Mobile,Image,8,99534,6,0.059549531724574674,5927,0.9,5334.3,0.10953356478661838,587,2361,0.90556
2031-06-21,Google,18-25,South India,Mobile,Video,5,8526,6,0.05179540949069397,441,0.9,396.90000000000003,0.07556713949731247,29,2362,0.90552
2031-06-22,Google,26-35,West India,Mobile,Text,3,2251,6,0.07112275685932679,160,0.9,144.0,0.1023202226324578,14,2363,0.90548
2031-06-23,Instagram,18-25,North India,Mobile,Video,1,33588,6,0.06183444669591268,2076,1.3,2698.8,0.07721728900757135,144,2364,0.90544
2031-06-24,Google,18-25,West India,Mobile,Image,22,55492,6,0.059032305971667975,3275,0.9,2947.5,0.054216512969850875,160,2365,0.9054
2031-06-25,Google,26-35,South India,Desktop,Video,9,7889,6,0.05186979469741555,409,0.9,368.1,0.17459887543007635,64,2366,0.9053599999999999
2031-06-26,Instagram,18-25,North India,Mobile,Image,10,95302,6,0.05431303773832704,5176,1.3,6728.8,0.038972600541058146,181,2367,0.90532
2031-06-27,Google,18-25,South India,Mobile,Image,6,30146,6,0.045211883231920026,1362,0.9,1225.8,0.09569193711626252,117,2368,0.90528
2031-06-28,Instagram,26-35,North India,Mobile,Text,4,53318,6,0.04508032695270005,2403,1.3,3123.9,0.0461935512028002,100,2369,0.90524
2031-06-29,Instagram,36-50,West India,Mobile,Text,3,74588,6,0.10097302758976133,7531,1.3,9790.300000000001,0.1320997149605204,899,2370,0.9052
2031-06-30,Instagram,26-35,North India,Mobile,Text,5,99084,6,0.045159819098552094,4474,1.3,5816.2,0.11922977060581826,482,2371,0.90516
2031-07-01,Instagram,18-25,South India,Desktop,Text,1,38638,7,0.07424971400462589,2868,1.3,3728.4,0.04532294533886002,116,2372,0.90512
2031-07-02,Google,26-35,North India,Desktop,Video,1,2147,7,0.061880502838087756,132,0.9,118.8,0.13345199073053443,15,2373,0.90508
2031-07-03,Instagram,18-25,North India,Mobile,Text,15,3847,7,0.06182652384977267,237,1.3,308.1,0.06568994383770439,13,2374,0.90504
2031-07-04,Google,18-25,West India,Desktop,Text,22,86770,7,0.04580435069961541,3974,0.9,3576.6,0.056912919064858083,204,2375,0.905
2031-07-05,Google,26-35,South India,Mobile,Text,22,61335,7,0.06837480217452724,4193,0.9,3773.7000000000003,0.07818040746820533,295,2376,0.90496
2031-07-06,Instagram,18-25,North India,Mobile,Image,12,85990,7,0.10887967802869485,9362,1.3,12170.6,0.14651301878410525,1240,2377,0.90492
2031-07-07,Google,36-50,West India,Mobile,Image,20,34388,7,0.06578790910338336,2262,0.9,2035.8,0.04809975192290276,97,2378,0.90488
2031-07-08,Instagram,18-25,North India,Mobile,Text,6,65347,7,0.06765365262524262,4420,1.3,5746.0,0.10558278407007737,421,2379,0.90484
2031-07-09,Instagram,26-35,South India,Mobile,Image,4,40983,7,0.052815933765721704,2164,1.3,2813.2000000000003,0.18465900237976085,361,2380,0.9048
2031-07-10,Instagram,36-50,North India,Mobile,Image,16,44820,7,0.03445607945134177,1544,1.3,2007.2,0.09759149420505148,135,2381,0.90476
2031-07-11,Instagram,36-50,North India,Mobile,Video,12,27076,7,0.08462571697310729,2291,1.3,2978.3,0.18948162325806558,392,2382,0.90472
2031-07-12,Google,18-25,North India,Mobile,Image,14,31752,7,0.02468422135065569,783,0.9,704.7,0.1586044570668729,112,2383,0.9046799999999999
2031-07-13,Google,26-35,North India,Mobile,Video,2,61533,7,0.06344876623588815,3904,0.9,3513.6,0.1428914852147833,503,2384,0.90464
2031-07-14,Instagram,18-25,South India,Mobile,Image,22,17003,7,0.10931499123975563,1858,1.3,2415.4,0.11419944214954474,191,2385,0.9046
2031-07-15,Google,18-25,West India,Mobile,Text,3,73954,7,0.05362641833660787,3965,0.9,3568.5,0.12178197423429908,435,2386,0.90456
2031-07-16,Instagram,26-35,West India,Mobile,Image,14,18710,7,0.09399209906479002,1758,1.3,2285.4,0.16827116939581663,266,2387,0.90452
2031-07-17,Instagram,26-35,North India,Mobile,Image,17,66657,7,0.06153410907261099,4101,1.3,5331.3,0.12844470080648554,475,2388,0.90448
2031-07-18,Instagram,18-25,South India,Desktop,Video,2,38081,7,0.07185987939244633,2736,1.3,3556.8,0.09153540695929421,226,2389,0.90444
2031-07-19,Google,36-50,South India,Mobile,Text,6,51228,7,0.03556925351231935,1822,0.9,1639.8,0.14474529721080792,237,2390,0.9044
2031-07-20,Google,18-25,South India,Desktop,Video,7,94309,7,0.038173834720770045,3600,0.9,3240.0,0.22864336489550555,744,2391,0.90436
2031-07-21,Google,36-50,South India,Mobile,Text,10,84102,7,0.06306718909082275,5304,0.9,4773.6,0.09110498168352243,436,2392,0.90432
2031-07-22,Google,18-25,South India,Mobile,Text,21,21655,7,0.06297254092317914,1363,0.9,1226.7,0.12871448870404006,158,2393,0.90428
2031-07-23,Instagram,26-35,South India,Desktop,Video,8,9483,7,0.0886224299942279,840,1.3,1092.0,0.14855714130180192,112,2394,0.9042399999999999
2031-07-24,Google,36-50,North India,Mobile,Image,19,99224,7,0.05742518736623356,5697,0.9,5127.3,0.05289722186584538,272,2395,0.9042
2031-07-25,Google,26-35,West India,Mobile,Text,11,41094,7,0.039860350211154895,1638,0.9,1474.2,0.07563119970150477,111,2396,0.90416
2031-07-26,Google,26-35,West India,Mobile,Image,4,42450,7,0.02989298539482684,1268,0.9,1141.2,0.06293614518894848,71,2397,0.90412
2031-07-27,Instagram,26-35,North India,Mobile,Video,0,26209,7,0.10438127335158907,2735,1.3,3555.5,0.15310230799370556,377,2398,0.90408
2031-07-28,Instagram,26-35,West India,Mobile,Video,13,47316,7,0.03901488309152292,1846,1.3,2399.8,0.14579190945434276,243,2399,0.90404
2031-07-29,Google,26-35,South India,Mobile,Video,2,19556,7,0.06235775826081013,1219,0.9,1097.1000000000001,0.058997157505054666,64,2400,0.904
2031-07-30,Google,18-25,South India,Desktop,Video,14,28962,7,0.03911316947586961,1132,0.9,1018.8000000000001,0.06418495775625738,65,2401,0.90396
2031-07-31,Google,36-50,West India,Mobile,Text,9,16638,7,0.05747485010206752,956,0.9,860.4,0.06503430538413961,56,2402,0.9039200000000001
2031-08-01,Google,18-25,South India,Mobile,Video,9,39754,8,0.03357975950363388,1334,0.9,1200.6000000000001,0.19045004154006343,229,2403,0.90388
2031-08-02,Instagram,18-25,South India,Desktop,Image,23,87619,8,0.049755762400297256,4359,1.3,5666.7,0.06353275940931556,249,2404,0.90384
2031-08-03,Instagram,18-25,West India,Mobile,Image,2,73617,8,0.052201629875541396,3842,1.3,4994.6,0.06866837414817525,237,2405,0.9037999999999999
2031-08-04,Google,26-35,North India,Mobile,Text,5,55376,8,0.0396180359999889,2193,0.9,1973.7,0.13490716393992597,266,2406,0.90376
2031-08-05,Google,18-25,West India,Mobile,Video,4,14353,8,0.052124173161221,748,0.9,673.2,0.13975110077320793,93,2407,0.90372
2031-08-06,Instagram,36-50,West India,Mobile,Text,23,86388,8,0.10029332503739338,8664,1.3,11263.2,0.10788110745478915,844,2408,0.90368
2031-08-07,Google,18-25,West India,Mobile,Text,18,72296,8,0.05758038255978625,4162,0.9,3745.8,0.08823617129844445,331,2409,0.90364
2031-08-08,Instagram,26-35,West India,Mobile,Text,13,14771,8,0.06548355432780367,967,1.3,1257.1000000000001,0.06967274787198666,60,2410,0.9036
2031-08-09,Google,36-50,North India,Mobile,Video,16,67026,8,0.06268443207362503,4201,0.9,3780.9,0.08536119353754887,323,2411,0.90356
2031-08-10,Google,36-50,North India,Desktop,Image,11,5263,8,0.04826297216739297,254,0.9,228.6,0.11636620497275978,26,2412,0.90352
2031-08-11,Google,36-50,South India,Desktop,Image,8,8769,8,0.04140419496910683,363,0.9,326.7,0.1165301956765419,37,2413,0.9034800000000001
2031-08-12,Google,36-50,South India,Mobile,Text,2,26334,8,0.026666603146630833,702,0.9,631.8000000000001,0.09015703587793236,56,2414,0.90344
2031-08-13,Instagram,18-25,West India,Desktop,Text,17,84117,8,0.061263958400275875,5153,1.3,6698.900000000001,0.1166318345581669,542,2415,0.9034
2031-08-14,Google,26-35,South India,Mobile,Image,3,33749,8,0.03844548742342106,1297,0.9,1167.3,0.10623974036695655,123,2416,0.9033599999999999
2031-08-15,Google,36-50,North India,Mobile,Image,13,12635,8,0.033633724760290244,424,0.9,381.6,0.042885140664542215,16,2417,0.90332
2031-08-16,Google,36-50,South India,Mobile,Video,23,66110,8,0.0743892034549397,4917,0.9,4425.3,0.2079710036808434,923,2418,0.90328
2031-08-17,Google,26-35,South India,Mobile,Text,5,2904,8,0.04453968852584527,129,0.9,116.10000000000001,0.07907901041673787,9,2419,0.90324
2031-08-18,Google,18-25,South India,Desktop,Video,14,71805,8,0.05744724473964384,4124,0.9,3711.6,0.227695040612738,848,2420,0.9032
2031-08-19,Google,36-50,West India,Mobile,Image,16,31968,8,0.06699438260164274,2141,0.9,1926.9,0.1631381330635001,315,2421,0.90316
2031-08-20,Instagram,18-25,South India,Mobile,Image,23,2650,8,0.04098058235253194,108,1.3,140.4,0.08002310161344417,7,2422,0.90312
2031-08-21,Google,18-25,North India,Mobile,Image,4,13467,8,0.033863913883076836,456,0.9,410.40000000000003,0.16640764498096097,67,2423,0.90308
2031-08-22,Google,18-25,North India,Mobile,Image,5,99331,8,0.046602699715044854,4629,0.9,4166.1,0.151523581008702,633,2424,0.90304
2031-08-23,Instagram,18-25,North India,Mobile,Video,20,47900,8,0.10503258733450577,5031,1.3,6540.3,0.20280862600290053,921,2425,0.903
2031-08-24,Google,36-50,North India,Desktop,Image,4,89180,8,0.061668495172751386,5499,0.9,4949.1,0.12816714453376368,635,2426,0.90296
2031-08-25,Instagram,36-50,South India,Desktop,Text,18,36518,8,0.04376600138519701,1598,1.3,2077.4,0.15923213147607132,229,2427,0.90292
2031-08-26,Google,18-25,West India,Mobile,Image,13,93816,8,0.035745801353520124,3353,0.9,3017.7000000000003,0.13661303708724007,413,2428,0.90288
2031-08-27,Instagram,18-25,North India,Mobile,Text,3,69415,8,0.07079155863204019,4913,1.3,6386.900000000001,0.12896830779047322,571,2429,0.90284
2031-08-28,Instagram,26-35,North India,Mobile,Image,4,5357,8,0.04837187760523926,259,1.3,336.7,0.11918709592636109,27,2430,0.9028
2031-08-29,Instagram,26-35,West India,Desktop,Video,10,94837,8,0.08087305371131888,7669,1.3,9969.7,0.20410129459343362,1412,2431,0.90276
2031-08-30,Instagram,26-35,West India,Mobile,Text,1,11865,8,0.03323108507986402,394,1.3,512.2,0.09565234176990538,33,2432,0.90272
2031-08-31,Google,36-50,North India,Mobile,Video,21,69368,8,0.08046926434171754,5581,0.9,5022.900000000001,0.16315636861519625,821,2433,0.90268
2031-09-01,Instagram,26-35,North India,Desktop,Image,1,95404,9,0.05982882156785748,5707,1.3,7419.1,0.15995574012839264,823,2434,0.90264
2031-09-02,Google,36-50,West India,Mobile,Video,19,62039,9,0.07189447351389885,4460,0.9,4014.0,0.11896153994897542,478,2435,0.9026
2031-09-03,Google,36-50,North India,Mobile,Image,11,97939,9,0.052101582912221785,5102,0.9,4591.8,0.04151147596218032,190,2436,0.90256
2031-09-04,Google,36-50,North India,Mobile,Video,15,72294,9,0.041091174140957455,2970,0.9,2673.0,0.06364231938441726,170,2437,0.90252
2031-09-05,Google,36-50,South India,Mobile,Video,16,3921,9,0.06803161490252833,266,0.9,239.4,0.23240923443538794,55,2438,0.90248
2031-09-06,Google,26-35,West India,Mobile,Text,3,5428,9,0.06923576941884749,375,0.9,337.5,0.13791110240563614,46,2439,0.90244
2031-09-07,Instagram,18-25,South India,Mobile,Image,13,74647,9,0.06168904958948342,4604,1.3,5985.2,0.11844628572863582,491,2440,0.9024
2031-09-08,Google,18-25,South India,Mobile,Video,6,89783,9,0.043924067765824366,3943,0.9,3548.7000000000003,0.23037421135022507,819,2441,0.90236
2031-09-09,Instagram,18-25,West India,Mobile,Image,14,53557,9,0.06433610929728482,3445,1.3,4478.5,0.06598477640858709,204,2442,0.90232
2031-09-10,Instagram,26-35,South India,Desktop,Text,15,96983,9,0.04172857623162401,4046,1.3,5259.8,0.05192549750538277,189,2443,0.90228
2031-09-11,Google,18-25,North India,Mobile,Video,7,13366,9,0.031740128558712305,424,0.9,381.6,0.1415898364352842,54,2444,0.9022399999999999
2031-09-12,Google,26-35,South India,Desktop,Image,1,47923,9,0.04832400441674398,2315,0.9,2083.5,0.10284652574335625,214,2445,0.9022
2031-09-13,Google,26-35,West India,Mobile,Video,18,31564,9,0.049986803967828425,1577,0.9,1419.3,0.10508129884077712,148,2446,0.90216
2031-09-14,Google,26-35,North India,Mobile,Video,0,76511,9,0.06688359992776909,5117,0.9,4605.3,0.16277064246830386,750,2447,0.90212
2031-09-15,Google,18-25,North India,Mobile,Video,22,3642,9,0.06003933541674847,218,0.9,196.20000000000002,0.06954209633327872,13,2448,0.90208
2031-09-16,Google,18-25,North India,Mobile,Video,3,14849,9,0.03984210584483563,591,0.9,531.9,0.16984046403730244,90,2449,0.90204
2031-09-17,Google,18-25,North India,Mobile,Text,23,20344,9,0.039812886698790725,809,0.9,728.1,0.07293577908136091,53,2450,0.902
2031-09-18,Instagram,36-50,South India,Mobile,Text,20,22214,9,0.05999311462708432,1332,1.3,1731.6000000000001,0.1665639463367978,199,2451,0.90196
2031-09-19,Instagram,26-35,South India,Mobile,Image,21,39226,9,0.09814039696858315,3849,1.3,5003.7,0.16854689738238202,584,2452,0.90192
2031-09-20,Google,36-50,North India,Mobile,Image,10,92691,9,0.06111135793546705,5664,0.9,5097.6,0.12394773375904675,633,2453,0.90188
2031-09-21,Instagram,26-35,West India,Desktop,Video,9,23522,9,0.08860058367178775,2084,1.3,2709.2000000000003,0.08654697334892972,162,2454,0.90184
2031-09-22,Google,18-25,North India,Mobile,Video,17,7680,9,0.04896144489189818,376,0.9,338.40000000000003,0.1982456630182302,66,2455,0.9017999999999999
2031-09-23,Google,26-35,South India,Mobile,Video,0,13507,9,0.0261884362041129,353,0.9,317.7,0.058881775348960115,18,2456,0.90176
2031-09-24,Instagram,26-35,North India,Mobile,Text,16,75955,9,0.05035600453717586,3824,1.3,4971.2,0.05754969263005521,198,2457,0.90172
2031-09-25,Google,36-50,South India,Mobile,Video,15,50007,9,0.036627514519406025,1831,0.9,1647.9,0.05959615103005994,98,2458,0.90168
2031-09-26,Google,26-35,North India,Desktop,Image,11,50353,9,0.05801513138274136,2921,0.9,2628.9,0.166546651905662,438,2459,0.90164
2031-09-27,Instagram,18-25,West India,Mobile,Video,15,89095,9,0.055746417031718266,4966,1.3,6455.8,0.19440351930053237,870,2460,0.9016
2031-09-28,Instagram,26-35,North India,Mobile,Text,8,69696,9,0.06932730996713371,4831,1.3,6280.3,0.13993577161884857,609,2461,0.90156
2031-09-29,Instagram,26-35,West India,Mobile,Video,16,45233,9,0.10344637766175431,4679,1.3,6082.7,0.16812587760878697,708,2462,0.90152
2031-09-30,Instagram,26-35,West India,Desktop,Text,2,51865,9,0.07460276016337697,3869,1.3,5029.7,0.03726346382981899,129,2463,0.9014800000000001
2031-10-01,Instagram,36-50,North India,Mobile,Text,17,8872,10,0.06770372622066567,600,1.3,780.0,0.137606305658813,73,2464,0.90144
2031-10-02,Google,26-35,West India,Mobile,Text,14,8839,10,0.04773940177903733,421,0.9,378.90000000000003,0.08409337983001719,31,2465,0.9014
2031-10-03,Google,26-35,West India,Mobile,Text,14,16652,10,0.02858256684674945,475,0.9,427.5,0.07781590341751467,32,2466,0.9013599999999999
2031-10-04,Google,36-50,South India,Mobile,Image,15,7859,10,0.06795732473850029,534,0.9,480.6,0.08775638389270651,41,2467,0.90132
2031-10-05,Google,36-50,South India,Mobile,Text,19,34520,10,0.053937847865597195,1861,0.9,1674.9,0.07494183559143949,125,2468,0.90128
2031-10-06,Google,36-50,West India,Desktop,Image,0,79840,10,0.02972060101758992,2372,0.9,2134.8,0.15208799728264794,324,2469,0.90124
2031-10-07,Google,36-50,North India,Desktop,Image,0,50266,10,0.05347224419158748,2687,0.9,2418.3,0.07209847062309432,173,2470,0.9012
2031-10-08,Instagram,18-25,West India,Mobile,Video,3,70516,10,0.09556702481538462,6739,1.3,8760.7,0.08532322564967088,517,2471,0.90116
2031-10-09,Instagram,18-25,North India,Mobile,Video,12,40093,10,0.10196789958948212,4088,1.3,5314.400000000001,0.15700393260308104,577,2472,0.90112
2031-10-10,Instagram,26-35,South India,Mobile,Text,3,52970,10,0.051530113653994014,2729,1.3,3547.7000000000003,0.07502891534472492,183,2473,0.90108
2031-10-11,Google,18-25,North India,Mobile,Video,22,50620,10,0.0694662973625619,3516,0.9,3164.4,0.0476956976494309,150,2474,0.90104
2031-10-12,Instagram,26-35,West India,Mobile,Text,7,1425,10,0.07422559636861269,105,1.3,136.5,0.14488020006212207,13,2475,0.901
2031-10-13,Google,18-25,West India,Mobile,Video,12,74677,10,0.03321959890761752,2480,0.9,2232.0,0.1006787330132277,224,2476,0.90096
2031-10-14,Instagram,36-50,West India,Desktop,Text,23,51727,10,0.07656714326892904,3960,1.3,5148.0,0.12496091677230373,445,2477,0.9009199999999999
2031-10-15,Google,36-50,West India,Mobile,Video,7,76593,10,0.03933996311904393,3013,0.9,2711.7000000000003,0.12678987099000907,344,2478,0.90088
2031-10-16,Instagram,18-25,West India,Desktop,Video,13,50985,10,0.06702289514868984,3417,1.3,4442.1,0.07052540951748515,216,2479,0.90084
2031-10-17,Google,18-25,North India,Mobile,Image,0,98339,10,0.041735419778004414,4104,0.9,3693.6,0.12603645571698938,465,2480,0.9008
2031-10-18,Instagram,26-35,West India,Mobile,Video,8,48084,10,0.07811273526190929,3755,1.3,4881.5,0.08690205092984181,293,2481,0.90076
2031-10-19,Instagram,26-35,South India,Mobile,Video,23,70642,10,0.05615476791701871,3966,1.3,5155.8,0.10600722328799386,378,2482,0.90072
2031-10-20,Google,26-35,West India,Desktop,Text,0,86623,10,0.04451153943266301,3855,0.9,3469.5,0.037856357323452716,130,2483,0.90068
2031-10-21,Google,36-50,North India,Mobile,Image,6,2408,10,0.03881305701306531,93,0.9,83.7,0.04018164556512303,2,2484,0.90064
2031-10-22,Instagram,36-50,West India,Desktop,Text,19,86401,10,0.07885435942559986,6813,1.3,8856.9,0.09512071540850846,583,2485,0.9006
2031-10-23,Google,36-50,West India,Desktop,Video,12,56337,10,0.0322819036979943,1818,0.9,1636.2,0.05770954469225484,93,2486,0.90056
2031-10-24,Instagram,36-50,North India,Mobile,Text,14,40612,10,0.04246360160257133,1724,1.3,2241.2000000000003,0.05597465651508135,86,2487,0.90052
2031-10-25,Instagram,26-35,West India,Mobile,Image,8,40163,10,0.04750767754598661,1908,1.3,2480.4,0.1693330012473941,290,2488,0.90048
2031-10-26,Google,36-50,North India,Desktop,Text,15,16843,10,0.034076679019316575,573,0.9,515.7,0.04166680959489793,20,2489,0.90044
2031-10-27,Google,36-50,West India,Mobile,Video,16,50364,10,0.02467973784227253,1242,0.9,1117.8,0.09685263576844544,108,2490,0.9004
2031-10-28,Google,36-50,South India,Mobile,Text,8,29477,10,0.047521820934583445,1400,0.9,1260.0,0.13250253642388637,166,2491,0.90036
2031-10-29,Instagram,36-50,West India,Mobile,Video,5,98993,10,0.037351084188103775,3697,1.3,4806.1,0.19656661469386624,653,2492,0.90032
2031-10-30,Google,18-25,North India,Desktop,Image,19,62082,10,0.03133977976036,1945,0.9,1750.5,0.04414608288584427,76,2493,0.90028
2031-10-31,Google,26-35,South India,Mobile,Image,11,28330,10,0.030011153888509903,850,0.9,765.0,0.07255768598903829,54,2494,0.9002399999999999
2031-11-01,Google,26-35,North India,Desktop,Text,15,95747,11,0.039233297486016505,3756,0.9,3380.4,0.07615022290761116,257,2495,0.9002
2031-11-02,Instagram,36-50,West India,Mobile,Image,20,38569,11,0.05770549795567085,2225,1.3,2892.5,0.09053919292843272,180,2496,0.90016
2031-11-03,Instagram,18-25,South India,Mobile,Text,14,99203,11,0.05526671578302963,5482,1.3,7126.6,0.07516801868603197,370,2497,0.90012
2031-11-04,Instagram,26-35,North India,Mobile,Video,6,49114,11,0.08687022217700824,4266,1.3,5545.8,0.08427229141526525,323,2498,0.90008
2031-11-05,Google,26-35,South India,Mobile,Text,9,68294,11,0.06384874376830425,4360,0.9,3924.0,0.07256744147166065,284,2499,0.90004
2031-11-06,Instagram,36-50,South India,Desktop,Video,3,65106,11,0.05861150969621114,3815,1.3,4959.5,0.07745704666881055,265,2500,0.9
2031-11-07,Instagram,36-50,North India,Desktop,Image,23,39548,11,0.03547136431206537,1402,1.3,1822.6000000000001,0.05972244079743976,74,2501,0.89996
2031-11-08,Instagram,26-35,South India,Desktop,Video,2,63598,11,0.0560553230489928,3565,1.3,4634.5,0.16493052308653763,528,2502,0.89992
2031-11-09,Instagram,26-35,North India,Desktop,Video,17,95705,11,0.0663578938817902,6350,1.3,8255.0,0.09223370303299937,526,2503,0.89988
2031-11-10,Google,18-25,South India,Mobile,Video,0,12260,11,0.07069939402137054,866,0.9,779.4,0.12666183796551958,98,2504,0.89984
2031-11-11,Google,26-35,South India,Mobile,Video,12,33350,11,0.07022083807812544,2341,0.9,2106.9,0.12893138900252712,270,2505,0.8997999999999999
2031-11-12,Instagram,26-35,South India,Mobile,Video,21,42741,11,0.12621907889682563,5394,1.3,7012.2,0.07307948939219677,354,2506,0.89976
2031-11-13,Google,36-50,West India,Desktop,Text,17,99214,11,0.029079915895644144,2885,0.9,2596.5,0.13151976099292187,340,2507,0.89972
2031-11-14,Instagram,26-35,West India,Mobile,Video,7,46181,11,0.09147632141704,4224,1.3,5491.2,0.20866842416898565,792,2508,0.89968
2031-11-15,Instagram,36-50,North India,Desktop,Video,10,84446,11,0.04674839972985147,3947,1.3,5131.1,0.08766128042385274,310,2509,0.89964
2031-11-16,Google,26-35,South India,Mobile,Video,9,1840,11,0.06834653354627707,125,0.9,112.5,0.10720700232015265,11,2510,0.8996
2031-11-17,Instagram,26-35,North India,Desktop,Video,3,63422,11,0.04632067653155227,2937,1.3,3818.1,0.15622734858962706,411,2511,0.89956
2031-11-18,Google,26-35,West India,Mobile,Video,3,18725,11,0.04174495275533917,781,0.9,702.9,0.0615388480475499,43,2512,0.89952
2031-11-19,Google,18-25,West India,Mobile,Video,3,13299,11,0.06650688775137356,884,0.9,795.6,0.20043025320967475,159,2513,0.89948
2031-11-20,Instagram,36-50,West India,Desktop,Image,11,51652,11,0.08047633397929674,4156,1.3,5402.8,0.056882503012422925,212,2514,0.89944
2031-11-21,Instagram,18-25,West India,Desktop,Text,7,96525,11,0.07526698203196308,7265,1.3,9444.5,0.12111543403834128,790,2515,0.8994
2031-11-22,Google,26-35,North India,Mobile,Video,12,91041,11,0.02872877589567331,2615,0.9,2353.5,0.09212580611781734,215,2516,0.8993599999999999
2031-11-23,Google,18-25,South India,Desktop,Text,7,72095,11,0.0378831856280096,2731,0.9,2457.9,0.07971535162288908,195,2517,0.89932
2031-11-24,Instagram,36-50,North India,Desktop,Image,20,33597,11,0.09134198488604896,3068,1.3,3988.4,0.056732337823265505,156,2518,0.89928
2031-11-25,Instagram,26-35,South India,Mobile,Image,2,9707,11,0.06305335056584077,612,1.3,795.6,0.14353602566491522,78,2519,0.89924
2031-11-26,Instagram,18-25,West India,Mobile,Video,11,49943,11,0.10610327403313806,5299,1.3,6888.7,0.18155905268212044,865,2520,0.8992
2031-11-27,Google,18-25,South India,Mobile,Text,17,64803,11,0.05919631711351327,3836,0.9,3452.4,0.16178662222929566,557,2521,0.89916
2031-11-28,Google,36-50,West India,Mobile,Video,14,94555,11,0.05000429552675703,4728,0.9,4255.2,0.10370030501810018,440,2522,0.89912
2031-11-29,Google,18-25,North India,Desktop,Image,13,89377,11,0.055294142046711986,4942,0.9,4447.8,0.12061706105444897,535,2523,0.89908
2031-11-30,Instagram,36-50,South India,Mobile,Image,8,86176,11,0.0480124827036122,4137,1.3,5378.1,0.1079089140353284,400,2524,0.89904
2031-12-01,Google,26-35,North India,Mobile,Text,4,99162,12,0.06769379567413533,6712,0.9,6040.8,0.09536422720334588,575,2525,0.899
2031-12-02,Google,26-35,West India,Mobile,Video,14,76276,12,0.03719999137734969,2837,0.9,2553.3,0.07537253051015283,191,2526,0.89896
2031-12-03,Instagram,18-25,North India,Mobile,Text,7,4155,12,0.06151704831308368,255,1.3,331.5,0.09806716433287982,22,2527,0.8989199999999999
2031-12-04,Google,26-35,West India,Mobile,Text,22,24572,12,0.0348763933095925,856,0.9,770.4,0.13504079003835176,103,2528,0.89888
2031-12-05,Instagram,26-35,West India,Mobile,Image,2,60694,12,0.10679901985134983,6482,1.3,8426.6,0.1609114415907334,937,2529,0.89884
2031-12-06,Instagram,18-25,West India,Mobile,Text,11,67514,12,0.0420949263399045,2841,1.3,3693.3,0.09152332998506921,233,2530,0.8988
2031-12-07,Instagram,26-35,North India,Mobile,Image,4,77033,12,0.10154154974021275,7822,1.3,10168.6,0.06935427990437859,487,2531,0.89876
2031-12-08,Google,18-25,North India,Desktop,Video,8,45843,12,0.032998326977787644,1512,0.9,1360.8,0.17913396426231615,242,2532,0.89872
2031-12-09,Google,36-50,South India,Mobile,Text,19,85967,12,0.0613240121306956,5271,0.9,4743.900000000001,0.16822519285336976,796,2533,0.8986799999999999
2031-12-10,Instagram,36-50,South India,Mobile,Text,2,36357,12,0.08912270914079927,3240,1.3,4212.0,0.08677019712802052,252,2534,0.89864
2031-12-11,Instagram,36-50,North India,Mobile,Video,22,24167,12,0.0489212438345708,1182,1.3,1536.6000000000001,0.19312924534439813,204,2535,0.8986
2031-12-12,Instagram,18-25,North India,Mobile,Text,7,72478,12,0.05124931402832468,3714,1.3,4828.2,0.1434801670332808,478,2536,0.89856
2031-12-13,Google,18-25,North India,Mobile,Video,20,19983,12,0.047915370187972366,957,0.9,861.3000000000001,0.10873988041401599,93,2537,0.89852
2031-12-14,Instagram,26-35,North India,Desktop,Image,12,36276,12,0.03674811656544405,1333,1.3,1732.9,0.1332658274543962,159,2538,0.89848
2031-12-15,Instagram,26-35,West India,Mobile,Image,7,46279,12,0.05806119332946784,2687,1.3,3493.1,0.12135295044506958,292,2539,0.89844
2031-12-16,Instagram,26-35,West India,Desktop,Text,4,60483,12,0.049742892259803884,3008,1.3,3910.4,0.11994104895490874,323,2540,0.8984
2031-12-17,Instagram,26-35,West India,Mobile,Image,6,84113,12,0.07833779779878766,6589,1.3,8565.7,0.061581382842873136,363,2541,0.89836
2031-12-18,Instagram,26-35,North India,Desktop,Image,4,72451,12,0.07676579769708182,5561,1.3,7229.3,0.08677373867440112,432,2542,0.89832
2031-12-19,Instagram,18-25,West India,Desktop,Video,8,92869,12,0.041541109441573604,3857,1.3,5014.1,0.05855007084652644,202,2543,0.89828
2031-12-20,Google,18-25,West India,Mobile,Image,4,3045,12,0.045135113857662876,137,0.9,123.3,0.12585025914459744,15,2544,0.8982399999999999
2031-12-21,Google,36-50,South India,Mobile,Image,7,90716,12,0.03283486009143663,2978,0.9,2680.2000000000003,0.18671125005101932,499,2545,0.8982
2031-12-22,Google,36-50,South India,Mobile,Image,11,43344,12,0.04168822023217129,1806,0.9,1625.4,0.1302836198273935,211,2546,0.89816
2031-12-23,Google,36-50,West India,Mobile,Video,3,10564,12,0.06286396699816933,664,0.9,597.6,0.05981571224908851,35,2547,0.89812
2031-12-24,Google,36-50,West India,Desktop,Text,8,12105,12,0.037082795409620006,448,0.9,403.2,0.14471491058799907,57,2548,0.89808
2031-12-25,Google,18-25,West India,Mobile,Video,21,57754,12,0.04286949829608855,2475,0.9,2227.5,0.07033810498860586,156,2549,0.89804
2031-12-26,Google,18-25,North India,Mobile,Text,21,21056,12,0.05460916818768391,1149,0.9,1034.1000000000001,0.1321165285529376,135,2550,0.898
2031-12-27,Google,18-25,South India,Desktop,Text,13,64565,12,0.0384663009457197,2483,0.9,2234.7000000000003,0.1308923464688744,291,2551,0.89796
2031-12-28,Instagram,26-35,South India,Desktop,Image,18,48689,12,0.03521114908703447,1714,1.3,2228.2000000000003,0.14200063431185309,218,2552,0.89792
2031-12-29,Instagram,26-35,South India,Mobile,Image,12,33135,12,0.07338686110848458,2431,1.3,3160.3,0.13437453003424493,292,2553,0.89788
2031-12-30,Google,36-50,West India,Desktop,Video,2,33812,12,0.05254317084998959,1776,0.9,1598.4,0.07003306809336529,111,2554,0.89784
2031-12-31,Instagram,26-35,North India,Mobile,Video,3,71047,12,0.059496814080551914,4227,1.3,5495.1,0.12553466287900458,475,2555,0.8977999999999999
2032-01-01,Google,18-25,South India,Mobile,Video,0,23772,1,0.06901768415135794,1640,0.9,1476.0,0.08914887348783078,131,2556,0.89776
2032-01-02,Google,36-50,South India,Mobile,Image,21,81957,1,0.07038366692051945,5768,0.9,5191.2,0.13205471630298563,683,2557,0.89772
2032-01-03,Google,36-50,North India,Desktop,Text,0,93652,1,0.05359411543748005,5019,0.9,4517.1,0.0828722103050667,372,2558,0.89768
2032-01-04,Google,26-35,West India,Mobile,Video,10,8775,1,0.04468891044852977,392,0.9,352.8,0.16218549438063504,56,2559,0.89764
2032-01-05,Instagram,36-50,West India,Mobile,Text,15,93482,1,0.034976396171080046,3269,1.3,4249.7,0.15091714655360297,442,2560,0.8976
2032-01-06,Instagram,26-35,South India,Mobile,Image,3,55523,1,0.054703189798946575,3037,1.3,3948.1,0.09959637215682121,271,2561,0.89756
2032-01-07,Google,26-35,South India,Mobile,Image,6,11707,1,0.03743555152748487,438,0.9,394.2,0.1389738784363543,53,2562,0.89752
2032-01-08,Google,36-50,North India,Mobile,Image,11,14372,1,0.04224068250783238,607,0.9,546.3000000000001,0.15296612122896816,82,2563,0.89748
2032-01-09,Google,26-35,South India,Desktop,Image,5,96350,1,0.046146160143869845,4446,0.9,4001.4,0.05831070156684025,232,2564,0.89744
2032-01-10,Google,26-35,North India,Mobile,Text,23,62526,1,0.047531620663664696,2971,0.9,2673.9,0.12276781722628477,326,2565,0.8974
2032-01-11,Google,26-35,South India,Mobile,Text,19,66106,1,0.06651732531993777,4397,0.9,3957.3,0.06874072866859669,271,2566,0.8973599999999999
2032-01-12,Google,26-35,South India,Desktop,Video,8,89143,1,0.05009973005312467,4466,0.9,4019.4,0.1526430082355868,611,2567,0.89732
2032-01-13,Instagram,36-50,South India,Desktop,Text,7,54475,1,0.08166525855529631,4448,1.3,5782.400000000001,0.16718753830422942,666,2568,0.89728
2032-01-14,Instagram,18-25,West India,Mobile,Text,13,58201,1,0.10344166169699792,6020,1.3,7826.0,0.15110219737342293,815,2569,0.89724
2032-01-15,Google,18-25,North India,Mobile,Text,14,28957,1,0.031399712989960284,909,0.9,818.1,0.0680009231433943,54,2570,0.8972
2032-01-16,Instagram,26-35,North India,Desktop,Video,20,96814,1,0.048368103008288914,4682,1.3,6086.6,0.06662936780376905,279,2571,0.89716
2032-01-17,Google,26-35,West India,Desktop,Text,21,57243,1,0.04876877136412754,2791,0.9,2511.9,0.1456440193747844,364,2572,0.89712
2032-01-18,Google,26-35,West India,Mobile,Text,4,74752,1,0.06269883270749589,4686,0.9,4217.400000000001,0.14033000276487226,589,2573,0.89708
2032-01-19,Google,18-25,West India,Mobile,Text,14,76542,1,0.03700273686589576,2832,0.9,2548.8,0.10730779565225268,271,2574,0.89704
2032-01-20,Instagram,26-35,North India,Mobile,Image,5,34993,1,0.05897056687639873,2063,1.3,2681.9,0.0423105817153906,78,2575,0.897
2032-01-21,Instagram,36-50,South India,Mobile,Text,0,35016,1,0.0711840422293858,2492,1.3,3239.6,0.1357425944236288,303,2576,0.89696
2032-01-22,Instagram,36-50,West India,Mobile,Video,19,26354,1,0.05173537036182867,1363,1.3,1771.9,0.07502367582455544,91,2577,0.8969199999999999
2032-01-23,Google,36-50,West India,Mobile,Video,8,49637,1,0.059474609642482384,2952,0.9,2656.8,0.20642757364568515,546,2578,0.89688
2032-01-24,Instagram,18-25,West India,Mobile,Video,3,85762,1,0.043005610968409276,3688,1.3,4794.400000000001,0.12110117972590945,399,2579,0.89684
2032-01-25,Google,26-35,South India,Desktop,Video,1,84502,1,0.051481272846861985,4350,0.9,3915.0,0.1664733643904352,649,2580,0.8968
2032-01-26,Instagram,26-35,South India,Mobile,Image,5,5848,1,0.06713822204912555,392,1.3,509.6,0.0872863105452741,30,2581,0.89676
2032-01-27,Google,26-35,West India,Mobile,Video,1,43673,1,0.05980786920740615,2611,0.9,2349.9,0.12781274824498787,298,2582,0.89672
2032-01-28,Google,18-25,South India,Desktop,Image,2,12783,1,0.036985500155708305,472,0.9,424.8,0.16021386749581892,67,2583,0.89668
2032-01-29,Instagram,18-25,West India,Mobile,Image,6,65694,1,0.07444221409591309,4890,1.3,6357.0,0.10888231874596843,477,2584,0.89664
2032-01-30,Instagram,18-25,South India,Mobile,Image,19,62865,1,0.08556864783869929,5379,1.3,6992.7,0.17446838873821643,841,2585,0.8966
2032-01-31,Google,18-25,North India,Desktop,Video,16,54907,1,0.019390626786041764,1064,0.9,957.6,0.15939917878553184,151,2586,0.89656
2032-02-01,Instagram,36-50,North India,Mobile,Video,8,51669,2,0.05156756337962225,2664,1.3,3463.2000000000003,0.05794658773980558,138,2587,0.89652
2032-02-02,Google,18-25,South India,Desktop,Image,21,11924,2,0.06455693216843962,769,0.9,692.1,0.13745265226149336,94,2588,0.8964799999999999
2032-02-03,Instagram,18-25,North India,Mobile,Image,8,71178,2,0.09958795705227434,7088,1.3,9214.4,0.1194757245438218,758,2589,0.89644
2032-02-04,Instagram,18-25,North India,Mobile,Video,18,71732,2,0.11600207799069395,8321,1.3,10817.300000000001,0.10639137704161683,793,2590,0.8964
2032-02-05,Instagram,26-35,North India,Desktop,Text,4,77691,2,0.0485080598274775,3768,1.3,4898.400000000001,0.06878394000858593,232,2591,0.89636
2032-02-06,Instagram,26-35,West India,Mobile,Text,5,78591,2,0.045516922868115234,3577,1.3,4650.1,0.04148362368722631,132,2592,0.89632
2032-02-07,Google,26-35,South India,Desktop,Text,17,21152,2,0.027293425452242916,577,0.9,519.3000000000001,0.09580188302760712,49,2593,0.89628
2032-02-08,Google,36-50,South India,Mobile,Video,0,9072,2,0.02220760464021677,201,0.9,180.9,0.11500302541094998,20,2594,0.8962399999999999
2032-02-09,Instagram,36-50,South India,Mobile,Video,16,82501,2,0.03701797898499985,3054,1.3,3970.2000000000003,0.22855640722964957,625,2595,0.8962
2032-02-10,Google,18-25,North India,Desktop,Image,13,45687,2,0.06022438642362016,2751,0.9,2475.9,0.1276651927854317,314,2596,0.89616
2032-02-11,Google,26-35,West India,Mobile,Video,14,98526,2,0.03707791967413561,3653,0.9,3287.7000000000003,0.12529031697537077,409,2597,0.89612
2032-02-12,Google,36-50,South India,Mobile,Video,4,22942,2,0.057101868242304996,1310,0.9,1179.0,0.19225229401892435,224,2598,0.89608
2032-02-13,Google,26-35,North India,Mobile,Video,16,48417,2,0.06210817595873846,3007,0.9,2706.3,0.16989163415960756,456,2599,0.89604
2032-02-14,Instagram,36-50,West India,Mobile,Image,20,93379,2,0.10022374914206625,9358,1.3,12165.4,0.1072638248204281,898,2600,0.896
2032-02-15,Google,36-50,West India,Desktop,Image,20,62259,2,0.06711993044125729,4178,0.9,3760.2000000000003,0.050606092290326046,189,2601,0.89596
2032-02-16,Instagram,18-25,South India,Desktop,Text,22,6490,2,0.09379205357969754,608,1.3,790.4,0.13957414321132589,75,2602,0.89592
2032-02-17,Google,18-25,South India,Mobile,Text,22,22719,2,0.08556860625391409,1944,0.9,1749.6000000000001,0.049218181200928704,85,2603,0.89588
2032-02-18,Google,36-50,North India,Mobile,Video,10,50200,2,0.04356104561415707,2186,0.9,1967.4,0.18086208951021202,353,2604,0.89584
2032-02-19,Google,18-25,South India,Mobile,Video,9,39684,2,0.04843795118661354,1922,0.9,1729.8,0.11455219375407227,197,2605,0.8957999999999999
2032-02-20,Google,36-50,North India,Mobile,Image,16,19894,2,0.046460350773191966,924,0.9,831.6,0.12288604826897463,101,2606,0.89576
2032-02-21,Google,36-50,West India,Desktop,Text,0,31837,2,0.041907880033620976,1334,0.9,1200.6000000000001,0.12210812989653416,145,2607,0.89572
2032-02-22,Instagram,26-35,West India,Mobile,Text,4,53812,2,0.04648222974941902,2501,1.3,3251.3,0.038187903373794074,85,2608,0.89568
2032-02-23,Google,18-25,West India,Mobile,Text,15,68282,2,0.06106888881385556,4169,0.9,3752.1,0.0797691023955786,297,2609,0.89564
2032-02-24,Instagram,18-25,West India,Desktop,Video,6,91607,2,0.07212458549297233,6607,1.3,8589.1,0.1494960253438982,883,2610,0.8956
2032-02-25,Google,18-25,South India,Mobile,Video,11,74706,2,0.05966252908048896,4457,0.9,4011.3,0.20953705690047467,835,2611,0.89556
2032-02-26,Google,26-35,South India,Mobile,Video,7,99937,2,0.04060635939748853,4058,0.9,3652.2000000000003,0.18544383745173965,673,2612,0.89552
2032-02-27,Instagram,26-35,North India,Mobile,Image,17,57132,2,0.061241311783373144,3498,1.3,4547.400000000001,0.1571867748397899,491,2613,0.89548
2032-02-28,Google,26-35,North India,Desktop,Text,0,79425,2,0.020903895890989614,1660,0.9,1494.0,0.041651797974024934,61,2614,0.89544
2032-02-29,Google,18-25,North India,Mobile,Image,19,61161,2,0.06240568016503218,3816,0.9,3434.4,0.047552326293372936,162,2615,0.8954
2032-03-01,Google,18-25,North India,Mobile,Text,11,20104,3,0.029487468649313744,592,0.9,532.8000000000001,0.12426039401019606,65,2616,0.8953599999999999
2032-03-02,Google,18-25,North India,Desktop,Video,3,16140,3,0.041716968283828065,673,0.9,605.7,0.12012561798957656,71,2617,0.89532
2032-03-03,Instagram,26-35,West India,Desktop,Image,11,94272,3,0.08743553049447642,8242,1.3,10714.6,0.1181712142326447,871,2618,0.89528
2032-03-04,Google,26-35,West India,Desktop,Image,21,9152,3,0.07941206490520926,726,0.9,653.4,0.13706466948378948,88,2619,0.89524
2032-03-05,Instagram,36-50,West India,Mobile,Video,0,49486,3,0.04806168722000942,2378,1.3,3091.4,0.23500198213090304,499,2620,0.8952
2032-03-06,Instagram,26-35,North India,Mobile,Text,0,86277,3,0.10816693174547602,9332,1.3,12131.6,0.04388244727179545,366,2621,0.89516
2032-03-07,Google,36-50,West India,Mobile,Text,2,39147,3,0.07151358635727076,2799,0.9,2519.1,0.05165434102588762,128,2622,0.89512
2032-03-08,Instagram,18-25,West India,Mobile,Text,20,88890,3,0.04923241096242419,4376,1.3,5688.8,0.14595710254193509,571,2623,0.89508
2032-03-09,Google,26-35,West India,Mobile,Text,11,9666,3,0.07354308638230832,710,0.9,639.0,0.04008662578535122,25,2624,0.89504
2032-03-10,Instagram,18-25,West India,Mobile,Video,21,94939,3,0.08073311375414402,7664,1.3,9963.2,0.13604405456660906,932,2625,0.895
2032-03-11,Google,18-25,South India,Mobile,Video,20,35726,3,0.08044101777428293,2873,0.9,2585.7000000000003,0.21544276591635964,553,2626,0.89496
2032-03-12,Instagram,18-25,North India,Mobile,Video,12,49689,3,0.09073408060692864,4508,1.3,5860.400000000001,0.08444139422074537,340,2627,0.8949199999999999
2032-03-13,Google,18-25,North India,Desktop,Video,12,47116,3,0.03326591350078734,1567,0.9,1410.3,0.08299149544979227,116,2628,0.89488
2032-03-14,Google,26-35,South India,Mobile,Image,20,72420,3,0.04115946130328329,2980,0.9,2682.0,0.10095674712995599,268,2629,0.89484
2032-03-15,Instagram,18-25,West India,Mobile,Image,8,78848,3,0.09604351294249279,7572,1.3,9843.6,0.0671015921929015,454,2630,0.8948
2032-03-16,Instagram,36-50,West India,Mobile,Image,17,86534,3,0.09015872335318761,7801,1.3,10141.300000000001,0.14849713947317114,1036,2631,0.89476
2032-03-17,Google,26-35,West India,Mobile,Video,0,4820,3,0.07606756241249515,366,0.9,329.40000000000003,0.0897854195167319,28,2632,0.89472
2032-03-18,Google,18-25,North India,Mobile,Text,5,5322,3,0.05617438838938408,298,0.9,268.2,0.06374086926804218,16,2633,0.89468
2032-03-19,Instagram,26-35,North India,Mobile,Image,22,39235,3,0.045394945838771725,1781,1.3,2315.3,0.1259130121658294,200,2634,0.89464
2032-03-20,Instagram,36-50,North India,Desktop,Image,23,60961,3,0.029981768945373122,1827,1.3,2375.1,0.18332199976934124,298,2635,0.8946
2032-03-21,Instagram,18-25,North India,Desktop,Video,4,51356,3,0.06784539267178001,3484,1.3,4529.2,0.21060122440502108,655,2636,0.89456
2032-03-22,Instagram,36-50,North India,Mobile,Text,3,25923,3,0.08069198696574324,2091,1.3,2718.3,0.14303449081275588,267,2637,0.89452
2032-03-23,Instagram,18-25,South India,Desktop,Text,5,89478,3,0.034643529729185725,3099,1.3,4028.7000000000003,0.11758772276087291,325,2638,0.8944799999999999
2032-03-24,Instagram,36-50,North India,Mobile,Text,2,34750,3,0.07797462986497357,2709,1.3,3521.7000000000003,0.07255692704208491,175,2639,0.89444
2032-03-25,Google,18-25,West India,Desktop,Video,16,98869,3,0.06347393867493623,6275,0.9,5647.5,0.18322577454489944,1027,2640,0.8944
2032-03-26,Google,26-35,North India,Mobile,Text,10,89448,3,0.06437759340670747,5758,0.9,5182.2,0.08397588262694218,431,2641,0.89436
2032-03-27,Instagram,18-25,South India,Mobile,Image,3,22983,3,0.08014193042719765,1841,1.3,2393.3,0.18017778179324684,296,2642,0.89432
2032-03-28,Instagram,26-35,West India,Desktop,Image,19,88610,3,0.09534126702846714,8448,1.3,10982.4,0.04649348877890632,350,2643,0.89428
2032-03-29,Google,18-25,South India,Mobile,Image,0,6905,3,0.027775281725524972,191,0.9,171.9,0.13810408293977625,23,2644,0.8942399999999999
2032-03-30,Google,18-25,West India,Mobile,Video,3,56483,3,0.054504122933162695,3078,0.9,2770.2000000000003,0.11514237147551441,316,2645,0.8942
2032-03-31,Instagram,36-50,North India,Desktop,Text,22,26028,3,0.047951661443291424,1248,1.3,1622.4,0.06650050155620826,73,2646,0.89416
2032-04-01,Google,36-50,South India,Desktop,Video,2,70609,4,0.061062927382627835,4311,0.9,3879.9,0.2101289371115818,809,2647,0.89412
2032-04-02,Google,36-50,West India,Mobile,Text,9,53046,4,0.067460971546276,3578,0.9,3220.2000000000003,0.1348157120396665,430,2648,0.89408
2032-04-03,Google,18-25,North India,Mobile,Video,21,3234,4,0.03418289072828656,110,0.9,99.0,0.06181910591975729,5,2649,0.89404
2032-04-04,Google,18-25,West India,Desktop,Image,0,81809,4,0.0407248445742809,3331,0.9,2997.9,0.2072134128506691,616,2650,0.894
2032-04-05,Google,18-25,South India,Desktop,Video,3,74167,4,0.04027605621675429,2987,0.9,2688.3,0.14360452929673925,382,2651,0.89396
2032-04-06,Google,26-35,South India,Mobile,Video,18,56011,4,0.07461318603498454,4179,0.9,3761.1,0.2668043569211187,995,2652,0.89392
2032-04-07,Google,26-35,South India,Desktop,Video,0,13061,4,0.03552270008472514,463,0.9,416.7,0.19280574457659688,79,2653,0.89388
2032-04-08,Instagram,18-25,South India,Desktop,Image,15,50253,4,0.05320839423355781,2673,1.3,3474.9,0.1733987193870015,413,2654,0.89384
2032-04-09,Google,36-50,North India,Mobile,Video,18,90354,4,0.08085217536607935,7305,0.9,6574.5,0.23867794355984234,1557,2655,0.8937999999999999
2032-04-10,Instagram,36-50,West India,Desktop,Video,19,45667,4,0.061409842708173915,2804,1.3,3645.2000000000003,0.2233549715806604,559,2656,0.89376
2032-04-11,Instagram,36-50,North India,Mobile,Image,20,90240,4,0.09159779259083352,8265,1.3,10744.5,0.06794958760082764,501,2657,0.89372
2032-04-12,Google,18-25,South India,Mobile,Text,21,59796,4,0.08459590581929798,5058,0.9,4552.2,0.04570010880416093,206,2658,0.89368
2032-04-13,Instagram,36-50,West India,Mobile,Video,17,95898,4,0.11582968688976678,11107,1.3,14439.1,0.11981121587689782,1188,2659,0.89364
2032-04-14,Google,18-25,South India,Mobile,Image,1,65065,4,0.03652955902660615,2376,0.9,2138.4,0.14308174744283284,302,2660,0.8936
2032-04-15,Instagram,26-35,North India,Desktop,Video,5,77386,4,0.07757673058597721,6003,1.3,7803.900000000001,0.19494134715561323,1045,2661,0.89356
2032-04-16,Google,36-50,North India,Mobile,Image,20,31638,4,0.09072470489910682,2870,0.9,2583.0,0.15110332150748312,386,2662,0.89352
2032-04-17,Instagram,26-35,North India,Desktop,Text,0,83455,4,0.10045825813567329,8383,1.3,10897.9,0.081202068213491,607,2663,0.89348
2032-04-18,Instagram,36-50,West India,Desktop,Text,18,24884,4,0.08854623497760446,2203,1.3,2863.9,0.11819702725252733,232,2664,0.89344
2032-04-19,Google,18-25,West India,Desktop,Video,4,98016,4,0.033766382323603746,3309,0.9,2978.1,0.18882815651059434,557,2665,0.8934
2032-04-20,Google,18-25,South India,Mobile,Image,1,31697,4,0.05985296067425655,1897,0.9,1707.3,0.14774103733769475,250,2666,0.8933599999999999
2032-04-21,Instagram,18-25,West India,Mobile,Text,0,84620,4,0.04462487417876029,3776,1.3,4908.8,0.1391855294748305,468,2667,0.89332
2032-04-22,Instagram,18-25,West India,Mobile,Text,15,96837,4,0.09764025819992427,9455,1.3,12291.5,0.11008916666382228,929,2668,0.89328
2032-04-23,Google,36-50,North India,Desktop,Image,20,8114,4,0.05460988632512954,443,0.9,398.7,0.13013772711458463,50,2669,0.89324
2032-04-24,Instagram,26-35,South India,Mobile,Video,1,31550,4,0.1236621367736384,3901,1.3,5071.3,0.2719863289307427,947,2670,0.8932
2032-04-25,Google,18-25,North India,Desktop,Text,3,8469,4,0.07235440333683499,612,0.9,550.8000000000001,0.09155319159418834,50,2671,0.89316
2032-04-26,Instagram,36-50,South India,Desktop,Text,2,48771,4,0.045270693175486855,2207,1.3,2869.1,0.16358650757353344,322,2672,0.89312
2032-04-27,Google,26-35,South India,Desktop,Text,22,7492,4,0.08034558042676167,601,0.9,540.9,0.09745099187172794,51,2673,0.89308
2032-04-28,Instagram,18-25,West India,Mobile,Video,16,2971,4,0.06486751021527577,192,1.3,249.60000000000002,0.12450187433481757,20,2674,0.89304
2032-04-29,Google,26-35,North India,Mobile,Text,14,47350,4,0.04393748231592588,2080,0.9,1872.0,0.16447226883207264,305,2675,0.893
2032-04-30,Google,18-25,West India,Desktop,Image,9,10644,4,0.06711795593562275,714,0.9,642.6,0.16537681291100517,105,2676,0.89296
2032-05-01,Google,26-35,West India,Mobile,Video,11,92705,5,0.044364595654644165,4112,0.9,3700.8,0.204064992380232,749,2677,0.8929199999999999
2032-05-02,Google,26-35,West India,Desktop,Text,11,65194,5,0.0515761378999989,3362,0.9,3025.8,0.15235519397913352,457,2678,0.89288
2032-05-03,Google,18-25,South India,Mobile,Image,19,83632,5,0.03969191428161124,3319,0.9,2987.1,0.04403128743993766,130,2679,0.89284
2032-05-04,Google,36-50,North India,Desktop,Image,6,13534,5,0.05453802403835883,738,0.9,664.2,0.16875898312080495,110,2680,0.8928
2032-05-05,Instagram,26-35,North India,Desktop,Video,9,13768,5,0.06621646338492083,911,1.3,1184.3,0.06169896686070384,49,2681,0.89276
2032-05-06,Google,18-25,West India,Mobile,Image,4,23625,5,0.036880673869402206,871,0.9,783.9,0.04985760719130536,38,2682,0.89272
2032-05-07,Google,26-35,South India,Mobile,Video,19,29660,5,0.08064887271191228,2392,0.9,2152.8,0.19469125191883072,415,2683,0.89268
2032-05-08,Google,26-35,North India,Desktop,Video,19,90680,5,0.06194659797837998,5617,0.9,5055.3,0.10148946225903271,508,2684,0.89264
2032-05-09,Google,36-50,North India,Mobile,Video,10,76176,5,0.04956857152452091,3775,0.9,3397.5,0.1920827850654083,647,2685,0.8926
2032-05-10,Google,26-35,West India,Mobile,Image,1,21032,5,0.05900360258596149,1240,0.9,1116.0,0.11623091965042645,128,2686,0.89256
2032-05-11,Google,26-35,South India,Mobile,Video,23,65935,5,0.032206571347276135,2123,0.9,1910.7,0.12415343176524828,234,2687,0.89252
2032-05-12,Google,18-25,West India,Mobile,Video,15,38892,5,0.0587269992290454,2284,0.9,2055.6,0.06033747876366618,122,2688,0.8924799999999999
2032-05-13,Google,18-25,North India,Mobile,Image,11,93125,5,0.022438689203782093,2089,0.9,1880.1000000000001,0.09979656828630162,185,2689,0.89244
2032-05-14,Google,36-50,South India,Desktop,Video,15,75186,5,0.055494714032167776,4172,0.9,3754.8,0.10415550125244225,387,2690,0.8924
2032-05-15,Instagram,26-35,West India,Mobile,Text,3,69379,5,0.06819761152844174,4731,1.3,6150.3,0.04311695903105177,181,2691,0.89236
2032-05-16,Google,26-35,North India,Mobile,Image,1,25357,5,0.073913314838527,1874,0.9,1686.6000000000001,0.12716167445996163,212,2692,0.89232
2032-05-17,Google,26-35,West India,Desktop,Image,9,83512,5,0.039517392029525186,3300,0.9,2970.0,0.17682716368968043,520,2693,0.89228
2032-05-18,Instagram,36-50,West India,Mobile,Image,12,1497,5,0.09541082146967442,142,1.3,184.6,0.09304802795551634,11,2694,0.89224
2032-05-19,Google,26-35,West India,Mobile,Text,22,3134,5,0.05610348561825573,175,0.9,157.5,0.06937452555082489,10,2695,0.8922
2032-05-20,Instagram,18-25,South India,Desktop,Video,18,19833,5,0.10447881987549115,2072,1.3,2693.6,0.069424643169382,127,2696,0.89216
2032-05-21,Google,36-50,North India,Desktop,Image,14,71948,5,0.025500378772919427,1834,0.9,1650.6000000000001,0.06767831440697548,110,2697,0.89212
2032-05-22,Instagram,18-25,North India,Mobile,Image,22,33666,5,0.07638885268264152,2571,1.3,3342.3,0.07590130922318795,173,2698,0.89208
2032-05-23,Instagram,18-25,North India,Desktop,Image,0,57600,5,0.05887921183880616,3391,1.3,4408.3,0.08377535650719659,253,2699,0.8920399999999999
2032-05-24,Google,36-50,North India,Desktop,Text,16,70828,5,0.041809879268498634,2961,0.9,2664.9,0.103969974804039,273,2700,0.892
2032-05-25,Instagram,18-25,South India,Mobile,Text,19,93923,5,0.07772525909156026,7300,1.3,9490.0,0.052436833558561116,340,2701,0.89196
2032-05-26,Google,26-35,West India,Mobile,Text,3,98362,5,0.025313962999269954,2489,0.9,2240.1,0.04095244569735883,90,2702,0.89192
2032-05-27,Google,36-50,North India,Desktop,Video,19,1026,5,0.05384789439180361,55,0.9,49.5,0.1941208580398363,8,2703,0.89188
2032-05-28,Instagram,18-25,South India,Mobile,Video,8,13108,5,0.046504038623842094,609,1.3,791.7,0.20049007024695012,108,2704,0.89184
2032-05-29,Instagram,26-35,West India,Mobile,Text,5,15470,5,0.05048204687487148,780,1.3,1014.0,0.06710842834292739,46,2705,0.8917999999999999
2032-05-30,Google,26-35,South India,Desktop,Video,2,30785,5,0.02542385612722785,782,0.9,703.8000000000001,0.1708487966788625,118,2706,0.89176
2032-05-31,Google,18-25,South India,Mobile,Text,21,3253,5,0.03406440274815395,110,0.9,99.0,0.11495723942580767,10,2707,0.89172
2032-06-01,Google,26-35,North India,Mobile,Video,1,65538,6,0.06791392307278028,4450,0.9,4005.0,0.1559752646753294,618,2708,0.89168
2032-06-02,Google,36-50,North India,Mobile,Video,17,65889,6,0.05756057787229719,3792,0.9,3412.8,0.17360622886306046,586,2709,0.89164
2032-06-03,Instagram,18-25,West India,Mobile,Text,22,21026,6,0.04262979188802715,896,1.3,1164.8,0.07274386928950756,57,2710,0.8916
2032-06-04,Google,26-35,West India,Mobile,Image,18,53807,6,0.03024325855826251,1627,0.9,1464.3,0.12589065370246802,181,2711,0.89156
2032-06-05,Google,26-35,North India,Mobile,Image,6,63878,6,0.06806152167497333,4347,0.9,3912.3,0.13743786864885166,532,2712,0.89152
2032-06-06,Google,18-25,South India,Mobile,Video,2,45258,6,0.06508428832952613,2945,0.9,2650.5,0.17292810816397955,453,2713,0.89148
2032-06-07,Google,18-25,North India,Mobile,Video,17,95810,6,0.06756892580778705,6473,0.9,5825.7,0.18313419793360944,1056,2714,0.89144
2032-06-08,Google,18-25,West India,Desktop,Video,19,47147,6,0.02081563967394626,981,0.9,882.9,0.12455211745388833,108,2715,0.8914
2032-06-09,Instagram,18-25,South India,Desktop,Video,19,46417,6,0.1023077763347974,4748,1.3,6172.400000000001,0.1910715825589085,808,2716,0.8913599999999999
2032-06-10,Instagram,36-50,South India,Mobile,Video,18,2086,6,0.039403051274523405,82,1.3,106.60000000000001,0.2098741998049888,15,2717,0.89132
2032-06-11,Instagram,18-25,South India,Desktop,Video,8,25406,6,0.07646274283185787,1942,1.3,2524.6,0.14795620271408252,255,2718,0.89128
2032-06-12,Google,36-50,North India,Desktop,Text,15,87987,6,0.037158384959330305,3269,0.9,2942.1,0.03254228218280637,94,2719,0.89124
2032-06-13,Instagram,36-50,North India,Desktop,Image,5,76443,6,0.06397449452386812,4890,1.3,6357.0,0.13945535738029868,606,2720,0.8912
2032-06-14,Instagram,18-25,West India,Mobile,Image,20,73659,6,0.06891638998685197,5076,1.3,6598.8,0.15052251820814164,680,2721,0.89116
2032-06-15,Instagram,36-50,South India,Mobile,Text,11,92838,6,0.058907610391886946,5468,1.3,7108.400000000001,0.08525342892197493,415,2722,0.89112
2032-06-16,Google,18-25,South India,Desktop,Text,5,8084,6,0.04608665528568105,372,0.9,334.8,0.06401700382773107,20,2723,0.89108
2032-06-17,Google,18-25,North India,Mobile,Image,12,86383,6,0.055094370644284234,4759,0.9,4283.1,0.15968915987812968,676,2724,0.89104
2032-06-18,Google,26-35,West India,Mobile,Image,23,54493,6,0.05722480974952444,3118,0.9,2806.2000000000003,0.11136593645825814,309,2725,0.891
2032-06-19,Google,18-25,West India,Mobile,Video,4,23805,6,0.038775376423260996,923,0.9,830.7,0.12798227780736923,105,2726,0.89096
2032-06-20,Google,26-35,South India,Desktop,Image,12,62786,6,0.0307893940417394,1933,0.9,1739.7,0.1802106692471318,310,2727,0.8909199999999999
2032-06-21,Google,36-50,North India,Mobile,Video,19,15248,6,0.07425799123756074,1132,0.9,1018.8000000000001,0.1051956841663203,106,2728,0.89088
2032-06-22,Google,26-35,South India,Mobile,Video,6,71003,6,0.02367384890669245,1680,0.9,1512.0,0.19905875584831784,297,2729,0.89084
2032-06-23,Instagram,36-50,North India,Mobile,Image,11,26384,6,0.08850891479090303,2335,1.3,3035.5,0.12462726455054934,259,2730,0.8908
2032-06-24,Google,18-25,West India,Desktop,Video,20,3896,6,0.062270073319198864,242,0.9,217.8,0.20004737339095996,42,2731,0.89076
2032-06-25,Google,36-50,South India,Mobile,Video,3,11362,6,0.0481534933883825,547,0.9,492.3,0.12541395947431538,60,2732,0.89072
2032-06-26,Instagram,36-50,South India,Mobile,Text,4,86048,6,0.04007039935691814,3447,1.3,4481.1,0.14839781734164154,455,2733,0.89068
2032-06-27,Instagram,18-25,South India,Mobile,Image,15,87175,6,0.03443166463573682,3001,1.3,3901.3,0.12502724892037462,333,2734,0.89064
2032-06-28,Instagram,36-50,West India,Mobile,Text,3,57032,6,0.06545081620673325,3732,1.3,4851.6,0.08609783520754201,285,2735,0.8906
2032-06-29,Instagram,18-25,South India,Mobile,Video,7,62022,6,0.0746289192903968,4628,1.3,6016.400000000001,0.10382229187773263,427,2736,0.89056
2032-06-30,Google,26-35,West India,Mobile,Video,15,84254,6,0.06823157718489926,5748,0.9,5173.2,0.1338106034043754,684,2737,0.89052
2032-07-01,Instagram,18-25,North India,Mobile,Text,7,91629,7,0.08813235635444294,8075,1.3,10497.5,0.09702699749046748,697,2738,0.8904799999999999
2032-07-02,Google,18-25,West India,Mobile,Text,16,89998,7,0.04520196818442159,4068,0.9,3661.2000000000003,0.1409085451849075,510,2739,0.89044
2032-07-03,Google,36-50,North India,Desktop,Text,13,84208,7,0.025508094551714607,2147,0.9,1932.3,0.11189422371559242,213,2740,0.8904
2032-07-04,Google,26-35,West India,Mobile,Video,11,9937,7,0.03774811041287758,375,0.9,337.5,0.18684757451853226,62,2741,0.89036
2032-07-05,Google,18-25,West India,Mobile,Image,2,48391,7,0.052431298838268026,2537,0.9,2283.3,0.14767820509652066,332,2742,0.89032
2032-07-06,Google,26-35,South India,Mobile,Video,19,95079,7,0.06415833060629168,6100,0.9,5490.0,0.10392428308735087,563,2743,0.89028
2032-07-07,Instagram,26-35,West India,Mobile,Text,1,88567,7,0.0845212492261705,7485,1.3,9730.5,0.058489910242161026,389,2744,0.89024
2032-07-08,Instagram,36-50,South India,Mobile,Image,12,39696,7,0.08467610818612846,3361,1.3,4369.3,0.083806128781194,250,2745,0.8902
2032-07-09,Instagram,18-25,North India,Mobile,Text,20,54954,7,0.04214610253874279,2316,1.3,3010.8,0.04887080392563151,100,2746,0.89016
2032-07-10,Google,36-50,North India,Desktop,Video,10,83617,7,0.02973781019261281,2486,0.9,2237.4,0.10719952298939703,236,2747,0.89012
2032-07-11,Instagram,18-25,South India,Mobile,Image,23,12226,7,0.09243052930664589,1130,1.3,1469.0,0.14470071004484697,145,2748,0.89008
2032-07-12,Instagram,26-35,North India,Mobile,Image,11,17858,7,0.09185224097108875,1640,1.3,2132.0,0.10941800647659207,159,2749,0.8900399999999999
2032-07-13,Google,18-25,West India,Mobile,Video,17,96868,7,0.05683604688331412,5505,0.9,4954.5,0.16210800722585356,793,2750,0.89
2032-07-14,Instagram,18-25,South India,Mobile,Text,8,57848,7,0.0775177937889537,4484,1.3,5829.2,0.0840132875481863,334,2751,0.88996
2032-07-15,Google,26-35,South India,Mobile,Text,6,40300,7,0.03990463422441753,1608,0.9,1447.2,0.06427086226389271,91,2752,0.88992
2032-07-16,Google,26-35,South India,Mobile,Text,5,42470,7,0.06551000018369958,2782,0.9,2503.8,0.0639410416359261,157,2753,0.88988
2032-07-17,Instagram,18-25,North India,Mobile,Video,23,26113,7,0.09284753415542102,2424,1.3,3151.2000000000003,0.14149766245439183,304,2754,0.88984
2032-07-18,Google,36-50,North India,Mobile,Text,13,53096,7,0.060007785899642875,3186,0.9,2867.4,0.05087352250398116,144,2755,0.8897999999999999
2032-07-19,Google,18-25,West India,Mobile,Image,17,23016,7,0.05299450949273653,1219,0.9,1097.1000000000001,0.09560340412286787,103,2756,0.88976
2032-07-20,Instagram,26-35,West India,Mobile,Text,13,71920,7,0.04979218771690084,3581,1.3,4655.3,0.059327096390349256,188,2757,0.88972
2032-07-21,Instagram,36-50,South India,Mobile,Text,4,18750,7,0.09605407503372171,1801,1.3,2341.3,0.12415533436101897,198,2758,0.88968
2032-07-22,Google,26-35,West India,Mobile,Image,19,18445,7,0.0357950320632412,660,0.9,594.0,0.1261589174291587,73,2759,0.88964
2032-07-23,Google,26-35,North India,Mobile,Image,23,95440,7,0.04391395685103247,4191,0.9,3771.9,0.08868962058141276,330,2760,0.8896
2032-07-24,Google,36-50,West India,Mobile,Text,12,36075,7,0.03897079584884862,1405,0.9,1264.5,0.04931738482460611,61,2761,0.88956
2032-07-25,Instagram,26-35,North India,Mobile,Image,0,17691,7,0.10978488746758507,1942,1.3,2524.6,0.0661716363214078,113,2762,0.88952
2032-07-26,Google,26-35,West India,Mobile,Video,11,95610,7,0.06502992961336589,6217,0.9,5595.3,0.12733112187879195,703,2763,0.88948
2032-07-27,Google,26-35,North India,Mobile,Image,18,75724,7,0.03750889440909029,2840,0.9,2556.0,0.16728696244974456,422,2764,0.88944
2032-07-28,Instagram,26-35,North India,Mobile,Video,9,26860,7,0.03466839112318094,931,1.3,1210.3,0.08881565193607086,72,2765,0.8894
2032-07-29,Google,26-35,West India,Mobile,Image,23,31171,7,0.022396773079700685,698,0.9,628.2,0.06676664996682494,40,2766,0.8893599999999999
2032-07-30,Google,26-35,West India,Mobile,Video,4,30421,7,0.05115322010383932,1556,0.9,1400.4,0.08507481426488636,117,2767,0.88932
2032-07-31,Google,26-35,North India,Mobile,Video,19,43089,7,0.06050806673172848,2607,0.9,2346.3,0.1586190061324062,367,2768,0.88928
2032-08-01,Instagram,26-35,South India,Desktop,Text,5,32990,8,0.036837749199442896,1215,1.3,1579.5,0.15713215725027374,168,2769,0.88924
2032-08-02,Google,26-35,West India,Desktop,Image,11,66839,8,0.02878652386506038,1924,0.9,1731.6000000000001,0.050524027348694926,86,2770,0.8892
2032-08-03,Google,18-25,North India,Mobile,Image,20,7486,8,0.027050550775393294,202,0.9,181.8,0.13765537602897202,24,2771,0.88916
2032-08-04,Instagram,18-25,West India,Desktop,Image,2,72102,8,0.08411859089058993,6065,1.3,7884.5,0.10924493515232986,588,2772,0.88912
2032-08-05,Google,26-35,West India,Mobile,Video,13,88077,8,0.025927341619204004,2283,0.9,2054.7000000000003,0.1866319984058196,378,2773,0.88908
2032-08-06,Google,18-25,West India,Mobile,Text,20,70427,8,0.08528479652925332,6006,0.9,5405.400000000001,0.08415913340972046,448,2774,0.88904
2032-08-07,Google,36-50,West India,Desktop,Image,3,10046,8,0.025814984656012806,259,0.9,233.1,0.04073027523475095,8,2775,0.889
2032-08-08,Google,18-25,West India,Desktop,Text,16,30741,8,0.03713548353743973,1141,0.9,1026.9,0.11525276883081897,116,2776,0.88896
2032-08-09,Google,26-35,South India,Desktop,Text,16,60089,8,0.03753001756081727,2255,0.9,2029.5,0.14316346038168837,286,2777,0.8889199999999999
2032-08-10,Google,26-35,South India,Mobile,Video,13,6724,8,0.05240755563110127,352,0.9,316.8,0.21949349819950303,68,2778,0.88888
2032-08-11,Google,18-25,South India,Mobile,Image,14,49347,8,0.06503927918237186,3209,0.9,2888.1,0.13163389852063528,375,2779,0.88884
2032-08-12,Google,26-35,North India,Mobile,Text,6,23664,8,0.04796814827798289,1135,0.9,1021.5,0.0460975830655376,46,2780,0.8888
2032-08-13,Instagram,36-50,South India,Mobile,Image,3,71886,8,0.04699986882904054,3378,1.3,4391.400000000001,0.1009545352107356,303,2781,0.88876
2032-08-14,Instagram,36-50,South India,Mobile,Image,16,80561,8,0.054559080960441014,4395,1.3,5713.5,0.16477453774865125,643,2782,0.88872
2032-08-15,Instagram,26-35,North India,Desktop,Image,5,94761,8,0.038167044674769494,3616,1.3,4700.8,0.10375692441788595,333,2783,0.88868
2032-08-16,Instagram,36-50,South India,Mobile,Text,10,10164,8,0.07641435407817432,776,1.3,1008.8000000000001,0.12893110350282766,88,2784,0.88864
2032-08-17,Google,36-50,West India,Mobile,Video,11,75906,8,0.06618862297585426,5024,0.9,4521.6,0.04878786680427824,217,2785,0.8886
2032-08-18,Instagram,18-25,South India,Mobile,Video,14,33872,8,0.04758048940508583,1611,1.3,2094.3,0.06629083238347813,94,2786,0.88856
2032-08-19,Google,36-50,South India,Mobile,Text,11,91366,8,0.04670085649262173,4266,0.9,3839.4,0.12656431765492632,478,2787,0.88852
2032-08-20,Instagram,18-25,South India,Mobile,Image,10,90491,8,0.0387299185432674,3504,1.3,4555.2,0.08869108966465435,275,2788,0.8884799999999999
2032-08-21,Instagram,26-35,West India,Desktop,Image,16,60879,8,0.07381931134195222,4494,1.3,5842.2,0.09434613627910479,375,2789,0.88844
2032-08-22,Instagram,18-25,West India,Mobile,Video,7,48037,8,0.041033678659499855,1971,1.3,2562.3,0.15587832917811464,272,2790,0.8884
2032-08-23,Instagram,26-35,West India,Mobile,Text,11,23985,8,0.07808263448795294,1872,1.3,2433.6,0.04732972473801614,78,2791,0.88836
2032-08-24,Instagram,26-35,West India,Desktop,Text,8,89591,8,0.08986199570172575,8050,1.3,10465.0,0.13309229427958344,951,2792,0.88832
2032-08-25,Google,26-35,North India,Desktop,Video,10,91702,8,0.04928924258105001,4519,0.9,4067.1,0.06865170792204431,275,2793,0.88828
2032-08-26,Google,26-35,West India,Desktop,Text,2,58868,8,0.0341173404833043,2008,0.9,1807.2,0.12126062274210084,215,2794,0.88824
2032-08-27,Instagram,26-35,West India,Desktop,Text,6,78925,8,0.08360087920131033,6598,1.3,8577.4,0.06883741291623123,403,2795,0.8882
2032-08-28,Google,18-25,West India,Mobile,Video,20,20347,8,0.06062136490594195,1233,0.9,1109.7,0.09167512231012329,100,2796,0.88816
2032-08-29,Instagram,26-35,West India,Desktop,Video,2,42623,8,0.05802947182467159,2473,1.3,3214.9,0.18597246942945903,407,2797,0.88812
2032-08-30,Instagram,36-50,North India,Mobile,Text,20,17360,8,0.09159395098775135,1590,1.3,2067.0,0.0947264074139435,133,2798,0.88808
2032-08-31,Google,36-50,South India,Desktop,Text,15,15214,8,0.023479752224000602,357,0.9,321.3,0.06429966005321362,19,2799,0.8880399999999999
2032-09-01,Instagram,26-35,South India,Mobile,Video,9,28222,9,0.09885977721029734,2790,1.3,3627.0,0.05327054716841154,131,2800,0.888
2032-09-02,Instagram,36-50,West India,Mobile,Video,22,73279,9,0.10846285791309807,7948,1.3,10332.4,0.2114698597391666,1491,2801,0.88796
2032-09-03,Instagram,18-25,West India,Mobile,Image,6,35303,9,0.08246991528971148,2911,1.3,3784.3,0.10039406647716359,259,2802,0.88792
2032-09-04,Instagram,18-25,West India,Mobile,Text,23,15698,9,0.10474418006348939,1644,1.3,2137.2000000000003,0.08129331259213168,118,2803,0.88788
2032-09-05,Google,26-35,South India,Mobile,Text,19,30602,9,0.04732696322601857,1448,0.9,1303.2,0.043986179335918155,55,2804,0.88784
2032-09-06,Instagram,26-35,South India,Mobile,Video,14,15947,9,0.0724145373579894,1154,1.3,1500.2,0.2180857611360579,222,2805,0.8877999999999999
2032-09-07,Instagram,26-35,West India,Desktop,Video,20,53338,9,0.10616242121645103,5662,1.3,7360.6,0.07161873291744672,359,2806,0.88776
2032-09-08,Google,36-50,South India,Mobile,Image,20,36537,9,0.06404881923817383,2340,0.9,2106.0,0.09566017958791045,197,2807,0.88772
2032-09-09,Google,36-50,North India,Mobile,Image,9,23469,9,0.05448168569893186,1278,0.9,1150.2,0.09400681803311141,106,2808,0.88768
2032-09-10,Instagram,18-25,West India,Desktop,Video,11,7486,9,0.03722382078062836,278,1.3,361.40000000000003,0.1840977657950512,45,2809,0.88764
2032-09-11,Google,36-50,West India,Mobile,Text,17,73777,9,0.05809794503894351,4286,0.9,3857.4,0.0767765292247447,292,2810,0.8876
2032-09-12,Instagram,18-25,North India,Mobile,Image,22,97390,9,0.09986799747254696,9726,1.3,12643.800000000001,0.10868451813292414,938,2811,0.88756
2032-09-13,Instagram,36-50,North India,Mobile,Video,22,20371,9,0.06786727428585182,1382,1.3,1796.6000000000001,0.11402554255479502,139,2812,0.88752
2032-09-14,Google,18-25,South India,Mobile,Video,8,33524,9,0.022109204924132306,741,0.9,666.9,0.11042889965996137,71,2813,0.88748
2032-09-15,Instagram,26-35,North India,Desktop,Video,8,66101,9,0.030568231175712328,2020,1.3,2626.0,0.19662997235146884,352,2814,0.88744
2032-09-16,Instagram,36-50,West India,Desktop,Text,3,23474,9,0.03531268170835248,828,1.3,1076.4,0.12882834048835484,94,2815,0.8874
2032-09-17,Google,18-25,South India,Desktop,Video,4,79203,9,0.02223501694491006,1761,0.9,1584.9,0.08502042700334257,132,2816,0.8873599999999999
2032-09-18,Google,36-50,North India,Mobile,Video,6,80337,9,0.04878794900552365,3919,0.9,3527.1,0.1341311310480487,465,2817,0.88732
2032-09-19,Google,26-35,South India,Mobile,Text,6,48141,9,0.0303377361903294,1460,0.9,1314.0,0.14166971958789773,182,2818,0.88728
2032-09-20,Google,18-25,South India,Mobile,Video,10,5405,9,0.07418119976872466,400,0.9,360.0,0.15994518694178514,55,2819,0.88724
2032-09-21,Instagram,36-50,South India,Mobile,Video,9,3153,9,0.07929526794671321,250,1.3,325.0,0.14405041316084805,31,2820,0.8872
2032-09-22,Google,36-50,South India,Mobile,Image,10,26131,9,0.04959059025783495,1295,0.9,1165.5,0.055097147205740306,62,2821,0.88716
2032-09-23,Instagram,26-35,North India,Mobile,Video,23,20680,9,0.10086667552956215,2085,1.3,2710.5,0.06252824348563735,115,2822,0.88712
2032-09-24,Google,26-35,West India,Mobile,Text,23,86233,9,0.04030185964766843,3475,0.9,3127.5,0.06318350468888115,194,2823,0.88708
2032-09-25,Google,18-25,West India,Mobile,Image,17,54644,9,0.03667434985099496,2004,0.9,1803.6000000000001,0.11187553676727824,198,2824,0.88704
2032-09-26,Instagram,36-50,North India,Mobile,Video,11,29283,9,0.07905030027926174,2314,1.3,3008.2000000000003,0.20317255085714,416,2825,0.887
2032-09-27,Instagram,36-50,West India,Desktop,Text,15,94980,9,0.030893524562857964,2934,1.3,3814.2000000000003,0.12946967685714061,336,2826,0.88696
2032-09-28,Google,26-35,South India,Mobile,Video,3,61357,9,0.040193878703020644,2466,0.9,2219.4,0.07313742488580242,159,2827,0.8869199999999999
2032-09-29,Google,26-35,South India,Desktop,Image,16,88899,9,0.022764492794178547,2023,0.9,1820.7,0.15445794662962203,276,2828,0.88688
2032-09-30,Google,18-25,South India,Desktop,Text,16,20646,9,0.039801915990312665,821,0.9,738.9,0.1434906982977101,103,2829,0.88684
2032-10-01,Google,36-50,North India,Mobile,Image,20,40804,10,0.08251372919404246,3366,0.9,3029.4,0.09309701601938099,277,2830,0.8868
2032-10-02,Instagram,36-50,South India,Mobile,Text,22,17036,10,0.07318679210545954,1246,1.3,1619.8,0.08061632389998244,88,2831,0.88676
2032-10-03,Google,18-25,South India,Mobile,Text,4,7726,10,0.061631618628946824,476,0.9,428.40000000000003,0.11392611711852933,47,2832,0.88672
2032-10-04,Google,18-25,North India,Mobile,Video,12,42160,10,0.04213504552099199,1776,0.9,1598.4,0.12845690737296528,202,2833,0.88668
2032-10-05,Google,26-35,South India,Mobile,Text,2,19274,10,0.06096304943751284,1175,0.9,1057.5,0.07211646099881461,74,2834,0.88664
2032-10-06,Instagram,26-35,South India,Desktop,Text,22,91123,10,0.03597505090122103,3278,1.3,4261.400000000001,0.08941675802330687,259,2835,0.8866
2032-10-07,Instagram,18-25,West India,Desktop,Video,16,88091,10,0.0660447414456386,5817,1.3,7562.1,0.1394655027366402,719,2836,0.88656
2032-10-08,Google,18-25,North India,Mobile,Text,10,11168,10,0.04504773624879281,503,0.9,452.7,0.09786044960668122,43,2837,0.88652
2032-10-09,Instagram,36-50,South India,Desktop,Text,0,16103,10,0.03326157932714673,535,1.3,695.5,0.10700601238240802,50,2838,0.8864799999999999
2032-10-10,Google,18-25,South India,Mobile,Text,17,92437,10,0.028296555039859478,2615,0.9,2353.5,0.14815547320131786,343,2839,0.88644
2032-10-11,Google,18-25,South India,Desktop,Text,16,31567,10,0.01903766888059248,600,0.9,540.0,0.04155542570815835,21,2840,0.8864
2032-10-12,Instagram,36-50,South India,Mobile,Video,8,79743,10,0.070709166054665,5638,1.3,7329.400000000001,0.11433538414553751,570,2841,0.88636
2032-10-13,Instagram,18-25,West India,Mobile,Video,19,24691,10,0.09068425237437487,2239,1.3,2910.7000000000003,0.17397204712623945,344,2842,0.88632
2032-10-14,Instagram,26-35,West India,Mobile,Image,6,70092,10,0.07173452156056528,5028,1.3,6536.400000000001,0.13124956444359448,584,2843,0.88628
2032-10-15,Instagram,26-35,West India,Desktop,Text,4,41072,10,0.030388955454847242,1248,1.3,1622.4,0.14327372887264145,157,2844,0.88624
2032-10-16,Google,36-50,West India,Mobile,Video,15,55118,10,0.06921473416293217,3814,0.9,3432.6,0.14678753282871582,495,2845,0.8862
2032-10-17,Instagram,18-25,North India,Mobile,Text,6,34133,10,0.07240941903980133,2471,1.3,3212.3,0.10444295994670776,228,2846,0.88616
2032-10-18,Google,26-35,South India,Desktop,Video,12,16893,10,0.029968049063691632,506,0.9,455.40000000000003,0.1830742351906878,81,2847,0.88612
2032-10-19,Instagram,26-35,West India,Desktop,Image,12,82402,10,0.06988604378604837,5758,1.3,7485.400000000001,0.06606808387767392,336,2848,0.88608
2032-10-20,Google,26-35,South India,Mobile,Text,14,1656,10,0.046422488627889794,76,0.9,68.4,0.1359996411398376,8,2849,0.8860399999999999
2032-10-21,Instagram,26-35,North India,Desktop,Image,22,42120,10,0.04854025748761196,2044,1.3,2657.2000000000003,0.07788532192595328,140,2850,0.886
2032-10-22,Google,18-25,South India,Mobile,Image,16,81632,10,0.04906922067572191,4005,0.9,3604.5,0.10937318173010863,388,2851,0.88596
2032-10-23,Google,18-25,South India,Mobile,Image,16,58518,10,0.04790971113641612,2803,0.9,2522.7000000000003,0.046157001242182964,114,2852,0.88592
2032-10-24,Instagram,18-25,West India,Mobile,Video,18,81983,10,0.056288328195652125,4614,1.3,5998.2,0.18971907642203287,775,2853,0.88588
2032-10-25,Google,18-25,West India,Mobile,Text,9,20854,10,0.06881597860217224,1435,0.9,1291.5,0.14746565440094223,186,2854,0.88584
2032-10-26,Google,26-35,North India,Mobile,Video,1,54212,10,0.026309540430119908,1426,0.9,1283.4,0.05520647580909267,69,2855,0.8858
2032-10-27,Google,36-50,South India,Mobile,Video,13,88519,10,0.03906436020591729,3457,0.9,3111.3,0.17018499322151703,520,2856,0.88576
2032-10-28,Google,36-50,West India,Mobile,Text,22,50696,10,0.07084889273353184,3591,0.9,3231.9,0.14833266246281424,471,2857,0.88572
2032-10-29,Google,26-35,West India,Desktop,Text,2,97732,10,0.04082658978636135,3990,0.9,3591.0,0.10622119380291854,374,2858,0.88568
2032-10-30,Google,26-35,West India,Desktop,Text,6,78582,10,0.05766202471371913,4531,0.9,4077.9,0.1289561674753809,517,2859,0.88564
2032-10-31,Instagram,36-50,North India,Mobile,Text,10,67492,10,0.0637405451401588,4301,1.3,5591.3,0.04565445912546467,173,2860,0.8855999999999999
2032-11-01,Google,36-50,South India,Mobile,Video,16,58795,11,0.057717413572485166,3393,0.9,3053.7000000000003,0.09804823802497688,294,2861,0.88556
2032-11-02,Instagram,26-35,West India,Mobile,Text,14,25560,11,0.09804923874536554,2506,1.3,3257.8,0.0751424478546303,166,2862,0.88552
2032-11-03,Instagram,26-35,South India,Desktop,Text,18,90711,11,0.10773844457168999,9773,1.3,12704.9,0.16583471443988912,1434,2863,0.88548
2032-11-04,Google,18-25,North India,Mobile,Text,10,87831,11,0.06287885489119265,5522,0.9,4969.8,0.1206799995497431,589,2864,0.88544
2032-11-05,Instagram,18-25,South India,Mobile,Image,14,81391,11,0.06247924479790324,5085,1.3,6610.5,0.18039208190217457,811,2865,0.8854
2032-11-06,Google,36-50,West India,Mobile,Text,14,52317,11,0.0512370047330176,2680,0.9,2412.0,0.09196209394252232,217,2866,0.8853599999999999
2032-11-07,Instagram,26-35,South India,Mobile,Text,5,84539,11,0.055519604249940936,4693,1.3,6100.900000000001,0.131229821130949,544,2867,0.88532
2032-11-08,Google,36-50,South India,Mobile,Video,14,79572,11,0.04874265445638538,3878,0.9,3490.2000000000003,0.18799320144192747,645,2868,0.88528
2032-11-09,Google,18-25,North India,Desktop,Image,8,80380,11,0.05505177895013893,4425,0.9,3982.5,0.11366676709240098,444,2869,0.88524
2032-11-10,Instagram,18-25,North India,Mobile,Video,4,1645,11,0.08866977229090933,145,1.3,188.5,0.18572387645241664,23,2870,0.8852
2032-11-11,Instagram,36-50,South India,Mobile,Image,18,34146,11,0.1123846589141698,3837,1.3,4988.1,0.06837068879753028,231,2871,0.88516
2032-11-12,Instagram,18-25,South India,Mobile,Video,23,40877,11,0.062254330720122375,2544,1.3,3307.2000000000003,0.06342963868707334,142,2872,0.88512
2032-11-13,Google,26-35,South India,Desktop,Video,4,53736,11,0.029322074112173142,1575,0.9,1417.5,0.10898964040338842,151,2873,0.88508
2032-11-14,Instagram,36-50,North India,Mobile,Text,21,45693,11,0.041829581851585675,1911,1.3,2484.3,0.04227912818784216,70,2874,0.88504
2032-11-15,Google,26-35,North India,Mobile,Text,12,84060,11,0.042778311861853845,3595,0.9,3235.5,0.03911874218819803,123,2875,0.885
2032-11-16,Google,26-35,South India,Mobile,Image,17,21119,11,0.06668699895446718,1408,0.9,1267.2,0.10853982872164077,134,2876,0.88496
2032-11-17,Google,18-25,North India,Desktop,Image,19,48679,11,0.0482645889654576,2349,0.9,2114.1,0.06466725606396327,133,2877,0.8849199999999999
2032-11-18,Instagram,26-35,West India,Mobile,Image,16,93125,11,0.06967031701805707,6488,1.3,8434.4,0.1506206495978133,864,2878,0.88488
2032-11-19,Google,36-50,North India,Mobile,Text,14,83581,11,0.07121639457311427,5952,0.9,5356.8,0.09784462483340124,514,2879,0.88484
2032-11-20,Google,26-35,North India,Desktop,Video,13,14163,11,0.0448939744057852,635,0.9,571.5,0.10315061892965045,57,2880,0.8848
2032-11-21,Instagram,26-35,North India,Desktop,Image,15,91123,11,0.05940582175810545,5413,1.3,7036.900000000001,0.07611037086044768,363,2881,0.88476
2032-11-22,Google,26-35,West India,Mobile,Text,3,88129,11,0.06508040788327839,5735,0.9,5161.5,0.10101344066637166,512,2882,0.88472
2032-11-23,Google,26-35,West India,Desktop,Text,16,99691,11,0.0300143791430628,2992,0.9,2692.8,0.085646249752429,226,2883,0.88468
2032-11-24,Google,26-35,West India,Mobile,Video,19,31802,11,0.027413012962428353,871,0.9,783.9,0.05736351027986959,43,2884,0.88464
2032-11-25,Instagram,18-25,South India,Mobile,Video,13,53175,11,0.09596603303221753,5102,1.3,6632.6,0.1757272249465506,792,2885,0.8846
2032-11-26,Google,36-50,South India,Mobile,Text,17,94945,11,0.04992757730932274,4740,0.9,4266.0,0.10281826823297846,430,2886,0.88456
2032-11-27,Google,18-25,West India,Mobile,Video,5,11111,11,0.03834944956913161,426,0.9,383.40000000000003,0.09451913196382568,35,2887,0.88452
2032-11-28,Instagram,36-50,South India,Mobile,Video,21,60936,11,0.05855449719736399,3568,1.3,4638.400000000001,0.10646871113348162,335,2888,0.8844799999999999
2032-11-29,Instagram,36-50,South India,Mobile,Text,7,66526,11,0.04432933187113363,2949,1.3,3833.7000000000003,0.09666950326033238,252,2889,0.88444
2032-11-30,Google,36-50,South India,Desktop,Image,8,22119,11,0.03047804565155073,674,0.9,606.6,0.17144923915656776,101,2890,0.8844
2032-12-01,Instagram,36-50,West India,Desktop,Image,23,91211,12,0.06271078337413441,5719,1.3,7434.7,0.09922708124405377,501,2891,0.88436
2032-12-02,Instagram,36-50,North India,Mobile,Text,0,62896,12,0.06795296194775853,4273,1.3,5554.900000000001,0.1272146130102492,480,2892,0.88432
2032-12-03,Instagram,26-35,West India,Mobile,Image,12,36539,12,0.0475912734998657,1738,1.3,2259.4,0.09948084989553393,152,2893,0.88428
2032-12-04,Google,18-25,West India,Mobile,Text,2,90183,12,0.052743260407618744,4756,0.9,4280.400000000001,0.13275966673775516,557,2894,0.88424
2032-12-05,Instagram,18-25,South India,Mobile,Text,5,56387,12,0.060419780774893656,3406,1.3,4427.8,0.15933727231173178,479,2895,0.8842
2032-12-06,Google,26-35,South India,Mobile,Video,16,93489,12,0.07375286948369388,6895,0.9,6205.5,0.05660205276302428,344,2896,0.88416
2032-12-07,Google,36-50,North India,Mobile,Image,7,43823,12,0.05012011566998343,2196,0.9,1976.4,0.04627930482557753,89,2897,0.88412
2032-12-08,Google,18-25,North India,Mobile,Text,5,70555,12,0.029093130352537213,2052,0.9,1846.8,0.04745088138405803,85,2898,0.88408
2032-12-09,Google,26-35,North India,Mobile,Image,15,87190,12,0.037378344878835616,3259,0.9,2933.1,0.05424202375568965,155,2899,0.8840399999999999
2032-12-10,Google,26-35,North India,Desktop,Image,0,48418,12,0.05083908732610443,2461,0.9,2214.9,0.09844555848776408,213,2900,0.884
2032-12-11,Instagram,18-25,West India,Desktop,Image,9,94870,12,0.029776245859313363,2824,1.3,3671.2000000000003,0.14696477001628647,366,2901,0.88396
2032-12-12,Google,18-25,North India,Mobile,Text,17,49695,12,0.07357998924083231,3656,0.9,3290.4,0.14097817733458662,455,2902,0.88392
2032-12-13,Google,36-50,West India,Mobile,Video,21,62936,12,0.05578167683390321,3510,0.9,3159.0,0.11818717674658832,365,2903,0.88388
2032-12-14,Google,36-50,South India,Mobile,Image,13,17418,12,0.05065934626230483,882,0.9,793.8000000000001,0.15002609503086362,116,2904,0.88384
2032-12-15,Google,18-25,North India,Mobile,Text,23,27742,12,0.07636267297117405,2118,0.9,1906.2,0.10414405638063645,194,2905,0.8838
2032-12-16,Instagram,36-50,South India,Mobile,Image,4,80218,12,0.06119455197145437,4908,1.3,6380.400000000001,0.10455026433330374,453,2906,0.88376
2032-12-17,Google,26-35,South India,Mobile,Video,16,49028,12,0.07412591969540851,3634,0.9,3270.6,0.18606362629333767,597,2907,0.88372
2032-12-18,Google,36-50,West India,Mobile,Image,13,78700,12,0.07233771136862349,5692,0.9,5122.8,0.12287315167024479,617,2908,0.88368
2032-12-19,Google,36-50,North India,Mobile,Text,17,8618,12,0.07377235407664172,635,0.9,571.5,0.1182111628646049,66,2909,0.88364
2032-12-20,Google,26-35,West India,Mobile,Image,3,69916,12,0.06668051816208001,4662,0.9,4195.8,0.06711081849968707,275,2910,0.8835999999999999
2032-12-21,Google,36-50,South India,Mobile,Image,19,55628,12,0.045962273580810266,2556,0.9,2300.4,0.09948179333155677,224,2911,0.88356
2032-12-22,Instagram,26-35,North India,Mobile,Image,22,90463,12,0.1186480455171996,10733,1.3,13952.9,0.12727251453318278,1206,2912,0.88352
2032-12-23,Instagram,36-50,South India,Desktop,Video,1,81699,12,0.06604181442081318,5395,1.3,7013.5,0.07586367987238712,361,2913,0.88348
2032-12-24,Google,18-25,South India,Desktop,Image,6,86096,12,0.06206313778254879,5343,0.9,4808.7,0.16264122547032378,766,2914,0.88344
2032-12-25,Instagram,36-50,North India,Mobile,Text,6,15725,12,0.061775264764389895,971,1.3,1262.3,0.047385366255826115,40,2915,0.8834
2032-12-26,Instagram,18-25,North India,Mobile,Image,6,42135,12,0.04456206819330125,1877,1.3,2440.1,0.08115240208754924,134,2916,0.8833599999999999
2032-12-27,Instagram,18-25,North India,Desktop,Image,12,71223,12,0.06425651620594033,4576,1.3,5948.8,0.06959131355354634,280,2917,0.88332
2032-12-28,Google,18-25,West India,Mobile,Image,18,46969,12,0.05056017724441547,2374,0.9,2136.6,0.048537978626399005,101,2918,0.88328
2032-12-29,Google,18-25,West India,Desktop,Video,21,96498,12,0.05513053923319555,5319,0.9,4787.1,0.09347034859759606,438,2919,0.88324
2032-12-30,Google,18-25,South India,Mobile,Text,5,68122,12,0.0728398226745182,4961,0.9,4464.900000000001,0.15671681729524084,686,2920,0.8832
2032-12-31,Instagram,26-35,North India,Desktop,Image,19,9056,12,0.09567281772957208,866,1.3,1125.8,0.0415815100441873,31,2921,0.88316
2033-01-01,Instagram,26-35,South India,Desktop,Text,16,71958,1,0.06158399614119641,4431,1.3,5760.3,0.03960290703013363,154,2922,0.88312
2033-01-02,Google,26-35,South India,Mobile,Text,17,86578,1,0.057357441045582484,4965,0.9,4468.5,0.12958853039199314,567,2923,0.88308
2033-01-03,Google,18-25,South India,Mobile,Video,23,61346,1,0.05568195521671835,3415,0.9,3073.5,0.12059756028772434,362,2924,0.88304
2033-01-04,Instagram,36-50,South India,Mobile,Text,0,1952,1,0.04005973198358781,78,1.3,101.4,0.06747310722471452,4,2925,0.883
2033-01-05,Instagram,26-35,South India,Mobile,Image,22,96068,1,0.06737524551443388,6472,1.3,8413.6,0.12236631128698505,698,2926,0.88296
2033-01-06,Instagram,36-50,North India,Mobile,Video,12,13521,1,0.04601992559711473,622,1.3,808.6,0.0881614156973155,47,2927,0.8829199999999999
2033-01-07,Instagram,36-50,West India,Mobile,Video,18,11906,1,0.0868596149575802,1034,1.3,1344.2,0.1138590109855136,103,2928,0.88288
2033-01-08,Google,18-25,North India,Mobile,Text,15,69514,1,0.05364470622644315,3729,0.9,3356.1,0.11316877874175434,372,2929,0.88284
2033-01-09,Instagram,18-25,North India,Mobile,Video,9,43769,1,0.05076482166303137,2221,1.3,2887.3,0.06425836749149308,125,2930,0.8828
2033-01-10,Instagram,18-25,North India,Desktop,Text,12,32275,1,0.07304692271575586,2357,1.3,3064.1,0.14078913431002005,292,2931,0.88276
2033-01-11,Google,26-35,West India,Mobile,Text,9,44766,1,0.049118178004944224,2198,0.9,1978.2,0.03906091342801738,75,2932,0.88272
2033-01-12,Google,18-25,West India,Mobile,Video,13,13343,1,0.035800336876823824,477,0.9,429.3,0.18349827569514238,76,2933,0.88268
2033-01-13,Instagram,26-35,West India,Mobile,Image,8,78487,1,0.08126279464518786,6378,1.3,8291.4,0.14144276715319745,796,2934,0.88264
2033-01-14,Google,26-35,North India,Mobile,Text,20,81227,1,0.07672770577749755,6232,0.9,5608.8,0.06419022669427216,353,2935,0.8826
2033-01-15,Instagram,26-35,West India,Mobile,Video,10,78056,1,0.05191657273103915,4052,1.3,5267.6,0.06787823906077917,242,2936,0.88256
2033-01-16,Instagram,26-35,South India,Desktop,Video,2,77862,1,0.08520937782904413,6634,1.3,8624.2,0.2103188885782971,1231,2937,0.88252
2033-01-17,Instagram,18-25,West India,Mobile,Text,7,31521,1,0.060493293877900194,1906,1.3,2477.8,0.11487378354361508,192,2938,0.8824799999999999
2033-01-18,Google,26-35,North India,Mobile,Text,11,1805,1,0.04679407041270149,84,0.9,75.60000000000001,0.06518412232062827,4,2939,0.88244
2033-01-19,Google,18-25,North India,Mobile,Text,2,36868,1,0.06882557191928727,2537,0.9,2283.3,0.034213842857324414,75,2940,0.8824
2033-01-20,Instagram,18-25,South India,Mobile,Text,6,35343,1,0.09150345425068948,3234,1.3,4204.2,0.16024838581597725,457,2941,0.88236
2033-01-21,Google,26-35,West India,Desktop,Image,13,78458,1,0.05972816249304305,4686,0.9,4217.400000000001,0.09659544330439465,398,2942,0.88232
2033-01-22,Instagram,18-25,West India,Mobile,Image,6,75327,1,0.09363181096219321,7053,1.3,9168.9,0.06467735857850157,402,2943,0.88228
2033-01-23,Instagram,36-50,South India,Mobile,Image,6,36383,1,0.08041634917200752,2925,1.3,3802.5,0.18442242758288085,475,2944,0.88224
2033-01-24,Google,18-25,North India,Mobile,Image,13,16040,1,0.0588945711379324,944,0.9,849.6,0.08574974569889228,70,2945,0.8822
2033-01-25,Google,18-25,North India,Desktop,Video,11,26187,1,0.0333385204866608,873,0.9,785.7,0.11953496190321654,91,2946,0.88216
2033-01-26,Google,26-35,West India,Mobile,Text,0,63678,1,0.0618381263998924,3937,0.9,3543.3,0.11713562094268588,406,2947,0.88212
2033-01-27,Google,26-35,West India,Desktop,Video,4,97396,1,0.032419129618535394,3157,0.9,2841.3,0.18566236294177788,516,2948,0.88208
2033-01-28,Instagram,18-25,West India,Mobile,Video,10,27525,1,0.09711865975938183,2673,1.3,3474.9,0.06482986178942006,152,2949,0.8820399999999999
2033-01-29,Instagram,26-35,West India,Mobile,Image,0,39394,1,0.10176955648851738,4009,1.3,5211.7,0.16581434656613234,585,2950,0.882
2033-01-30,Instagram,36-50,West India,Mobile,Video,22,91672,1,0.12734837015957987,11674,1.3,15176.2,0.20466667264475427,2107,2951,0.88196
2033-01-31,Instagram,36-50,North India,Mobile,Image,12,83546,1,0.06521389878690448,5448,1.3,7082.400000000001,0.07248287364632788,347,2952,0.88192
2033-02-01,Google,26-35,North India,Mobile,Text,23,64989,2,0.06995458023265287,4546,0.9,4091.4,0.08852970661043788,354,2953,0.88188
2033-02-02,Instagram,18-25,North India,Mobile,Image,22,40652,2,0.09290513690432596,3776,1.3,4908.8,0.1520974194502531,506,2954,0.88184
2033-02-03,Instagram,36-50,North India,Mobile,Text,16,78510,2,0.08313378965813208,6526,1.3,8483.800000000001,0.08739472891775854,502,2955,0.8818
2033-02-04,Instagram,36-50,South India,Desktop,Image,2,75402,2,0.027154749476187994,2047,1.3,2661.1,0.11822408399836495,213,2956,0.88176
2033-02-05,Instagram,18-25,North India,Mobile,Video,9,50200,2,0.0978871047003925,4913,1.3,6386.900000000001,0.14431630109994464,625,2957,0.88172
2033-02-06,Google,26-35,South India,Mobile,Video,18,84822,2,0.0669751336201085,5680,0.9,5112.0,0.1946227849863755,974,2958,0.88168
2033-02-07,Instagram,36-50,North India,Mobile,Image,6,16015,2,0.06935663329346378,1110,1.3,1443.0,0.1265271123108286,123,2959,0.88164
2033-02-08,Google,18-25,West India,Mobile,Text,19,61911,2,0.05011081348154294,3102,0.9,2791.8,0.10856143038686228,296,2960,0.8815999999999999
2033-02-09,Google,18-25,West India,Mobile,Text,2,93206,2,0.060525983973795244,5641,0.9,5076.900000000001,0.07822888878679753,388,2961,0.88156
2033-02-10,Google,36-50,West India,Mobile,Image,21,57221,2,0.030083160775591863,1721,0.9,1548.9,0.1282103187881101,193,2962,0.88152
2033-02-11,Instagram,26-35,South India,Mobile,Video,11,21695,2,0.03491215927102019,757,1.3,984.1,0.07188482694025009,47,2963,0.88148
2033-02-12,Instagram,36-50,North India,Mobile,Text,21,25805,2,0.07367288538015572,1901,1.3,2471.3,0.07860054510987804,131,2964,0.88144
2033-02-13,Instagram,18-25,North India,Mobile,Image,9,25190,2,0.05203521898224138,1310,1.3,1703.0,0.06305072061126689,72,2965,0.8814
2033-02-14,Instagram,36-50,South India,Desktop,Text,20,8997,2,0.10528835900765122,947,1.3,1231.1000000000001,0.10776763048499385,89,2966,0.88136
2033-02-15,Instagram,26-35,South India,Mobile,Video,11,23752,2,0.053345626568777824,1267,1.3,1647.1000000000001,0.10122595069760087,112,2967,0.88132
2033-02-16,Instagram,18-25,South India,Mobile,Text,14,19069,2,0.10563796465613713,2014,1.3,2618.2000000000003,0.1036268681775145,183,2968,0.88128
2033-02-17,Google,26-35,South India,Desktop,Image,5,62485,2,0.022793918594247044,1424,0.9,1281.6000000000001,0.1637080548956446,205,2969,0.88124
2033-02-18,Google,36-50,South India,Mobile,Text,18,58291,2,0.08101419127117122,4722,0.9,4249.8,0.09420964371754963,391,2970,0.8812
2033-02-19,Google,36-50,West India,Mobile,Text,4,31508,2,0.03708338435593552,1168,0.9,1051.2,0.06002871089709512,61,2971,0.8811599999999999
2033-02-20,Instagram,26-35,North India,Mobile,Video,19,88053,2,0.039784359067799174,3503,1.3,4553.900000000001,0.0811878752466723,250,2972,0.88112
2033-02-21,Instagram,36-50,South India,Desktop,Video,1,52574,2,0.07701463430546397,4048,1.3,5262.400000000001,0.2202758220270036,785,2973,0.88108
2033-02-22,Google,26-35,West India,Desktop,Video,20,52902,2,0.024641802214051167,1303,0.9,1172.7,0.17919200045699066,205,2974,0.88104
2033-02-23,Google,36-50,South India,Desktop,Video,18,63426,2,0.03293301833195981,2088,0.9,1879.2,0.059558628978001675,109,2975,0.881
2033-02-24,Instagram,26-35,West India,Mobile,Image,18,9524,2,0.059778553298236795,569,1.3,739.7,0.171981193156172,85,2976,0.88096
2033-02-25,Google,26-35,South India,Mobile,Text,3,11071,2,0.06276757410335734,694,0.9,624.6,0.05213478300642134,31,2977,0.8809199999999999
2033-02-26,Instagram,18-25,North India,Mobile,Text,19,42466,2,0.08756155217064236,3718,1.3,4833.400000000001,0.10611513664935329,347,2978,0.88088
2033-02-27,Instagram,18-25,South India,Mobile,Text,4,87132,2,0.058293129800097765,5079,1.3,6602.7,0.10959175337848832,489,2979,0.88084
2033-02-28,Google,26-35,South India,Desktop,Text,6,51094,2,0.06286279913830849,3211,0.9,2889.9,0.043509475781675286,122,2980,0.8808
2033-03-01,Google,36-50,North India,Mobile,Image,3,76317,3,0.07188958741233711,5486,0.9,4937.400000000001,0.08498385017223388,410,2981,0.88076
2033-03-02,Instagram,36-50,North India,Mobile,Video,10,41239,3,0.06105733561884686,2517,1.3,3272.1,0.1863688586456179,413,2982,0.88072
2033-03-03,Instagram,36-50,South India,Desktop,Text,22,48560,3,0.057965338350880635,2814,1.3,3658.2000000000003,0.08532762822816813,211,2983,0.88068
2033-03-04,Google,26-35,North India,Desktop,Text,2,46924,3,0.020104945160982393,943,0.9,848.7,0.09526173483212343,78,2984,0.88064
2033-03-05,Instagram,26-35,North India,Mobile,Video,4,55542,3,0.07645089226877093,4246,1.3,5519.8,0.1726921972425733,645,2985,0.8806
2033-03-06,Google,26-35,West India,Mobile,Video,19,93375,3,0.09430653834399931,8805,0.9,7924.5,0.0660266615477232,511,2986,0.88056
2033-03-07,Google,26-35,North India,Mobile,Text,14,50264,3,0.02551462886547875,1282,0.9,1153.8,0.13906868350102355,156,2987,0.88052
2033-03-08,Instagram,18-25,North India,Mobile,Video,20,68799,3,0.1405558050650882,9670,1.3,12571.0,0.057459991929479995,488,2988,0.8804799999999999
2033-03-09,Instagram,26-35,South India,Mobile,Text,17,91538,3,0.10934278175193374,10009,1.3,13011.7,0.0789211687042541,694,2989,0.88044
2033-03-10,Google,36-50,South India,Mobile,Text,15,39022,3,0.03225098486250948,1258,0.9,1132.2,0.15101405557787503,166,2990,0.8804
2033-03-11,Instagram,18-25,West India,Desktop,Text,15,92178,3,0.04454986516931656,4106,1.3,5337.8,0.15676445735713965,566,2991,0.88036
2033-03-12,Instagram,36-50,South India,Mobile,Text,9,36579,3,0.052332950663297365,1914,1.3,2488.2000000000003,0.15062189155173492,253,2992,0.88032
2033-03-13,Google,26-35,North India,Mobile,Text,0,13571,3,0.05313028780821397,721,0.9,648.9,0.06375850526337301,39,2993,0.88028
2033-03-14,Google,18-25,North India,Mobile,Text,22,83753,3,0.03958127535470108,3315,0.9,2983.5,0.15810968573317613,461,2994,0.88024
2033-03-15,Instagram,26-35,North India,Mobile,Video,10,49225,3,0.07894949375845159,3886,1.3,5051.8,0.12272495697633852,418,2995,0.8802
2033-03-16,Google,18-25,South India,Mobile,Image,16,8227,3,0.08111164616270955,667,0.9,600.3000000000001,0.11217083514922814,65,2996,0.88016
2033-03-17,Google,36-50,North India,Desktop,Image,23,42189,3,0.04813634797524986,2030,0.9,1827.0,0.16838395358389344,300,2997,0.88012
2033-03-18,Google,26-35,North India,Desktop,Text,14,15207,3,0.02468565028316666,375,0.9,337.5,0.04376341726305811,14,2998,0.88008
2033-03-19,Instagram,26-35,West India,Mobile,Video,6,79208,3,0.11180313367349749,8855,1.3,11511.5,0.1555638480477489,1211,2999,0.8800399999999999
2033-03-20,Instagram,18-25,West India,Desktop,Text,5,54406,3,0.0987698720861083,5373,1.3,6984.900000000001,0.16380042404421813,774,3000,0.88
2033-03-21,Instagram,18-25,West India,Mobile,Video,14,42783,3,0.11624869251727743,4973,1.3,6464.900000000001,0.0713040860739139,311,3001,0.87996
2033-03-22,Google,26-35,South India,Mobile,Text,14,86587,3,0.08002076901703839,6928,0.9,6235.2,0.11901685486948689,725,3002,0.87992
2033-03-23,Instagram,18-25,North India,Mobile,Text,6,29879,3,0.07286719170854022,2177,1.3,2830.1,0.052001642608067916,99,3003,0.87988
2033-03-24,Instagram,26-35,North India,Desktop,Image,2,29845,3,0.03369808160773158,1005,1.3,1306.5,0.17200377605503991,151,3004,0.87984
2033-03-25,Instagram,18-25,North India,Mobile,Video,13,11015,3,0.08781166981374473,967,1.3,1257.1000000000001,0.15334510675019955,130,3005,0.8798
2033-03-26,Instagram,36-50,West India,Mobile,Video,8,83961,3,0.054144652071742676,4546,1.3,5909.8,0.09615470532870311,384,3006,0.87976
2033-03-27,Google,18-25,North India,Desktop,Image,2,22496,3,0.038851824871394526,874,0.9,786.6,0.08672039283360268,65,3007,0.87972
2033-03-28,Instagram,36-50,North India,Mobile,Image,5,1707,3,0.08279173508092132,141,1.3,183.3,0.11738311139215284,14,3008,0.87968
2033-03-29,Google,18-25,North India,Mobile,Image,19,18767,3,0.0584704873527139,1097,0.9,987.3000000000001,0.14791842790182783,142,3009,0.87964
2033-03-30,Google,18-25,North India,Mobile,Image,8,27467,3,0.0572472856500768,1572,0.9,1414.8,0.11312040298038074,155,3010,0.8795999999999999
2033-03-31,Google,26-35,North India,Mobile,Video,0,84222,3,0.037836217973732614,3186,0.9,2867.4,0.08338752909877692,233,3011,0.87956
2033-04-01,Google,18-25,South India,Mobile,Video,8,8118,4,0.03644112148394466,295,0.9,265.5,0.22039517864599623,57,3012,0.87952
2033-04-02,Google,18-25,North India,Mobile,Image,11,64884,4,0.06899016554517456,4476,0.9,4028.4,0.06449085148010088,253,3013,0.87948
2033-04-03,Instagram,36-50,South India,Desktop,Text,3,12213,4,0.08865626098946952,1082,1.3,1406.6000000000001,0.1720216985304055,163,3014,0.87944
2033-04-04,Google,18-25,North India,Mobile,Text,15,98021,4,0.026686364588814765,2615,0.9,2353.5,0.09242711185934784,211,3015,0.8794
2033-04-05,Instagram,26-35,South India,Mobile,Text,4,82037,4,0.072865435865206,5977,1.3,7770.1,0.14740777873305358,774,3016,0.87936
2033-04-06,Google,36-50,North India,Mobile,Text,16,9868,4,0.06887625181885235,679,0.9,611.1,0.08552202287009793,51,3017,0.87932
2033-04-07,Google,26-35,North India,Desktop,Video,16,52716,4,0.06546146466955229,3450,0.9,3105.0,0.18286096276254735,553,3018,0.87928
2033-04-08,Instagram,26-35,North India,Desktop,Video,5,95869,4,0.10021699652211272,9607,1.3,12489.1,0.22501707726848297,1900,3019,0.87924
2033-04-09,Google,26-35,North India,Mobile,Video,14,43523,4,0.06913080037306436,3008,0.9,2707.2000000000003,0.1890529457626502,499,3020,0.8792
2033-04-10,Google,26-35,West India,Mobile,Text,0,35028,4,0.043907023389955856,1537,0.9,1383.3,0.13667720300496256,184,3021,0.8791599999999999
2033-04-11,Instagram,36-50,North India,Desktop,Image,12,11545,4,0.1054500543051263,1217,1.3,1582.1000000000001,0.16648276558921965,177,3022,0.87912
2033-04-12,Google,18-25,South India,Desktop,Text,15,1357,4,0.059289191927772975,80,0.9,72.0,0.12345330262157078,7,3023,0.87908
2033-04-13,Google,26-35,West India,Mobile,Video,1,22788,4,0.03499474872429295,797,0.9,717.3000000000001,0.10201100237167657,71,3024,0.87904
2033-04-14,Google,36-50,West India,Mobile,Text,18,17802,4,0.08435511089097879,1501,0.9,1350.9,0.157256548757008,207,3025,0.879
2033-04-15,Instagram,26-35,North India,Mobile,Image,22,55739,4,0.1510472187237454,8419,1.3,10944.7,0.14909772669386231,1103,3026,0.87896
2033-04-16,Instagram,18-25,South India,Mobile,Image,1,86875,4,0.04145025367939381,3600,1.3,4680.0,0.1107940987241575,349,3027,0.8789199999999999
2033-04-17,Instagram,36-50,South India,Desktop,Text,20,2593,4,0.12324869500431287,319,1.3,414.7,0.0882136859623305,24,3028,0.87888
2033-04-18,Instagram,36-50,West India,Mobile,Video,11,5602,4,0.09756863112894157,546,1.3,709.8000000000001,0.15838567225124633,75,3029,0.87884
2033-04-19,Google,18-25,South India,Mobile,Video,11,76113,4,0.0774757375300918,5896,0.9,5306.400000000001,0.10933210167312167,565,3030,0.8788
2033-04-20,Google,36-50,North India,Mobile,Video,7,96865,4,0.03197802360464042,3097,0.9,2787.3,0.22292030113507963,606,3031,0.87876
2033-04-21,Instagram,18-25,North India,Mobile,Text,11,11943,4,0.08862245403996093,1058,1.3,1375.4,0.1457378499163481,135,3032,0.87872
2033-04-22,Google,36-50,North India,Mobile,Video,23,34012,4,0.033401435899213516,1136,0.9,1022.4,0.11376848215639272,113,3033,0.87868
2033-04-23,Google,36-50,North India,Mobile,Text,10,71108,4,0.040092295853218086,2850,0.9,2565.0,0.04546208526802924,113,3034,0.87864
2033-04-24,Google,18-25,North India,Mobile,Video,1,17250,4,0.0604482198097583,1042,0.9,937.8000000000001,0.06465377650777648,58,3035,0.8786
2033-04-25,Google,18-25,West India,Mobile,Image,0,83169,4,0.05696952360148002,4738,0.9,4264.2,0.09791611935322142,406,3036,0.87856
2033-04-26,Instagram,36-50,North India,Mobile,Image,3,45053,4,0.0875158662594019,3942,1.3,5124.6,0.06914218491792479,238,3037,0.87852
2033-04-27,Google,36-50,North India,Desktop,Video,8,40388,4,0.05343158051617172,2157,0.9,1941.3,0.22198059212232182,419,3038,0.8784799999999999
2033-04-28,Google,18-25,West India,Desktop,Text,6,92707,4,0.039281522143333344,3641,0.9,3276.9,0.10088778585009726,322,3039,0.87844
2033-04-29,Google,18-25,West India,Mobile,Video,21,72405,4,0.10297179038868368,7455,0.9,6709.5,0.12776214099958477,836,3040,0.8784
2033-04-30,Instagram,36-50,West India,Desktop,Text,9,72507,4,0.0537226549830764,3895,1.3,5063.5,0.07191599079420889,245,3041,0.87836
2033-05-01,Google,36-50,South India,Mobile,Image,19,50662,5,0.04446919192242715,2252,0.9,2026.8,0.17354495737150893,342,3042,0.87832
2033-05-02,Google,36-50,South India,Mobile,Text,13,62311,5,0.049190448735937274,3065,0.9,2758.5,0.14113393037109326,379,3043,0.87828
2033-05-03,Instagram,18-25,North India,Desktop,Video,0,80493,5,0.06535765943713687,5260,1.3,6838.0,0.10693851412304488,493,3044,0.87824
2033-05-04,Instagram,36-50,North India,Mobile,Image,4,72504,5,0.05137693382853858,3725,1.3,4842.5,0.06052459409534092,197,3045,0.8782
2033-05-05,Google,26-35,North India,Mobile,Text,12,87789,5,0.059261576850703185,5202,0.9,4681.8,0.1399222713528563,638,3046,0.87816
2033-05-06,Google,18-25,South India,Desktop,Text,5,92477,5,0.050673476926744336,4686,0.9,4217.400000000001,0.07874607380115886,324,3047,0.87812
2033-05-07,Google,36-50,North India,Desktop,Image,21,57657,5,0.057220592981897966,3299,0.9,2969.1,0.1405551990105331,406,3048,0.87808
2033-05-08,Google,18-25,North India,Mobile,Video,16,74183,5,0.06378879978173703,4732,0.9,4258.8,0.11950271131330137,496,3049,0.8780399999999999
2033-05-09,Google,26-35,South India,Desktop,Image,14,26499,5,0.02667429097781101,706,0.9,635.4,0.16437347861067522,101,3050,0.878
2033-05-10,Google,18-25,West India,Mobile,Video,6,32785,5,0.031749205771888084,1040,0.9,936.0,0.1289103533465156,117,3051,0.87796
2033-05-11,Google,36-50,South India,Mobile,Video,7,82993,5,0.04191898390852721,3478,0.9,3130.2000000000003,0.2238434517511719,683,3052,0.87792
2033-05-12,Google,26-35,North India,Mobile,Text,20,75536,5,0.08256334540052497,6236,0.9,5612.400000000001,0.12278786243547488,671,3053,0.87788
2033-05-13,Instagram,26-35,South India,Mobile,Video,1,53030,5,0.04000511448066541,2121,1.3,2757.3,0.10090141417122629,187,3054,0.87784
2033-05-14,Instagram,36-50,West India,Mobile,Video,17,38909,5,0.05858518525080668,2279,1.3,2962.7000000000003,0.12030346623446113,240,3055,0.8778
2033-05-15,Instagram,36-50,West India,Mobile,Image,20,35894,5,0.1301337071944154,4671,1.3,6072.3,0.05408257289519327,221,3056,0.87776
2033-05-16,Google,36-50,West India,Mobile,Image,22,85124,5,0.04196295073976719,3572,0.9,3214.8,0.16648598384376093,521,3057,0.87772
2033-05-17,Google,18-25,West India,Mobile,Video,6,73006,5,0.06619326684024444,4832,0.9,4348.8,0.05964178208891394,252,3058,0.87768
2033-05-18,Instagram,18-25,West India,Mobile,Text,19,16473,5,0.12400229454905747,2042,1.3,2654.6,0.03617075138119443,64,3059,0.87764
2033-05-19,Google,18-25,West India,Mobile,Image,15,82697,5,0.06216596084550211,5140,0.9,4626.0,0.10950062912988473,493,3060,0.8775999999999999
2033-05-20,Google,36-50,North India,Desktop,Text,18,21063,5,0.031570250306213736,664,0.9,597.6,0.10048374548902697,57,3061,0.87756
2033-05-21,Instagram,36-50,North India,Mobile,Image,8,79444,5,0.044335978940295215,3522,1.3,4578.6,0.06768751417682134,208,3062,0.87752
2033-05-22,Instagram,18-25,South India,Mobile,Image,11,12850,5,0.045049969785618385,578,1.3,751.4,0.13186455905094946,66,3063,0.87748
2033-05-23,Instagram,26-35,North India,Mobile,Video,13,1984,5,0.07622117956532189,151,1.3,196.3,0.18853167622527464,24,3064,0.87744
2033-05-24,Google,18-25,West India,Desktop,Image,6,51450,5,0.037725408040303804,1940,0.9,1746.0,0.1276561208453884,216,3065,0.8774
2033-05-25,Google,26-35,North India,Mobile,Image,1,57700,5,0.056797108449700984,3277,0.9,2949.3,0.0986135312219557,283,3066,0.87736
2033-05-26,Instagram,36-50,South India,Mobile,Text,16,73723,5,0.1043378388781264,7692,1.3,9999.6,0.05630575405680582,379,3067,0.87732
2033-05-27,Google,36-50,West India,Mobile,Image,10,94392,5,0.07410359249690722,6994,0.9,6294.6,0.0636518421051202,390,3068,0.87728
2033-05-28,Instagram,18-25,North India,Mobile,Image,17,21339,5,0.08824271727556623,1883,1.3,2447.9,0.1024191753139464,168,3069,0.87724
2033-05-29,Instagram,18-25,North India,Mobile,Text,11,39481,5,0.0586399083477044,2315,1.3,3009.5,0.08465586958930785,171,3070,0.8772
2033-05-30,Instagram,36-50,South India,Mobile,Video,2,65351,5,0.10487988231349386,6854,1.3,8910.2,0.14933742542532893,897,3071,0.8771599999999999
2033-05-31,Google,18-25,West India,Desktop,Video,20,53839,5,0.05121723572325433,2757,0.9,2481.3,0.13332559190837875,321,3072,0.87712
2033-06-01,Google,36-50,South India,Mobile,Image,13,65236,6,0.06290009122975265,4103,0.9,3692.7000000000003,0.09172910248940268,329,3073,0.87708
2033-06-02,Instagram,36-50,West India,Desktop,Image,14,80619,6,0.06102774315326721,4919,1.3,6394.7,0.1305498627972096,563,3074,0.87704
2033-06-03,Instagram,26-35,West India,Desktop,Text,18,49287,6,0.08629576507328575,4253,1.3,5528.900000000001,0.056290466767669155,209,3075,0.877
2033-06-04,Instagram,18-25,North India,Desktop,Video,9,61306,6,0.033036049596499625,2025,1.3,2632.5,0.17255009802255827,306,3076,0.87696
2033-06-05,Google,36-50,South India,Desktop,Video,8,53197,6,0.05685861634127916,3024,0.9,2721.6,0.08428818214095415,222,3077,0.87692
2033-06-06,Google,18-25,South India,Desktop,Video,9,26435,6,0.03600647676680159,951,0.9,855.9,0.12317319186924865,102,3078,0.87688
2033-06-07,Instagram,26-35,South India,Mobile,Text,19,68621,6,0.053288953599538315,3656,1.3,4752.8,0.06173700118904521,197,3079,0.87684
2033-06-08,Instagram,26-35,West India,Mobile,Text,22,31837,6,0.11124197181680255,3541,1.3,4603.3,0.10221608960730601,316,3080,0.8768
2033-06-09,Instagram,18-25,South India,Mobile,Text,3,82719,6,0.03980639402587904,3292,1.3,4279.6,0.09492664122893509,273,3081,0.87676
2033-06-10,Google,18-25,West India,Desktop,Image,18,36495,6,0.04179292250733948,1525,0.9,1372.5,0.08778375997509198,116,3082,0.8767199999999999
2033-06-11,Instagram,36-50,South India,Mobile,Video,9,99680,6,0.05617445240781727,5599,1.3,7278.7,0.13357443420434023,654,3083,0.87668
2033-06-12,Instagram,26-35,South India,Mobile,Image,16,40760,6,0.06585601520090578,2684,1.3,3489.2000000000003,0.10342747839737358,242,3084,0.87664
2033-06-13,Instagram,26-35,North India,Mobile,Image,11,23084,6,0.05334124430381675,1231,1.3,1600.3,0.14415016384295817,155,3085,0.8766
2033-06-14,Google,26-35,South India,Desktop,Text,0,38458,6,0.04465801173761655,1717,0.9,1545.3,0.050983160466143686,76,3086,0.87656
2033-06-15,Google,18-25,North India,Desktop,Video,10,52946,6,0.045497552125420844,2408,0.9,2167.2000000000003,0.16358216709585574,344,3087,0.87652
2033-06-16,Instagram,36-50,North India,Mobile,Image,12,67601,6,0.04767073165977509,3222,1.3,4188.6,0.11890089292462233,335,3088,0.8764799999999999
2033-06-17,Google,18-25,West India,Mobile,Video,0,70218,6,0.048101072056886275,3377,0.9,3039.3,0.10119193222415489,298,3089,0.87644
2033-06-18,Google,18-25,South India,Mobile,Image,0,60351,6,0.05283018781998722,3188,0.9,2869.2000000000003,0.17626463154704128,491,3090,0.8764
2033-06-19,Instagram,18-25,South India,Mobile,Text,20,48561,6,0.05856738768389311,2844,1.3,3697.2000000000003,0.05753407265538275,142,3091,0.87636
2033-06-20,Google,36-50,South India,Mobile,Image,15,51203,6,0.06187428168646793,3168,0.9,2851.2000000000003,0.08719517649877964,241,3092,0.87632
2033-06-21,Instagram,18-25,North India,Mobile,Text,6,99024,6,0.03467310327927435,3433,1.3,4462.900000000001,0.07094199344356303,212,3093,0.87628
2033-06-22,Google,26-35,South India,Desktop,Video,22,97996,6,0.022081394283323945,2163,0.9,1946.7,0.1638871151082883,310,3094,0.87624
2033-06-23,Instagram,26-35,West India,Mobile,Image,9,9820,6,0.07130702177819036,700,1.3,910.0,0.1638727088879331,99,3095,0.8762
2033-06-24,Instagram,26-35,West India,Mobile,Image,15,58232,6,0.09195019552525188,5354,1.3,6960.2,0.11692856574281744,548,3096,0.87616
2033-06-25,Google,36-50,South India,Desktop,Text,0,19757,6,0.058030018582757976,1146,0.9,1031.4,0.1420159432781171,141,3097,0.87612
2033-06-26,Google,18-25,North India,Mobile,Text,21,47588,6,0.05214079312666304,2481,0.9,2232.9,0.12787686888338382,277,3098,0.87608
2033-06-27,Google,36-50,West India,Mobile,Video,8,89682,6,0.030134760167927616,2702,0.9,2431.8,0.12004760853684303,283,3099,0.8760399999999999
2033-06-28,Google,18-25,West India,Mobile,Text,5,9058,6,0.04562652417226303,413,0.9,371.7,0.08570867803179402,30,3100,0.876
2033-06-29,Instagram,26-35,North India,Desktop,Video,14,89388,6,0.07068571207390804,6318,1.3,8213.4,0.08122465844205373,449,3101,0.87596
2033-06-30,Instagram,18-25,West India,Mobile,Image,3,80654,6,0.08710399626946966,7025,1.3,9132.5,0.11801100640873172,726,3102,0.87592
2033-07-01,Google,18-25,North India,Mobile,Video,14,37742,7,0.06643709786323226,2507,0.9,2256.3,0.06475644049722425,141,3103,0.87588
2033-07-02,Google,18-25,West India,Desktop,Video,9,73195,7,0.04750127945715493,3476,0.9,3128.4,0.15456722688657068,470,3104,0.87584
2033-07-03,Google,36-50,North India,Desktop,Video,15,57980,7,0.026337389732971866,1527,0.9,1374.3,0.1881063786971927,251,3105,0.8758
2033-07-04,Instagram,18-25,West India,Mobile,Image,12,71377,7,0.05662031742250098,4041,1.3,5253.3,0.14650999634953735,518,3106,0.87576
2033-07-05,Google,18-25,South India,Desktop,Image,18,19335,7,0.05356239551703531,1035,0.9,931.5,0.14397501011012212,130,3107,0.87572
2033-07-06,Instagram,18-25,West India,Desktop,Text,19,48351,7,0.06567077041196549,3175,1.3,4127.5,0.1337700752261556,371,3108,0.87568
2033-07-07,Instagram,36-50,West India,Desktop,Video,3,86841,7,0.04544575833100842,3946,1.3,5129.8,0.17060894773772864,589,3109,0.87564
2033-07-08,Instagram,36-50,South India,Desktop,Image,19,69960,7,0.04880694287593676,3414,1.3,4438.2,0.12556794939337146,374,3110,0.8755999999999999
2033-07-09,Google,36-50,South India,Mobile,Video,21,48501,7,0.056595906598314163,2744,0.9,2469.6,0.14909269554204083,358,3111,0.87556
2033-07-10,Instagram,18-25,South India,Mobile,Video,15,56877,7,0.03497922515762887,1989,1.3,2585.7000000000003,0.0725741800621753,126,3112,0.87552
2033-07-11,Google,26-35,South India,Mobile,Video,10,15538,7,0.06180498882528164,960,0.9,864.0,0.13307984523931615,111,3113,0.87548
2033-07-12,Google,26-35,North India,Mobile,Image,14,4769,7,0.03441718185571548,164,0.9,147.6,0.10748577814011452,14,3114,0.87544
2033-07-13,Instagram,26-35,North India,Desktop,Video,10,32586,7,0.04365305377948702,1422,1.3,1848.6000000000001,0.12059875701372515,149,3115,0.8754
2033-07-14,Instagram,18-25,West India,Desktop,Video,22,92983,7,0.038641028439154804,3592,1.3,4669.6,0.17837033153418916,560,3116,0.87536
2033-07-15,Google,26-35,West India,Mobile,Text,10,86551,7,0.024194679883620857,2094,0.9,1884.6000000000001,0.05315448183220393,97,3117,0.87532
2033-07-16,Google,26-35,West India,Mobile,Video,2,68879,7,0.06789412610332032,4676,0.9,4208.400000000001,0.18154301698323239,742,3118,0.87528
2033-07-17,Google,26-35,North India,Mobile,Text,23,69922,7,0.04275601131661334,2989,0.9,2690.1,0.11614497578932097,303,3119,0.87524
2033-07-18,Google,18-25,West India,Mobile,Video,23,53219,7,0.025997907826066487,1383,0.9,1244.7,0.19933815096690669,240,3120,0.8752
2033-07-19,Google,26-35,West India,Desktop,Text,16,36107,7,0.03860545936844166,1393,0.9,1253.7,0.07844114412823965,95,3121,0.8751599999999999
2033-07-20,Google,26-35,North India,Mobile,Image,4,1683,7,0.030881444335037856,51,0.9,45.9,0.061480270741204796,2,3122,0.87512
2033-07-21,Google,18-25,West India,Mobile,Image,12,91987,7,0.060742792804906576,5587,0.9,5028.3,0.14620800217541774,714,3123,0.87508
2033-07-22,Instagram,36-50,North India,Mobile,Video,9,67590,7,0.05127302470081173,3465,1.3,4504.5,0.13951356394425526,422,3124,0.87504
2033-07-23,Instagram,26-35,North India,Mobile,Text,4,62097,7,0.03532135869476298,2193,1.3,2850.9,0.11284725997067471,216,3125,0.875
2033-07-24,Instagram,36-50,South India,Desktop,Image,11,90131,7,0.03391781730872183,3057,1.3,3974.1,0.19749803251385142,527,3126,0.87496
2033-07-25,Google,26-35,South India,Mobile,Video,7,64402,7,0.03804599415405695,2450,0.9,2205.0,0.08875094573009097,189,3127,0.87492
2033-07-26,Instagram,18-25,North India,Desktop,Video,23,86934,7,0.05413943308372971,4706,1.3,6117.8,0.11120383623367236,457,3128,0.87488
2033-07-27,Instagram,36-50,North India,Mobile,Text,11,24685,7,0.10786746117827065,2662,1.3,3460.6,0.054084372417467295,125,3129,0.87484
2033-07-28,Instagram,36-50,South India,Mobile,Text,15,66884,7,0.0688781526101281,4606,1.3,5987.8,0.15005557521024876,604,3130,0.8748
2033-07-29,Instagram,36-50,West India,Mobile,Video,1,95426,7,0.08521121347507399,8131,1.3,10570.300000000001,0.05085281226555317,361,3131,0.87476
2033-07-30,Instagram,36-50,West India,Desktop,Text,2,17362,7,0.05800866310794067,1007,1.3,1309.1000000000001,0.05009155105793548,43,3132,0.8747199999999999
2033-07-31,Google,26-35,West India,Mobile,Text,17,91561,7,0.07265604577004928,6652,0.9,5986.8,0.0634965622455223,369,3133,0.87468
2033-08-01,Google,26-35,North India,Mobile,Image,16,1503,8,0.04249864210649415,63,0.9,56.7,0.14058598612300785,6,3134,0.87464
2033-08-02,Instagram,36-50,South India,Mobile,Text,1,42045,8,0.09914869923892208,4168,1.3,5418.400000000001,0.11966465515542755,435,3135,0.8746
2033-08-03,Instagram,26-35,West India,Mobile,Video,21,14576,8,0.05370603296581481,782,1.3,1016.6,0.11328687176653338,76,3136,0.87456
2033-08-04,Instagram,36-50,South India,Mobile,Text,11,34290,8,0.04046080842606067,1387,1.3,1803.1000000000001,0.05817386968684996,69,3137,0.87452
2033-08-05,Google,36-50,South India,Mobile,Video,16,61495,8,0.07393999678826868,4546,0.9,4091.4,0.11223328702564882,445,3138,0.8744799999999999
2033-08-06,Google,18-25,North India,Mobile,Video,5,12884,8,0.07035335963038658,906,0.9,815.4,0.16424987331738622,129,3139,0.87444
2033-08-07,Google,36-50,West India,Mobile,Text,16,52660,8,0.062191519724137896,3275,0.9,2947.5,0.07945225220283453,227,3140,0.8744
2033-08-08,Instagram,26-35,South India,Mobile,Text,1,26205,8,0.08191015116942607,2146,1.3,2789.8,0.0979537289960901,183,3141,0.87436
2033-08-09,Instagram,36-50,North India,Mobile,Text,7,64739,8,0.05175316572805793,3350,1.3,4355.0,0.10110517101478711,295,3142,0.87432
2033-08-10,Google,18-25,North India,Desktop,Image,13,33785,8,0.023802132820204373,804,0.9,723.6,0.15941404324164335,111,3143,0.87428
2033-08-11,Google,26-35,North India,Mobile,Image,5,2268,8,0.03051172307370816,69,0.9,62.1,0.07126400055674799,3,3144,0.87424
2033-08-12,Google,18-25,West India,Desktop,Text,8,67712,8,0.03109082343223014,2105,0.9,1894.5,0.0873115914860425,159,3145,0.8742
2033-08-13,Instagram,18-25,West India,Mobile,Video,0,19016,8,0.07090310377987695,1348,1.3,1752.4,0.10013398594667831,117,3146,0.87416
2033-08-14,Instagram,36-50,North India,Desktop,Text,4,62939,8,0.06561752947040693,4129,1.3,5367.7,0.08500243185326663,305,3147,0.87412
2033-08-15,Instagram,18-25,West India,Mobile,Image,6,79281,8,0.03960746843989704,3140,1.3,4082.0,0.13750461807420575,376,3148,0.87408
2033-08-16,Google,18-25,West India,Mobile,Image,8,78497,8,0.039156896822350774,3073,0.9,2765.7000000000003,0.10748897336127985,288,3149,0.8740399999999999
2033-08-17,Instagram,26-35,South India,Desktop,Text,13,50266,8,0.05952006240180089,2991,1.3,3888.3,0.14664080760191886,382,3150,0.874
2033-08-18,Google,18-25,North India,Desktop,Video,8,42712,8,0.05032350811889135,2149,0.9,1934.1000000000001,0.13389999265474445,250,3151,0.87396
2033-08-19,Instagram,36-50,North India,Desktop,Video,3,7768,8,0.0689281988224895,535,1.3,695.5,0.10716812143622462,49,3152,0.87392
2033-08-20,Google,36-50,West India,Desktop,Image,19,60214,8,0.038558043878210116,2321,0.9,2088.9,0.1495249492509399,303,3153,0.87388
2033-08-21,Google,36-50,North India,Mobile,Image,14,19972,8,0.037317352081810404,745,0.9,670.5,0.09536607910210919,62,3154,0.87384
2033-08-22,Instagram,18-25,North India,Mobile,Image,3,99625,8,0.0714719401853616,7120,1.3,9256.0,0.1065685006064617,662,3155,0.8738
2033-08-23,Instagram,26-35,North India,Mobile,Video,2,74162,8,0.07125494581705492,5284,1.3,6869.2,0.20434938968649116,942,3156,0.87376
2033-08-24,Google,36-50,West India,Desktop,Image,23,64412,8,0.021925429102750135,1412,0.9,1270.8,0.1501004420739987,184,3157,0.87372
2033-08-25,Instagram,18-25,West India,Mobile,Image,20,46281,8,0.07907406791150594,3659,1.3,4756.7,0.15971990600375038,510,3158,0.87368
2033-08-26,Google,36-50,West India,Desktop,Video,22,29403,8,0.06600022156384877,1940,0.9,1746.0,0.14759897271386388,249,3159,0.87364
2033-08-27,Google,36-50,South India,Mobile,Image,21,95568,8,0.07020303046278839,6709,0.9,6038.1,0.09762533584991735,571,3160,0.8735999999999999
2033-08-28,Google,26-35,North India,Mobile,Image,13,31226,8,0.04516598294411767,1410,0.9,1269.0,0.16983885854792066,208,3161,0.87356
2033-08-29,Google,36-50,South India,Mobile,Text,8,50985,8,0.03789292360393316,1931,0.9,1737.9,0.06934223057157192,116,3162,0.87352
2033-08-30,Google,26-35,West India,Mobile,Image,18,29783,8,0.05342344685776387,1591,0.9,1431.9,0.16219437244151846,225,3163,0.87348
2033-08-31,Google,18-25,South India,Desktop,Text,5,74939,8,0.0370726868199262,2778,0.9,2500.2000000000003,0.15668934470864518,379,3164,0.87344
2033-09-01,Google,36-50,North India,Mobile,Image,2,96155,9,0.05863114556598789,5637,0.9,5073.3,0.14673478589255354,722,3165,0.8734
2033-09-02,Instagram,18-25,North India,Desktop,Image,17,69155,9,0.08312504506102528,5748,1.3,7472.400000000001,0.0531731742015661,266,3166,0.87336
2033-09-03,Google,18-25,West India,Desktop,Text,15,67883,9,0.02117639202515725,1437,0.9,1293.3,0.13563944783553847,169,3167,0.87332
2033-09-04,Instagram,18-25,West India,Mobile,Image,2,69700,9,0.10111215091001922,7047,1.3,9161.1,0.13292891154551312,817,3168,0.87328
2033-09-05,Google,36-50,South India,Desktop,Text,1,80095,9,0.05895905776029155,4722,0.9,4249.8,0.12651985829679485,521,3169,0.87324
2033-09-06,Instagram,26-35,West India,Mobile,Image,1,28788,9,0.047423253817538036,1365,1.3,1774.5,0.15011442078988513,178,3170,0.8732
2033-09-07,Google,36-50,South India,Mobile,Text,22,8166,9,0.03851661205163204,314,0.9,282.6,0.1016113374345597,27,3171,0.8731599999999999
2033-09-08,Google,18-25,North India,Mobile,Text,9,36219,9,0.03913775807958077,1417,0.9,1275.3,0.06250212152501987,76,3172,0.87312
2033-09-09,Google,26-35,North India,Mobile,Image,14,66441,9,0.05278163225308556,3506,0.9,3155.4,0.11446597958960521,350,3173,0.87308
2033-09-10,Google,18-25,North India,Mobile,Image,2,1403,9,0.029396190784323734,41,0.9,36.9,0.05245383550729764,1,3174,0.87304
2033-09-11,Google,26-35,North India,Desktop,Text,7,76569,9,0.027015072897234916,2068,0.9,1861.2,0.10858671714975202,195,3175,0.873
2033-09-12,Instagram,36-50,North India,Mobile,Video,17,28224,9,0.09727208751013298,2745,1.3,3568.5,0.12267737318300528,293,3176,0.87296
2033-09-13,Instagram,26-35,South India,Mobile,Image,10,84610,9,0.07469044064036812,6319,1.3,8214.7,0.12135896644314767,668,3177,0.87292
2033-09-14,Instagram,36-50,North India,Mobile,Image,6,4485,9,0.08126127120195736,364,1.3,473.2,0.06271433850459662,19,3178,0.87288
2033-09-15,Instagram,18-25,South India,Mobile,Video,18,75984,9,0.1143706412990996,8690,1.3,11297.0,0.06042906661541656,458,3179,0.87284
2033-09-16,Google,26-35,North India,Desktop,Video,6,66491,9,0.05798624026008323,3855,0.9,3469.5,0.14315865761981952,480,3180,0.8728
2033-09-17,Google,18-25,South India,Desktop,Text,1,87208,9,0.03312191531685096,2888,0.9,2599.2000000000003,0.12364097037115826,311,3181,0.87276
2033-09-18,Google,26-35,South India,Mobile,Image,5,79946,9,0.031044062794666143,2481,0.9,2232.9,0.12073696067104482,260,3182,0.8727199999999999
2033-09-19,Google,36-50,South India,Desktop,Text,4,15262,9,0.051165524659300264,780,0.9,702.0,0.13763422533038186,93,3183,0.87268
2033-09-20,Google,26-35,West India,Mobile,Image,13,94296,9,0.06449067672702473,6081,0.9,5472.900000000001,0.11892027139608091,630,3184,0.87264
2033-09-21,Google,26-35,South India,Mobile,Video,17,76370,9,0.07590183942332995,5796,0.9,5216.400000000001,0.20954662391151718,1059,3185,0.8726
2033-09-22,Google,36-50,South India,Mobile,Text,3,98815,9,0.02967480182938724,2932,0.9,2638.8,0.07511472407415778,191,3186,0.87256
2033-09-23,Google,36-50,North India,Mobile,Image,3,28928,9,0.06101814854681432,1765,0.9,1588.5,0.07033340801011435,108,3187,0.87252
2033-09-24,Instagram,36-50,South India,Desktop,Image,23,64179,9,0.07372226616751358,4731,1.3,6150.3,0.08421638134311298,347,3188,0.87248
2033-09-25,Instagram,26-35,South India,Mobile,Video,12,87365,9,0.10794826668506022,9430,1.3,12259.0,0.058439814228663775,480,3189,0.87244
2033-09-26,Google,18-25,West India,Mobile,Video,22,89379,9,0.053316838366003476,4765,0.9,4288.5,0.19930484418081426,827,3190,0.8724
2033-09-27,Instagram,26-35,North India,Mobile,Image,20,35712,9,0.11184314231277036,3994,1.3,5192.2,0.1708918131778514,594,3191,0.87236
2033-09-28,Instagram,26-35,West India,Mobile,Video,0,86491,9,0.036406650190645,3148,1.3,4092.4,0.18517578829981343,507,3192,0.87232
2033-09-29,Google,18-25,West India,Mobile,Video,19,35328,9,0.047581827815998075,1680,0.9,1512.0,0.11731614370630386,171,3193,0.8722799999999999
2033-09-30,Google,36-50,West India,Mobile,Text,4,32632,9,0.04404622587157563,1437,0.9,1293.3,0.07611809317722852,95,3194,0.87224
2033-10-01,Google,26-35,South India,Desktop,Image,23,38515,10,0.01878789394700329,723,0.9,650.7,0.16330111545165166,102,3195,0.8722
2033-10-02,Instagram,18-25,West India,Desktop,Text,2,63074,10,0.08681003593622598,5475,1.3,7117.5,0.09468346796531432,451,3196,0.87216
2033-10-03,Instagram,36-50,West India,Mobile,Video,20,73690,10,0.049943527671948235,3680,1.3,4784.0,0.20582891876439077,660,3197,0.87212
2033-10-04,Google,36-50,North India,Desktop,Image,18,65947,10,0.06500734573322657,4287,0.9,3858.3,0.07518409284246101,280,3198,0.87208
2033-10-05,Google,26-35,North India,Mobile,Video,12,29170,10,0.027891193739518615,813,0.9,731.7,0.09728135063432244,68,3199,0.8720399999999999
2033-10-06,Instagram,36-50,North India,Mobile,Video,6,47857,10,0.04460574076474461,2134,1.3,2774.2000000000003,0.20501245575015686,381,3200,0.872
2033-10-07,Google,36-50,North India,Mobile,Image,9,50744,10,0.06127063488022039,3109,0.9,2798.1,0.1680972436034411,455,3201,0.87196
2033-10-08,Google,18-25,West India,Mobile,Video,2,97699,10,0.03529802802807083,3448,0.9,3103.2000000000003,0.1967122148664348,591,3202,0.87192
2033-10-09,Instagram,18-25,North India,Desktop,Text,22,78621,10,0.08015743496224303,6302,1.3,8192.6,0.07804327313545406,428,3203,0.87188
2033-10-10,Instagram,36-50,South India,Mobile,Image,1,93780,10,0.07108423248188966,6666,1.3,8665.800000000001,0.17299236119411834,1005,3204,0.87184
2033-10-11,Instagram,18-25,West India,Desktop,Video,6,6327,10,0.056674592622156204,358,1.3,465.40000000000003,0.09561005814167069,29,3205,0.8718
2033-10-12,Instagram,36-50,North India,Mobile,Video,8,62246,10,0.0968477648080114,6028,1.3,7836.400000000001,0.08625884545228185,452,3206,0.87176
2033-10-13,Instagram,26-35,West India,Mobile,Video,20,83675,10,0.047059853500908855,3937,1.3,5118.1,0.13980152657171077,479,3207,0.87172
2033-10-14,Google,18-25,North India,Desktop,Image,11,92411,10,0.03603972706465734,3330,0.9,2997.0,0.15241496479261513,441,3208,0.87168
2033-10-15,Instagram,36-50,West India,Mobile,Text,21,34264,10,0.08081396155553282,2769,1.3,3599.7000000000003,0.04559931187577798,109,3209,0.87164
2033-10-16,Google,36-50,North India,Mobile,Video,9,79596,10,0.07570646118788232,6025,0.9,5422.5,0.13582281965836368,712,3210,0.8715999999999999
2033-10-17,Instagram,18-25,South India,Mobile,Video,18,16656,10,0.04751558888498864,791,1.3,1028.3,0.1654796483501447,113,3211,0.87156
2033-10-18,Google,18-25,North India,Mobile,Video,12,19805,10,0.07001365230524988,1386,0.9,1247.4,0.13813572261169624,166,3212,0.87152
2033-10-19,Instagram,26-35,West India,Desktop,Image,9,29855,10,0.04218600667372766,1259,1.3,1636.7,0.07058961836806826,76,3213,0.87148
2033-10-20,Google,36-50,West India,Mobile,Video,4,5127,10,0.07495783018561715,384,0.9,345.6,0.05877369631852705,19,3214,0.87144
2033-10-21,Google,26-35,South India,Mobile,Video,14,62722,10,0.05962084129604338,3739,0.9,3365.1,0.21819449892910273,710,3215,0.8714
2033-10-22,Google,26-35,West India,Desktop,Video,20,39319,10,0.06652771211007415,2615,0.9,2353.5,0.14451808407130556,328,3216,0.87136
2033-10-23,Google,26-35,South India,Mobile,Image,2,70126,10,0.04954813187798991,3474,0.9,3126.6,0.16225728271365072,490,3217,0.87132
2033-10-24,Instagram,18-25,West India,Mobile,Text,7,13973,10,0.08568854343087648,1197,1.3,1556.1000000000001,0.07736800315448338,80,3218,0.87128
2033-10-25,Instagram,26-35,West India,Mobile,Image,5,83381,10,0.07171385996269837,5979,1.3,7772.7,0.045950317801890114,238,3219,0.87124
2033-10-26,Google,18-25,South India,Mobile,Text,18,49087,10,0.05850416479856352,2871,0.9,2583.9,0.07137709897232612,177,3220,0.8712
2033-10-27,Google,18-25,West India,Mobile,Text,16,58711,10,0.07527051999968584,4419,0.9,3977.1,0.04273051346628428,163,3221,0.8711599999999999
2033-10-28,Google,26-35,West India,Mobile,Image,9,28281,10,0.036017355627138856,1018,0.9,916.2,0.05095377506737759,44,3222,0.87112
2033-10-29,Google,26-35,South India,Desktop,Video,0,17549,10,0.06265705461440511,1099,0.9,989.1,0.09243208692423617,87,3223,0.87108
2033-10-30,Google,36-50,North India,Mobile,Text,12,62426,10,0.034233357508468204,2137,0.9,1923.3,0.10392600807978575,193,3224,0.87104
2033-10-31,Instagram,26-35,South India,Mobile,Video,9,28623,10,0.08099742958021507,2318,1.3,3013.4,0.20392406582565423,411,3225,0.871
2033-11-01,Google,36-50,West India,Mobile,Text,11,90616,11,0.05467090876087094,4954,0.9,4458.6,0.131741486680349,567,3226,0.87096
2033-11-02,Google,26-35,North India,Mobile,Video,1,5697,11,0.06013276825514723,342,0.9,307.8,0.19526594201797057,57,3227,0.87092
2033-11-03,Google,26-35,North India,Desktop,Video,9,16730,11,0.050412697605288326,843,0.9,758.7,0.15035850288348074,109,3228,0.87088
2033-11-04,Google,26-35,North India,Mobile,Image,20,29245,11,0.057832658989232996,1691,0.9,1521.9,0.04064150523088334,59,3229,0.87084
2033-11-05,Google,26-35,South India,Mobile,Video,22,45134,11,0.031470579153030726,1420,0.9,1278.0,0.12254397000912494,151,3230,0.8708
2033-11-06,Instagram,36-50,North India,Mobile,Text,0,32313,11,0.10033493739711626,3242,1.3,4214.6,0.04490060351913855,126,3231,0.87076
2033-11-07,Google,36-50,North India,Mobile,Video,0,85093,11,0.0404078373895018,3438,0.9,3094.2000000000003,0.16968337365628255,507,3232,0.8707199999999999
2033-11-08,Google,26-35,North India,Mobile,Video,19,66573,11,0.06980527019523575,4647,0.9,4182.3,0.06470238105314162,261,3233,0.87068
2033-11-09,Google,26-35,West India,Mobile,Video,14,54595,11,0.032025157129114135,1748,0.9,1573.2,0.06579497236867402,100,3234,0.87064
2033-11-10,Google,36-50,South India,Mobile,Text,21,30908,11,0.0523982134335893,1619,0.9,1457.1000000000001,0.041092509880885475,57,3235,0.8706
2033-11-11,Google,18-25,South India,Mobile,Text,0,68557,11,0.07513655347002933,5151,0.9,4635.900000000001,0.1624753141626474,727,3236,0.87056
2033-11-12,Instagram,18-25,West India,Mobile,Text,20,40648,11,0.10432188884525471,4240,1.3,5512.0,0.12749949681906728,470,3237,0.87052
2033-11-13,Instagram,18-25,North India,Mobile,Video,8,38289,11,0.06873992368140111,2631,1.3,3420.3,0.09879640650285204,225,3238,0.87048
2033-11-14,Instagram,36-50,West India,Mobile,Image,23,63710,11,0.1062254147864774,6767,1.3,8797.1,0.09270150715167834,545,3239,0.87044
2033-11-15,Google,36-50,West India,Desktop,Text,6,9839,11,0.025064804517298193,246,0.9,221.4,0.04107198301675455,8,3240,0.8704
2033-11-16,Google,18-25,North India,Mobile,Video,15,97541,11,0.05527139137371814,5391,0.9,4851.900000000001,0.07080354139387211,331,3241,0.87036
2033-11-17,Google,18-25,North India,Desktop,Text,15,69838,11,0.03797979851600039,2652,0.9,2386.8,0.0675095778103815,155,3242,0.87032
2033-11-18,Instagram,26-35,South India,Mobile,Image,12,9511,11,0.06618698376473708,629,1.3,817.7,0.10373167026483539,56,3243,0.8702799999999999
2033-11-19,Instagram,36-50,North India,Desktop,Video,9,87527,11,0.053394601245284334,4673,1.3,6074.900000000001,0.14454823562177194,587,3244,0.87024
2033-11-20,Google,36-50,West India,Mobile,Text,17,76450,11,0.0669482133381035,5118,0.9,4606.2,0.07568954969616842,336,3245,0.8702
2033-11-21,Google,18-25,West India,Mobile,Text,8,10948,11,0.0708389797185682,775,0.9,697.5,0.1475974611462715,99,3246,0.87016
2033-11-22,Google,18-25,North India,Mobile,Image,11,45638,11,0.05589402064610169,2550,0.9,2295.0,0.08359162992792177,185,3247,0.87012
2033-11-23,Instagram,36-50,South India,Mobile,Text,23,94890,11,0.0947690204638679,8992,1.3,11689.6,0.16065483261979724,1256,3248,0.87008
2033-11-24,Instagram,26-35,West India,Mobile,Video,12,6873,11,0.07258107807844758,498,1.3,647.4,0.17061642823789913,73,3249,0.8700399999999999
2033-11-25,Google,18-25,North India,Mobile,Video,10,32461,11,0.06268947059223444,2034,0.9,1830.6000000000001,0.18922364751524567,334,3250,0.87
2033-11-26,Google,36-50,South India,Mobile,Image,14,74034,11,0.05067149330787296,3751,0.9,3375.9,0.15228620647875796,496,3251,0.86996
2033-11-27,Instagram,36-50,South India,Mobile,Image,9,90092,11,0.04804900479190133,4328,1.3,5626.400000000001,0.1315619417012979,494,3252,0.86992
2033-11-28,Google,26-35,West India,Mobile,Image,9,99142,11,0.029806646323204376,2955,0.9,2659.5,0.11127158974715523,285,3253,0.86988
2033-11-29,Google,26-35,West India,Mobile,Video,8,28091,11,0.041639552224264645,1169,0.9,1052.1000000000001,0.09694481284784663,98,3254,0.86984
2033-11-30,Google,18-25,South India,Mobile,Image,2,72171,11,0.02573028545841538,1856,0.9,1670.4,0.08991879391089622,144,3255,0.8698
2033-12-01,Instagram,18-25,South India,Mobile,Text,22,53999,12,0.05854005869576149,3161,1.3,4109.3,0.0666176449800487,182,3256,0.86976
2033-12-02,Google,18-25,South India,Mobile,Text,15,34532,12,0.05810204692674507,2006,0.9,1805.4,0.08786729450582072,153,3257,0.86972
2033-12-03,Google,36-50,North India,Mobile,Video,11,23690,12,0.022683667176348562,537,0.9,483.3,0.06586489209026553,30,3258,0.86968
2033-12-04,Instagram,18-25,West India,Mobile,Text,16,18036,12,0.058662574402863966,1058,1.3,1375.4,0.08012500279088226,73,3259,0.86964
2033-12-05,Google,36-50,South India,Mobile,Image,14,46040,12,0.06447963077610067,2968,0.9,2671.2000000000003,0.17239653703067948,444,3260,0.8695999999999999
2033-12-06,Google,18-25,West India,Desktop,Text,2,57196,12,0.025656918818899383,1467,0.9,1320.3,0.13756478206111641,174,3261,0.86956
2033-12-07,Google,26-35,West India,Mobile,Image,4,48911,12,0.03195327097613248,1562,0.9,1405.8,0.12999625220930444,176,3262,0.86952
2033-12-08,Google,26-35,West India,Desktop,Text,12,45562,12,0.019298536493106633,879,0.9,791.1,0.06456036626581889,48,3263,0.86948
2033-12-09,Instagram,36-50,South India,Mobile,Video,23,11321,12,0.10946405463107063,1239,1.3,1610.7,0.09721658363115704,104,3264,0.86944
2033-12-10,Google,26-35,North India,Desktop,Image,5,30152,12,0.04745644005927228,1430,0.9,1287.0,0.07496454427579707,93,3265,0.8694
2033-12-11,Google,36-50,South India,Desktop,Text,8,86884,12,0.03856093119380786,3350,0.9,3015.0,0.10285513468609843,299,3266,0.86936
2033-12-12,Instagram,36-50,West India,Mobile,Video,18,87531,12,0.10639812493730581,9313,1.3,12106.9,0.2120426724705605,1716,3267,0.86932
2033-12-13,Instagram,26-35,South India,Mobile,Text,6,55911,12,0.07325721653959277,4095,1.3,5323.5,0.0516922493441554,183,3268,0.86928
2033-12-14,Instagram,36-50,South India,Mobile,Video,12,91298,12,0.06553585771189538,5983,1.3,7777.900000000001,0.14529463505099594,755,3269,0.86924
2033-12-15,Google,26-35,West India,Mobile,Text,21,1145,12,0.028611944284793696,32,0.9,28.8,0.11518707901046144,2,3270,0.8692
2033-12-16,Google,18-25,West India,Desktop,Image,4,71637,12,0.05327183523746738,3816,0.9,3434.4,0.07439252603580093,245,3271,0.8691599999999999
2033-12-17,Instagram,18-25,South India,Desktop,Image,15,5247,12,0.028820324668447972,151,1.3,196.3,0.1932432905455247,25,3272,0.86912
2033-12-18,Google,26-35,South India,Desktop,Image,3,76114,12,0.028864194937083896,2196,0.9,1976.4,0.09774934623949581,185,3273,0.86908
2033-12-19,Instagram,26-35,South India,Desktop,Image,4,70724,12,0.047793767589448595,3380,1.3,4394.0,0.18758276417854652,550,3274,0.86904
2033-12-20,Instagram,26-35,South India,Desktop,Image,19,98310,12,0.06371736469999953,6264,1.3,8143.200000000001,0.13599273627093938,739,3275,0.869
2033-12-21,Instagram,26-35,North India,Mobile,Text,18,64289,12,0.09752483437369387,6269,1.3,8149.700000000001,0.03276117986377589,178,3276,0.86896
2033-12-22,Google,18-25,South India,Mobile,Text,22,44547,12,0.03788680361909091,1687,0.9,1518.3,0.07812457887724128,113,3277,0.86892
2033-12-23,Google,36-50,North India,Mobile,Text,5,3696,12,0.02322652123113597,85,0.9,76.5,0.03473607428581756,1,3278,0.86888
2033-12-24,Instagram,36-50,West India,Mobile,Text,3,63041,12,0.06469393753567362,4078,1.3,5301.400000000001,0.07939561187550342,280,3279,0.86884
2033-12-25,Google,18-25,North India,Mobile,Image,0,20713,12,0.061936182956693966,1282,0.9,1153.8,0.16202702618418888,179,3280,0.8688
2033-12-26,Google,36-50,West India,Mobile,Video,16,45549,12,0.07265620270471224,3309,0.9,2978.1,0.17887485942089226,513,3281,0.86876
2033-12-27,Instagram,18-25,North India,Mobile,Image,8,44548,12,0.10014876354196121,4461,1.3,5799.3,0.12047757339648876,466,3282,0.8687199999999999
2033-12-28,Instagram,36-50,West India,Mobile,Text,15,53633,12,0.06369186664143758,3415,1.3,4439.5,0.09808769322771589,290,3283,0.86868
2033-12-29,Google,26-35,South India,Desktop,Image,22,97411,12,0.0755727900697014,7361,0.9,6624.900000000001,0.10137761617106125,648,3284,0.86864
2033-12-30,Google,26-35,North India,Mobile,Image,1,91886,12,0.037561892945511564,3451,0.9,3105.9,0.06613478051638727,198,3285,0.8686
2033-12-31,Google,26-35,North India,Mobile,Image,10,5641,12,0.03229222879894993,182,0.9,163.8,0.046315814069201953,6,3286,0.86856
2034-01-01,Instagram,18-25,West India,Desktop,Video,4,72095,1,0.04276451037752799,3083,1.3,4007.9,0.07994464000978198,213,3287,0.86852
2034-01-02,Instagram,18-25,West India,Mobile,Image,12,12631,1,0.06088077738883938,768,1.3,998.4000000000001,0.08921281158230424,59,3288,0.86848
2034-01-03,Google,36-50,North India,Mobile,Image,19,36816,1,0.04981834308285953,1834,0.9,1650.6000000000001,0.10715881851173242,170,3289,0.86844
2034-01-04,Google,36-50,West India,Mobile,Video,16,3023,1,0.06025244934749261,182,0.9,163.8,0.08233985447219995,12,3290,0.8684
2034-01-05,Instagram,36-50,South India,Mobile,Image,14,26656,1,0.10107640647991774,2694,1.3,3502.2000000000003,0.19404660294753479,453,3291,0.86836
2034-01-06,Google,18-25,North India,Desktop,Image,21,87190,1,0.049158347026543536,4286,0.9,3857.4,0.048221069511936644,178,3292,0.86832
2034-01-07,Google,36-50,South India,Mobile,Image,11,88253,1,0.04950698271754336,4369,0.9,3932.1,0.058597937755179345,222,3293,0.8682799999999999
2034-01-08,Instagram,26-35,North India,Mobile,Image,5,35842,1,0.04600263714526107,1648,1.3,2142.4,0.12878611413540317,184,3294,0.86824
2034-01-09,Google,36-50,South India,Mobile,Image,19,99086,1,0.08757990111821312,8677,0.9,7809.3,0.16027948305777406,1206,3295,0.8682
2034-01-10,Instagram,26-35,North India,Desktop,Text,12,56189,1,0.05565331169182179,3127,1.3,4065.1000000000004,0.14223563857750865,385,3296,0.86816
2034-01-11,Google,18-25,West India,Mobile,Image,17,46923,1,0.03879543746840526,1820,0.9,1638.0,0.11426219100633736,179,3297,0.86812
2034-01-12,Google,26-35,North India,Desktop,Video,23,36080,1,0.049032495894073096,1769,0.9,1592.1000000000001,0.07208305495066014,110,3298,0.86808
2034-01-13,Instagram,26-35,South India,Mobile,Image,14,4474,1,0.08946572229620774,400,1.3,520.0,0.18844105903476355,65,3299,0.8680399999999999
2034-01-14,Google,26-35,North India,Desktop,Text,14,80707,1,0.061494497571579196,4963,0.9,4466.7,0.14311549817486274,616,3300,0.868
2034-01-15,Instagram,18-25,South India,Desktop,Video,7,4260,1,0.050671654614389744,215,1.3,279.5,0.22346537013941825,41,3301,0.86796
2034-01-16,Instagram,18-25,South India,Desktop,Video,18,61218,1,0.0846973243561013,5185,1.3,6740.5,0.21388206178768482,961,3302,0.86792
2034-01-17,Google,18-25,South India,Mobile,Image,22,50109,1,0.07816667213134537,3916,0.9,3524.4,0.05594641210597523,190,3303,0.86788
2034-01-18,Google,18-25,West India,Desktop,Text,13,6618,1,0.03638950404128587,240,0.9,216.0,0.13572990077719838,27,3304,0.86784
2034-01-19,Google,36-50,North India,Mobile,Image,6,46765,1,0.026103558732886133,1220,0.9,1098.0,0.16477917756788954,174,3305,0.8678
2034-01-20,Google,18-25,South India,Desktop,Text,13,35118,1,0.04980459928502724,1749,0.9,1574.1000000000001,0.10969796514963608,165,3306,0.86776
2034-01-21,Google,26-35,West India,Mobile,Text,4,10285,1,0.044253760816564236,455,0.9,409.5,0.1259379498617951,49,3307,0.86772
2034-01-22,Google,18-25,South India,Mobile,Image,14,58083,1,0.0731675899231124,4249,0.9,3824.1,0.14577792865878225,537,3308,0.86768
2034-01-23,Google,36-50,North India,Mobile,Text,20,74677,1,0.046633040145732926,3482,0.9,3133.8,0.0648649708219577,195,3309,0.86764
2034-01-24,Instagram,36-50,West India,Mobile,Image,14,29352,1,0.10453127492949138,3068,1.3,3988.4,0.12225277331117729,325,3310,0.8675999999999999
2034-01-25,Instagram,36-50,South India,Mobile,Text,23,45056,1,0.056353353669629624,2539,1.3,3300.7000000000003,0.1538189848363928,338,3311,0.86756
2034-01-26,Instagram,26-35,South India,Mobile,Video,3,64045,1,0.09215080197047702,5901,1.3,7671.3,0.14453199984732007,739,3312,0.86752
2034-01-27,Google,18-25,South India,Mobile,Image,0,24707,1,0.03805350324014556,940,0.9,846.0,0.1348823827968294,109,3313,0.86748
2034-01-28,Google,18-25,North India,Desktop,Text,16,23161,1,0.03876054314933899,897,0.9,807.3000000000001,0.0923819741082849,71,3314,0.86744
2034-01-29,Instagram,18-25,West India,Mobile,Video,19,68390,1,0.056331319041552655,3852,1.3,5007.6,0.09544401938711025,318,3315,0.8674
2034-01-30,Google,26-35,West India,Mobile,Video,0,19650,1,0.05741003505514935,1128,0.9,1015.2,0.1561354022210582,152,3316,0.86736
2034-01-31,Google,26-35,West India,Desktop,Video,15,17944,1,0.03419648547729006,613,0.9,551.7,0.13359096612420535,70,3317,0.86732
2034-02-01,Instagram,36-50,South India,Mobile,Video,12,8546,2,0.10908821275823345,932,1.3,1211.6000000000001,0.09577449983474348,77,3318,0.86728
2034-02-02,Instagram,36-50,West India,Mobile,Image,17,55139,2,0.048073512625973355,2650,1.3,3445.0,0.1653529413247513,379,3319,0.86724
2034-02-03,Google,18-25,South India,Mobile,Text,9,8207,2,0.06280163974776351,515,0.9,463.5,0.16176099442621686,71,3320,0.8672
2034-02-04,Google,26-35,North India,Mobile,Video,22,95804,2,0.06695849508348192,6414,0.9,5772.6,0.05443747578297137,302,3321,0.8671599999999999
2034-02-05,Instagram,26-35,West India,Mobile,Text,17,73022,2,0.07024318417222389,5129,1.3,6667.7,0.10805950205927295,480,3322,0.86712
2034-02-06,Instagram,18-25,South India,Mobile,Text,16,32222,2,0.07203390310798395,2321,1.3,3017.3,0.09172948085309611,183,3323,0.86708
2034-02-07,Instagram,18-25,West India,Desktop,Text,8,30121,2,0.06865733276923643,2068,1.3,2688.4,0.09658856292470326,172,3324,0.86704
2034-02-08,Instagram,36-50,West India,Mobile,Image,13,85303,2,0.09574772326938288,8167,1.3,10617.1,0.09233616160849703,653,3325,0.867
2034-02-09,Instagram,36-50,North India,Mobile,Image,20,39915,2,0.07039577548577655,2809,1.3,3651.7000000000003,0.10108967831719756,245,3326,0.86696
2034-02-10,Google,36-50,West India,Desktop,Video,12,11017,2,0.021870898990723454,240,0.9,216.0,0.10233690088002158,20,3327,0.86692
2034-02-11,Google,18-25,North India,Mobile,Text,19,16094,2,0.05119588447031676,823,0.9,740.7,0.04559505056612022,32,3328,0.86688
2034-02-12,Instagram,18-25,West India,Mobile,Image,19,32236,2,0.10075747842893917,3248,1.3,4222.400000000001,0.08228456912740856,231,3329,0.86684
2034-02-13,Instagram,36-50,West India,Desktop,Image,13,8664,2,0.03371035894719364,292,1.3,379.6,0.1338465169132111,33,3330,0.8668
2034-02-14,Instagram,36-50,West India,Mobile,Image,10,30921,2,0.07092090505109183,2192,1.3,2849.6,0.047053413154477745,89,3331,0.86676
2034-02-15,Google,26-35,West India,Desktop,Video,12,96381,2,0.06047823758957167,5828,0.9,5245.2,0.11229904087049679,566,3332,0.8667199999999999
2034-02-16,Google,26-35,West India,Mobile,Image,16,81109,2,0.027634961539962026,2241,0.9,2016.9,0.045921883383948266,88,3333,0.86668
2034-02-17,Instagram,36-50,West India,Desktop,Text,2,68219,2,0.030432504635843637,2076,1.3,2698.8,0.07639568595615585,136,3334,0.86664
2034-02-18,Instagram,36-50,North India,Mobile,Image,0,64590,2,0.10206752449947956,6592,1.3,8569.6,0.04965235497079238,283,3335,0.8666
2034-02-19,Instagram,26-35,North India,Mobile,Image,20,10390,2,0.1017671931686685,1057,1.3,1374.1000000000001,0.08317213294719078,75,3336,0.86656
2034-02-20,Instagram,36-50,South India,Mobile,Video,4,34777,2,0.09397447942969187,3268,1.3,4248.400000000001,0.20767860597349688,587,3337,0.86652
2034-02-21,Instagram,26-35,West India,Desktop,Text,12,49588,2,0.056463807521573296,2799,1.3,3638.7000000000003,0.10699563548266695,259,3338,0.86648
2034-02-22,Instagram,26-35,North India,Desktop,Image,23,98313,2,0.0806695575220834,7930,1.3,10309.0,0.1287451584310105,883,3339,0.86644
2034-02-23,Instagram,26-35,West India,Mobile,Text,4,43667,2,0.10022412541596216,4376,1.3,5688.8,0.0939522151994646,356,3340,0.8664
2034-02-24,Instagram,18-25,West India,Desktop,Text,4,95647,2,0.04947954911004739,4732,1.3,6151.6,0.1437634224650012,589,3341,0.86636
2034-02-25,Instagram,18-25,North India,Mobile,Image,22,30980,2,0.07442139353550699,2305,1.3,2996.5,0.10997409888111369,219,3342,0.86632
2034-02-26,Google,36-50,West India,Mobile,Video,11,24808,2,0.06133169230267028,1521,0.9,1368.9,0.06552140680646502,85,3343,0.8662799999999999
2034-02-27,Google,26-35,North India,Mobile,Text,1,64470,2,0.05969029849950163,3848,0.9,3463.2000000000003,0.13778730100411374,459,3344,0.86624
2034-02-28,Instagram,18-25,North India,Desktop,Image,22,73762,2,0.10768008325051365,7942,1.3,10324.6,0.055697427935329294,382,3345,0.8662
2034-03-01,Google,36-50,South India,Desktop,Text,15,88983,3,0.027302480197924518,2429,0.9,2186.1,0.18501053751766555,388,3346,0.86616
2034-03-02,Google,36-50,South India,Mobile,Text,16,18926,3,0.039475265314530564,747,0.9,672.3000000000001,0.10383097985885774,66,3347,0.86612
2034-03-03,Google,36-50,South India,Desktop,Text,4,18621,3,0.039555479054752145,736,0.9,662.4,0.05172117240561518,32,3348,0.86608
2034-03-04,Google,36-50,South India,Mobile,Image,11,12167,3,0.08102016160872676,985,0.9,886.5,0.19477889666443768,165,3349,0.86604
2034-03-05,Google,36-50,West India,Mobile,Text,14,72245,3,0.06497048786366814,4693,0.9,4223.7,0.04955837180588973,200,3350,0.866
2034-03-06,Google,26-35,West India,Mobile,Text,5,79776,3,0.0396379020342271,3162,0.9,2845.8,0.06023319082044623,164,3351,0.86596
2034-03-07,Instagram,36-50,South India,Desktop,Video,12,36031,3,0.0662915995193325,2388,1.3,3104.4,0.14291830873755948,295,3352,0.86592
2034-03-08,Google,26-35,North India,Mobile,Image,10,33146,3,0.06559554781378558,2174,0.9,1956.6000000000001,0.1407260514441044,264,3353,0.86588
2034-03-09,Google,18-25,North India,Mobile,Image,16,8998,3,0.062031767484371156,558,0.9,502.2,0.05952278440135589,28,3354,0.8658399999999999
2034-03-10,Google,36-50,North India,Mobile,Text,8,41508,3,0.0650836868109093,2701,0.9,2430.9,0.11295655474515368,264,3355,0.8658
2034-03-11,Instagram,18-25,North India,Mobile,Video,15,77348,3,0.08134539333238809,6291,1.3,8178.3,0.18716463322447766,1018,3356,0.86576
2034-03-12,Google,26-35,West India,Mobile,Text,16,32101,3,0.05547627464213449,1780,0.9,1602.0,0.053565640032775245,82,3357,0.86572
2034-03-13,Instagram,26-35,North India,Mobile,Text,19,80764,3,0.0616776405090375,4981,1.3,6475.3,0.11605864345424008,500,3358,0.86568
2034-03-14,Instagram,18-25,North India,Desktop,Image,23,25747,3,0.07820928421744547,2013,1.3,2616.9,0.18208354146715092,316,3359,0.86564
2034-03-15,Instagram,36-50,South India,Mobile,Video,17,61800,3,0.054110168298153044,3344,1.3,4347.2,0.254732062947055,736,3360,0.8655999999999999
2034-03-16,Google,36-50,North India,Mobile,Text,12,96326,3,0.04086422826121897,3936,0.9,3542.4,0.05563355309188392,188,3361,0.86556
2034-03-17,Instagram,18-25,West India,Desktop,Image,10,2882,3,0.04381450560216368,126,1.3,163.8,0.1609944293306132,17,3362,0.86552
2034-03-18,Google,18-25,North India,Mobile,Text,12,39955,3,0.03661603851297831,1462,0.9,1315.8,0.14081297642306892,177,3363,0.86548
2034-03-19,Instagram,18-25,North India,Desktop,Text,23,85195,3,0.07432033403964271,6331,1.3,8230.300000000001,0.1460770234688163,799,3364,0.86544
2034-03-20,Instagram,36-50,West India,Mobile,Video,12,60965,3,0.0791281815595211,4824,1.3,6271.2,0.11261632614944411,469,3365,0.8654
2034-03-21,Google,36-50,South India,Mobile,Video,11,89794,3,0.025580143658419544,2296,0.9,2066.4,0.1129896784074581,224,3366,0.86536
2034-03-22,Google,36-50,West India,Mobile,Video,13,90422,3,0.07644141923712978,6911,0.9,6219.900000000001,0.06164472484126427,368,3367,0.86532
2034-03-23,Google,18-25,South India,Desktop,Text,12,42560,3,0.03630549786966038,1545,0.9,1390.5,0.09865994172885456,131,3368,0.86528
2034-03-24,Instagram,36-50,North India,Desktop,Video,8,32343,3,0.041427513729044935,1339,1.3,1740.7,0.0719217941696478,83,3369,0.86524
2034-03-25,Google,26-35,South India,Mobile,Image,13,84943,3,0.03464889605762089,2943,0.9,2648.7000000000003,0.1815919891895942,462,3370,0.8652
2034-03-26,Instagram,18-25,South India,Mobile,Text,0,4950,3,0.048612595139987565,240,1.3,312.0,0.06172575668335418,12,3371,0.8651599999999999
2034-03-27,Google,36-50,South India,Mobile,Video,8,4889,3,0.06379310007188214,311,0.9,279.90000000000003,0.22454707951470845,59,3372,0.86512
2034-03-28,Instagram,18-25,North India,Mobile,Text,3,31410,3,0.09036039332205681,2838,1.3,3689.4,0.04891228443718767,119,3373,0.86508
2034-03-29,Instagram,26-35,South India,Mobile,Text,11,95504,3,0.07471178748825215,7135,1.3,9275.5,0.11034382285881043,680,3374,0.86504
2034-03-30,Instagram,26-35,South India,Mobile,Image,23,19976,3,0.09729764090552505,1943,1.3,2525.9,0.11355704330912413,190,3375,0.865
2034-03-31,Instagram,18-25,North India,Mobile,Image,13,24016,3,0.109790162896827,2636,1.3,3426.8,0.12980585568955458,295,3376,0.86496
2034-04-01,Google,18-25,West India,Mobile,Image,8,75747,4,0.08057312331460562,6103,0.9,5492.7,0.1351536719163857,712,3377,0.86492
2034-04-02,Google,26-35,West India,Desktop,Text,2,23742,4,0.04388323707585999,1041,0.9,936.9,0.12628386793494792,113,3378,0.86488
2034-04-03,Instagram,18-25,West India,Mobile,Text,5,24553,4,0.06920489116361504,1699,1.3,2208.7000000000003,0.04093761424714033,59,3379,0.86484
2034-04-04,Google,26-35,North India,Mobile,Image,2,64338,4,0.07641092525135011,4916,0.9,4424.400000000001,0.06594957732423175,280,3380,0.8648
2034-04-05,Google,26-35,North India,Mobile,Text,0,30332,4,0.07117694928933938,2158,0.9,1942.2,0.10891252426337851,203,3381,0.86476
2034-04-06,Google,36-50,West India,Mobile,Image,21,79625,4,0.057793521928305766,4601,0.9,4140.900000000001,0.08658390541935572,344,3382,0.8647199999999999
2034-04-07,Google,18-25,South India,Desktop,Image,20,5436,4,0.0667901140975947,363,0.9,326.7,0.06690341018393609,20,3383,0.86468
2034-04-08,Google,18-25,West India,Mobile,Video,2,18087,4,0.05984798323515522,1082,0.9,973.8000000000001,0.10148853867305947,94,3384,0.86464
2034-04-09,Instagram,36-50,North India,Mobile,Image,13,56702,4,0.11197233145188876,6349,1.3,8253.7,0.1700655854857121,932,3385,0.8646
2034-04-10,Google,26-35,South India,Mobile,Video,19,26428,4,0.11010750960397127,2909,0.9,2618.1,0.18348608207143555,460,3386,0.86456
2034-04-11,Instagram,18-25,South India,Desktop,Image,1,75033,4,0.10211430540190997,7661,1.3,9959.300000000001,0.08792620819214132,581,3387,0.86452
2034-04-12,Google,36-50,North India,Mobile,Text,11,29154,4,0.028511089556642024,831,0.9,747.9,0.0409276259490606,29,3388,0.86448
2034-04-13,Instagram,36-50,South India,Mobile,Video,9,93045,4,0.055860234845183376,5197,1.3,6756.1,0.14266039884553447,640,3389,0.86444
2034-04-14,Google,18-25,West India,Mobile,Text,12,45747,4,0.07444871577182412,3405,0.9,3064.5,0.09184665770938528,269,3390,0.8644
2034-04-15,Instagram,36-50,North India,Mobile,Text,19,35349,4,0.049250999419622306,1740,1.3,2262.0,0.13848708580463281,207,3391,0.86436
2034-04-16,Instagram,26-35,North India,Mobile,Image,3,70493,4,0.05006249258306488,3529,1.3,4587.7,0.19234201455561004,586,3392,0.86432
2034-04-17,Google,36-50,North India,Mobile,Image,18,38358,4,0.0332210036821219,1274,0.9,1146.6000000000001,0.10497344381134623,114,3393,0.8642799999999999
2034-04-18,Instagram,26-35,North India,Desktop,Text,21,53484,4,0.051167580949023975,2736,1.3,3556.8,0.1321120795035424,311,3394,0.86424
2034-04-19,Instagram,26-35,South India,Desktop,Image,0,81449,4,0.08925152051687053,7269,1.3,9449.7,0.17013054334544134,1068,3395,0.8642
2034-04-20,Instagram,18-25,North India,Mobile,Image,10,51837,4,0.12141840453237003,6293,1.3,8180.900000000001,0.1129640133957534,613,3396,0.86416
2034-04-21,Instagram,36-50,North India,Mobile,Image,15,76333,4,0.06536484191467294,4989,1.3,6485.7,0.05611605684650997,241,3397,0.86412
2034-04-22,Google,26-35,South India,Mobile,Text,18,8531,4,0.05621299596072639,479,0.9,431.1,0.11925180383347415,49,3398,0.86408
2034-04-23,Instagram,26-35,North India,Mobile,Video,18,14825,4,0.07778577027822281,1153,1.3,1498.9,0.12254461617367983,121,3399,0.86404
2034-04-24,Google,36-50,South India,Mobile,Video,11,65028,4,0.07626877110453008,4959,0.9,4463.1,0.18537110700624862,794,3400,0.864
2034-04-25,Google,26-35,South India,Mobile,Text,2,73447,4,0.0536208139184095,3938,0.9,3544.2000000000003,0.06457737308566378,219,3401,0.86396
2034-04-26,Instagram,36-50,North India,Mobile,Image,22,33316,4,0.1540918711558548,5133,1.3,6672.900000000001,0.1611886725532816,714,3402,0.86392
2034-04-27,Google,18-25,West India,Mobile,Image,23,72267,4,0.06501834542020192,4698,0.9,4228.2,0.18034207288825774,731,3403,0.86388
2034-04-28,Instagram,26-35,North India,Mobile,Video,17,18279,4,0.13110764919860382,2396,1.3,3114.8,0.12911817358833122,266,3404,0.8638399999999999
2034-04-29,Instagram,26-35,West India,Mobile,Text,16,45223,4,0.04075053628977764,1842,1.3,2394.6,0.06582939293621445,104,3405,0.8638
2034-04-30,Instagram,36-50,South India,Mobile,Text,4,90952,4,0.08133643003335787,7397,1.3,9616.1,0.14283163400756713,912,3406,0.86376
2034-05-01,Instagram,36-50,West India,Desktop,Image,15,29000,5,0.042864141710378376,1243,1.3,1615.9,0.17381367546034462,186,3407,0.86372
2034-05-02,Google,36-50,North India,Mobile,Image,23,13045,5,0.02568789338220813,335,0.9,301.5,0.13116692153415074,37,3408,0.86368
2034-05-03,Google,36-50,North India,Desktop,Image,13,52498,5,0.03167849626931208,1663,0.9,1496.7,0.05442313711795878,77,3409,0.86364
2034-05-04,Google,26-35,West India,Mobile,Text,18,37299,5,0.06946262287852581,2590,0.9,2331.0,0.08126919168196597,181,3410,0.8635999999999999
2034-05-05,Google,18-25,North India,Desktop,Video,5,77202,5,0.032195385128015515,2485,0.9,2236.5,0.1916928680274533,411,3411,0.86356
2034-05-06,Google,18-25,West India,Mobile,Text,2,19245,5,0.04680640861561713,900,0.9,810.0,0.1094962915010747,84,3412,0.86352
2034-05-07,Google,18-25,South India,Desktop,Text,5,99102,5,0.018904088814493323,1873,0.9,1685.7,0.05666222247841094,91,3413,0.86348
2034-05-08,Instagram,18-25,West India,Mobile,Text,11,28339,5,0.05694639147981156,1613,1.3,2096.9,0.12022647178349305,166,3414,0.86344
2034-05-09,Instagram,36-50,West India,Mobile,Video,19,71388,5,0.05343439617037123,3814,1.3,4958.2,0.10739115655200612,353,3415,0.8634
2034-05-10,Google,26-35,West India,Mobile,Image,10,82950,5,0.07572728062971253,6281,0.9,5652.900000000001,0.10853481490186145,587,3416,0.86336
2034-05-11,Instagram,26-35,West India,Mobile,Image,6,64819,5,0.03392564530754149,2199,1.3,2858.7000000000003,0.09810651850760224,185,3417,0.86332
2034-05-12,Google,26-35,South India,Mobile,Text,0,80817,5,0.023747694433313305,1919,0.9,1727.1000000000001,0.13239368543150587,219,3418,0.86328
2034-05-13,Google,36-50,South India,Mobile,Text,15,29031,5,0.057851968249724536,1679,0.9,1511.1000000000001,0.06592391275426797,94,3419,0.86324
2034-05-14,Instagram,26-35,South India,Mobile,Video,15,17626,5,0.08361776655179501,1473,1.3,1914.9,0.12457073529892898,157,3420,0.8632
2034-05-15,Instagram,36-50,West India,Mobile,Video,16,24302,5,0.037341103439522474,907,1.3,1179.1000000000001,0.17308368070158278,134,3421,0.8631599999999999
2034-05-16,Instagram,26-35,South India,Mobile,Image,14,47691,5,0.0954175684191492,4550,1.3,5915.0,0.1525365502266699,599,3422,0.86312
2034-05-17,Google,18-25,North India,Mobile,Text,20,31112,5,0.09161104750922569,2850,0.9,2565.0,0.05510719048687243,135,3423,0.86308
2034-05-18,Instagram,36-50,South India,Mobile,Video,8,72047,5,0.06786348794861974,4889,1.3,6355.7,0.11760269597578576,495,3424,0.86304
2034-05-19,Instagram,26-35,West India,Desktop,Video,4,71204,5,0.04128776246407034,2939,1.3,3820.7000000000003,0.05041315616539381,127,3425,0.863
2034-05-20,Instagram,18-25,North India,Desktop,Text,19,7087,5,0.06944753560811866,492,1.3,639.6,0.09223600336753451,38,3426,0.86296
2034-05-21,Instagram,18-25,West India,Desktop,Text,7,73551,5,0.04992528768612749,3672,1.3,4773.6,0.06743202686265545,213,3427,0.86292
2034-05-22,Instagram,18-25,North India,Desktop,Text,20,97955,5,0.050932314580671524,4989,1.3,6485.7,0.03364144188194847,144,3428,0.86288
2034-05-23,Instagram,36-50,West India,Mobile,Text,0,32314,5,0.04598735425845245,1486,1.3,1931.8,0.08453989577256091,107,3429,0.86284
2034-05-24,Instagram,36-50,West India,Desktop,Text,6,78150,5,0.07288514077603123,5695,1.3,7403.5,0.14429749568971156,708,3430,0.8628
2034-05-25,Instagram,26-35,North India,Mobile,Text,10,70539,5,0.043937308947434583,3099,1.3,4028.7000000000003,0.13669050177810307,364,3431,0.86276
2034-05-26,Instagram,18-25,South India,Mobile,Video,19,27235,5,0.05512153644341798,1501,1.3,1951.3,0.12156460735465693,157,3432,0.8627199999999999
2034-05-27,Google,26-35,North India,Desktop,Text,20,61572,5,0.030000423229571582,1847,0.9,1662.3,0.08307955951136402,131,3433,0.86268
2034-05-28,Instagram,26-35,North India,Mobile,Image,12,34366,5,0.050407968063812286,1732,1.3,2251.6,0.07027663464192226,104,3434,0.86264
2034-05-29,Google,18-25,North India,Mobile,Text,21,52347,5,0.05783732989814605,3027,0.9,2724.3,0.04002219427170879,104,3435,0.8626
2034-05-30,Google,26-35,North India,Mobile,Image,12,33837,5,0.04840778680500149,1637,0.9,1473.3,0.1302922488107045,183,3436,0.86256
2034-05-31,Instagram,36-50,North India,Mobile,Image,6,9139,5,0.05413109128760099,494,1.3,642.2,0.14440701000658535,61,3437,0.86252
2034-06-01,Instagram,26-35,West India,Mobile,Image,10,10585,6,0.05648099345110399,597,1.3,776.1,0.15505391730092338,79,3438,0.86248
2034-06-02,Instagram,18-25,West India,Mobile,Text,17,4659,6,0.04672662939887907,217,1.3,282.1,0.13803422826258255,25,3439,0.86244
2034-06-03,Google,36-50,South India,Mobile,Text,0,92761,6,0.03612099037629529,3350,0.9,3015.0,0.149434624367025,431,3440,0.8624
2034-06-04,Google,36-50,South India,Mobile,Image,11,6634,6,0.06655691868470817,441,0.9,396.90000000000003,0.04580619494840505,17,3441,0.86236
2034-06-05,Google,26-35,North India,Mobile,Text,2,4682,6,0.026142264842998426,122,0.9,109.8,0.13572994791196347,13,3442,0.86232
2034-06-06,Instagram,26-35,South India,Mobile,Video,0,36451,6,0.0791411172416649,2884,1.3,3749.2000000000003,0.1167853749143874,289,3443,0.8622799999999999
2034-06-07,Instagram,36-50,South India,Desktop,Video,3,71098,6,0.063708282893507,4529,1.3,5887.7,0.20572506515047437,802,3444,0.86224
2034-06-08,Instagram,26-35,North India,Mobile,Video,5,5652,6,0.08888114607291468,502,1.3,652.6,0.11014806156222952,47,3445,0.8622
2034-06-09,Instagram,18-25,West India,Desktop,Video,4,87851,6,0.06825831846943836,5996,1.3,7794.8,0.1129816055595887,583,3446,0.86216
2034-06-10,Instagram,26-35,West India,Mobile,Text,10,76038,6,0.03221168754005305,2449,1.3,3183.7000000000003,0.03356509890774505,70,3447,0.86212
2034-06-11,Instagram,26-35,South India,Mobile,Image,19,71249,6,0.06476307637997236,4614,1.3,5998.2,0.04947218375458808,196,3448,0.86208
2034-06-12,Google,36-50,West India,Mobile,Text,22,6413,6,0.042144527084275955,270,0.9,243.0,0.10818809830278756,24,3449,0.86204
2034-06-13,Google,26-35,West India,Mobile,Video,12,22984,6,0.04279826319193932,983,0.9,884.7,0.19524744094527027,164,3450,0.862
2034-06-14,Instagram,26-35,South India,Mobile,Text,10,21487,6,0.03897399190470026,837,1.3,1088.1000000000001,0.06343529516463176,45,3451,0.86196
2034-06-15,Instagram,26-35,North India,Mobile,Text,5,3075,6,0.05154941333336254,158,1.3,205.4,0.04077166895851514,5,3452,0.86192
2034-06-16,Google,18-25,South India,Mobile,Video,18,34550,6,0.07806914594628102,2697,0.9,2427.3,0.08770474071082367,203,3453,0.86188
2034-06-17,Instagram,26-35,South India,Mobile,Image,14,86726,6,0.09522292347370823,8258,1.3,10735.4,0.07286239355243504,517,3454,0.8618399999999999
2034-06-18,Google,18-25,South India,Mobile,Text,20,98799,6,0.05408384656331577,5343,0.9,4808.7,0.07198287797543522,330,3455,0.8618
2034-06-19,Google,18-25,North India,Desktop,Text,12,43293,6,0.02089070394697986,904,0.9,813.6,0.0408602115556272,31,3456,0.86176
2034-06-20,Instagram,18-25,North India,Mobile,Video,9,78445,6,0.05820078211739304,4565,1.3,5934.5,0.07903056006913718,310,3457,0.86172
2034-06-21,Instagram,18-25,North India,Desktop,Image,0,30212,6,0.029259576483860267,883,1.3,1147.9,0.15250307531795723,115,3458,0.86168
2034-06-22,Instagram,36-50,North India,Desktop,Video,12,15962,6,0.030153609737357197,481,1.3,625.3000000000001,0.17829504078207356,73,3459,0.86164
2034-06-23,Google,18-25,South India,Mobile,Video,5,16853,6,0.05203024381358603,876,0.9,788.4,0.10569039005696357,79,3460,0.8616
2034-06-24,Google,26-35,West India,Desktop,Text,20,51209,6,0.05478161602346409,2805,0.9,2524.5,0.14499880541052232,349,3461,0.86156
2034-06-25,Instagram,18-25,South India,Desktop,Image,23,80911,6,0.03189011418813356,2580,1.3,3354.0,0.08544905962455217,189,3462,0.86152
2034-06-26,Instagram,26-35,North India,Mobile,Video,19,46964,6,0.060639738365280915,2847,1.3,3701.1,0.15276383716865935,373,3463,0.86148
2034-06-27,Google,18-25,West India,Mobile,Text,11,68645,6,0.0700238469207955,4806,0.9,4325.400000000001,0.10510519733319443,435,3464,0.86144
2034-06-28,Instagram,36-50,South India,Mobile,Video,16,61501,6,0.03669128896665002,2256,1.3,2932.8,0.0614931257746277,118,3465,0.8613999999999999
2034-06-29,Google,18-25,West India,Mobile,Text,17,67856,6,0.06736290774975372,4570,0.9,4113.0,0.07099665844083108,279,3466,0.86136
2034-06-30,Instagram,18-25,North India,Mobile,Image,23,82523,6,0.0917782757221087,7573,1.3,9844.9,0.156321976708243,1018,3467,0.86132
2034-07-01,Instagram,36-50,West India,Desktop,Video,7,38185,7,0.043879263353853316,1675,1.3,2177.5,0.05654564479094844,80,3468,0.86128
2034-07-02,Google,18-25,West India,Desktop,Image,13,70235,7,0.021251935658431104,1492,0.9,1342.8,0.06448380549521565,82,3469,0.86124
2034-07-03,Google,26-35,North India,Mobile,Image,4,50884,7,0.06304066491724687,3207,0.9,2886.3,0.1671357881908057,461,3470,0.8612
2034-07-04,Instagram,18-25,West India,Mobile,Text,21,63858,7,0.09966033081637139,6364,1.3,8273.2,0.03873533842207565,211,3471,0.8611599999999999
2034-07-05,Instagram,18-25,South India,Desktop,Video,1,94745,7,0.07725586199343025,7319,1.3,9514.7,0.1353330379722095,852,3472,0.86112
2034-07-06,Instagram,18-25,West India,Mobile,Video,21,65326,7,0.06632246960865042,4332,1.3,5631.6,0.2022829745458436,754,3473,0.86108
2034-07-07,Instagram,36-50,South India,Mobile,Text,10,40330,7,0.1097520233641207,4426,1.3,5753.8,0.1609275534202773,613,3474,0.86104
2034-07-08,Instagram,18-25,West India,Mobile,Text,2,47415,7,0.043849020483068255,2079,1.3,2702.7000000000003,0.15053918609803166,268,3475,0.861
2034-07-09,Instagram,18-25,West India,Mobile,Image,21,62006,7,0.12848298689463597,7966,1.3,10355.800000000001,0.10738497661406551,736,3476,0.86096
2034-07-10,Google,26-35,North India,Mobile,Video,15,50127,7,0.06767738698065126,3392,0.9,3052.8,0.05940220605790199,173,3477,0.86092
2034-07-11,Google,18-25,North India,Mobile,Video,20,23547,7,0.08277630872243207,1949,0.9,1754.1000000000001,0.16892344374930232,283,3478,0.86088
2034-07-12,Google,18-25,South India,Mobile,Text,15,23939,7,0.06531289842027477,1563,0.9,1406.7,0.13020593649753084,174,3479,0.86084
2034-07-13,Google,18-25,North India,Mobile,Text,8,80738,7,0.0686183631777198,5540,0.9,4986.0,0.09782529427872617,465,3480,0.8608
2034-07-14,Instagram,18-25,North India,Mobile,Text,12,95756,7,0.05662222217678866,5421,1.3,7047.3,0.13271506528760796,618,3481,0.86076
2034-07-15,Google,26-35,North India,Mobile,Video,9,88298,7,0.07356164449552291,6495,0.9,5845.5,0.19108658620229016,1068,3482,0.8607199999999999
2034-07-16,Instagram,26-35,North India,Desktop,Video,16,75332,7,0.0838496750049588,6316,1.3,8210.800000000001,0.1546457860112713,840,3483,0.86068
2034-07-17,Instagram,36-50,North India,Mobile,Image,20,2722,7,0.04590621104050117,124,1.3,161.20000000000002,0.052909292978415054,5,3484,0.86064
2034-07-18,Instagram,18-25,South India,Mobile,Text,16,44364,7,0.10272570754050592,4557,1.3,5924.1,0.049904245134392844,195,3485,0.8606
2034-07-19,Google,36-50,South India,Mobile,Image,9,12674,7,0.04121785506952282,522,0.9,469.8,0.10692898183052482,47,3486,0.86056
2034-07-20,Google,36-50,North India,Mobile,Video,7,3812,7,0.02475452948114141,94,0.9,84.60000000000001,0.09231501552772688,6,3487,0.86052
2034-07-21,Google,18-25,North India,Desktop,Image,6,3278,7,0.051743492792917324,169,0.9,152.1,0.05568676352850105,7,3488,0.86048
2034-07-22,Google,26-35,South India,Mobile,Image,13,36118,7,0.03600240486756995,1300,0.9,1170.0,0.13812338646362968,154,3489,0.86044
2034-07-23,Google,26-35,West India,Mobile,Image,21,70159,7,0.057699563593977383,4048,0.9,3643.2000000000003,0.13569417255489508,472,3490,0.8604
2034-07-24,Instagram,18-25,South India,Desktop,Text,17,7530,7,0.0348152412538074,262,1.3,340.6,0.12876404565876506,28,3491,0.86036
2034-07-25,Instagram,18-25,West India,Mobile,Video,20,50866,7,0.09792129585543824,4980,1.3,6474.0,0.07744657947348017,331,3492,0.86032
2034-07-26,Instagram,26-35,North India,Mobile,Text,18,82523,7,0.11192079159159052,9236,1.3,12006.800000000001,0.06687564239431228,530,3493,0.8602799999999999
2034-07-27,Instagram,18-25,North India,Mobile,Image,17,1924,7,0.050808715886852616,97,1.3,126.10000000000001,0.0644740361741049,5,3494,0.86024
2034-07-28,Google,18-25,South India,Desktop,Text,13,20546,7,0.028501723415865078,585,0.9,526.5,0.11611465086119772,57,3495,0.8602
2034-07-29,Instagram,18-25,North India,Mobile,Video,9,54305,7,0.038049391523733565,2066,1.3,2685.8,0.13610619708056348,241,3496,0.86016
2034-07-30,Instagram,26-35,West India,Desktop,Video,0,78806,7,0.05842240939168649,4604,1.3,5985.2,0.13255665743194459,524,3497,0.86012
2034-07-31,Google,36-50,West India,Mobile,Image,8,19953,7,0.04557731198764382,909,0.9,818.1,0.08144791819709538,63,3498,0.86008
2034-08-01,Instagram,36-50,South India,Mobile,Image,17,36583,8,0.08272213533661957,3026,1.3,3933.8,0.0805061507267583,208,3499,0.86004
2034-08-02,Google,18-25,West India,Desktop,Text,12,89892,8,0.025068558797115437,2253,0.9,2027.7,0.13995853203847253,270,3500,0.86
2034-08-03,Instagram,26-35,South India,Mobile,Video,16,71114,8,0.04266280069549576,3033,1.3,3942.9,0.061828211178363825,160,3501,0.85996
2034-08-04,Instagram,18-25,South India,Desktop,Video,22,5462,8,0.06644325852690042,362,1.3,470.6,0.17410242041858845,54,3502,0.85992
2034-08-05,Google,26-35,West India,Desktop,Text,21,1888,8,0.05460430939221664,103,0.9,92.7,0.03632966074260315,2,3503,0.85988
2034-08-06,Instagram,18-25,West India,Desktop,Video,15,88868,8,0.04739910001881705,4212,1.3,5475.6,0.08056480544961865,291,3504,0.8598399999999999
2034-08-07,Instagram,26-35,West India,Mobile,Image,23,86398,8,0.06997284094355387,6045,1.3,7858.5,0.08052768564081295,417,3505,0.8598
2034-08-08,Instagram,26-35,West India,Mobile,Image,10,86509,8,0.10081609279437043,8721,1.3,11337.300000000001,0.1641080356965739,1230,3506,0.85976
2034-08-09,Google,36-50,West India,Desktop,Text,22,68259,8,0.040299906349533406,2750,0.9,2475.0,0.050390457095147806,118,3507,0.85972
2034-08-10,Instagram,18-25,West India,Mobile,Text,8,24410,8,0.033218902328556475,810,1.3,1053.0,0.14559898009435265,100,3508,0.85968
2034-08-11,Google,36-50,West India,Mobile,Text,6,9602,8,0.059060842171420644,567,0.9,510.3,0.1310393002040361,63,3509,0.85964
2034-08-12,Google,36-50,North India,Mobile,Image,21,19614,8,0.06351961475857641,1245,0.9,1120.5,0.1283131744075333,136,3510,0.8596
2034-08-13,Google,26-35,South India,Mobile,Text,0,19444,8,0.0688446935001178,1338,0.9,1204.2,0.09129757053768069,104,3511,0.85956
2034-08-14,Instagram,18-25,South India,Mobile,Video,8,54050,8,0.03992471748342756,2157,1.3,2804.1,0.22009147089235115,407,3512,0.85952
2034-08-15,Instagram,26-35,West India,Mobile,Text,9,69149,8,0.09547366522148314,6601,1.3,8581.300000000001,0.09682664854725323,549,3513,0.85948
2034-08-16,Instagram,26-35,South India,Mobile,Video,15,89618,8,0.10491246981805805,9402,1.3,12222.6,0.1213991511632764,980,3514,0.85944
2034-08-17,Instagram,26-35,West India,Mobile,Image,20,82516,8,0.12387948438966832,10222,1.3,13288.6,0.12198735860904514,1070,3515,0.8593999999999999
2034-08-18,Google,18-25,North India,Mobile,Video,17,45866,8,0.03188102446696853,1462,0.9,1315.8,0.08266991684003239,103,3516,0.85936
2034-08-19,Google,18-25,South India,Desktop,Video,13,67213,8,0.021757980487786203,1462,0.9,1315.8,0.10322788715007529,128,3517,0.85932
2034-08-20,Google,26-35,South India,Desktop,Video,10,77638,8,0.038040231292630594,2953,0.9,2657.7000000000003,0.22268932108050846,564,3518,0.85928
2034-08-21,Google,18-25,North India,Mobile,Image,23,58239,8,0.059231351506384165,3449,0.9,3104.1,0.1435922699232153,425,3519,0.85924
2034-08-22,Google,26-35,North India,Mobile,Video,3,44211,8,0.06333639218246878,2800,0.9,2520.0,0.12755471637570945,306,3520,0.8592
2034-08-23,Google,18-25,North India,Mobile,Video,18,4004,8,0.052716003431427835,211,0.9,189.9,0.11208415564059095,19,3521,0.8591599999999999
2034-08-24,Google,18-25,South India,Mobile,Text,12,64789,8,0.04829245270008766,3128,0.9,2815.2000000000003,0.14311090501617657,384,3522,0.85912
2034-08-25,Google,36-50,South India,Desktop,Text,0,75522,8,0.051996172201866024,3926,0.9,3533.4,0.11209629603669222,377,3523,0.85908
2034-08-26,Google,26-35,North India,Desktop,Text,20,65084,8,0.04064622283665063,2645,0.9,2380.5,0.07921956357850707,179,3524,0.85904
2034-08-27,Google,36-50,North India,Desktop,Video,18,27269,8,0.06397737540847052,1744,0.9,1569.6000000000001,0.12786562720251807,190,3525,0.859
2034-08-28,Instagram,36-50,North India,Mobile,Video,14,80709,8,0.06936751381032065,5598,1.3,7277.400000000001,0.08274039532053253,397,3526,0.85896
2034-08-29,Instagram,26-35,North India,Mobile,Image,19,22118,8,0.05558588100808413,1229,1.3,1597.7,0.06486199439961204,67,3527,0.85892
2034-08-30,Instagram,26-35,North India,Mobile,Video,14,99494,8,0.09503001241768112,9454,1.3,12290.2,0.20345888833094125,1651,3528,0.85888
2034-08-31,Google,18-25,West India,Mobile,Video,10,15089,8,0.05387351721889087,812,0.9,730.8000000000001,0.21089142595371244,146,3529,0.85884
2034-09-01,Google,26-35,North India,Mobile,Image,22,43956,9,0.07368414151930039,3238,0.9,2914.2000000000003,0.09397000549793004,261,3530,0.8588
2034-09-02,Instagram,36-50,West India,Mobile,Video,4,86786,9,0.04286396429259713,3719,1.3,4834.7,0.13456393734572578,429,3531,0.85876
2034-09-03,Google,36-50,South India,Mobile,Image,23,92601,9,0.06595809549869575,6107,0.9,5496.3,0.17138789721845094,898,3532,0.8587199999999999
2034-09-04,Google,26-35,South India,Mobile,Image,21,80226,9,0.055236521688515054,4431,0.9,3987.9,0.15577869088285845,592,3533,0.85868
2034-09-05,Google,36-50,West India,Mobile,Text,9,14740,9,0.06857628569552388,1010,0.9,909.0,0.045846358786445086,39,3534,0.85864
2034-09-06,Google,18-25,North India,Mobile,Video,17,70581,9,0.0360103642209336,2541,0.9,2286.9,0.10538792426328046,229,3535,0.8586
2034-09-07,Google,36-50,South India,Desktop,Text,6,72160,9,0.018512012534977456,1335,0.9,1201.5,0.07014479773899533,79,3536,0.85856
2034-09-08,Google,18-25,North India,Mobile,Video,0,87078,9,0.05679786177848063,4945,0.9,4450.5,0.20402377859204598,865,3537,0.85852
2034-09-09,Instagram,36-50,North India,Mobile,Text,2,44779,9,0.04166003899562453,1865,1.3,2424.5,0.1169407145722475,187,3538,0.85848
2034-09-10,Google,18-25,West India,Mobile,Image,0,21495,9,0.025290271435965815,543,0.9,488.7,0.04668712928096688,21,3539,0.85844
2034-09-11,Google,18-25,South India,Desktop,Image,16,40602,9,0.039942555888288406,1621,0.9,1458.9,0.182605846856267,254,3540,0.8584
2034-09-12,Instagram,26-35,South India,Mobile,Image,14,10033,9,0.09186006393117582,921,1.3,1197.3,0.1869055904890417,147,3541,0.85836
2034-09-13,Google,18-25,West India,Desktop,Image,4,54103,9,0.04633871232064785,2507,0.9,2256.3,0.08665765668013728,186,3542,0.85832
2034-09-14,Google,26-35,North India,Mobile,Video,21,88140,9,0.055773008124565024,4915,0.9,4423.5,0.14805965079786393,623,3543,0.8582799999999999
2034-09-15,Instagram,36-50,North India,Desktop,Video,15,21442,9,0.03401012945340554,729,1.3,947.7,0.15445342317719649,96,3544,0.85824
2034-09-16,Google,36-50,South India,Mobile,Text,11,4247,9,0.04465664209666457,189,0.9,170.1,0.13289778366664173,21,3545,0.8582
2034-09-17,Google,36-50,West India,Mobile,Video,18,51368,9,0.04175878133971294,2145,0.9,1930.5,0.16450922187814415,302,3546,0.85816
2034-09-18,Google,18-25,West India,Mobile,Video,13,56244,9,0.05792032292601031,3257,0.9,2931.3,0.1420326254120297,396,3547,0.85812
2034-09-19,Google,36-50,North India,Mobile,Text,2,26474,9,0.038232885572515175,1012,0.9,910.8000000000001,0.1401320540885701,120,3548,0.85808
2034-09-20,Instagram,36-50,North India,Desktop,Image,18,65784,9,0.10486329011864338,6898,1.3,8967.4,0.10614576489298139,628,3549,0.85804
2034-09-21,Instagram,26-35,West India,Mobile,Text,0,6586,9,0.03908233408828563,257,1.3,334.1,0.04719867415898883,10,3550,0.858
2034-09-22,Google,26-35,South India,Mobile,Text,20,57228,9,0.05302558645179147,3034,0.9,2730.6,0.047927695747367015,124,3551,0.85796
2034-09-23,Instagram,36-50,North India,Desktop,Image,0,8940,9,0.08546183859563994,764,1.3,993.2,0.040444090357435576,25,3552,0.85792
2034-09-24,Google,36-50,West India,Mobile,Text,9,19606,9,0.023243455644703967,455,0.9,409.5,0.08492288303684803,32,3553,0.85788
2034-09-25,Google,18-25,West India,Desktop,Text,2,41747,9,0.027712885613582462,1156,0.9,1040.4,0.0665151155447679,65,3554,0.8578399999999999
2034-09-26,Instagram,18-25,West India,Mobile,Text,12,65727,9,0.06592783974375242,4333,1.3,5632.900000000001,0.14053105092625656,521,3555,0.8578
2034-09-27,Google,36-50,South India,Desktop,Video,5,35282,9,0.01898300495620549,669,0.9,602.1,0.21304892427547492,121,3556,0.85776
2034-09-28,Google,26-35,North India,Mobile,Image,10,58760,9,0.05206798876678689,3059,0.9,2753.1,0.14943305278719957,391,3557,0.85772
2034-09-29,Google,36-50,North India,Mobile,Image,5,63996,9,0.05669776139964657,3628,0.9,3265.2000000000003,0.1533479896141166,476,3558,0.85768
2034-09-30,Google,18-25,North India,Mobile,Text,2,3883,9,0.034513723849716814,134,0.9,120.60000000000001,0.06594432206345137,6,3559,0.85764
2034-10-01,Google,26-35,South India,Mobile,Video,15,37594,10,0.051891550003060824,1950,0.9,1755.0,0.13154652217364438,219,3560,0.8576
2034-10-02,Instagram,26-35,North India,Mobile,Image,8,97031,10,0.07371864595527172,7152,1.3,9297.6,0.07946116188368568,487,3561,0.85756
2034-10-03,Google,18-25,North India,Mobile,Image,7,79103,10,0.0707805608261026,5598,0.9,5038.2,0.049448780065339204,236,3562,0.85752
2034-10-04,Google,36-50,North India,Desktop,Text,2,70875,10,0.020639737422022048,1462,0.9,1315.8,0.13676343348224004,170,3563,0.85748
2034-10-05,Google,36-50,North India,Desktop,Text,4,99978,10,0.023754710898734637,2374,0.9,2136.6,0.10193046434209177,206,3564,0.85744
2034-10-06,Instagram,36-50,South India,Desktop,Text,20,89209,10,0.03713537169233434,3312,1.3,4305.6,0.05475110915181742,155,3565,0.8573999999999999
2034-10-07,Instagram,18-25,West India,Desktop,Image,13,16426,10,0.08724611787605713,1433,1.3,1862.9,0.06884825393153599,84,3566,0.85736
2034-10-08,Instagram,26-35,West India,Desktop,Text,4,17486,10,0.06779597794676641,1185,1.3,1540.5,0.08763956267464794,88,3567,0.85732
2034-10-09,Instagram,18-25,North India,Desktop,Text,18,77085,10,0.10492782565905674,8088,1.3,10514.4,0.03816662551212279,264,3568,0.85728
2034-10-10,Instagram,36-50,North India,Desktop,Text,4,4993,10,0.04415329414864437,220,1.3,286.0,0.0630486708678286,11,3569,0.85724
2034-10-11,Google,18-25,North India,Mobile,Video,20,13219,10,0.06137422117963284,811,0.9,729.9,0.15787004347232458,109,3570,0.8572
2034-10-12,Google,26-35,South India,Desktop,Text,19,4708,10,0.04807350559821432,226,0.9,203.4,0.15788120849769718,30,3571,0.85716
2034-10-13,Instagram,18-25,North India,Desktop,Image,19,29788,10,0.09365595584113824,2789,1.3,3625.7000000000003,0.1615212782949299,385,3572,0.85712
2034-10-14,Instagram,36-50,South India,Desktop,Text,1,2495,10,0.03827216807100531,95,1.3,123.5,0.10547180702372277,8,3573,0.85708
2034-10-15,Instagram,26-35,North India,Mobile,Image,6,95970,10,0.07150849860225234,6862,1.3,8920.6,0.07951664889426809,467,3574,0.85704
2034-10-16,Google,18-25,North India,Mobile,Video,0,37160,10,0.055313705755637946,2055,0.9,1849.5,0.19255100655779625,338,3575,0.857
2034-10-17,Google,18-25,West India,Desktop,Video,20,8537,10,0.07398538511795126,631,0.9,567.9,0.18015466424181242,96,3576,0.8569599999999999
2034-10-18,Google,26-35,North India,Desktop,Text,17,36553,10,0.062221159217340026,2274,0.9,2046.6000000000001,0.09867300209297691,191,3577,0.85692
2034-10-19,Instagram,26-35,South India,Mobile,Image,9,23203,10,0.10266765509548328,2382,1.3,3096.6,0.17252114682298758,351,3578,0.85688
2034-10-20,Google,36-50,West India,Mobile,Text,5,55032,10,0.06848526836853805,3768,0.9,3391.2000000000003,0.08860081389286178,285,3579,0.85684
2034-10-21,Google,26-35,South India,Mobile,Text,6,72124,10,0.02668411734946701,1924,0.9,1731.6000000000001,0.052086303862442986,85,3580,0.8568
2034-10-22,Instagram,36-50,West India,Mobile,Image,11,94844,10,0.05767931105114869,5470,1.3,7111.0,0.17135333673980752,802,3581,0.85676
2034-10-23,Google,18-25,South India,Mobile,Image,17,81747,10,0.0593395032573179,4850,0.9,4365.0,0.12623708986344076,524,3582,0.8567199999999999
2034-10-24,Instagram,36-50,West India,Mobile,Image,10,38659,10,0.07644419851317225,2955,1.3,3841.5,0.13734067732402344,346,3583,0.85668
2034-10-25,Google,18-25,South India,Desktop,Image,21,65043,10,0.03405893370052599,2215,0.9,1993.5,0.10441301310379617,197,3584,0.85664
2034-10-26,Google,26-35,South India,Mobile,Image,18,4525,10,0.030535427096104323,138,0.9,124.2,0.06490419444074029,6,3585,0.8566
2034-10-27,Google,18-25,North India,Mobile,Video,3,86437,10,0.043266810651635436,3739,0.9,3365.1,0.08899233447386418,284,3586,0.85656
2034-10-28,Instagram,26-35,West India,Desktop,Video,18,5777,10,0.03442453583893631,198,1.3,257.40000000000003,0.0553370017670893,8,3587,0.85652
2034-10-29,Google,18-25,West India,Mobile,Video,12,70725,10,0.0765442190510559,5413,0.9,4871.7,0.06271337312062013,290,3588,0.85648
2034-10-30,Google,18-25,North India,Mobile,Image,18,46791,10,0.04201120779134046,1965,0.9,1768.5,0.06525424193965304,109,3589,0.85644
2034-10-31,Instagram,18-25,South India,Mobile,Image,1,89853,10,0.06912878504771217,6211,1.3,8074.3,0.13039571417796564,692,3590,0.8564
2034-11-01,Google,18-25,South India,Mobile,Image,8,32501,11,0.025754376973889524,837,0.9,753.3000000000001,0.19690424949487376,140,3591,0.85636
2034-11-02,Instagram,36-50,West India,Desktop,Text,7,66258,11,0.06634153506200172,4395,1.3,5713.5,0.13440307378890348,505,3592,0.85632
2034-11-03,Instagram,18-25,South India,Desktop,Video,20,84833,11,0.08767396660468685,7437,1.3,9668.1,0.06866823141159414,436,3593,0.8562799999999999
2034-11-04,Google,36-50,West India,Mobile,Video,13,77185,11,0.02315199440025164,1786,0.9,1607.4,0.18951373683929773,289,3594,0.85624
2034-11-05,Instagram,26-35,West India,Mobile,Text,8,24719,11,0.053195920063789856,1314,1.3,1708.2,0.09782104566940256,109,3595,0.8562
2034-11-06,Google,26-35,South India,Mobile,Text,12,67686,11,0.024802615952319345,1678,0.9,1510.2,0.12383634188440247,177,3596,0.85616
2034-11-07,Instagram,36-50,South India,Desktop,Video,17,80837,11,0.036397842180971585,2942,1.3,3824.6,0.07678070507367867,192,3597,0.85612
2034-11-08,Google,26-35,South India,Desktop,Image,5,29434,11,0.03725298020626993,1096,0.9,986.4,0.10489779497437429,97,3598,0.85608
2034-11-09,Instagram,26-35,North India,Mobile,Video,22,21520,11,0.09630150437183602,2072,1.3,2693.6,0.1867058256934098,330,3599,0.85604
2034-11-10,Google,18-25,West India,Mobile,Image,21,57881,11,0.04185657793827754,2422,0.9,2179.8,0.09955118806608616,206,3600,0.856
2034-11-11,Instagram,18-25,South India,Desktop,Video,2,2510,11,0.07537848352662722,189,1.3,245.70000000000002,0.07629057065906088,11,3601,0.85596
2034-11-12,Google,18-25,North India,Desktop,Video,9,29546,11,0.030337833984276228,896,0.9,806.4,0.09524761558165136,72,3602,0.85592
2034-11-13,Google,36-50,South India,Mobile,Text,9,14982,11,0.03631180340162642,544,0.9,489.6,0.06639693139615964,30,3603,0.85588
2034-11-14,Google,36-50,West India,Desktop,Text,9,70451,11,0.032157004317360884,2265,0.9,2038.5,0.11574074777126267,224,3604,0.8558399999999999
2034-11-15,Google,26-35,North India,Mobile,Image,8,81270,11,0.04743690405578887,3855,0.9,3469.5,0.15916669266312652,524,3605,0.8558
2034-11-16,Instagram,18-25,West India,Mobile,Image,11,89245,11,0.09969701280001897,8897,1.3,11566.1,0.14268859412474702,1085,3606,0.85576
2034-11-17,Google,36-50,South India,Mobile,Video,23,20636,11,0.05488106250704465,1132,0.9,1018.8000000000001,0.20870097313422617,201,3607,0.85572
2034-11-18,Instagram,36-50,South India,Mobile,Text,7,99220,11,0.06583894733475631,6532,1.3,8491.6,0.14288153205396062,798,3608,0.85568
2034-11-19,Instagram,18-25,South India,Mobile,Image,23,59087,11,0.08287103807051129,4896,1.3,6364.8,0.04624906267415901,193,3609,0.85564
2034-11-20,Instagram,36-50,North India,Mobile,Image,8,11957,11,0.055930968034259475,668,1.3,868.4,0.05454123682530115,30,3610,0.8556
2034-11-21,Google,18-25,North India,Mobile,Image,16,37706,11,0.03534008819750257,1332,0.9,1198.8,0.09430941846900487,106,3611,0.85556
2034-11-22,Google,26-35,North India,Mobile,Video,7,63871,11,0.040137240944395476,2563,0.9,2306.7000000000003,0.0634895104676188,138,3612,0.85552
2034-11-23,Instagram,26-35,North India,Mobile,Image,17,62737,11,0.08108979326409833,5087,1.3,6613.1,0.13574632377045853,590,3613,0.85548
2034-11-24,Google,26-35,South India,Mobile,Image,19,41975,11,0.027033436311512164,1134,0.9,1020.6,0.05480886445548329,53,3614,0.85544
2034-11-25,Google,18-25,South India,Desktop,Text,16,98364,11,0.032249121211159186,3172,0.9,2854.8,0.09188606170220652,248,3615,0.8553999999999999
2034-11-26,Instagram,36-50,South India,Mobile,Text,5,29129,11,0.10251210965413475,2986,1.3,3881.8,0.08875065766928472,226,3616,0.85536
2034-11-27,Instagram,26-35,North India,Mobile,Text,9,38939,11,0.043552613669456626,1695,1.3,2203.5,0.09373653146774602,135,3617,0.85532
2034-11-28,Instagram,26-35,North India,Desktop,Video,0,66059,11,0.057394155827411114,3791,1.3,4928.3,0.14604863922885528,472,3618,0.85528
2034-11-29,Google,26-35,South India,Mobile,Text,20,9298,11,0.037549573279859035,349,0.9,314.1,0.16135658886884863,47,3619,0.85524
2034-11-30,Instagram,36-50,South India,Mobile,Text,0,65422,11,0.051592993949791166,3375,1.3,4387.5,0.07289809018712724,210,3620,0.8552
2034-12-01,Google,36-50,North India,Mobile,Text,8,7480,12,0.06447540526480663,482,0.9,433.8,0.10758954643832551,43,3621,0.85516
2034-12-02,Google,18-25,West India,Desktop,Text,19,94080,12,0.035992369078261435,3386,0.9,3047.4,0.03817508997720742,110,3622,0.85512
2034-12-03,Instagram,26-35,South India,Desktop,Image,2,61389,12,0.04025727880427329,2471,1.3,3212.3,0.04415507821361783,93,3623,0.85508
2034-12-04,Google,36-50,South India,Mobile,Video,23,69393,12,0.062150993609373345,4312,0.9,3880.8,0.05748619740700239,211,3624,0.85504
2034-12-05,Google,18-25,South India,Mobile,Image,5,5349,12,0.0318735780298637,170,0.9,153.0,0.11313241006270255,16,3625,0.855
2034-12-06,Google,26-35,North India,Mobile,Image,6,67964,12,0.051245536173307175,3482,0.9,3133.8,0.11181674914528797,332,3626,0.8549599999999999
2034-12-07,Instagram,36-50,South India,Desktop,Video,8,40491,12,0.089321188396823,3616,1.3,4700.8,0.05394791228460278,166,3627,0.85492
2034-12-08,Instagram,36-50,South India,Mobile,Image,4,47778,12,0.05578771301837094,2665,1.3,3464.5,0.1050473772282185,238,3628,0.85488
2034-12-09,Instagram,18-25,South India,Desktop,Text,15,89699,12,0.06628965796382304,5946,1.3,7729.8,0.042748140402066016,217,3629,0.85484
2034-12-10,Instagram,26-35,South India,Mobile,Video,1,28677,12,0.054833268777814685,1572,1.3,2043.6000000000001,0.1735268708613026,232,3630,0.8548
2034-12-11,Google,26-35,South India,Mobile,Image,2,97440,12,0.026958436973291883,2626,0.9,2363.4,0.14120973287624802,316,3631,0.85476
2034-12-12,Google,36-50,West India,Desktop,Image,2,82254,12,0.03069560431949774,2524,0.9,2271.6,0.14978575833635896,323,3632,0.8547199999999999
2034-12-13,Google,26-35,West India,Desktop,Text,19,81345,12,0.06748245568854962,5489,0.9,4940.1,0.09900504336355459,464,3633,0.85468
2034-12-14,Google,18-25,South India,Mobile,Image,22,14272,12,0.027130562452528786,387,0.9,348.3,0.13993427355995774,46,3634,0.85464
2034-12-15,Google,36-50,South India,Mobile,Image,9,12828,12,0.026235731976554193,336,0.9,302.40000000000003,0.08703057114780328,24,3635,0.8546
2034-12-16,Instagram,36-50,South India,Mobile,Image,21,45431,12,0.08752817375093017,3976,1.3,5168.8,0.057159887996178486,193,3636,0.85456
2034-12-17,Google,18-25,South India,Mobile,Video,2,8856,12,0.07696677339446423,681,0.9,612.9,0.18905417873321634,109,3637,0.85452
2034-12-18,Google,36-50,North India,Mobile,Video,14,12223,12,0.038052514833951376,465,0.9,418.5,0.14325338800625909,56,3638,0.85448
2034-12-19,Google,26-35,North India,Mobile,Image,13,40413,12,0.030650104030481722,1238,0.9,1114.2,0.1627981335693883,171,3639,0.85444
2034-12-20,Google,26-35,North India,Mobile,Image,22,57822,12,0.06266186076798444,3623,0.9,3260.7000000000003,0.16956703694307398,524,3640,0.8544
2034-12-21,Instagram,36-50,West India,Mobile,Text,3,36689,12,0.033782541143213766,1239,1.3,1610.7,0.1348268017883151,142,3641,0.85436
2034-12-22,Google,18-25,South India,Mobile,Video,9,74702,12,0.04672907736358608,3490,0.9,3141.0,0.23494291965255956,699,3642,0.85432
2034-12-23,Google,18-25,North India,Mobile,Video,10,57396,12,0.0740659563623622,4251,0.9,3825.9,0.14893242895299333,540,3643,0.8542799999999999
2034-12-24,Instagram,26-35,South India,Mobile,Video,10,13637,12,0.07018408681297283,957,1.3,1244.1000000000001,0.06979220503621222,56,3644,0.85424
2034-12-25,Google,18-25,South India,Desktop,Image,7,47534,12,0.03119959031678848,1483,0.9,1334.7,0.05783421103150825,72,3645,0.8542
2034-12-26,Google,36-50,West India,Mobile,Text,22,67414,12,0.03565696011154756,2403,0.9,2162.7000000000003,0.13004725312811172,266,3646,0.85416
2034-12-27,Google,36-50,West India,Mobile,Text,22,77240,12,0.07242100918246758,5593,0.9,5033.7,0.062186391871526324,296,3647,0.85412
2034-12-28,Instagram,26-35,North India,Mobile,Image,8,75038,12,0.05004112549452354,3754,1.3,4880.2,0.04611143155746015,147,3648,0.85408
2034-12-29,Instagram,26-35,North India,Mobile,Image,7,16266,12,0.05001330720074775,813,1.3,1056.9,0.10081252242974244,69,3649,0.85404
2034-12-30,Instagram,26-35,West India,Mobile,Text,11,49068,12,0.07954261633858484,3902,1.3,5072.6,0.07144285683459643,237,3650,0.854
2034-12-31,Google,18-25,West India,Mobile,Text,16,45356,12,0.02440268830948256,1106,0.9,995.4,0.10398974866253761,98,3651,0.85396
2035-01-01,Instagram,36-50,South India,Mobile,Video,22,87295,1,0.10167963921627939,8876,1.3,11538.800000000001,0.1637079111287645,1240,3652,0.85392
2035-01-02,Google,36-50,South India,Desktop,Image,14,16046,1,0.0294346901860688,472,0.9,424.8,0.1489511541815788,59,3653,0.85388
2035-01-03,Google,36-50,North India,Desktop,Video,18,26270,1,0.04428595929174449,1163,0.9,1046.7,0.13760019481556754,136,3654,0.8538399999999999
2035-01-04,Google,26-35,North India,Mobile,Text,19,77342,1,0.07773106139651768,6011,0.9,5409.900000000001,0.07536278521484595,386,3655,0.8538
2035-01-05,Google,36-50,West India,Mobile,Video,5,38988,1,0.058593212817662846,2284,0.9,2055.6,0.0519760054902286,100,3656,0.85376
2035-01-06,Google,18-25,North India,Mobile,Text,4,53179,1,0.06481403064591805,3446,0.9,3101.4,0.13462025132136643,395,3657,0.85372
2035-01-07,Instagram,18-25,South India,Mobile,Text,7,36892,1,0.033609124481732484,1239,1.3,1610.7,0.08019405443345651,84,3658,0.85368
2035-01-08,Instagram,36-50,West India,Mobile,Video,17,30512,1,0.10119296410035038,3087,1.3,4013.1000000000004,0.13320129660182392,350,3659,0.85364
2035-01-09,Google,26-35,South India,Mobile,Image,20,60165,1,0.07853609315673729,4725,0.9,4252.5,0.1297683881927611,523,3660,0.8536
2035-01-10,Google,36-50,West India,Mobile,Video,20,6099,1,0.046809046378622626,285,0.9,256.5,0.1008952930362163,23,3661,0.85356
2035-01-11,Google,18-25,West India,Desktop,Video,14,54487,1,0.060681609960694195,3306,0.9,2975.4,0.09982480067439008,281,3662,0.85352
2035-01-12,Google,18-25,South India,Mobile,Image,2,96847,1,0.0748579806384495,7249,0.9,6524.1,0.0841726745714141,520,3663,0.85348
2035-01-13,Instagram,18-25,North India,Mobile,Image,13,75088,1,0.10490901947500515,7877,1.3,10240.1,0.07036599480377062,472,3664,0.85344
2035-01-14,Google,36-50,North India,Desktop,Video,14,78163,1,0.04733822195944158,3700,0.9,3330.0,0.05045115846945229,158,3665,0.8533999999999999
2035-01-15,Instagram,18-25,North India,Mobile,Text,12,91845,1,0.09038680088644853,8301,1.3,10791.300000000001,0.14059224571875018,995,3666,0.85336
2035-01-16,Google,26-35,North India,Mobile,Video,20,51003,1,0.08034184731351551,4097,0.9,3687.3,0.1406092509810034,491,3667,0.85332
2035-01-17,Google,36-50,South India,Mobile,Text,19,67886,1,0.02733215394958999,1855,0.9,1669.5,0.051545971493344986,81,3668,0.85328
2035-01-18,Google,36-50,West India,Mobile,Image,20,78812,1,0.06791489978107175,5352,0.9,4816.8,0.12287417889433716,560,3669,0.85324
2035-01-19,Google,18-25,South India,Mobile,Image,8,12739,1,0.07555346135978334,962,0.9,865.8000000000001,0.07976612962245848,64,3670,0.8532
2035-01-20,Google,18-25,North India,Mobile,Text,22,87838,1,0.041668911754547296,3660,0.9,3294.0,0.06742260589742632,209,3671,0.85316
2035-01-21,Instagram,26-35,North India,Mobile,Video,16,13384,1,0.0625888013043906,837,1.3,1088.1000000000001,0.17346644286740698,123,3672,0.85312
2035-01-22,Google,36-50,South India,Mobile,Image,18,34094,1,0.06166034299108085,2102,0.9,1891.8,0.1804135108985284,323,3673,0.85308
2035-01-23,Instagram,18-25,West India,Desktop,Text,3,3120,1,0.07426809768144646,231,1.3,300.3,0.11727904327479466,23,3674,0.85304
2035-01-24,Google,26-35,South India,Mobile,Text,19,1993,1,0.029768506289543743,59,0.9,53.1,0.15947491602828454,7,3675,0.853
2035-01-25,Google,18-25,South India,Mobile,Video,9,88295,1,0.06379569410593543,5632,0.9,5068.8,0.22004900140152459,1056,3676,0.8529599999999999
2035-01-26,Google,36-50,South India,Desktop,Text,21,19150,1,0.03868939887434066,740,0.9,666.0,0.10954816868280384,69,3677,0.85292
2035-01-27,Instagram,18-25,West India,Mobile,Text,2,65681,1,0.0944905928954748,6206,1.3,8067.8,0.14203375246737432,751,3678,0.85288
2035-01-28,Google,36-50,South India,Mobile,Video,18,46388,1,0.058425249514434736,2710,0.9,2439.0,0.15351562137819041,354,3679,0.85284
2035-01-29,Instagram,18-25,South India,Mobile,Image,8,92292,1,0.05723349717545699,5282,1.3,6866.6,0.06005819586253066,270,3680,0.8528
2035-01-30,Google,36-50,North India,Mobile,Image,4,52116,1,0.03334020673337261,1737,0.9,1563.3,0.1483175521490737,219,3681,0.85276
2035-01-31,Instagram,26-35,South India,Mobile,Image,13,56753,1,0.08263633135567149,4689,1.3,6095.7,0.06420517953727505,256,3682,0.8527199999999999
2035-02-01,Google,36-50,North India,Mobile,Text,6,40787,2,0.06008969889757305,2450,0.9,2205.0,0.06801929313097901,141,3683,0.85268
2035-02-02,Instagram,26-35,North India,Desktop,Text,20,36673,2,0.04654171487454806,1706,1.3,2217.8,0.07523557561428433,109,3684,0.85264
2035-02-03,Instagram,36-50,North India,Mobile,Video,5,9290,2,0.04086274111624896,379,1.3,492.7,0.1744428360499144,56,3685,0.8526
2035-02-04,Instagram,26-35,West India,Mobile,Text,23,61123,2,0.040858303624955815,2497,1.3,3246.1,0.04394086428606582,92,3686,0.85256
2035-02-05,Google,18-25,North India,Mobile,Text,7,17627,2,0.032243834887016085,568,0.9,511.2,0.08260063258129134,39,3687,0.85252
2035-02-06,Google,36-50,South India,Mobile,Image,1,74474,2,0.07119541695911233,5302,0.9,4771.8,0.11125423490381994,502,3688,0.85248
2035-02-07,Google,18-25,South India,Mobile,Text,13,59844,2,0.04855542236464087,2905,0.9,2614.5,0.11360477535251275,281,3689,0.85244
2035-02-08,Instagram,26-35,North India,Mobile,Text,21,63904,2,0.07998249526128559,5111,1.3,6644.3,0.0723048657741478,314,3690,0.8524
2035-02-09,Google,36-50,North India,Mobile,Text,6,65705,2,0.040391789769165715,2653,0.9,2387.7000000000003,0.09754822041758901,219,3691,0.85236
2035-02-10,Instagram,36-50,South India,Mobile,Video,2,69245,2,0.08823999129006653,6110,1.3,7943.0,0.2349932629258943,1223,3692,0.85232
2035-02-11,Google,18-25,North India,Desktop,Text,19,28629,2,0.022147784266358012,634,0.9,570.6,0.040388635409370065,21,3693,0.8522799999999999
2035-02-12,Google,36-50,West India,Desktop,Video,21,45186,2,0.0233231332876636,1053,0.9,947.7,0.19493758072830317,174,3694,0.85224
2035-02-13,Google,36-50,North India,Mobile,Image,22,90621,2,0.03006435929050079,2724,0.9,2451.6,0.07904771526341525,183,3695,0.8522
2035-02-14,Instagram,18-25,West India,Desktop,Text,5,47537,2,0.0802871358635884,3816,1.3,4960.8,0.08942025591120044,290,3696,0.85216
2035-02-15,Instagram,36-50,West India,Mobile,Video,20,31832,2,0.10437181054852455,3322,1.3,4318.6,0.1725077371578284,488,3697,0.85212
2035-02-16,Instagram,18-25,West India,Desktop,Image,13,24472,2,0.06755904507871613,1653,1.3,2148.9,0.16740510488261845,235,3698,0.85208
2035-02-17,Google,18-25,North India,Mobile,Text,11,49850,2,0.05275786297808919,2629,0.9,2366.1,0.033325983413809206,74,3699,0.85204
2035-02-18,Instagram,18-25,West India,Mobile,Video,17,87298,2,0.0710844695943537,6205,1.3,8066.5,0.1592483020796314,841,3700,0.852
2035-02-19,Instagram,18-25,West India,Desktop,Video,11,10507,2,0.07267258692754573,763,1.3,991.9,0.05968479305944909,38,3701,0.85196
2035-02-20,Google,18-25,North India,Mobile,Image,6,76114,2,0.05061763999807491,3852,0.9,3466.8,0.1079152430497539,353,3702,0.85192
2035-02-21,Instagram,26-35,West India,Desktop,Text,4,56696,2,0.05702224325796952,3232,1.3,4201.6,0.12322145050966656,339,3703,0.85188
2035-02-22,Instagram,26-35,North India,Mobile,Text,11,73247,2,0.042011176853388045,3077,1.3,4000.1000000000004,0.05146583467567601,134,3704,0.8518399999999999
2035-02-23,Instagram,18-25,South India,Mobile,Text,8,57373,2,0.07386536185267215,4237,1.3,5508.1,0.13737945340135044,495,3705,0.8518
2035-02-24,Instagram,26-35,West India,Mobile,Video,10,62264,2,0.0771623720355206,4804,1.3,6245.2,0.10000236044824068,408,3706,0.85176
2035-02-25,Google,26-35,North India,Desktop,Text,3,16979,2,0.05573256027947467,946,0.9,851.4,0.1013228053536349,80,3707,0.85172
2035-02-26,Google,36-50,South India,Mobile,Video,13,16049,2,0.05298004569679508,850,0.9,765.0,0.17440598395312312,126,3708,0.85168
2035-02-27,Instagram,18-25,West India,Mobile,Video,11,60081,2,0.07823395472798267,4700,1.3,6110.0,0.15702876216929518,628,3709,0.85164
2035-02-28,Google,26-35,West India,Desktop,Image,17,25997,2,0.026088441821381165,678,0.9,610.2,0.042596271478939615,23,3710,0.8516
2035-03-01,Instagram,36-50,North India,Desktop,Video,6,57144,3,0.07284177467753253,4162,1.3,5410.6,0.0768932248001825,272,3711,0.85156
2035-03-02,Instagram,36-50,South India,Desktop,Image,22,41830,3,0.09822353178701594,4108,1.3,5340.400000000001,0.1934407357465102,676,3712,0.85152
2035-03-03,Instagram,18-25,North India,Mobile,Image,0,82369,3,0.05257264033288168,4330,1.3,5629.0,0.1792989244806547,660,3713,0.85148
2035-03-04,Instagram,18-25,West India,Desktop,Text,12,86721,3,0.06643062198030983,5760,1.3,7488.0,0.11118412664109939,544,3714,0.85144
2035-03-05,Google,36-50,West India,Desktop,Image,15,22746,3,0.02024293955751823,460,0.9,414.0,0.13593358973589412,52,3715,0.8513999999999999
2035-03-06,Google,18-25,West India,Desktop,Text,4,88393,3,0.024397420879976477,2156,0.9,1940.4,0.13623350423875552,249,3716,0.85136
2035-03-07,Google,18-25,West India,Mobile,Image,18,10603,3,0.0496819580981854,526,0.9,473.40000000000003,0.10654021409367058,47,3717,0.85132
2035-03-08,Google,36-50,South India,Mobile,Video,8,77977,3,0.02977585192274782,2321,0.9,2088.9,0.1247591625077539,246,3718,0.85128
2035-03-09,Google,36-50,South India,Mobile,Text,22,5570,3,0.09394165757096617,523,0.9,470.7,0.15175335783549357,67,3719,0.85124
2035-03-10,Google,18-25,North India,Mobile,Video,8,33316,3,0.07588826979143214,2528,0.9,2275.2000000000003,0.05512582993676037,118,3720,0.8512
2035-03-11,Instagram,26-35,North India,Mobile,Text,11,52604,3,0.10166776405002682,5348,1.3,6952.400000000001,0.14562723765974048,662,3721,0.85116
2035-03-12,Instagram,18-25,North India,Mobile,Video,17,19467,3,0.06170804846113323,1201,1.3,1561.3,0.12756484725262635,130,3722,0.85112
2035-03-13,Google,26-35,West India,Mobile,Image,23,79381,3,0.06325060504582698,5020,0.9,4518.0,0.12165120669696869,519,3723,0.85108
2035-03-14,Google,36-50,North India,Mobile,Text,9,45638,3,0.0800715465926945,3654,0.9,3288.6,0.11440566029631548,355,3724,0.85104
2035-03-15,Instagram,26-35,South India,Mobile,Text,16,27943,3,0.10229665500313792,2858,1.3,3715.4,0.08064880390216786,195,3725,0.851
2035-03-16,Google,36-50,North India,Mobile,Text,18,71369,3,0.09274561739334955,6619,0.9,5957.1,0.10981812149922841,617,3726,0.8509599999999999
2035-03-17,Google,18-25,North India,Desktop,Image,23,4340,3,0.062442905769081236,271,0.9,243.9,0.14319159792415617,32,3727,0.85092
2035-03-18,Google,18-25,South India,Mobile,Video,10,44532,3,0.06483804695434556,2887,0.9,2598.3,0.08205310514297888,200,3728,0.85088
2035-03-19,Instagram,36-50,South India,Mobile,Image,15,78848,3,0.08348108138655858,6582,1.3,8556.6,0.13656775023168932,764,3729,0.85084
2035-03-20,Google,36-50,West India,Mobile,Image,7,67175,3,0.050185781544944005,3371,0.9,3033.9,0.09473070096578096,271,3730,0.8508
2035-03-21,Instagram,36-50,South India,Mobile,Image,23,59918,3,0.05003242278572937,2997,1.3,3896.1,0.14281639872860835,364,3731,0.85076
2035-03-22,Google,18-25,South India,Desktop,Video,14,45188,3,0.04688280533200795,2118,0.9,1906.2,0.062408702762367194,112,3732,0.85072
2035-03-23,Google,18-25,North India,Mobile,Image,10,16211,3,0.07387816110839779,1197,0.9,1077.3,0.1504541361136939,153,3733,0.85068
2035-03-24,Google,26-35,South India,Mobile,Text,6,14496,3,0.07374358772910487,1068,0.9,961.2,0.06538856460968138,58,3734,0.85064
2035-03-25,Google,36-50,West India,Mobile,Image,1,95381,3,0.06042026157242716,5762,0.9,5185.8,0.15016558993884574,735,3735,0.8506
2035-03-26,Instagram,26-35,North India,Desktop,Video,18,58248,3,0.10305367647511192,6002,1.3,7802.6,0.1851331459775373,944,3736,0.85056
2035-03-27,Instagram,18-25,West India,Mobile,Text,8,96625,3,0.09682666983311228,9355,1.3,12161.5,0.13591690981089624,1081,3737,0.8505199999999999
2035-03-28,Instagram,26-35,South India,Mobile,Video,17,42145,3,0.04338104711233672,1828,1.3,2376.4,0.22426182578698747,347,3738,0.85048
2035-03-29,Instagram,26-35,West India,Mobile,Image,12,30672,3,0.0655308774748463,2009,1.3,2611.7000000000003,0.09139275328194861,155,3739,0.85044
2035-03-30,Instagram,18-25,West India,Mobile,Video,22,82481,3,0.04831168883604565,3984,1.3,5179.2,0.23152251295396203,784,3740,0.8504
2035-03-31,Instagram,18-25,South India,Mobile,Text,0,84238,3,0.06540979667446915,5509,1.3,7161.7,0.044569579037554534,208,3741,0.85036
2035-04-01,Instagram,36-50,South India,Mobile,Video,18,75255,4,0.11936112328985422,8982,1.3,11676.6,0.17007093331443748,1298,3742,0.85032
2035-04-02,Google,26-35,North India,Mobile,Text,12,37027,4,0.055233612454700105,2045,0.9,1840.5,0.0754268547355158,130,3743,0.8502799999999999
2035-04-03,Google,18-25,North India,Mobile,Text,13,37251,4,0.07877587292834458,2934,0.9,2640.6,0.13913218182622697,346,3744,0.85024
2035-04-04,Google,18-25,North India,Mobile,Image,16,20403,4,0.028426105923504422,579,0.9,521.1,0.17411363635109584,85,3745,0.8502
2035-04-05,Instagram,26-35,South India,Mobile,Image,21,93345,4,0.10914863153259739,10188,1.3,13244.4,0.20477813908529444,1773,3746,0.85016
2035-04-06,Google,18-25,West India,Mobile,Text,19,26150,4,0.062083266913800644,1623,0.9,1460.7,0.08319789914463378,114,3747,0.85012
2035-04-07,Google,36-50,West India,Mobile,Video,0,76762,4,0.03420353831039982,2625,0.9,2362.5,0.11286673208022777,251,3748,0.85008
2035-04-08,Instagram,36-50,North India,Mobile,Text,4,47940,4,0.080862594886019,3876,1.3,5038.8,0.13059309967731542,430,3749,0.85004
2035-04-09,Instagram,26-35,North India,Desktop,Image,19,51476,4,0.0490803521913796,2526,1.3,3283.8,0.19373822458748,415,3750,0.85
2035-04-10,Instagram,36-50,South India,Mobile,Video,13,35202,4,0.11670858081513076,4108,1.3,5340.400000000001,0.11973254860837315,417,3751,0.84996
2035-04-11,Google,18-25,West India,Mobile,Text,17,9729,4,0.07171789388187412,697,0.9,627.3000000000001,0.17083363707500135,101,3752,0.84992
2035-04-12,Instagram,18-25,North India,Mobile,Image,12,24938,4,0.110403423163786,2753,1.3,3578.9,0.1399972383357701,327,3753,0.84988
2035-04-13,Google,18-25,South India,Mobile,Text,22,76302,4,0.09498773768199566,7247,0.9,6522.3,0.16079530448560803,990,3754,0.8498399999999999
2035-04-14,Google,18-25,North India,Mobile,Text,11,74920,4,0.03122583608190682,2339,0.9,2105.1,0.0984357584207508,195,3755,0.8498
2035-04-15,Google,26-35,South India,Mobile,Text,14,26762,4,0.07530569727324105,2015,0.9,1813.5,0.171621132377741,293,3756,0.84976
2035-04-16,Google,36-50,West India,Mobile,Video,23,29724,4,0.08906367134760974,2647,0.9,2382.3,0.2532513671815073,569,3757,0.84972
2035-04-17,Google,36-50,South India,Desktop,Image,3,91586,4,0.05943522063495118,5443,0.9,4898.7,0.08432239516080624,389,3758,0.84968
2035-04-18,Instagram,18-25,North India,Mobile,Image,8,21653,4,0.1310672971788584,2838,1.3,3689.4,0.10713528423003979,258,3759,0.84964
2035-04-19,Google,26-35,North India,Mobile,Text,2,14507,4,0.05844628026673391,847,0.9,762.3000000000001,0.15576086860480262,111,3760,0.8496
2035-04-20,Instagram,18-25,West India,Desktop,Text,21,73914,4,0.0881122253367419,6512,1.3,8465.6,0.06602888739070073,364,3761,0.84956
2035-04-21,Google,18-25,West India,Mobile,Text,10,43773,4,0.0710317887239977,3109,0.9,2798.1,0.09977117972446094,263,3762,0.84952
2035-04-22,Google,26-35,North India,Desktop,Video,14,36205,4,0.04817879881844842,1744,0.9,1569.6000000000001,0.08653436581181766,127,3763,0.84948
2035-04-23,Google,26-35,North India,Mobile,Image,15,12571,4,0.08548906451675074,1074,0.9,966.6,0.14907957409768785,135,3764,0.84944
2035-04-24,Google,18-25,North India,Mobile,Text,6,38320,4,0.09070920992719472,3475,0.9,3127.5,0.07109037618737502,209,3765,0.8493999999999999
2035-04-25,Instagram,36-50,West India,Mobile,Image,6,49853,4,0.09019466948884236,4496,1.3,5844.8,0.11197475370679702,427,3766,0.84936
2035-04-26,Google,18-25,North India,Desktop,Text,21,31190,4,0.09024563921305678,2814,0.9,2532.6,0.10538719207869252,251,3767,0.84932
2035-04-27,Google,36-50,West India,Desktop,Image,8,90116,4,0.04041201231329237,3641,0.9,3276.9,0.09791765161465861,302,3768,0.84928
2035-04-28,Google,36-50,North India,Mobile,Text,16,37522,4,0.08551985499779592,3208,0.9,2887.2000000000003,0.13099536022167613,356,3769,0.84924
2035-04-29,Google,26-35,South India,Mobile,Video,12,72801,4,0.04817561950062705,3507,0.9,3156.3,0.08803067898299467,261,3770,0.8492
2035-04-30,Instagram,26-35,South India,Mobile,Text,8,45489,4,0.05372789483182686,2444,1.3,3177.2000000000003,0.18307910412240946,379,3771,0.84916
2035-05-01,Google,18-25,North India,Mobile,Text,8,73277,5,0.05617555324212969,4116,0.9,3704.4,0.08671553860582355,302,3772,0.84912
2035-05-02,Instagram,36-50,South India,Desktop,Text,19,2837,5,0.06634096408120277,188,1.3,244.4,0.11238137013868248,17,3773,0.84908
2035-05-03,Instagram,36-50,West India,Mobile,Text,11,54763,5,0.09678286891593105,5300,1.3,6890.0,0.10803343163207392,485,3774,0.84904
2035-05-04,Instagram,18-25,South India,Mobile,Text,20,83945,5,0.07119844159459393,5976,1.3,7768.8,0.045212380041611704,229,3775,0.849
2035-05-05,Instagram,18-25,South India,Desktop,Image,18,57964,5,0.09040094849496559,5240,1.3,6812.0,0.1605765763521494,713,3776,0.8489599999999999
2035-05-06,Instagram,18-25,West India,Desktop,Image,22,57398,5,0.042916932764395066,2463,1.3,3201.9,0.17243185958847998,359,3777,0.84892
2035-05-07,Instagram,26-35,South India,Mobile,Video,14,83578,5,0.10462128657472791,8744,1.3,11367.2,0.14887899166578486,1104,3778,0.84888
2035-05-08,Instagram,18-25,South India,Mobile,Text,17,83597,5,0.06521982903088404,5452,1.3,7087.6,0.08856471401163418,409,3779,0.84884
2035-05-09,Google,18-25,North India,Desktop,Image,7,95522,5,0.05039902230653441,4814,0.9,4332.6,0.142377848064832,581,3780,0.8488
2035-05-10,Google,36-50,West India,Mobile,Image,5,54198,5,0.04153247202878344,2250,0.9,2025.0,0.1408494141741384,268,3781,0.84876
2035-05-11,Google,18-25,West India,Mobile,Text,5,86741,5,0.06510677997986661,5647,0.9,5082.3,0.1114661197672234,533,3782,0.84872
2035-05-12,Instagram,36-50,North India,Mobile,Text,2,36143,5,0.10369229309542165,3747,1.3,4871.1,0.14143297853058345,448,3783,0.84868
2035-05-13,Instagram,36-50,North India,Desktop,Video,2,50427,5,0.041990152590038396,2117,1.3,2752.1,0.13845119773804057,248,3784,0.84864
2035-05-14,Google,26-35,South India,Mobile,Video,1,7859,5,0.052372493073184374,411,0.9,369.90000000000003,0.09869983747642781,33,3785,0.8486
2035-05-15,Instagram,18-25,South India,Mobile,Image,4,46507,5,0.07510806543052996,3493,1.3,4540.900000000001,0.04781397138156273,141,3786,0.84856
2035-05-16,Google,18-25,South India,Mobile,Video,19,35356,5,0.03066086695143795,1084,0.9,975.6,0.13659978312215618,125,3787,0.8485199999999999
2035-05-17,Google,36-50,North India,Desktop,Image,11,87501,5,0.034478399304153175,3016,0.9,2714.4,0.12475903310384809,319,3788,0.84848
2035-05-18,Instagram,26-35,West India,Desktop,Video,5,63570,5,0.05659507887015252,3597,1.3,4676.1,0.07691937526699524,234,3789,0.84844
2035-05-19,Google,26-35,South India,Desktop,Text,15,13854,5,0.0418380759369699,579,0.9,521.1,0.04077247330869591,19,3790,0.8484
2035-05-20,Google,18-25,North India,Mobile,Video,4,34013,5,0.06612056371892791,2248,0.9,2023.2,0.1906906770613633,363,3791,0.84836
2035-05-21,Instagram,36-50,West India,Desktop,Image,5,32654,5,0.07661856848654451,2501,1.3,3251.3,0.08227263989705527,173,3792,0.84832
2035-05-22,Instagram,18-25,North India,Desktop,Video,3,24054,5,0.07140837754206844,1717,1.3,2232.1,0.1199814897377517,174,3793,0.8482799999999999
2035-05-23,Google,18-25,South India,Desktop,Image,13,74728,5,0.034625500296957046,2587,0.9,2328.3,0.05802492109331177,127,3794,0.84824
2035-05-24,Instagram,18-25,North India,Desktop,Image,2,61254,5,0.030539460071210344,1870,1.3,2431.0,0.0887545696117782,139,3795,0.8482
2035-05-25,Google,18-25,North India,Mobile,Video,16,68720,5,0.06493676108180717,4462,0.9,4015.8,0.11323421915841345,428,3796,0.84816
2035-05-26,Google,36-50,North India,Mobile,Video,4,46206,5,0.06080010795821003,2809,0.9,2528.1,0.18967802810764225,451,3797,0.84812
2035-05-27,Google,26-35,North India,Desktop,Image,21,37019,5,0.05008685664087069,1854,0.9,1668.6000000000001,0.15310584462499155,240,3798,0.84808
2035-05-28,Instagram,18-25,West India,Desktop,Text,20,17281,5,0.09439967235510754,1631,1.3,2120.3,0.05649124291588603,78,3799,0.84804
2035-05-29,Google,18-25,South India,Mobile,Video,20,6863,5,0.03882549974750299,266,0.9,239.4,0.15556029948781952,34,3800,0.848
2035-05-30,Instagram,18-25,West India,Mobile,Image,5,53203,5,0.10477868137852825,5574,1.3,7246.2,0.14237469257779842,672,3801,0.84796
2035-05-31,Instagram,18-25,North India,Mobile,Text,19,76238,5,0.078256282292322,5966,1.3,7755.8,0.0652937064901239,329,3802,0.84792
2035-06-01,Instagram,26-35,North India,Mobile,Image,3,37539,6,0.07167393523769379,2690,1.3,3497.0,0.08593660750037425,195,3803,0.84788
2035-06-02,Google,26-35,South India,Mobile,Video,12,80072,6,0.04375887916691652,3503,0.9,3152.7000000000003,0.2230657589024934,662,3804,0.8478399999999999
2035-06-03,Instagram,26-35,South India,Desktop,Image,7,43088,6,0.04461056380687105,1922,1.3,2498.6,0.1529488114578764,248,3805,0.8478
2035-06-04,Google,26-35,West India,Mobile,Image,10,63438,6,0.02654064510893777,1683,0.9,1514.7,0.09614494834420126,136,3806,0.84776
2035-06-05,Google,18-25,West India,Mobile,Image,23,17077,6,0.057257645426680895,977,0.9,879.3000000000001,0.10903286656991229,89,3807,0.84772
2035-06-06,Google,36-50,South India,Mobile,Video,18,26273,6,0.07111785394600503,1868,0.9,1681.2,0.16002235020100405,252,3808,0.84768
2035-06-07,Google,26-35,West India,Mobile,Text,22,32052,6,0.02579807827688758,826,0.9,743.4,0.08869392474145105,61,3809,0.84764
2035-06-08,Instagram,26-35,North India,Mobile,Text,4,68955,6,0.06908167937924002,4763,1.3,6191.900000000001,0.07489196239858857,301,3810,0.8476
2035-06-09,Google,18-25,North India,Mobile,Text,4,14518,6,0.02571310594405352,373,0.9,335.7,0.06927826049687576,21,3811,0.84756
2035-06-10,Google,18-25,South India,Mobile,Text,2,8396,6,0.07305762889044247,613,0.9,551.7,0.05654371111492019,28,3812,0.84752
2035-06-11,Instagram,18-25,West India,Mobile,Video,1,85548,6,0.08485004334802687,7258,1.3,9435.4,0.20098993183833547,1235,3813,0.84748
2035-06-12,Google,18-25,North India,Mobile,Image,2,41077,6,0.04523481542333789,1858,0.9,1672.2,0.0476499951805071,74,3814,0.84744
2035-06-13,Instagram,36-50,South India,Mobile,Text,14,12981,6,0.07976710131517933,1035,1.3,1345.5,0.11027013958582703,96,3815,0.8473999999999999
2035-06-14,Google,36-50,West India,Mobile,Text,6,99989,6,0.07130943727970325,7130,0.9,6417.0,0.1407830563656109,849,3816,0.84736
2035-06-15,Instagram,26-35,North India,Mobile,Video,2,69292,6,0.10335656192591389,7161,1.3,9309.300000000001,0.10016713177913951,607,3817,0.84732
2035-06-16,Instagram,36-50,West India,Desktop,Image,14,65842,6,0.035413182518142704,2331,1.3,3030.3,0.07157203951165246,140,3818,0.84728
2035-06-17,Google,26-35,West India,Mobile,Image,10,6023,6,0.04431629876278407,266,0.9,239.4,0.16508455631486949,36,3819,0.84724
2035-06-18,Google,26-35,West India,Desktop,Text,15,92954,6,0.0501969149504372,4666,0.9,4199.400000000001,0.12293663157252645,485,3820,0.8472
2035-06-19,Google,36-50,South India,Mobile,Text,12,22219,6,0.04302004099337194,955,0.9,859.5,0.11698563827267633,94,3821,0.84716
2035-06-20,Instagram,26-35,North India,Desktop,Image,1,84892,6,0.05313693356926338,4510,1.3,5863.0,0.1134247377529373,432,3822,0.84712
2035-06-21,Google,18-25,South India,Mobile,Video,19,18094,6,0.08722924800158201,1578,0.9,1420.2,0.11338374197729498,150,3823,0.84708
2035-06-22,Google,26-35,North India,Mobile,Image,11,38853,6,0.06978704028348898,2711,0.9,2439.9,0.1171306933302268,268,3824,0.84704
2035-06-23,Google,18-25,North India,Mobile,Image,20,6646,6,0.08411583515661221,559,0.9,503.1,0.1277069622281271,60,3825,0.847
2035-06-24,Google,36-50,South India,Mobile,Text,6,55045,6,0.027779889675400547,1529,0.9,1376.1000000000001,0.039475905589638205,50,3826,0.8469599999999999
2035-06-25,Google,36-50,South India,Mobile,Video,0,47925,6,0.03313983716827872,1588,0.9,1429.2,0.07082166364402567,94,3827,0.84692
2035-06-26,Instagram,26-35,North India,Mobile,Video,13,44927,6,0.0684656621106252,3075,1.3,3997.5,0.0910970420985356,237,3828,0.84688
2035-06-27,Google,18-25,North India,Desktop,Video,23,12991,6,0.052673525789441865,684,0.9,615.6,0.09231273057740186,53,3829,0.84684
2035-06-28,Google,26-35,North India,Mobile,Text,9,19978,6,0.059399238976893316,1186,0.9,1067.4,0.12739816007317228,127,3830,0.8468
2035-06-29,Instagram,36-50,West India,Mobile,Video,2,84012,6,0.03166723866206015,2660,1.3,3458.0,0.15484706165644685,348,3831,0.84676
2035-06-30,Instagram,26-35,North India,Mobile,Video,10,36723,6,0.050701023306527086,1861,1.3,2419.3,0.09995074953232692,157,3832,0.84672
2035-07-01,Google,26-35,South India,Desktop,Text,21,25787,7,0.0637614095247281,1644,0.9,1479.6000000000001,0.14332456178699654,198,3833,0.84668
2035-07-02,Google,18-25,South India,Mobile,Image,19,92693,7,0.043676820669568565,4048,0.9,3643.2000000000003,0.09377201020653969,320,3834,0.84664
2035-07-03,Google,36-50,South India,Mobile,Video,20,50092,7,0.04523941503755318,2266,0.9,2039.4,0.2358917365105942,452,3835,0.8466
2035-07-04,Instagram,26-35,North India,Mobile,Image,14,45791,7,0.038132280378498834,1746,1.3,2269.8,0.14195543448819617,209,3836,0.84656
2035-07-05,Google,18-25,North India,Mobile,Video,5,76171,7,0.03866914517584897,2945,0.9,2650.5,0.17461904849457657,435,3837,0.8465199999999999
2035-07-06,Instagram,26-35,West India,Desktop,Image,17,15932,7,0.07968702152197045,1269,1.3,1649.7,0.07653615556713562,82,3838,0.84648
2035-07-07,Instagram,18-25,West India,Desktop,Image,12,37911,7,0.03367670303610624,1276,1.3,1658.8,0.06030473548706354,64,3839,0.84644
2035-07-08,Google,18-25,South India,Mobile,Text,14,10946,7,0.02386950779952097,261,0.9,234.9,0.08839066129394654,19,3840,0.8464
2035-07-09,Google,26-35,West India,Mobile,Text,2,85899,7,0.06206165559522859,5331,0.9,4797.900000000001,0.07377405430822218,332,3841,0.84636
2035-07-10,Google,36-50,West India,Mobile,Video,14,15387,7,0.06729600743332324,1035,0.9,931.5,0.1773317995346333,154,3842,0.84632
2035-07-11,Google,36-50,South India,Mobile,Video,23,70141,7,0.025632422383964983,1797,0.9,1617.3,0.08500844453528106,128,3843,0.84628
2035-07-12,Google,18-25,North India,Mobile,Text,23,50573,7,0.025401590896054795,1284,0.9,1155.6000000000001,0.0919300635253295,99,3844,0.84624
2035-07-13,Instagram,36-50,West India,Mobile,Video,0,42405,7,0.08530227806446039,3617,1.3,4702.1,0.15353647437008303,469,3845,0.8462
2035-07-14,Instagram,18-25,North India,Mobile,Video,9,10152,7,0.07509978942525665,762,1.3,990.6,0.10707241154628268,68,3846,0.84616
2035-07-15,Instagram,36-50,South India,Desktop,Text,23,99434,7,0.07606853447484214,7563,1.3,9831.9,0.06365949725763034,406,3847,0.84612
2035-07-16,Instagram,26-35,South India,Mobile,Image,17,36415,7,0.04514104687492146,1643,1.3,2135.9,0.18193268718498887,252,3848,0.8460799999999999
2035-07-17,Google,36-50,West India,Desktop,Video,7,96879,7,0.04653638982469461,4508,0.9,4057.2000000000003,0.07132512768033578,271,3849,0.84604
2035-07-18,Google,18-25,South India,Desktop,Text,11,32848,7,0.034080631661800025,1119,0.9,1007.1,0.07716799255464116,72,3850,0.846
2035-07-19,Google,18-25,South India,Desktop,Video,4,44394,7,0.04042790255761363,1794,0.9,1614.6000000000001,0.19261365169929975,291,3851,0.84596
2035-07-20,Instagram,36-50,South India,Mobile,Video,0,70265,7,0.04311337448929806,3029,1.3,3937.7000000000003,0.164661570801659,421,3852,0.84592
2035-07-21,Instagram,26-35,West India,Desktop,Text,7,32455,7,0.03636771007194448,1180,1.3,1534.0,0.12094682035513475,120,3853,0.84588
2035-07-22,Instagram,18-25,West India,Desktop,Text,4,96348,7,0.047676930222559706,4593,1.3,5970.900000000001,0.13024322906398075,505,3854,0.8458399999999999
2035-07-23,Google,18-25,West India,Mobile,Video,16,67560,7,0.07097728846924006,4795,0.9,4315.5,0.19842600509485522,804,3855,0.8458
2035-07-24,Google,18-25,South India,Mobile,Video,14,92764,7,0.04082795071020128,3787,0.9,3408.3,0.10908361484685977,349,3856,0.84576
2035-07-25,Instagram,18-25,North India,Mobile,Image,3,17921,7,0.07771442899054222,1392,1.3,1809.6000000000001,0.10108258631841,118,3857,0.84572
2035-07-26,Google,18-25,South India,Desktop,Image,12,33179,7,0.029294538855171488,971,0.9,873.9,0.14999976211888708,122,3858,0.84568
2035-07-27,Instagram,26-35,West India,Desktop,Text,16,53235,7,0.029875239493430343,1590,1.3,2067.0,0.1285747339932251,172,3859,0.84564
2035-07-28,Instagram,36-50,North India,Desktop,Video,12,33037,7,0.04863800374588417,1606,1.3,2087.8,0.13781955551731462,186,3860,0.8456
2035-07-29,Instagram,26-35,North India,Desktop,Text,1,34275,7,0.030867062564412455,1057,1.3,1374.1000000000001,0.09037923151799958,80,3861,0.84556
2035-07-30,Google,26-35,West India,Mobile,Text,23,37692,7,0.06706065020281758,2527,0.9,2274.3,0.11631986192461345,247,3862,0.84552
2035-07-31,Google,18-25,North India,Mobile,Video,3,9872,7,0.035911654290846945,354,0.9,318.6,0.10657182695303262,31,3863,0.84548
2035-08-01,Google,26-35,North India,Mobile,Image,1,52764,8,0.07204646759333909,3801,0.9,3420.9,0.15686267139002502,503,3864,0.84544
2035-08-02,Google,18-25,West India,Mobile,Text,11,91871,8,0.04838437422039668,4445,0.9,4000.5,0.05925405332687146,222,3865,0.8453999999999999
2035-08-03,Google,26-35,North India,Mobile,Text,18,87143,8,0.029633934250052226,2582,0.9,2323.8,0.13223667593912267,288,3866,0.84536
2035-08-04,Instagram,18-25,North India,Desktop,Video,17,53299,8,0.05892719733545066,3140,1.3,4082.0,0.14832122528378147,393,3867,0.84532
2035-08-05,Instagram,18-25,West India,Desktop,Image,9,35961,8,0.07313222330293928,2629,1.3,3417.7000000000003,0.1240921836063866,275,3868,0.84528
2035-08-06,Google,26-35,North India,Mobile,Image,4,25466,8,0.052047757064259896,1325,0.9,1192.5,0.10050399683867516,112,3869,0.84524
2035-08-07,Google,26-35,North India,Mobile,Video,10,16762,8,0.026395210632042476,442,0.9,397.8,0.07029746841396782,26,3870,0.8452
2035-08-08,Google,36-50,North India,Mobile,Text,0,19930,8,0.07272323595488485,1449,0.9,1304.1000000000001,0.13008080456886034,158,3871,0.84516
2035-08-09,Google,36-50,North India,Mobile,Video,2,55213,8,0.061501925566995276,3395,0.9,3055.5,0.05398441976059342,154,3872,0.84512
2035-08-10,Instagram,36-50,West India,Mobile,Video,16,71191,8,0.09239243813273054,6577,1.3,8550.1,0.09335423204720758,518,3873,0.84508
2035-08-11,Google,26-35,South India,Mobile,Image,14,51374,8,0.05412127881689934,2780,0.9,2502.0,0.0608948390335892,142,3874,0.84504
2035-08-12,Google,26-35,South India,Desktop,Text,13,57902,8,0.047859483426953155,2771,0.9,2493.9,0.051384742327859674,119,3875,0.845
2035-08-13,Google,18-25,North India,Desktop,Text,23,71555,8,0.03545371034222042,2536,0.9,2282.4,0.07643729360613417,163,3876,0.8449599999999999
2035-08-14,Instagram,36-50,West India,Desktop,Image,14,55875,8,0.0616872777456514,3446,1.3,4479.8,0.06245959708701221,181,3877,0.84492
2035-08-15,Instagram,18-25,West India,Mobile,Text,15,40314,8,0.08321054890326178,3354,1.3,4360.2,0.10318490854051676,292,3878,0.84488
2035-08-16,Google,18-25,North India,Mobile,Text,3,53175,8,0.0576243750836033,3064,0.9,2757.6,0.10320031812627613,266,3879,0.84484
2035-08-17,Google,18-25,South India,Mobile,Video,18,86200,8,0.04894782570962921,4219,0.9,3797.1,0.21581092082668402,768,3880,0.8448
2035-08-18,Instagram,18-25,North India,Desktop,Video,23,49978,8,0.0842809194463564,4212,1.3,5475.6,0.09342700107578628,331,3881,0.84476
2035-08-19,Instagram,36-50,West India,Desktop,Video,7,59415,8,0.06299087222843956,3742,1.3,4864.6,0.09994196841191998,315,3882,0.84472
2035-08-20,Google,18-25,West India,Mobile,Text,5,83460,8,0.03217512634094358,2685,0.9,2416.5,0.06331787825366027,143,3883,0.84468
2035-08-21,Instagram,26-35,South India,Desktop,Text,15,47255,8,0.07082215644719426,3346,1.3,4349.8,0.13973897245245992,394,3884,0.84464
2035-08-22,Instagram,26-35,West India,Mobile,Text,2,50662,8,0.0470266706719029,2382,1.3,3096.6,0.08493914954220044,170,3885,0.8446
2035-08-23,Instagram,26-35,West India,Mobile,Text,7,89082,8,0.10758009391356728,9583,1.3,12457.9,0.09973821958894662,806,3886,0.84456
2035-08-24,Instagram,36-50,West India,Desktop,Image,4,81366,8,0.06845320334282375,5569,1.3,7239.7,0.09244645157834405,434,3887,0.8445199999999999
2035-08-25,Instagram,18-25,South India,Desktop,Image,4,79178,8,0.031256829554447044,2474,1.3,3216.2000000000003,0.06814919113888679,141,3888,0.84448
2035-08-26,Google,36-50,West India,Mobile,Text,11,89622,8,0.04764627593797063,4270,0.9,3843.0,0.04620103534970367,166,3889,0.84444
2035-08-27,Instagram,18-25,North India,Mobile,Video,0,50496,8,0.09077623769293151,4583,1.3,5957.900000000001,0.18417644522519883,712,3890,0.8444
2035-08-28,Google,36-50,South India,Mobile,Video,6,48791,8,0.058872375183130814,2872,0.9,2584.8,0.10186101477038909,246,3891,0.84436
2035-08-29,Instagram,36-50,North India,Mobile,Image,23,96998,8,0.03692619460289135,3581,1.3,4655.3,0.16323544876829055,493,3892,0.84432
2035-08-30,Google,18-25,North India,Desktop,Image,10,58235,8,0.021927995895324914,1276,0.9,1148.4,0.16399002769023371,176,3893,0.84428
2035-08-31,Instagram,36-50,South India,Mobile,Text,9,40140,8,0.09718908214682906,3901,1.3,5071.3,0.10009083183394024,329,3894,0.84424
2035-09-01,Instagram,18-25,North India,Mobile,Text,2,33076,9,0.052368146674136126,1732,1.3,2251.6,0.14066839900980888,205,3895,0.8442
2035-09-02,Google,26-35,South India,Mobile,Text,7,45782,9,0.03305366287015334,1513,0.9,1361.7,0.04112897662114175,52,3896,0.84416
2035-09-03,Instagram,26-35,North India,Desktop,Text,0,52632,9,0.05269081301313876,2773,1.3,3604.9,0.042661098040218816,99,3897,0.84412
2035-09-04,Google,26-35,South India,Desktop,Text,7,23203,9,0.04136774690630392,959,0.9,863.1,0.06924923710522106,55,3898,0.8440799999999999
2035-09-05,Instagram,36-50,West India,Desktop,Video,22,94392,9,0.055379606565630686,5227,1.3,6795.1,0.08314449147619253,366,3899,0.84404
2035-09-06,Google,26-35,West India,Mobile,Video,19,46642,9,0.08615752640545694,4018,0.9,3616.2000000000003,0.09044315800029028,306,3900,0.844
2035-09-07,Google,18-25,North India,Desktop,Text,10,10486,9,0.051725609916855576,542,0.9,487.8,0.08343187405616023,37,3901,0.84396
2035-09-08,Instagram,26-35,West India,Mobile,Video,6,61595,9,0.10859460848204154,6688,1.3,8694.4,0.058570787359588664,329,3902,0.84392
2035-09-09,Google,26-35,South India,Mobile,Text,15,33158,9,0.05339260574710809,1770,0.9,1593.0,0.11010032633611377,163,3903,0.84388
2035-09-10,Instagram,36-50,North India,Desktop,Text,6,15681,9,0.05412230929823873,848,1.3,1102.4,0.06728380014498464,48,3904,0.8438399999999999
2035-09-11,Google,18-25,West India,Mobile,Image,12,55790,9,0.035455968374354364,1978,0.9,1780.2,0.05001665450031201,82,3905,0.8438
2035-09-12,Google,36-50,West India,Mobile,Video,9,56052,9,0.07204231906963524,4038,0.9,3634.2000000000003,0.17453915717616436,594,3906,0.84376
2035-09-13,Google,36-50,North India,Mobile,Video,16,78237,9,0.047414395913953335,3709,0.9,3338.1,0.14988739117423605,468,3907,0.84372
2035-09-14,Instagram,18-25,West India,Mobile,Image,2,16372,9,0.04146087646116713,678,1.3,881.4,0.15108020909529546,86,3908,0.84368
2035-09-15,Google,36-50,West India,Mobile,Video,6,27611,9,0.03112994310753603,859,0.9,773.1,0.2057913050022033,148,3909,0.84364
2035-09-16,Google,18-25,North India,Desktop,Image,10,6523,9,0.02724037863802375,177,0.9,159.3,0.11590677743232693,16,3910,0.8436
2035-09-17,Google,26-35,West India,Mobile,Video,12,46793,9,0.04140535976869011,1937,0.9,1743.3,0.180168288395366,293,3911,0.84356
2035-09-18,Google,18-25,West India,Mobile,Text,4,21233,9,0.042147910324270677,894,0.9,804.6,0.05770274229708481,43,3912,0.84352
2035-09-19,Instagram,18-25,West India,Desktop,Image,22,25955,9,0.04559500767778365,1183,1.3,1537.9,0.09745137380851966,97,3913,0.84348
2035-09-20,Instagram,18-25,West India,Desktop,Text,18,70299,9,0.04573355655112423,3215,1.3,4179.5,0.09707844751197803,263,3914,0.84344
2035-09-21,Google,36-50,North India,Mobile,Text,14,48524,9,0.05242871842706466,2544,0.9,2289.6,0.09348422076875883,199,3915,0.8433999999999999
2035-09-22,Instagram,18-25,South India,Mobile,Video,0,43621,9,0.10149297425503204,4427,1.3,5755.1,0.18554873552503853,692,3916,0.84336
2035-09-23,Google,18-25,South India,Mobile,Image,4,85978,9,0.0622705254887875,5353,0.9,4817.7,0.1665749179550471,751,3917,0.84332
2035-09-24,Instagram,18-25,West India,Mobile,Text,12,92418,9,0.03309580745816834,3058,1.3,3975.4,0.11335549828848789,291,3918,0.84328
2035-09-25,Instagram,26-35,West India,Mobile,Text,9,69001,9,0.06636376434100187,4579,1.3,5952.7,0.0396222132324893,152,3919,0.84324
2035-09-26,Instagram,18-25,South India,Mobile,Image,4,70987,9,0.07384295640233599,5241,1.3,6813.3,0.09808738136669506,433,3920,0.8432
2035-09-27,Google,36-50,West India,Mobile,Video,22,82597,9,0.0590763942836779,4879,0.9,4391.1,0.14416975543520283,592,3921,0.84316
2035-09-28,Instagram,18-25,South India,Mobile,Text,0,1015,9,0.1042596073877412,105,1.3,136.5,0.1038801123214768,8,3922,0.84312
2035-09-29,Google,18-25,North India,Mobile,Video,9,5410,9,0.07011530834328723,379,0.9,341.1,0.052749596015462974,16,3923,0.84308
2035-09-30,Instagram,26-35,North India,Mobile,Image,17,19964,9,0.08342949500841688,1665,1.3,2164.5,0.16842466368403303,236,3924,0.84304
2035-10-01,Google,18-25,North India,Mobile,Video,21,71671,10,0.06247756385222752,4477,0.9,4029.3,0.1981944421476078,747,3925,0.843
2035-10-02,Instagram,36-50,North India,Mobile,Image,7,74484,10,0.07607973329649674,5666,1.3,7365.8,0.14091031840970358,672,3926,0.8429599999999999
2035-10-03,Instagram,18-25,North India,Mobile,Video,19,71325,10,0.10020676253857051,7147,1.3,9291.1,0.05443437704465677,327,3927,0.84292
2035-10-04,Instagram,36-50,North India,Mobile,Video,2,9602,10,0.06694324125974337,642,1.3,834.6,0.11426117054699053,61,3928,0.84288
2035-10-05,Google,26-35,South India,Mobile,Text,18,8232,10,0.03866939025951074,318,0.9,286.2,0.09103883445744108,23,3929,0.84284
2035-10-06,Instagram,18-25,West India,Desktop,Video,18,58245,10,0.07163928260444319,4172,1.3,5423.6,0.14174837087696313,498,3930,0.8428
2035-10-07,Google,26-35,South India,Mobile,Text,1,48950,10,0.0698668279778945,3419,0.9,3077.1,0.044721035134633894,128,3931,0.84276
2035-10-08,Instagram,18-25,North India,Mobile,Image,16,71371,10,0.07426277377463102,5300,1.3,6890.0,0.09434633391778414,421,3932,0.84272
2035-10-09,Google,36-50,West India,Mobile,Image,15,92602,10,0.048769713239777406,4516,0.9,4064.4,0.14609750437967023,555,3933,0.84268
2035-10-10,Google,26-35,West India,Mobile,Text,20,29381,10,0.03181318169363518,934,0.9,840.6,0.1527629459985311,119,3934,0.84264
2035-10-11,Google,18-25,North India,Desktop,Video,9,77305,10,0.019897744137777226,1538,0.9,1384.2,0.14063273697785378,182,3935,0.8426
2035-10-12,Google,36-50,North India,Mobile,Image,20,57025,10,0.05733474777247689,3269,0.9,2942.1,0.1631014373946548,449,3936,0.84256
2035-10-13,Google,26-35,North India,Mobile,Image,15,83192,10,0.06839114324026238,5689,0.9,5120.1,0.17080561799777746,818,3937,0.8425199999999999
2035-10-14,Google,18-25,North India,Mobile,Image,4,54706,10,0.07322283496630934,4005,0.9,3604.5,0.09582599641291978,322,3938,0.84248
2035-10-15,Google,26-35,North India,Desktop,Text,19,1819,10,0.05716726218690889,103,0.9,92.7,0.10789545327504904,9,3939,0.84244
2035-10-16,Instagram,18-25,North India,Desktop,Image,2,36383,10,0.07711527953758178,2805,1.3,3646.5,0.06635761117272969,156,3940,0.8424
2035-10-17,Instagram,36-50,West India,Mobile,Image,2,79684,10,0.05019864376264735,4000,1.3,5200.0,0.10659050212662871,358,3941,0.84236
2035-10-18,Google,36-50,North India,Mobile,Image,1,72605,10,0.06058172047952252,4398,0.9,3958.2000000000003,0.04842873521949074,178,3942,0.84232
2035-10-19,Google,26-35,North India,Desktop,Image,20,6640,10,0.06312778733448497,419,0.9,377.1,0.041876920541353536,14,3943,0.84228
2035-10-20,Google,26-35,West India,Desktop,Text,3,60888,10,0.040738632858491816,2480,0.9,2232.0,0.14025740086555674,292,3944,0.84224
2035-10-21,Google,18-25,South India,Mobile,Text,21,87810,10,0.0566239148307924,4972,0.9,4474.8,0.1497646034096567,626,3945,0.8422
2035-10-22,Instagram,36-50,North India,Mobile,Video,17,63244,10,0.05473216755208035,3461,1.3,4499.3,0.09540551945794126,277,3946,0.84216
2035-10-23,Instagram,18-25,West India,Mobile,Image,1,74237,10,0.058015251362264604,4306,1.3,5597.8,0.10397342611940935,376,3947,0.84212
2035-10-24,Google,36-50,West India,Mobile,Text,23,85901,10,0.024453763405714757,2100,0.9,1890.0,0.09273962619173348,163,3948,0.8420799999999999
2035-10-25,Google,26-35,South India,Mobile,Video,5,69575,10,0.03670942666805311,2554,0.9,2298.6,0.14902556756861948,319,3949,0.84204
2035-10-26,Google,18-25,North India,Mobile,Video,2,55087,10,0.05059538809301511,2787,0.9,2508.3,0.06707753231896835,156,3950,0.842
2035-10-27,Instagram,18-25,North India,Desktop,Image,20,32915,10,0.06499081385235458,2139,1.3,2780.7000000000003,0.14108281530619973,253,3951,0.84196
2035-10-28,Instagram,36-50,North India,Mobile,Video,2,44642,10,0.054592749224934504,2437,1.3,3168.1,0.10111138453181588,207,3952,0.84192
2035-10-29,Google,36-50,West India,Desktop,Text,1,57611,10,0.03459020510918826,1992,0.9,1792.8,0.037771726566363184,63,3953,0.84188
2035-10-30,Google,36-50,North India,Mobile,Video,2,47889,10,0.06126716147818393,2934,0.9,2640.6,0.15357921901810775,378,3954,0.84184
2035-10-31,Instagram,26-35,North India,Desktop,Video,16,42215,10,0.07225894052674561,3050,1.3,3965.0,0.1780484483776006,457,3955,0.8418
2035-11-01,Instagram,18-25,North India,Mobile,Text,13,3487,11,0.07739286019543634,269,1.3,349.7,0.1360942332372092,30,3956,0.84176
2035-11-02,Google,36-50,North India,Mobile,Video,6,62045,11,0.04740671075255222,2941,0.9,2646.9,0.15323508917368425,378,3957,0.84172
2035-11-03,Google,26-35,South India,Mobile,Video,21,93594,11,0.06289755597010563,5886,0.9,5297.400000000001,0.08814836236115929,435,3958,0.84168
2035-11-04,Google,36-50,South India,Mobile,Video,20,94644,11,0.04696098271616287,4444,0.9,3999.6,0.16179144221012184,605,3959,0.8416399999999999
2035-11-05,Instagram,18-25,South India,Desktop,Video,5,75035,11,0.04346658751185177,3261,1.3,4239.3,0.2212936144881915,606,3960,0.8416
2035-11-06,Google,36-50,North India,Mobile,Image,7,72667,11,0.06585049968538124,4785,0.9,4306.5,0.0846244929852105,339,3961,0.84156
2035-11-07,Google,18-25,North India,Mobile,Image,18,60040,11,0.07296195141531629,4380,0.9,3942.0,0.16479564599593416,606,3962,0.84152
2035-11-08,Instagram,26-35,West India,Mobile,Text,18,91520,11,0.09431901819617673,8632,1.3,11221.6,0.04562380953524992,330,3963,0.84148
2035-11-09,Google,26-35,West India,Desktop,Video,11,62295,11,0.06162636503034848,3839,0.9,3455.1,0.17031286097613152,549,3964,0.84144
2035-11-10,Instagram,36-50,West India,Mobile,Text,4,1825,11,0.08526126095884226,155,1.3,201.5,0.048269429527150964,5,3965,0.8413999999999999
2035-11-11,Google,18-25,North India,Mobile,Image,4,2191,11,0.03757243406987673,82,0.9,73.8,0.14425041528638569,9,3966,0.84136
2035-11-12,Google,18-25,South India,Mobile,Video,13,44094,11,0.035317608307475025,1557,0.9,1401.3,0.07084676667869859,92,3967,0.84132
2035-11-13,Instagram,18-25,South India,Mobile,Video,16,64490,11,0.06198931908516936,3997,1.3,5196.1,0.11299398740398942,379,3968,0.84128
2035-11-14,Google,36-50,South India,Desktop,Image,15,81243,11,0.05387785379434352,4377,0.9,3939.3,0.16363670398892588,602,3969,0.84124
2035-11-15,Instagram,18-25,North India,Mobile,Video,3,55799,11,0.0550463539878405,3071,1.3,3992.3,0.1190468460155858,307,3970,0.8412
2035-11-16,Google,18-25,South India,Mobile,Video,7,40553,11,0.05785910406859646,2346,0.9,2111.4,0.21592045984345853,425,3971,0.84116
2035-11-17,Google,18-25,West India,Mobile,Image,2,95305,11,0.04119284205335161,3925,0.9,3532.5,0.0962433006880396,317,3972,0.84112
2035-11-18,Instagram,18-25,West India,Mobile,Text,20,7813,11,0.06339669332336671,495,1.3,643.5,0.15240001631433753,63,3973,0.84108
2035-11-19,Google,36-50,South India,Mobile,Text,4,27350,11,0.03594997140026892,983,0.9,884.7,0.039844530411595865,32,3974,0.84104
2035-11-20,Instagram,36-50,West India,Mobile,Video,22,88561,11,0.039850232293377974,3529,1.3,4587.7,0.16493845062216028,489,3975,0.841
2035-11-21,Google,18-25,South India,Mobile,Image,23,29992,11,0.06671129753114138,2000,0.9,1800.0,0.1850466946902364,311,3976,0.8409599999999999
2035-11-22,Google,18-25,South India,Mobile,Text,6,83453,11,0.06474572381381487,5403,0.9,4862.7,0.10756062931733867,488,3977,0.84092
2035-11-23,Google,26-35,West India,Mobile,Text,17,89430,11,0.03187180503062497,2850,0.9,2565.0,0.15163259940858995,363,3978,0.84088
2035-11-24,Google,26-35,West India,Mobile,Video,23,34975,11,0.024829541554192557,868,0.9,781.2,0.16694811621351738,121,3979,0.84084
2035-11-25,Instagram,18-25,West India,Mobile,Text,7,25992,11,0.08077320872283683,2099,1.3,2728.7000000000003,0.08511362900861952,149,3980,0.8408
2035-11-26,Instagram,18-25,West India,Desktop,Image,10,44736,11,0.030538704608421743,1366,1.3,1775.8,0.11215283288774963,128,3981,0.84076
2035-11-27,Google,26-35,South India,Desktop,Text,13,2237,11,0.035699006825507994,79,0.9,71.10000000000001,0.15226076562077231,10,3982,0.84072
2035-11-28,Google,26-35,West India,Mobile,Image,17,5943,11,0.027182411123170366,161,0.9,144.9,0.17406168975838154,23,3983,0.84068
2035-11-29,Instagram,18-25,West India,Mobile,Image,12,54917,11,0.06960763673826399,3822,1.3,4968.6,0.1178240781356017,378,3984,0.84064
2035-11-30,Instagram,36-50,North India,Mobile,Video,5,93055,11,0.04552330205065127,4236,1.3,5506.8,0.09462117919559035,336,3985,0.8406
2035-12-01,Google,36-50,West India,Desktop,Text,12,93292,12,0.027112212801068066,2529,0.9,2276.1,0.06247968709053689,132,3986,0.84056
2035-12-02,Google,18-25,West India,Desktop,Video,0,22220,12,0.04478254506981186,995,0.9,895.5,0.12814409922967931,106,3987,0.8405199999999999
2035-12-03,Google,18-25,South India,Mobile,Text,10,48798,12,0.04198654844338293,2048,0.9,1843.2,0.07619071837503791,131,3988,0.84048
2035-12-04,Instagram,26-35,South India,Mobile,Video,6,29694,12,0.09463265534828322,2810,1.3,3653.0,0.13057062654461535,307,3989,0.84044
2035-12-05,Google,26-35,North India,Mobile,Video,9,29250,12,0.06050475269103446,1769,0.9,1592.1000000000001,0.1787809020884527,265,3990,0.8404
2035-12-06,Google,36-50,West India,Mobile,Video,1,80478,12,0.06802445704353072,5474,0.9,4926.6,0.12729391442776658,584,3991,0.84036
2035-12-07,Instagram,18-25,West India,Desktop,Text,15,34227,12,0.08422230177815332,2882,1.3,3746.6,0.11026458791668198,266,3992,0.84032
2035-12-08,Google,26-35,West India,Mobile,Video,4,79305,12,0.03225337751910121,2557,0.9,2301.3,0.06313794888022116,135,3993,0.84028
2035-12-09,Google,36-50,West India,Desktop,Image,15,83039,12,0.021386333789346606,1775,0.9,1597.5,0.14669781215822442,218,3994,0.84024
2035-12-10,Google,36-50,West India,Mobile,Text,22,54920,12,0.06124154025463363,3363,0.9,3026.7000000000003,0.0914656048721269,257,3995,0.8402
2035-12-11,Google,36-50,West India,Mobile,Image,15,11447,12,0.0677211534860668,775,0.9,697.5,0.0905319553157572,58,3996,0.84016
2035-12-12,Google,26-35,North India,Mobile,Video,14,75045,12,0.03579344422501766,2686,0.9,2417.4,0.14311391277698654,322,3997,0.84012
2035-12-13,Google,26-35,West India,Mobile,Video,8,23865,12,0.0473350774396735,1129,0.9,1016.1,0.06513361315244134,61,3998,0.8400799999999999
2035-12-14,Google,18-25,West India,Desktop,Image,0,56450,12,0.02523615540515009,1424,0.9,1281.6000000000001,0.09795981133980253,116,3999,0.84004
2035-12-15,Instagram,18-25,West India,Mobile,Video,8,17134,12,0.06912643785726358,1184,1.3,1539.2,0.18424336841121608,183,4000,0.84
2035-12-16,Instagram,36-50,North India,Mobile,Text,10,53378,12,0.1023648134244325,5464,1.3,7103.2,0.06192634115108675,283,4001,0.83996
2035-12-17,Instagram,36-50,West India,Mobile,Image,4,17201,12,0.07890252417586871,1357,1.3,1764.1000000000001,0.1679734590533325,190,4002,0.83992
2035-12-18,Google,26-35,North India,Mobile,Text,5,19936,12,0.05921145422503128,1180,0.9,1062.0,0.10054190891781103,99,4003,0.83988
2035-12-19,Google,26-35,South India,Mobile,Text,7,79794,12,0.040304754469912454,3216,0.9,2894.4,0.10818857988705267,291,4004,0.83984
2035-12-20,Google,18-25,West India,Desktop,Text,14,62752,12,0.057653921702521045,3617,0.9,3255.3,0.08154894908508248,246,4005,0.8398
2035-12-21,Google,18-25,North India,Mobile,Video,15,66309,12,0.032061129618817436,2125,0.9,1912.5,0.1640231113914996,292,4006,0.83976
2035-12-22,Google,18-25,South India,Mobile,Video,17,22762,12,0.02633035525206209,599,0.9,539.1,0.15711362366043724,78,4007,0.83972
2035-12-23,Instagram,26-35,North India,Desktop,Image,11,4228,12,0.04516043589218651,190,1.3,247.0,0.14394012273189408,22,4008,0.83968
2035-12-24,Google,36-50,North India,Mobile,Image,22,60405,12,0.046795119474569,2826,0.9,2543.4,0.08211329612122951,194,4009,0.8396399999999999
2035-12-25,Google,18-25,South India,Mobile,Text,3,69946,12,0.07347853667596496,5139,0.9,4625.1,0.12929368751345824,557,4010,0.8396
2035-12-26,Google,18-25,West India,Mobile,Video,21,1408,12,0.06848245267200526,96,0.9,86.4,0.20649836908707786,15,4011,0.83956
2035-12-27,Instagram,26-35,West India,Mobile,Video,15,48497,12,0.0763663761335225,3703,1.3,4813.900000000001,0.09502635794145584,294,4012,0.83952
2035-12-28,Google,18-25,North India,Desktop,Video,22,52419,12,0.0622851774594707,3264,0.9,2937.6,0.20216786754753283,553,4013,0.83948
2035-12-29,Instagram,36-50,South India,Mobile,Image,10,59087,12,0.08340665747454516,4928,1.3,6406.400000000001,0.10722119704434682,443,4014,0.83944
2035-12-30,Google,26-35,West India,Mobile,Video,21,6773,12,0.08264709202038185,559,0.9,503.1,0.05447343441397972,25,4015,0.8393999999999999
2035-12-31,Instagram,18-25,North India,Mobile,Text,23,53986,12,0.058703084848576996,3169,1.3,4119.7,0.07273811979295357,193,4016,0.83936
2036-01-01,Instagram,18-25,South India,Mobile,Text,21,60175,1,0.07664441652856117,4612,1.3,5995.6,0.05698817977209963,219,4017,0.83932
2036-01-02,Google,26-35,North India,Mobile,Text,6,75715,1,0.049522409718285046,3749,0.9,3374.1,0.06669946156371093,209,4018,0.83928
2036-01-03,Google,26-35,South India,Mobile,Video,23,6617,1,0.06092487544794662,403,0.9,362.7,0.07053518528450883,23,4019,0.83924
2036-01-04,Google,18-25,West India,Desktop,Text,14,69237,1,0.052424528970068926,3629,0.9,3266.1,0.05520622905528975,167,4020,0.8392
2036-01-05,Google,36-50,West India,Mobile,Text,16,4907,1,0.0662015866277324,324,0.9,291.6,0.049077175554891904,12,4021,0.83916
2036-01-06,Instagram,26-35,North India,Mobile,Image,14,14841,1,0.07982317107454927,1184,1.3,1539.2,0.043782346829942795,42,4022,0.83912
2036-01-07,Instagram,36-50,West India,Mobile,Image,9,91866,1,0.034174279298933206,3139,1.3,4080.7000000000003,0.08146609218997435,213,4023,0.83908
2036-01-08,Instagram,18-25,West India,Mobile,Video,3,50827,1,0.09400188496482012,4777,1.3,6210.1,0.20608128413022236,825,4024,0.83904
2036-01-09,Instagram,36-50,South India,Mobile,Video,21,55079,1,0.1228634952403292,6767,1.3,8797.1,0.22824787656507384,1295,4025,0.839
2036-01-10,Google,18-25,West India,Mobile,Video,16,79943,1,0.06157691394500728,4922,0.9,4429.8,0.19023661140813042,785,4026,0.8389599999999999
2036-01-11,Google,18-25,South India,Mobile,Video,3,62467,1,0.06814340122800776,4256,0.9,3830.4,0.05504356855102053,196,4027,0.83892
2036-01-12,Instagram,18-25,South India,Mobile,Video,21,49091,1,0.08235133544338454,4042,1.3,5254.6,0.057997217148430924,196,4028,0.83888
2036-01-13,Google,18-25,North India,Mobile,Image,22,55501,1,0.03408337298074836,1891,0.9,1701.9,0.039377538372319235,62,4029,0.83884
2036-01-14,Instagram,36-50,South India,Mobile,Image,21,62855,1,0.05483365338971141,3446,1.3,4479.8,0.10046257316794623,290,4030,0.8388
2036-01-15,Google,18-25,West India,Mobile,Image,10,98735,1,0.0663600861388446,6552,0.9,5896.8,0.17723611460819694,973,4031,0.83876
2036-01-16,Google,18-25,South India,Desktop,Text,3,92822,1,0.021883656212831608,2031,0.9,1827.9,0.15479606996492765,263,4032,0.83872
2036-01-17,Instagram,36-50,South India,Mobile,Text,11,20859,1,0.10152785685013267,2117,1.3,2752.1,0.07019503936894671,124,4033,0.83868
2036-01-18,Google,26-35,North India,Desktop,Image,22,73352,1,0.06795348978211907,4984,0.9,4485.6,0.09255591715923712,386,4034,0.83864
2036-01-19,Instagram,36-50,West India,Mobile,Image,9,50693,1,0.1074138056275464,5445,1.3,7078.5,0.1554199709721137,709,4035,0.8386
2036-01-20,Instagram,36-50,West India,Desktop,Video,13,17548,1,0.03741755257678506,656,1.3,852.8000000000001,0.17544202999434597,96,4036,0.83856
2036-01-21,Instagram,36-50,West India,Mobile,Image,17,93367,1,0.04428245127928404,4134,1.3,5374.2,0.05856652514288995,202,4037,0.8385199999999999
2036-01-22,Instagram,18-25,South India,Mobile,Video,5,83904,1,0.0659376284044135,5532,1.3,7191.6,0.07271716641308426,337,4038,0.83848
2036-01-23,Instagram,18-25,West India,Desktop,Image,4,85581,1,0.07042662677628497,6027,1.3,7835.1,0.1161208739778028,586,4039,0.83844
2036-01-24,Instagram,18-25,West India,Mobile,Video,1,34385,1,0.06685643183733751,2298,1.3,2987.4,0.06515478550461826,124,4040,0.8384
2036-01-25,Google,26-35,South India,Mobile,Image,12,78641,1,0.06450753487899463,5072,0.9,4564.8,0.1710528755681908,726,4041,0.83836
2036-01-26,Google,18-25,North India,Desktop,Video,22,25644,1,0.04760217076503628,1220,0.9,1098.0,0.08603092371784046,87,4042,0.83832
2036-01-27,Instagram,26-35,North India,Mobile,Text,13,6639,1,0.08181575201935758,543,1.3,705.9,0.05359067920885552,24,4043,0.83828
2036-01-28,Google,18-25,South India,Mobile,Text,2,96866,1,0.03369335350019105,3263,0.9,2936.7000000000003,0.061704397613522845,168,4044,0.83824
2036-01-29,Google,36-50,North India,Mobile,Video,22,78152,1,0.07079542491398781,5532,0.9,4978.8,0.05281895143806464,244,4045,0.8382
2036-01-30,Google,18-25,North India,Mobile,Video,10,21580,1,0.0652365545928718,1407,0.9,1266.3,0.1480368372162822,174,4046,0.83816
2036-01-31,Instagram,26-35,North India,Mobile,Text,21,99304,1,0.12981702868867806,12891,1.3,16758.3,0.05089627596978862,549,4047,0.83812
2036-02-01,Instagram,26-35,West India,Desktop,Image,22,27974,2,0.05768129761292883,1613,1.3,2096.9,0.07266731688181562,98,4048,0.8380799999999999
2036-02-02,Google,18-25,North India,Mobile,Video,3,46373,2,0.07468920255180282,3463,0.9,3116.7000000000003,0.16550844342466045,480,4049,0.83804
2036-02-03,Instagram,36-50,West India,Desktop,Image,12,97086,2,0.08930108009157442,8669,1.3,11269.7,0.04804737575778129,348,4050,0.838
2036-02-04,Instagram,18-25,North India,Mobile,Text,7,48612,2,0.05332992953526895,2592,1.3,3369.6,0.05522033498755543,119,4051,0.83796
2036-02-05,Instagram,18-25,West India,Desktop,Text,7,25761,2,0.03750002246421949,966,1.3,1255.8,0.051772473916287295,41,4052,0.83792
2036-02-06,Instagram,18-25,South India,Mobile,Video,22,11701,2,0.0900811952691816,1054,1.3,1370.2,0.053696097641125935,46,4053,0.83788
2036-02-07,Instagram,36-50,South India,Desktop,Image,12,21822,2,0.06176909460221946,1347,1.3,1751.1000000000001,0.1270586908706509,143,4054,0.83784
2036-02-08,Google,26-35,North India,Mobile,Text,22,15970,2,0.0610029596111778,974,0.9,876.6,0.05378334357490602,43,4055,0.8378
2036-02-09,Instagram,36-50,West India,Desktop,Image,9,87728,2,0.028665095997071247,2514,1.3,3268.2000000000003,0.1286069105299982,270,4056,0.83776
2036-02-10,Google,26-35,South India,Mobile,Text,12,36847,2,0.058852615017096266,2168,0.9,1951.2,0.10308294498830109,186,4057,0.83772
2036-02-11,Instagram,26-35,South India,Mobile,Video,12,24103,2,0.057050808201263827,1375,1.3,1787.5,0.17622386414817687,202,4058,0.83768
2036-02-12,Instagram,26-35,South India,Mobile,Image,23,58479,2,0.0769710667460971,4501,1.3,5851.3,0.19516090825108193,735,4059,0.8376399999999999
2036-02-13,Google,36-50,South India,Mobile,Image,16,95393,2,0.06358025474307447,6065,0.9,5458.5,0.07786060379688185,395,4060,0.8376
2036-02-14,Google,18-25,North India,Mobile,Video,5,83847,2,0.031220135101505113,2617,0.9,2355.3,0.1518739923301961,332,4061,0.83756
2036-02-15,Instagram,18-25,West India,Mobile,Video,1,61787,2,0.07034421017196286,4346,1.3,5649.8,0.18804662655780882,684,4062,0.83752
2036-02-16,Google,18-25,South India,Mobile,Video,16,87979,2,0.03577696204438926,3147,0.9,2832.3,0.22972497491223937,604,4063,0.83748
2036-02-17,Instagram,18-25,North India,Mobile,Video,11,17944,2,0.06748107845076755,1210,1.3,1573.0,0.14492456002266987,146,4064,0.83744
2036-02-18,Google,18-25,South India,Mobile,Text,22,15974,2,0.0915334781562263,1462,0.9,1315.8,0.05452617334991507,66,4065,0.8374
2036-02-19,Google,36-50,South India,Mobile,Image,5,47984,2,0.06886208437230615,3304,0.9,2973.6,0.05229257751012631,144,4066,0.83736
2036-02-20,Instagram,36-50,South India,Desktop,Text,4,47893,2,0.04028658336334267,1929,1.3,2507.7000000000003,0.0738573698852131,118,4067,0.83732
2036-02-21,Instagram,36-50,South India,Desktop,Video,4,27314,2,0.04070179027449305,1111,1.3,1444.3,0.22432346948570828,208,4068,0.83728
2036-02-22,Instagram,36-50,North India,Mobile,Text,8,30852,2,0.07607969782349347,2347,1.3,3051.1,0.09300014330053477,182,4069,0.83724
2036-02-23,Google,36-50,West India,Mobile,Text,21,5953,2,0.08568746817541276,510,0.9,459.0,0.10293735909754813,43,4070,0.8371999999999999
2036-02-24,Instagram,36-50,North India,Mobile,Image,2,90818,2,0.06031099397812543,5477,1.3,7120.1,0.11921013628605509,545,4071,0.83716
2036-02-25,Instagram,36-50,North India,Desktop,Image,22,77773,2,0.07167504424900703,5574,1.3,7246.2,0.08218462827751537,383,4072,0.83712
2036-02-26,Instagram,18-25,North India,Mobile,Image,19,29448,2,0.06065393155565998,1786,1.3,2321.8,0.06215158786005888,92,4073,0.83708
2036-02-27,Instagram,26-35,South India,Mobile,Video,4,32771,2,0.04346511791785678,1424,1.3,1851.2,0.22914386489646993,272,4074,0.83704
2036-02-28,Instagram,36-50,West India,Mobile,Video,6,52550,2,0.051346224055101454,2698,1.3,3507.4,0.17490469226783173,394,4075,0.837
2036-02-29,Google,26-35,South India,Desktop,Image,11,56378,2,0.06293655859032699,3548,0.9,3193.2000000000003,0.12270171883095711,364,4076,0.8369599999999999
2036-03-01,Google,36-50,North India,Mobile,Text,6,55895,3,0.07024633641373114,3926,0.9,3533.4,0.08237517137084704,270,4077,0.83692
2036-03-02,Instagram,36-50,South India,Mobile,Image,9,59737,3,0.04817880894033921,2878,1.3,3741.4,0.13018162351095605,312,4078,0.83688
2036-03-03,Google,18-25,West India,Mobile,Video,7,69124,3,0.06556959109541317,4532,0.9,4078.8,0.05902132831340004,223,4079,0.83684
2036-03-04,Instagram,26-35,West India,Mobile,Text,16,61810,3,0.044192767115338864,2731,1.3,3550.3,0.06979690007482403,158,4080,0.8368
2036-03-05,Google,18-25,South India,Mobile,Video,4,81351,3,0.029612076746154008,2408,0.9,2167.2000000000003,0.10904351685520057,219,4081,0.83676
2036-03-06,Instagram,18-25,North India,Mobile,Image,14,72892,3,0.10502210863425702,7655,1.3,9951.5,0.10695431584542353,684,4082,0.83672
2036-03-07,Instagram,26-35,South India,Desktop,Image,8,21069,3,0.051971251921873046,1094,1.3,1422.2,0.08842400410014599,80,4083,0.83668
2036-03-08,Google,18-25,North India,Mobile,Text,22,15695,3,0.03555784346612429,558,0.9,502.2,0.05859252489355286,26,4084,0.83664
2036-03-09,Google,36-50,West India,Desktop,Image,10,54461,3,0.04546111177718267,2475,0.9,2227.5,0.1618912746458644,334,4085,0.8366
2036-03-10,Google,36-50,South India,Mobile,Video,12,21783,3,0.05534928606295337,1205,0.9,1084.5,0.23971178086056696,240,4086,0.83656
2036-03-11,Instagram,36-50,West India,Mobile,Video,17,2403,3,0.07612736674948335,182,1.3,236.6,0.06520746452388279,9,4087,0.8365199999999999
2036-03-12,Instagram,36-50,North India,Desktop,Video,16,29327,3,0.07651590291698904,2243,1.3,2915.9,0.08696682411725723,163,4088,0.83648
2036-03-13,Google,36-50,North India,Mobile,Text,23,68821,3,0.025448809736374922,1751,0.9,1575.9,0.13174182270286322,192,4089,0.83644
2036-03-14,Instagram,18-25,South India,Mobile,Video,8,9862,3,0.051004893706178216,503,1.3,653.9,0.22392289603716917,93,4090,0.8364
2036-03-15,Google,18-25,South India,Desktop,Image,9,68264,3,0.039529769030022005,2698,0.9,2428.2000000000003,0.1331271212928824,300,4091,0.83636
2036-03-16,Google,36-50,South India,Mobile,Text,4,12430,3,0.06266233380816583,778,0.9,700.2,0.14119617539029006,91,4092,0.83632
2036-03-17,Instagram,36-50,West India,Mobile,Video,10,35017,3,0.04278753311400528,1498,1.3,1947.4,0.06714053673174221,83,4093,0.83628
2036-03-18,Google,18-25,North India,Desktop,Video,21,34646,3,0.035841100053340964,1241,0.9,1116.9,0.19930326374894572,206,4094,0.83624
2036-03-19,Google,26-35,North India,Mobile,Image,14,29922,3,0.06578368454048457,1968,0.9,1771.2,0.16362821706408623,269,4095,0.8362
2036-03-20,Google,18-25,West India,Mobile,Image,1,12543,3,0.030092755017082834,377,0.9,339.3,0.1507839152482728,46,4096,0.83616
2036-03-21,Google,18-25,South India,Desktop,Text,20,50649,3,0.03508293227995614,1776,0.9,1598.4,0.17308192091574737,256,4097,0.83612
2036-03-22,Google,18-25,South India,Mobile,Video,19,93099,3,0.06600316553995236,6144,0.9,5529.6,0.06776309307387582,347,4098,0.8360799999999999
2036-03-23,Google,18-25,West India,Mobile,Video,23,26553,3,0.06705684353916626,1780,0.9,1602.0,0.09548205563673881,141,4099,0.83604
2036-03-24,Instagram,18-25,North India,Desktop,Image,23,49860,3,0.05987113212085178,2985,1.3,3880.5,0.09484038632257095,236,4100,0.836
2036-03-25,Google,26-35,North India,Mobile,Text,13,61388,3,0.06920615763477174,4248,0.9,3823.2000000000003,0.05525131943654446,195,4101,0.83596
2036-03-26,Google,36-50,North India,Desktop,Image,4,61092,3,0.02055996294959566,1256,0.9,1130.4,0.16100928685542873,168,4102,0.83592
2036-03-27,Google,36-50,North India,Desktop,Image,23,74114,3,0.05365460063300819,3976,0.9,3578.4,0.15257736852749462,506,4103,0.83588
2036-03-28,Google,26-35,West India,Mobile,Text,5,22263,3,0.07409179107386857,1649,0.9,1484.1000000000001,0.1386187436713775,190,4104,0.83584
2036-03-29,Instagram,36-50,North India,Mobile,Video,21,77204,3,0.09628187174415721,7433,1.3,9662.9,0.10129948206864425,628,4105,0.8358
2036-03-30,Instagram,36-50,West India,Mobile,Video,14,83458,3,0.09184676667684252,7665,1.3,9964.5,0.19374442991592888,1241,4106,0.83576
2036-03-31,Google,36-50,South India,Mobile,Video,3,13232,3,0.02446090155785191,323,0.9,290.7,0.08309510710589137,21,4107,0.83572
2036-04-01,Instagram,26-35,West India,Desktop,Text,9,10092,4,0.09099907672813368,918,1.3,1193.4,0.05605110923126008,42,4108,0.83568
2036-04-02,Instagram,26-35,North India,Mobile,Text,18,35234,4,0.10743546175365105,3785,1.3,4920.5,0.11799322238672541,372,4109,0.8356399999999999
2036-04-03,Instagram,36-50,South India,Mobile,Text,8,41482,4,0.11079732296673982,4596,1.3,5974.8,0.05252487291830352,201,4110,0.8356
2036-04-04,Google,36-50,West India,Mobile,Text,20,19117,4,0.08660376603794519,1655,0.9,1489.5,0.1748393047671468,241,4111,0.83556
2036-04-05,Google,36-50,West India,Desktop,Text,9,34258,4,0.03813744688437215,1306,0.9,1175.4,0.08775926671068461,95,4112,0.83552
2036-04-06,Google,18-25,West India,Mobile,Image,3,97726,4,0.0920980169876915,9000,0.9,8100.0,0.12814147797295658,963,4113,0.83548
2036-04-07,Instagram,18-25,South India,Desktop,Video,21,60097,4,0.07512076001854154,4514,1.3,5868.2,0.24370171541378727,918,4114,0.83544
2036-04-08,Google,18-25,West India,Mobile,Text,3,89631,4,0.036763919621131125,3295,0.9,2965.5,0.09792754904217929,268,4115,0.8354
2036-04-09,Instagram,26-35,North India,Desktop,Video,5,19302,4,0.045777866849890984,883,1.3,1147.9,0.13719719335623512,101,4116,0.83536
2036-04-10,Google,36-50,South India,Mobile,Text,7,76762,4,0.03426587184536154,2630,0.9,2367.0,0.0995350388386481,218,4117,0.83532
2036-04-11,Google,26-35,South India,Mobile,Video,15,41934,4,0.05156489347323394,2162,0.9,1945.8,0.14135819073320144,254,4118,0.83528
2036-04-12,Instagram,26-35,West India,Desktop,Image,7,77439,4,0.03730249548926149,2888,1.3,3754.4,0.1266164927242832,304,4119,0.83524
2036-04-13,Google,26-35,North India,Mobile,Video,15,88945,4,0.07863846281515872,6994,0.9,6294.6,0.23588423635018158,1377,4120,0.8351999999999999
2036-04-14,Google,36-50,South India,Mobile,Video,5,43446,4,0.08940816566964431,3884,0.9,3495.6,0.27093137842176457,878,4121,0.83516
2036-04-15,Instagram,18-25,West India,Desktop,Text,16,81421,4,0.0783285285455796,6377,1.3,8290.1,0.11864908523491083,631,4122,0.83512
2036-04-16,Instagram,36-50,North India,Mobile,Video,0,72635,4,0.08536286280781195,6200,1.3,8060.0,0.14204542051201172,734,4123,0.83508
2036-04-17,Instagram,36-50,West India,Mobile,Image,18,27076,4,0.1299031067452622,3517,1.3,4572.1,0.18377107363152528,539,4124,0.83504
2036-04-18,Instagram,26-35,West India,Mobile,Image,17,50349,4,0.07225187694542302,3637,1.3,4728.1,0.16239609836535127,492,4125,0.835
2036-04-19,Instagram,26-35,South India,Desktop,Image,16,47578,4,0.04704481168860546,2238,1.3,2909.4,0.21571291671198686,402,4126,0.8349599999999999
2036-04-20,Instagram,26-35,South India,Mobile,Text,16,10726,4,0.11788889922912242,1264,1.3,1643.2,0.15964450802962524,167,4127,0.83492
2036-04-21,Google,18-25,West India,Mobile,Text,11,51865,4,0.037193744703822744,1929,0.9,1736.1000000000001,0.17679476915741715,284,4128,0.83488
2036-04-22,Google,18-25,South India,Mobile,Text,11,76076,4,0.030903290220267738,2350,0.9,2115.0,0.18409148093925412,360,4129,0.83484
2036-04-23,Google,18-25,South India,Mobile,Text,5,9102,4,0.07823183709810276,712,0.9,640.8000000000001,0.17922254090689232,106,4130,0.8348
2036-04-24,Google,36-50,North India,Desktop,Text,6,13754,4,0.072936253335394,1003,0.9,902.7,0.09187741929097558,76,4131,0.83476
2036-04-25,Instagram,26-35,North India,Mobile,Image,7,37612,4,0.08367917316769727,3147,1.3,4091.1000000000004,0.10723948893555076,281,4132,0.83472
2036-04-26,Instagram,36-50,West India,Mobile,Video,2,34363,4,0.13186520410080027,4531,1.3,5890.3,0.20702649251218902,782,4133,0.83468
2036-04-27,Instagram,18-25,West India,Mobile,Image,16,74866,4,0.07544387964618506,5648,1.3,7342.400000000001,0.062069833049626766,292,4134,0.83464
2036-04-28,Google,26-35,West India,Mobile,Text,20,66777,4,0.0628307738747102,4195,0.9,3775.5,0.08681222412131981,303,4135,0.8346
2036-04-29,Instagram,18-25,West India,Desktop,Image,7,19747,4,0.06292580609875723,1242,1.3,1614.6000000000001,0.20461360475721596,211,4136,0.83456
2036-04-30,Google,26-35,North India,Mobile,Video,10,48770,4,0.06785333543849624,3309,0.9,2978.1,0.14092338676497734,388,4137,0.8345199999999999
2036-05-01,Instagram,26-35,South India,Mobile,Text,19,50884,5,0.09907430124129911,5041,1.3,6553.3,0.07272968081689478,305,4138,0.83448
2036-05-02,Instagram,36-50,North India,Mobile,Image,17,66670,5,0.039656800296543254,2643,1.3,3435.9,0.10136814284170655,222,4139,0.83444
2036-05-03,Google,36-50,West India,Desktop,Image,15,94371,5,0.05709045775980287,5387,0.9,4848.3,0.0804025455070767,361,4140,0.8344
2036-05-04,Google,18-25,West India,Mobile,Video,12,86681,5,0.062131580368941695,5385,0.9,4846.5,0.17706782987706784,795,4141,0.83436
2036-05-05,Google,36-50,North India,Mobile,Text,8,36394,5,0.025057365673383406,911,0.9,819.9,0.12846090507567134,97,4142,0.83432
2036-05-06,Instagram,36-50,North India,Desktop,Text,18,61484,5,0.0915343764812204,5627,1.3,7315.1,0.12077951485671229,566,4143,0.83428
2036-05-07,Instagram,36-50,West India,Desktop,Video,6,44084,5,0.08649176226087826,3812,1.3,4955.6,0.07303990553500321,231,4144,0.83424
2036-05-08,Instagram,26-35,South India,Desktop,Video,16,97655,5,0.06226763034104029,6080,1.3,7904.0,0.11490336421439978,582,4145,0.8342
2036-05-09,Google,36-50,West India,Mobile,Video,7,32093,5,0.035455235248565295,1137,0.9,1023.3000000000001,0.08394713135884323,79,4146,0.83416
2036-05-10,Google,18-25,North India,Desktop,Video,7,8179,5,0.05996794615710361,490,0.9,441.0,0.052430739361530955,20,4147,0.83412
2036-05-11,Instagram,26-35,West India,Mobile,Text,2,35278,5,0.09587548159441209,3382,1.3,4396.6,0.12196187553639623,343,4148,0.8340799999999999
2036-05-12,Instagram,26-35,West India,Mobile,Text,15,46813,5,0.10946993815318015,5124,1.3,6661.2,0.08497479018932552,362,4149,0.83404
2036-05-13,Google,36-50,South India,Mobile,Image,11,85716,5,0.040496751506363275,3471,0.9,3123.9,0.08659995565178905,250,4150,0.834
2036-05-14,Google,26-35,West India,Mobile,Image,14,73443,5,0.06918706743798579,5081,0.9,4572.900000000001,0.0830538511468224,351,4151,0.83396
2036-05-15,Instagram,18-25,West India,Desktop,Image,20,64828,5,0.04893102216736133,3172,1.3,4123.6,0.058902304919507736,155,4152,0.83392
2036-05-16,Google,18-25,West India,Mobile,Text,3,70942,5,0.031898576264446664,2262,0.9,2035.8,0.1323845153773263,249,4153,0.83388
2036-05-17,Google,26-35,North India,Desktop,Text,22,96539,5,0.03373502457780771,3256,0.9,2930.4,0.04857066312406382,131,4154,0.83384
2036-05-18,Google,36-50,North India,Desktop,Text,6,20748,5,0.04489636040307842,931,0.9,837.9,0.07054665629029329,54,4155,0.8338
2036-05-19,Google,36-50,South India,Mobile,Image,10,89688,5,0.03928788735038828,3523,0.9,3170.7000000000003,0.04513774188796633,132,4156,0.83376
2036-05-20,Instagram,26-35,West India,Desktop,Video,23,76127,5,0.087217223805141,6639,1.3,8630.7,0.12131713708167488,671,4157,0.83372
2036-05-21,Instagram,18-25,North India,Mobile,Video,4,10742,5,0.05994965605365254,643,1.3,835.9,0.10222617093415706,54,4158,0.83368
2036-05-22,Instagram,26-35,South India,Mobile,Video,12,4411,5,0.08132483297469552,358,1.3,465.40000000000003,0.18569005088802898,55,4159,0.8336399999999999
2036-05-23,Google,36-50,West India,Desktop,Video,10,83002,5,0.022312629832805804,1851,0.9,1665.9,0.1681726901335793,259,4160,0.8336
2036-05-24,Google,36-50,South India,Mobile,Video,4,39464,5,0.04143956092647357,1635,0.9,1471.5,0.05993905166362871,81,4161,0.83356
2036-05-25,Google,26-35,South India,Mobile,Text,7,30698,5,0.03540693751133297,1086,0.9,977.4,0.05256658732276629,47,4162,0.83352
2036-05-26,Google,18-25,South India,Mobile,Image,20,77011,5,0.09087117260959672,6998,0.9,6298.2,0.18331240502171878,1068,4163,0.83348
2036-05-27,Instagram,26-35,South India,Desktop,Video,16,32108,5,0.0673592073396415,2162,1.3,2810.6,0.19912433152881415,358,4164,0.83344
2036-05-28,Google,18-25,South India,Mobile,Video,10,85360,5,0.0616918239135308,5266,0.9,4739.400000000001,0.1247768080851527,547,4165,0.8334
2036-05-29,Google,18-25,South India,Mobile,Video,18,72296,5,0.042749660276459274,3090,0.9,2781.0,0.08354600459573898,215,4166,0.83336
2036-05-30,Google,26-35,South India,Mobile,Text,17,84702,5,0.06661867644226406,5642,0.9,5077.8,0.0715362704454601,335,4167,0.83332
2036-05-31,Google,26-35,West India,Desktop,Video,9,48133,5,0.032005097981333275,1540,0.9,1386.0,0.15854848282602998,203,4168,0.83328
2036-06-01,Google,18-25,West India,Mobile,Image,4,47662,6,0.030685601801849996,1462,0.9,1315.8,0.16375056716079914,199,4169,0.83324
2036-06-02,Google,18-25,South India,Mobile,Text,23,63421,6,0.05711133223686547,3622,0.9,3259.8,0.11210010931661053,338,4170,0.8331999999999999
2036-06-03,Instagram,18-25,West India,Mobile,Text,0,98427,6,0.050171066167056966,4938,1.3,6419.400000000001,0.035289675288965275,144,4171,0.83316
2036-06-04,Google,18-25,South India,Mobile,Text,16,26180,6,0.04626982395637221,1211,0.9,1089.9,0.11645005269809472,117,4172,0.83312
2036-06-05,Google,36-50,West India,Mobile,Video,16,40194,6,0.027772621315908852,1116,0.9,1004.4,0.19638236220707112,182,4173,0.83308
2036-06-06,Instagram,26-35,North India,Mobile,Video,0,82624,6,0.07308985053775069,6038,1.3,7849.400000000001,0.09769715026269023,490,4174,0.83304
2036-06-07,Instagram,18-25,South India,Mobile,Video,0,13525,6,0.0598989199465817,810,1.3,1053.0,0.2140550350025919,144,4175,0.833
2036-06-08,Instagram,26-35,North India,Mobile,Video,22,41674,6,0.04067178365858303,1694,1.3,2202.2000000000003,0.1449993778993555,204,4176,0.8329599999999999
2036-06-09,Instagram,18-25,South India,Mobile,Image,21,9922,6,0.07575583504779211,751,1.3,976.3000000000001,0.06957293110991074,43,4177,0.83292
2036-06-10,Google,26-35,South India,Mobile,Text,8,63782,6,0.026300674533658218,1677,0.9,1509.3,0.05359947628456963,74,4178,0.83288
2036-06-11,Google,26-35,North India,Mobile,Video,3,80818,6,0.05093436707609349,4116,0.9,3704.4,0.07005054515357481,239,4179,0.83284
2036-06-12,Google,18-25,North India,Mobile,Image,8,35846,6,0.052641100116305184,1886,0.9,1697.4,0.12444702499197173,194,4180,0.8328
2036-06-13,Instagram,18-25,North India,Mobile,Text,13,83897,6,0.05286305830056082,4435,1.3,5765.5,0.09399811234426389,346,4181,0.83276
2036-06-14,Instagram,26-35,South India,Mobile,Text,14,96122,6,0.05732363900471317,5510,1.3,7163.0,0.0921791207712713,422,4182,0.83272
2036-06-15,Google,26-35,North India,Mobile,Text,15,68173,6,0.05503734729590659,3752,0.9,3376.8,0.058968639441414325,184,4183,0.83268
2036-06-16,Google,26-35,North India,Mobile,Video,15,14916,6,0.040795158377902686,608,0.9,547.2,0.1808743957556154,90,4184,0.83264
2036-06-17,Instagram,36-50,West India,Mobile,Text,12,31926,6,0.03807673704305129,1215,1.3,1579.5,0.05646370213608469,56,4185,0.8326
2036-06-18,Google,18-25,West India,Mobile,Video,13,43941,6,0.04712036575656399,2070,0.9,1863.0,0.09086355236981587,156,4186,0.83256
2036-06-19,Instagram,36-50,North India,Desktop,Image,21,61294,6,0.0836400433666802,5126,1.3,6663.8,0.043038907829677626,183,4187,0.8325199999999999
2036-06-20,Instagram,36-50,North India,Mobile,Text,20,20684,6,0.06723227133071417,1390,1.3,1807.0,0.06025424932353269,69,4188,0.83248
2036-06-21,Instagram,18-25,North India,Desktop,Image,8,17966,6,0.062374664761128656,1120,1.3,1456.0,0.1527081214529913,142,4189,0.83244
2036-06-22,Instagram,18-25,North India,Mobile,Video,22,91571,6,0.06457151649373506,5912,1.3,7685.6,0.07176452200599888,352,4190,0.8324
2036-06-23,Instagram,36-50,West India,Mobile,Video,8,58479,6,0.10334330395362237,6043,1.3,7855.900000000001,0.07815247478898735,392,4191,0.83236
2036-06-24,Google,18-25,South India,Desktop,Video,20,76704,6,0.03374648649905121,2588,0.9,2329.2000000000003,0.1554920317219542,334,4192,0.83232
2036-06-25,Instagram,26-35,North India,Mobile,Text,3,59321,6,0.07560899804439976,4485,1.3,5830.5,0.09157438749892031,341,4193,0.83228
2036-06-26,Instagram,26-35,North India,Mobile,Text,9,75011,6,0.047440896836217494,3558,1.3,4625.400000000001,0.049582508763560136,146,4194,0.83224
2036-06-27,Google,36-50,West India,Desktop,Image,2,94009,6,0.02056304465520101,1933,0.9,1739.7,0.05851722756759708,94,4195,0.8322
2036-06-28,Google,36-50,North India,Mobile,Video,20,36166,6,0.053268073586402405,1926,0.9,1733.4,0.06105604718585299,97,4196,0.83216
2036-06-29,Google,18-25,North India,Mobile,Image,8,54264,6,0.05705433624215263,3095,0.9,2785.5,0.14489815058907715,372,4197,0.83212
2036-06-30,Google,18-25,West India,Mobile,Video,18,4466,6,0.02813173553164868,125,0.9,112.5,0.15004786127221734,14,4198,0.8320799999999999
2036-07-01,Instagram,36-50,North India,Desktop,Video,15,22902,7,0.0883368812792249,2023,1.3,2629.9,0.19776992922793557,332,4199,0.83204
2036-07-02,Instagram,36-50,North India,Desktop,Image,15,60805,7,0.08327585976403958,5063,1.3,6581.900000000001,0.06005585809417724,252,4200,0.832
2036-07-03,Google,26-35,West India,Mobile,Video,16,6363,7,0.022513598600438212,143,0.9,128.70000000000002,0.1253814091481256,14,4201,0.83196
2036-07-04,Google,26-35,South India,Mobile,Image,17,60397,7,0.03265307737626796,1972,0.9,1774.8,0.1584291447764158,259,4202,0.83192
2036-07-05,Instagram,18-25,North India,Desktop,Text,9,3134,7,0.03302030349871227,103,1.3,133.9,0.056441637716736,4,4203,0.83188
2036-07-06,Google,26-35,North India,Mobile,Image,20,66126,7,0.040791266112304554,2697,0.9,2427.3,0.12906200685393238,289,4204,0.83184
2036-07-07,Google,18-25,South India,Mobile,Image,18,51791,7,0.07686531809073929,3980,0.9,3582.0,0.11696571694095763,386,4205,0.8318
2036-07-08,Instagram,18-25,West India,Mobile,Video,21,42379,7,0.08944917088183708,3790,1.3,4927.0,0.12037923867971571,379,4206,0.83176
2036-07-09,Google,18-25,South India,Mobile,Image,14,92938,7,0.0381493905274855,3545,0.9,3190.5,0.14332963725908532,422,4207,0.83172
2036-07-10,Google,26-35,North India,Mobile,Text,14,94250,7,0.02205081316808931,2078,0.9,1870.2,0.08517285814370686,146,4208,0.83168
2036-07-11,Google,36-50,South India,Desktop,Text,10,86609,7,0.03015567846847241,2611,0.9,2349.9,0.1447397015955656,313,4209,0.8316399999999999
2036-07-12,Google,36-50,West India,Desktop,Text,7,81119,7,0.02779517348580865,2254,0.9,2028.6000000000001,0.14473204272859855,271,4210,0.8316
2036-07-13,Instagram,26-35,North India,Mobile,Text,21,38723,7,0.08022577336153795,3106,1.3,4037.8,0.09887047958974324,255,4211,0.83156
2036-07-14,Google,36-50,West India,Mobile,Image,15,42166,7,0.030121115916336514,1270,0.9,1143.0,0.08208323015427169,86,4212,0.83152
2036-07-15,Google,18-25,West India,Mobile,Text,9,90292,7,0.05470567665323722,4939,0.9,4445.1,0.12648943990428893,518,4213,0.83148
2036-07-16,Instagram,36-50,South India,Mobile,Image,8,86310,7,0.03743009834622193,3230,1.3,4199.0,0.07025542084497143,187,4214,0.83144
2036-07-17,Instagram,26-35,South India,Mobile,Image,14,90170,7,0.08061028817939352,7268,1.3,9448.4,0.0586285875536445,354,4215,0.8314
2036-07-18,Google,36-50,West India,Mobile,Video,21,97679,7,0.04518082448468239,4413,0.9,3971.7000000000003,0.13514689452905412,495,4216,0.83136
2036-07-19,Google,18-25,West India,Mobile,Image,4,8249,7,0.033597827970281324,277,0.9,249.3,0.13054301672338836,29,4217,0.83132
2036-07-20,Instagram,18-25,North India,Mobile,Image,19,97804,7,0.11823714809304951,11564,1.3,15033.2,0.14905473008545023,1432,4218,0.83128
2036-07-21,Google,26-35,West India,Mobile,Video,1,4796,7,0.06269486795119592,300,0.9,270.0,0.20847568407176414,51,4219,0.83124
2036-07-22,Google,26-35,West India,Mobile,Text,21,19918,7,0.059941739552478696,1193,0.9,1073.7,0.13792723221745726,136,4220,0.8311999999999999
2036-07-23,Instagram,26-35,South India,Mobile,Text,15,19564,7,0.048208696576404204,943,1.3,1225.9,0.16682077417719274,130,4221,0.83116
2036-07-24,Instagram,18-25,West India,Mobile,Image,17,97248,7,0.05636020275820712,5480,1.3,7124.0,0.10659799990543833,485,4222,0.83112
2036-07-25,Instagram,36-50,West India,Desktop,Video,15,95322,7,0.030835488977928965,2939,1.3,3820.7000000000003,0.10117831987740368,246,4223,0.83108
2036-07-26,Instagram,36-50,South India,Desktop,Image,4,81848,7,0.06740262192350677,5516,1.3,7170.8,0.11479476691512062,526,4224,0.83104
2036-07-27,Instagram,26-35,North India,Mobile,Image,0,92509,7,0.06666055186197943,6166,1.3,8015.8,0.1236693565320372,633,4225,0.831
2036-07-28,Google,36-50,South India,Mobile,Text,18,79743,7,0.062208618820612696,4960,0.9,4464.0,0.10379989018884479,427,4226,0.83096
2036-07-29,Instagram,36-50,South India,Mobile,Video,9,67982,7,0.044191236515029646,3004,1.3,3905.2000000000003,0.16998534308068586,423,4227,0.83092
2036-07-30,Google,26-35,West India,Mobile,Image,20,67487,7,0.02880171131645653,1943,0.9,1748.7,0.1641411673857375,264,4228,0.83088
2036-07-31,Google,26-35,West India,Mobile,Text,12,54173,7,0.06482723550670987,3511,0.9,3159.9,0.053731612088758846,156,4229,0.83084
2036-08-01,Instagram,18-25,North India,Desktop,Image,22,68253,8,0.06140338962604492,4190,1.3,5447.0,0.053995114054755475,187,4230,0.8308
2036-08-02,Instagram,18-25,West India,Mobile,Text,23,54394,8,0.04982965991412406,2710,1.3,3523.0,0.09332373873742156,209,4231,0.8307599999999999
2036-08-03,Google,18-25,North India,Mobile,Video,22,12390,8,0.08222921103412141,1018,0.9,916.2,0.20229019156843778,170,4232,0.83072
2036-08-04,Instagram,18-25,North India,Mobile,Image,22,57627,8,0.06368941285731547,3670,1.3,4771.0,0.045852785659839725,139,4233,0.83068
2036-08-05,Google,36-50,North India,Mobile,Video,10,87730,8,0.025586464167649193,2244,0.9,2019.6000000000001,0.20305454587604205,377,4234,0.83064
2036-08-06,Google,36-50,North India,Mobile,Text,14,82013,8,0.03626734596357848,2974,0.9,2676.6,0.14169923279237695,349,4235,0.8306
2036-08-07,Google,18-25,West India,Mobile,Video,1,84516,8,0.04739750598472155,4005,0.9,3604.5,0.09715671837646465,323,4236,0.83056
2036-08-08,Instagram,18-25,South India,Mobile,Video,5,31950,8,0.07260696975869116,2319,1.3,3014.7000000000003,0.21745750155868407,418,4237,0.8305199999999999
2036-08-09,Instagram,26-35,South India,Mobile,Video,20,73130,8,0.12859522748476054,9404,1.3,12225.2,0.054233786265068626,423,4238,0.83048
2036-08-10,Google,36-50,West India,Desktop,Image,10,63963,8,0.023425567275753068,1498,0.9,1348.2,0.10356856044430585,128,4239,0.83044
2036-08-11,Instagram,36-50,West India,Mobile,Text,14,45693,8,0.10357922662020559,4732,1.3,6151.6,0.08185269545723714,321,4240,0.8304
2036-08-12,Google,18-25,North India,Mobile,Video,8,20600,8,0.07116910137360258,1466,0.9,1319.4,0.18966421788200793,230,4241,0.83036
2036-08-13,Instagram,36-50,West India,Mobile,Image,11,75634,8,0.07836182254109872,5926,1.3,7703.8,0.10612146462872238,521,4242,0.83032
2036-08-14,Google,26-35,South India,Mobile,Text,3,64086,8,0.05226393392256778,3349,0.9,3014.1,0.09210818283169654,255,4243,0.83028
2036-08-15,Google,26-35,West India,Mobile,Text,22,78478,8,0.06729680826869648,5281,0.9,4752.900000000001,0.11011175863441518,482,4244,0.83024
2036-08-16,Instagram,36-50,West India,Mobile,Text,23,15012,8,0.06054659546422293,908,1.3,1180.4,0.07872010343816377,58,4245,0.8302
2036-08-17,Google,18-25,North India,Mobile,Video,13,31702,8,0.06028767229122492,1911,0.9,1719.9,0.13123490701601243,207,4246,0.83016
2036-08-18,Google,36-50,North India,Mobile,Video,21,49176,8,0.038442791947211286,1890,0.9,1701.0,0.19810842539709486,310,4247,0.83012
2036-08-19,Instagram,26-35,North India,Mobile,Video,2,11346,8,0.09532685094991844,1081,1.3,1405.3,0.07793772248582449,69,4248,0.8300799999999999
2036-08-20,Instagram,18-25,North India,Mobile,Text,20,15428,8,0.05194950839073331,801,1.3,1041.3,0.0841800918863843,55,4249,0.83004
2036-08-21,Google,36-50,South India,Mobile,Text,16,6755,8,0.04178415956806894,282,0.9,253.8,0.03941289306602429,9,4250,0.83
2036-08-22,Google,18-25,West India,Mobile,Video,12,7283,8,0.03168583933667872,230,0.9,207.0,0.18949582970451118,35,4251,0.82996
2036-08-23,Google,18-25,West India,Mobile,Video,7,50036,8,0.06248623392337552,3126,0.9,2813.4,0.06345891666565497,164,4252,0.82992
2036-08-24,Google,26-35,North India,Mobile,Text,11,2337,8,0.03293655227936468,76,0.9,68.4,0.04301288309973253,2,4253,0.82988
2036-08-25,Google,18-25,South India,Mobile,Text,11,60786,8,0.036326726078599235,2208,0.9,1987.2,0.15296367459576504,279,4254,0.82984
2036-08-26,Instagram,36-50,South India,Mobile,Image,11,63968,8,0.05235733887934775,3349,1.3,4353.7,0.10703158839300474,297,4255,0.8298
2036-08-27,Instagram,18-25,West India,Desktop,Image,1,21857,8,0.039240394446891334,857,1.3,1114.1000000000001,0.1362213626198027,96,4256,0.82976
2036-08-28,Google,18-25,North India,Mobile,Video,9,91472,8,0.06872533926474331,6286,0.9,5657.400000000001,0.1825122806880784,951,4257,0.82972
2036-08-29,Google,36-50,West India,Desktop,Text,22,28640,8,0.05457328121869359,1562,0.9,1405.8,0.0785628289885478,101,4258,0.82968
2036-08-30,Google,26-35,West India,Mobile,Text,8,39435,8,0.06791114714956764,2678,0.9,2410.2000000000003,0.06512414724054108,144,4259,0.8296399999999999
2036-08-31,Google,26-35,South India,Mobile,Image,0,17214,8,0.049155112243001016,846,0.9,761.4,0.07010577098288262,48,4260,0.8296
2036-09-01,Instagram,36-50,South India,Mobile,Text,3,42532,9,0.049692551792111135,2113,1.3,2746.9,0.11687193116191981,204,4261,0.82956
2036-09-02,Google,36-50,West India,Mobile,Video,22,27531,9,0.06706554558886804,1846,0.9,1661.4,0.09038177182122802,137,4262,0.82952
2036-09-03,Google,26-35,North India,Mobile,Image,13,74549,9,0.042400574916188614,3160,0.9,2844.0,0.12236030211424105,320,4263,0.82948
2036-09-04,Instagram,18-25,North India,Mobile,Text,15,36812,9,0.09651867389366431,3553,1.3,4618.900000000001,0.06815292179977524,200,4264,0.82944
2036-09-05,Google,36-50,West India,Desktop,Text,17,59928,9,0.04261118080804569,2553,0.9,2297.7000000000003,0.0753854379237251,159,4265,0.8294
2036-09-06,Instagram,18-25,West India,Mobile,Video,1,71554,9,0.09751319350790766,6977,1.3,9070.1,0.08985121907745361,519,4266,0.82936
2036-09-07,Google,36-50,North India,Mobile,Text,5,64883,9,0.07055994725034917,4578,0.9,4120.2,0.07960783079502479,301,4267,0.82932
2036-09-08,Instagram,26-35,North India,Desktop,Image,2,85153,9,0.06453604793799594,5495,1.3,7143.5,0.05956327963753346,271,4268,0.82928
2036-09-09,Instagram,18-25,North India,Desktop,Image,19,94404,9,0.07136843195928644,6737,1.3,8758.1,0.08052098146048049,449,4269,0.82924
2036-09-10,Instagram,18-25,West India,Mobile,Text,18,53398,9,0.08346473307617563,4456,1.3,5792.8,0.1265677408636668,466,4270,0.8291999999999999
2036-09-11,Instagram,36-50,South India,Mobile,Text,12,43774,9,0.0551839471523803,2415,1.3,3139.5,0.06562451291425028,131,4271,0.82916
2036-09-12,Google,18-25,North India,Mobile,Text,16,32090,9,0.025319308572396195,812,0.9,730.8000000000001,0.13937114925606064,93,4272,0.82912
2036-09-13,Google,36-50,North India,Mobile,Text,13,37809,9,0.030759486826427856,1162,0.9,1045.8,0.08802480717175301,84,4273,0.82908
2036-09-14,Instagram,26-35,North India,Mobile,Image,21,68425,9,0.04686289697261845,3206,1.3,4167.8,0.05222036617582332,138,4274,0.82904
2036-09-15,Instagram,18-25,West India,Mobile,Video,10,25060,9,0.033040223593902816,827,1.3,1075.1000000000001,0.20643428361453142,140,4275,0.829
2036-09-16,Google,36-50,South India,Mobile,Image,15,11091,9,0.05056579190929403,560,0.9,504.0,0.11432845287070259,53,4276,0.82896
2036-09-17,Google,18-25,South India,Desktop,Text,10,47283,9,0.06265296868374783,2962,0.9,2665.8,0.11030674368951161,270,4277,0.82892
2036-09-18,Google,36-50,North India,Desktop,Text,17,20039,9,0.035335473962043895,708,0.9,637.2,0.05323626926542311,30,4278,0.82888
2036-09-19,Google,36-50,West India,Mobile,Image,1,44289,9,0.03535142030858684,1565,0.9,1408.5,0.08666325830297421,111,4279,0.82884
2036-09-20,Google,36-50,South India,Mobile,Image,22,4718,9,0.06436665896659213,303,0.9,272.7,0.15236025745175624,38,4280,0.8288
2036-09-21,Instagram,26-35,West India,Mobile,Text,20,22919,9,0.0872275154844985,1999,1.3,2598.7000000000003,0.04875235806594677,80,4281,0.8287599999999999
2036-09-22,Google,18-25,South India,Mobile,Image,7,43016,9,0.07372988874855367,3171,0.9,2853.9,0.13185066279878185,346,4282,0.82872
2036-09-23,Google,26-35,North India,Mobile,Text,13,76234,9,0.03625898661250631,2764,0.9,2487.6,0.1107027487193789,252,4283,0.82868
2036-09-24,Instagram,36-50,West India,Desktop,Image,1,35398,9,0.04278726224452263,1514,1.3,1968.2,0.04025712963623459,49,4284,0.82864
2036-09-25,Instagram,36-50,North India,Mobile,Text,12,22444,9,0.06858193273050063,1539,1.3,2000.7,0.12698801554559483,161,4285,0.8286
2036-09-26,Instagram,26-35,South India,Mobile,Image,9,83911,9,0.08234473797134058,6909,1.3,8981.7,0.05267532757236852,300,4286,0.82856
2036-09-27,Instagram,26-35,South India,Mobile,Text,7,49051,9,0.0792192492966547,3885,1.3,5050.5,0.06972185302854671,223,4287,0.8285199999999999
2036-09-28,Google,18-25,North India,Desktop,Video,6,7866,9,0.060007237850013107,472,0.9,424.8,0.19938176576703878,77,4288,0.82848
2036-09-29,Instagram,36-50,South India,Desktop,Video,12,95080,9,0.07344789745821269,6983,1.3,9077.9,0.06777633916448153,391,4289,0.82844
2036-09-30,Google,26-35,North India,Desktop,Image,23,71457,9,0.04415480907488328,3155,0.9,2839.5,0.14785009441303007,386,4290,0.8284
2036-10-01,Google,36-50,North India,Mobile,Video,18,47113,10,0.06948826134152183,3273,0.9,2945.7000000000003,0.1496589270281264,405,4291,0.82836
2036-10-02,Instagram,36-50,North India,Mobile,Text,23,42522,10,0.06884431234604511,2927,1.3,3805.1,0.09994670336689089,241,4292,0.82832
2036-10-03,Instagram,18-25,South India,Mobile,Image,14,66143,10,0.10961165982673687,7250,1.3,9425.0,0.13357909594364906,801,4293,0.82828
2036-10-04,Google,18-25,West India,Mobile,Image,21,33759,10,0.04400978340636844,1485,0.9,1336.5,0.0633042037731863,77,4294,0.82824
2036-10-05,Google,18-25,North India,Desktop,Text,1,23665,10,0.027039919134604965,639,0.9,575.1,0.1079103277889146,56,4295,0.8282
2036-10-06,Google,26-35,West India,Mobile,Text,21,91478,10,0.02866707991395466,2622,0.9,2359.8,0.1472441775074397,319,4296,0.82816
2036-10-07,Google,36-50,South India,Mobile,Text,4,72785,10,0.042354356167398015,3082,0.9,2773.8,0.04748381676049178,120,4297,0.82812
2036-10-08,Google,26-35,South India,Mobile,Image,18,67329,10,0.08224821150731133,5537,0.9,4983.3,0.09519152977144889,436,4298,0.8280799999999999
2036-10-09,Instagram,26-35,West India,Mobile,Text,0,28679,10,0.04674398625269131,1340,1.3,1742.0,0.09019795170713012,99,4299,0.82804
2036-10-10,Google,18-25,North India,Mobile,Video,6,54883,10,0.05161860420548436,2832,0.9,2548.8,0.08267367174851203,193,4300,0.828
2036-10-11,Instagram,36-50,South India,Mobile,Image,17,80529,10,0.1054916384615233,8495,1.3,11043.5,0.15809725108596173,1111,4301,0.82796
2036-10-12,Instagram,36-50,North India,Mobile,Text,0,92069,10,0.062422687986352476,5747,1.3,7471.1,0.11014881242951535,524,4302,0.82792
2036-10-13,Instagram,18-25,North India,Mobile,Image,0,70131,10,0.05091609324730939,3570,1.3,4641.0,0.05366435669837161,158,4303,0.82788
2036-10-14,Instagram,36-50,West India,Desktop,Video,6,49295,10,0.033467150234285724,1649,1.3,2143.7000000000003,0.1436696844859371,195,4304,0.82784
2036-10-15,Google,18-25,South India,Mobile,Video,16,51006,10,0.07504949420200233,3827,0.9,3444.3,0.12096772609458462,382,4305,0.8278
2036-10-16,Google,26-35,West India,Mobile,Text,5,48181,10,0.027205833072112086,1310,0.9,1179.0,0.06117745423649746,66,4306,0.82776
2036-10-17,Instagram,26-35,South India,Mobile,Image,19,51721,10,0.05766863394125535,2982,1.3,3876.6,0.17463722212111707,430,4307,0.82772
2036-10-18,Instagram,18-25,West India,Mobile,Text,11,3256,10,0.0848701347142507,276,1.3,358.8,0.04050620666594714,9,4308,0.82768
2036-10-19,Instagram,26-35,South India,Desktop,Image,19,13101,10,0.10041121092907895,1315,1.3,1709.5,0.11597810290156485,125,4309,0.8276399999999999
2036-10-20,Google,26-35,South India,Mobile,Text,14,47490,10,0.07140185765322198,3390,0.9,3051.0,0.09961828352678802,278,4310,0.8276
2036-10-21,Instagram,18-25,South India,Mobile,Text,12,54255,10,0.04239399196517995,2300,1.3,2990.0,0.11202902181409889,212,4311,0.82756
2036-10-22,Google,26-35,North India,Desktop,Image,11,95944,10,0.03444787220543925,3305,0.9,2974.5,0.06428002813370395,175,4312,0.82752
2036-10-23,Instagram,36-50,North India,Desktop,Image,20,97482,10,0.10168335059080004,9912,1.3,12885.6,0.15386974307404663,1261,4313,0.82748
2036-10-24,Instagram,26-35,West India,Mobile,Video,1,37944,10,0.049544369568333815,1879,1.3,2442.7000000000003,0.21017084750114387,326,4314,0.82744
2036-10-25,Google,18-25,West India,Mobile,Video,20,74497,10,0.030791492219156707,2293,0.9,2063.7000000000003,0.14022442185681938,265,4315,0.8274
2036-10-26,Instagram,36-50,South India,Mobile,Image,17,16416,10,0.07850079865503262,1288,1.3,1674.4,0.08344330564060735,88,4316,0.82736
2036-10-27,Google,36-50,South India,Desktop,Video,3,39022,10,0.05234650756812691,2042,0.9,1837.8,0.21483752499268166,362,4317,0.82732
2036-10-28,Google,26-35,North India,Mobile,Video,9,9429,10,0.0705287762383609,665,0.9,598.5,0.20331239471683352,111,4318,0.82728
2036-10-29,Google,36-50,North India,Mobile,Image,10,14783,10,0.05173505406362041,764,0.9,687.6,0.13666997107237455,86,4319,0.82724
2036-10-30,Instagram,18-25,North India,Mobile,Image,20,61632,10,0.10431085000000566,6428,1.3,8356.4,0.08238269498344629,437,4320,0.8271999999999999
2036-10-31,Instagram,36-50,West India,Mobile,Image,5,25290,10,0.056209557914861735,1421,1.3,1847.3,0.07304284104414988,85,4321,0.82716
2036-11-01,Instagram,26-35,North India,Desktop,Text,5,63489,11,0.07839424080448,4977,1.3,6470.1,0.05000578167720871,205,4322,0.82712
2036-11-02,Google,26-35,West India,Desktop,Image,8,56153,11,0.03652649978346492,2051,0.9,1845.9,0.07289146637071356,123,4323,0.82708
2036-11-03,Instagram,36-50,North India,Mobile,Image,19,35500,11,0.07330634127631402,2602,1.3,3382.6,0.06823751978636111,146,4324,0.82704
2036-11-04,Instagram,18-25,North India,Mobile,Image,12,45021,11,0.06314312779468635,2842,1.3,3694.6,0.1666667093839815,391,4325,0.827
2036-11-05,Google,18-25,South India,Mobile,Video,4,95821,11,0.03566748996913001,3417,0.9,3075.3,0.17167045546589985,484,4326,0.82696
2036-11-06,Instagram,26-35,West India,Desktop,Image,5,67722,11,0.08208527357984018,5558,1.3,7225.400000000001,0.06337656588326243,291,4327,0.82692
2036-11-07,Google,26-35,North India,Desktop,Video,3,57733,11,0.02323265947025338,1341,0.9,1206.9,0.1234913850002986,136,4328,0.82688
2036-11-08,Instagram,18-25,South India,Desktop,Text,5,85145,11,0.06247713111925054,5319,1.3,6914.7,0.06156882835016452,270,4329,0.82684
2036-11-09,Google,36-50,West India,Desktop,Image,17,10176,11,0.020125636733846815,204,0.9,183.6,0.12484235215917966,20,4330,0.8268
2036-11-10,Google,36-50,West India,Mobile,Image,12,91909,11,0.06354217612956985,5840,0.9,5256.0,0.08779686858761068,423,4331,0.8267599999999999
2036-11-11,Google,36-50,North India,Desktop,Video,22,98491,11,0.041781314546062195,4115,0.9,3703.5,0.07681659030222761,261,4332,0.82672
2036-11-12,Instagram,36-50,West India,Mobile,Text,2,22557,11,0.0931643396404866,2101,1.3,2731.3,0.06289212757517015,109,4333,0.82668
2036-11-13,Google,18-25,South India,Mobile,Image,9,95274,11,0.06836103415453056,6513,0.9,5861.7,0.14796519797899113,796,4334,0.82664
2036-11-14,Google,26-35,South India,Mobile,Text,3,91655,11,0.057225312907425045,5244,0.9,4719.6,0.0908118703797276,393,4335,0.8266
2036-11-15,Instagram,26-35,West India,Mobile,Text,14,56034,11,0.057398472163663124,3216,1.3,4180.8,0.09506591901507945,252,4336,0.82656
2036-11-16,Instagram,36-50,South India,Desktop,Image,11,83439,11,0.06429220855829156,5364,1.3,6973.2,0.1704861904041205,755,4337,0.82652
2036-11-17,Google,18-25,West India,Mobile,Text,14,11738,11,0.04136250842487633,485,0.9,436.5,0.11199514691307837,44,4338,0.82648
2036-11-18,Google,18-25,South India,Desktop,Text,20,6041,11,0.039019220040560645,235,0.9,211.5,0.09792993528080463,19,4339,0.82644
2036-11-19,Google,36-50,West India,Mobile,Image,9,51606,11,0.04940881159663032,2549,0.9,2294.1,0.17356795271272582,365,4340,0.8264
2036-11-20,Google,36-50,West India,Mobile,Video,11,89790,11,0.05097416268322652,4576,0.9,4118.400000000001,0.08403685620197161,317,4341,0.82636
2036-11-21,Instagram,36-50,West India,Mobile,Image,21,57365,11,0.07031852166713799,4033,1.3,5242.900000000001,0.08045887895343233,267,4342,0.8263199999999999
2036-11-22,Instagram,26-35,South India,Mobile,Text,7,41527,11,0.05031892276752912,2089,1.3,2715.7000000000003,0.15670637690332162,270,4343,0.82628
2036-11-23,Instagram,36-50,West India,Mobile,Image,20,10250,11,0.12696684808973602,1301,1.3,1691.3,0.1594515339068127,171,4344,0.82624
2036-11-24,Google,26-35,West India,Mobile,Video,20,93348,11,0.02861861670549156,2671,0.9,2403.9,0.06984964352361114,153,4345,0.8262
2036-11-25,Instagram,18-25,North India,Desktop,Text,2,26688,11,0.048144088647898625,1284,1.3,1669.2,0.13743052084715102,145,4346,0.82616
2036-11-26,Instagram,18-25,North India,Mobile,Text,6,20790,11,0.10205178701682363,2121,1.3,2757.3,0.03344957429564582,57,4347,0.82612
2036-11-27,Instagram,26-35,West India,Mobile,Video,17,1946,11,0.04398735910880716,85,1.3,110.5,0.18616670757924175,12,4348,0.8260799999999999
2036-11-28,Instagram,26-35,North India,Desktop,Video,2,37798,11,0.06382947698408135,2412,1.3,3135.6,0.09009686604236342,179,4349,0.82604
2036-11-29,Instagram,26-35,West India,Mobile,Text,14,74863,11,0.09334571891739218,6988,1.3,9084.4,0.05645018266432367,325,4350,0.826
2036-11-30,Instagram,26-35,North India,Mobile,Video,1,2136,11,0.054072238601755834,115,1.3,149.5,0.11721405697829959,10,4351,0.82596
2036-12-01,Google,36-50,South India,Mobile,Image,14,32915,12,0.05328951499218612,1754,0.9,1578.6000000000001,0.1821507653994092,263,4352,0.82592
2036-12-02,Instagram,18-25,South India,Mobile,Video,12,92474,12,0.09226297138421587,8531,1.3,11090.300000000001,0.19803392691651409,1394,4353,0.82588
2036-12-03,Google,36-50,West India,Mobile,Image,23,67090,12,0.07620900475029331,5112,0.9,4600.8,0.1753896367637713,739,4354,0.82584
2036-12-04,Instagram,26-35,West India,Mobile,Text,19,24421,12,0.050569331120550405,1234,1.3,1604.2,0.09837886112577944,99,4355,0.8258
2036-12-05,Google,36-50,South India,Mobile,Text,9,79769,12,0.061698490148333,4921,0.9,4428.900000000001,0.10423229694233813,422,4356,0.82576
2036-12-06,Instagram,36-50,South India,Mobile,Text,23,60916,12,0.08106572725052488,4938,1.3,6419.400000000001,0.039105887703580255,159,4357,0.82572
2036-12-07,Instagram,18-25,North India,Mobile,Text,23,31893,12,0.07281657712281515,2322,1.3,3018.6,0.05271768724701793,100,4358,0.82568
2036-12-08,Google,36-50,West India,Mobile,Text,23,65124,12,0.03714956382103845,2419,0.9,2177.1,0.0932168151905829,185,4359,0.8256399999999999
2036-12-09,Google,18-25,South India,Desktop,Video,23,37171,12,0.04391889776361038,1632,0.9,1468.8,0.1918743899754049,258,4360,0.8256
2036-12-10,Instagram,26-35,South India,Mobile,Video,7,19638,12,0.07640038403149443,1500,1.3,1950.0,0.20481695641823952,253,4361,0.82556
2036-12-11,Instagram,36-50,West India,Mobile,Text,15,67484,12,0.09909780010955764,6687,1.3,8693.1,0.06770869456910093,373,4362,0.82552
2036-12-12,Google,26-35,North India,Desktop,Video,15,99238,12,0.04905403826407663,4868,0.9,4381.2,0.1593081758749795,639,4363,0.82548
2036-12-13,Google,18-25,North India,Desktop,Video,1,42063,12,0.019516042672983173,820,0.9,738.0,0.17783329869583783,119,4364,0.82544
2036-12-14,Instagram,26-35,North India,Desktop,Text,8,25193,12,0.04313667969244744,1086,1.3,1411.8,0.07467163903940713,66,4365,0.8254
2036-12-15,Google,26-35,North India,Desktop,Video,7,73743,12,0.023255431302547862,1714,0.9,1542.6000000000001,0.15661071568832832,221,4366,0.82536
2036-12-16,Google,18-25,South India,Mobile,Text,10,10238,12,0.047582441602056214,487,0.9,438.3,0.09464010088023177,37,4367,0.82532
2036-12-17,Google,26-35,West India,Mobile,Text,0,8419,12,0.06196171139229116,521,0.9,468.90000000000003,0.15129261743728717,64,4368,0.82528
2036-12-18,Google,26-35,West India,Mobile,Text,20,21410,12,0.07282076973237965,1559,0.9,1403.1000000000001,0.03479343787300117,44,4369,0.82524
2036-12-19,Google,26-35,South India,Mobile,Text,10,6956,12,0.03849023997486037,267,0.9,240.3,0.09163776568880255,19,4370,0.8251999999999999
2036-12-20,Google,36-50,South India,Mobile,Video,17,81161,12,0.03698012177534499,3001,0.9,2700.9,0.10153479125214572,250,4371,0.82516
2036-12-21,Google,26-35,South India,Mobile,Video,20,24753,12,0.05545494951847106,1372,0.9,1234.8,0.20983131503535474,236,4372,0.82512
2036-12-22,Google,18-25,West India,Desktop,Image,14,73858,12,0.026490018735800425,1956,0.9,1760.4,0.08019761663721615,128,4373,0.82508
2036-12-23,Google,36-50,West India,Mobile,Image,23,69150,12,0.0756084456989664,5228,0.9,4705.2,0.11613836630092672,500,4374,0.82504
2036-12-24,Google,36-50,West India,Mobile,Text,8,26539,12,0.04097043892226879,1087,0.9,978.3000000000001,0.12209206433547404,108,4375,0.825
2036-12-25,Google,18-25,North India,Mobile,Image,8,69807,12,0.07276463007066976,5079,0.9,4571.1,0.10413162643751742,435,4376,0.82496
2036-12-26,Instagram,26-35,South India,Mobile,Video,0,10029,12,0.06116695547262865,613,1.3,796.9,0.12864239118193072,64,4377,0.82492
2036-12-27,Google,36-50,South India,Desktop,Video,6,57536,12,0.034418204440304155,1980,0.9,1782.0,0.06065732731592629,98,4378,0.82488
2036-12-28,Google,36-50,South India,Desktop,Image,11,72214,12,0.02943380845228076,2125,0.9,1912.5,0.04753155398822099,83,4379,0.82484
2036-12-29,Google,36-50,West India,Desktop,Image,23,86108,12,0.05268760355368185,4536,0.9,4082.4,0.17402510730798545,650,4380,0.8248
2036-12-30,Google,26-35,South India,Mobile,Video,9,48989,12,0.034615781616000964,1695,0.9,1525.5,0.17167150182604032,239,4381,0.8247599999999999
2036-12-31,Instagram,36-50,South India,Desktop,Image,18,95631,12,0.06963207053104155,6658,1.3,8655.4,0.1710890849396275,939,4382,0.82472
2037-01-01,Instagram,18-25,North India,Mobile,Video,15,82107,1,0.07402914778938048,6078,1.3,7901.400000000001,0.12227796580308502,612,4383,0.82468
2037-01-02,Instagram,26-35,West India,Desktop,Video,5,44162,1,0.08031264572268282,3546,1.3,4609.8,0.09194560735671937,268,4384,0.82464
2037-01-03,Instagram,18-25,South India,Mobile,Image,10,20718,1,0.0747669356914865,1549,1.3,2013.7,0.08935881808302458,113,4385,0.8246
2037-01-04,Instagram,18-25,West India,Mobile,Image,18,82402,1,0.07945964348504252,6547,1.3,8511.1,0.046088826590829746,248,4386,0.82456
2037-01-05,Google,36-50,West India,Desktop,Text,18,3198,1,0.0575258618622895,183,0.9,164.70000000000002,0.12811513844309724,18,4387,0.82452
2037-01-06,Google,36-50,West India,Mobile,Text,17,10407,1,0.07652189361025993,796,0.9,716.4,0.10320692290310787,67,4388,0.82448
2037-01-07,Google,36-50,North India,Desktop,Text,14,75608,1,0.029466341842796024,2227,0.9,2004.3,0.0866546408772368,158,4389,0.82444
2037-01-08,Google,18-25,West India,Mobile,Text,15,83674,1,0.04803267098021367,4019,0.9,3617.1,0.1354233483154784,448,4390,0.8244
2037-01-09,Google,26-35,West India,Desktop,Text,13,6217,1,0.03816207516011189,237,0.9,213.3,0.08693655828762284,16,4391,0.82436
2037-01-10,Instagram,36-50,West India,Desktop,Video,7,97796,1,0.06953757919978984,6800,1.3,8840.0,0.20725226517216874,1161,4392,0.8243199999999999
2037-01-11,Google,36-50,South India,Mobile,Image,7,76947,1,0.055553796990862936,4274,0.9,3846.6,0.04603842552489895,161,4393,0.82428
2037-01-12,Instagram,18-25,North India,Mobile,Video,1,34138,1,0.058418047528086325,1994,1.3,2592.2000000000003,0.20274477124148707,332,4394,0.82424
2037-01-13,Instagram,26-35,South India,Mobile,Text,5,35500,1,0.10897272167259578,3868,1.3,5028.400000000001,0.14419915439735245,459,4395,0.8242
2037-01-14,Google,18-25,North India,Desktop,Text,12,6259,1,0.05207060576613606,325,0.9,292.5,0.07242587680597232,18,4396,0.82416
2037-01-15,Google,36-50,North India,Mobile,Image,12,96120,1,0.060508889968752026,5816,0.9,5234.400000000001,0.11718335349577141,561,4397,0.82412
2037-01-16,Google,18-25,West India,Mobile,Video,20,80652,1,0.03942463013462314,3179,0.9,2861.1,0.1932536420420825,505,4398,0.8240799999999999
2037-01-17,Google,36-50,West India,Mobile,Text,11,50953,1,0.05769211938148469,2939,0.9,2645.1,0.0913102040165766,220,4399,0.82404
2037-01-18,Google,26-35,South India,Mobile,Text,1,23783,1,0.04365194236499375,1038,0.9,934.2,0.044082407299249414,37,4400,0.824
2037-01-19,Google,18-25,North India,Mobile,Text,20,42949,1,0.07135509166463237,3064,0.9,2757.6,0.1344628420937153,338,4401,0.82396
2037-01-20,Google,36-50,West India,Mobile,Text,19,22155,1,0.05914239224756638,1310,0.9,1179.0,0.09552493337842913,102,4402,0.82392
2037-01-21,Google,36-50,West India,Desktop,Video,11,33389,1,0.020166195385532295,673,0.9,605.7,0.1395864165218589,76,4403,0.82388
2037-01-22,Instagram,36-50,West India,Mobile,Video,16,57159,1,0.05270767733189536,3012,1.3,3915.6,0.05030465368537996,124,4404,0.82384
2037-01-23,Instagram,36-50,West India,Mobile,Text,5,34183,1,0.03331802456366417,1138,1.3,1479.4,0.04590786232327665,42,4405,0.8238
2037-01-24,Instagram,18-25,South India,Mobile,Video,6,32048,1,0.06559798801851896,2102,1.3,2732.6,0.19646312185431747,339,4406,0.82376
2037-01-25,Google,36-50,South India,Mobile,Text,5,33121,1,0.028933947618414224,958,0.9,862.2,0.09433486974152891,74,4407,0.82372
2037-01-26,Google,18-25,West India,Desktop,Image,20,28541,1,0.06054871352056743,1728,0.9,1555.2,0.17972816380291498,255,4408,0.82368
2037-01-27,Instagram,36-50,West India,Mobile,Image,3,37105,1,0.06731888391435904,2497,1.3,3246.1,0.13739487459986263,282,4409,0.8236399999999999
2037-01-28,Google,18-25,West India,Mobile,Image,20,22642,1,0.07915162490569777,1792,0.9,1612.8,0.17294416021472822,254,4410,0.8236
2037-01-29,Google,18-25,West India,Mobile,Video,8,38825,1,0.05495412314276428,2133,0.9,1919.7,0.09493115746540522,166,4411,0.82356
2037-01-30,Instagram,36-50,West India,Desktop,Text,4,59879,1,0.02795147700100072,1673,1.3,2174.9,0.054962274241183884,74,4412,0.82352
2037-01-31,Instagram,36-50,North India,Desktop,Image,9,29920,1,0.03165384902558639,947,1.3,1231.1000000000001,0.08808639358891142,68,4413,0.82348
2037-02-01,Google,36-50,North India,Mobile,Image,14,56134,2,0.06687582927515835,3754,0.9,3378.6,0.07321421655214912,225,4414,0.82344
2037-02-02,Google,36-50,North India,Mobile,Video,7,41761,2,0.052810596496708925,2205,0.9,1984.5,0.14349316261424883,260,4415,0.8234
2037-02-03,Google,26-35,North India,Mobile,Video,22,52944,2,0.09157289279359748,4848,0.9,4363.2,0.16441295057520602,656,4416,0.82336
2037-02-04,Google,36-50,West India,Desktop,Image,3,32027,2,0.03480699016554443,1114,0.9,1002.6,0.09629365181192659,88,4417,0.82332
2037-02-05,Google,36-50,North India,Mobile,Text,4,97016,2,0.05971455718721883,5793,0.9,5213.7,0.04245709333350682,201,4418,0.82328
2037-02-06,Google,36-50,North India,Desktop,Text,6,73922,2,0.04602693922994164,3402,0.9,3061.8,0.03527682824350153,98,4419,0.82324
2037-02-07,Google,18-25,South India,Desktop,Text,5,22480,2,0.046691176917935194,1049,0.9,944.1,0.06593982683253696,56,4420,0.8231999999999999
2037-02-08,Instagram,36-50,North India,Desktop,Image,12,38624,2,0.038158969764455423,1473,1.3,1914.9,0.13542082897541807,163,4421,0.82316
2037-02-09,Instagram,18-25,North India,Mobile,Video,18,70191,2,0.12754073210768935,8952,1.3,11637.6,0.08095976516344833,595,4422,0.82312
2037-02-10,Instagram,18-25,West India,Mobile,Text,9,91404,2,0.03993116651511047,3649,1.3,4743.7,0.1424059372008109,427,4423,0.82308
2037-02-11,Google,18-25,North India,Desktop,Image,14,50028,2,0.040910835167749036,2046,0.9,1841.4,0.12466858673551977,209,4424,0.82304
2037-02-12,Google,18-25,North India,Mobile,Image,2,97665,2,0.04083913839997974,3988,0.9,3589.2000000000003,0.15265792174309323,500,4425,0.823
2037-02-13,Google,26-35,West India,Mobile,Video,17,54445,2,0.04598826465855799,2503,0.9,2252.7000000000003,0.11281687376782869,232,4426,0.82296
2037-02-14,Google,36-50,North India,Mobile,Text,13,82999,2,0.050534664215816955,4194,0.9,3774.6,0.143490311958231,494,4427,0.82292
2037-02-15,Google,18-25,West India,Mobile,Image,2,96616,2,0.03965072732309487,3830,0.9,3447.0,0.13512977752674532,425,4428,0.82288
2037-02-16,Instagram,36-50,North India,Mobile,Text,10,46192,2,0.039047468761964736,1803,1.3,2343.9,0.07265431392599775,106,4429,0.82284
2037-02-17,Instagram,18-25,South India,Mobile,Text,9,70844,2,0.06116359526945889,4333,1.3,5632.900000000001,0.06522137248874703,232,4430,0.8228
2037-02-18,Google,26-35,South India,Mobile,Text,16,19246,2,0.025680497849585853,494,0.9,444.6,0.15082895126834436,60,4431,0.8227599999999999
2037-02-19,Google,18-25,North India,Mobile,Image,12,34386,2,0.03921296931770801,1348,0.9,1213.2,0.08030707069143035,88,4432,0.82272
2037-02-20,Instagram,36-50,South India,Mobile,Text,1,51111,2,0.04959237507156933,2534,1.3,3294.2000000000003,0.04320727935022177,89,4433,0.82268
2037-02-21,Google,36-50,West India,Mobile,Video,12,78006,2,0.03348251325820734,2611,0.9,2349.9,0.09481466374052662,203,4434,0.82264
2037-02-22,Google,26-35,North India,Mobile,Image,18,49260,2,0.06416999392884844,3161,0.9,2844.9,0.06186703220500803,160,4435,0.8226
2037-02-23,Google,36-50,West India,Desktop,Image,4,41882,2,0.03159738637418471,1323,0.9,1190.7,0.08476237023663846,92,4436,0.82256
2037-02-24,Instagram,36-50,South India,Desktop,Text,15,60557,2,0.07133818641796164,4320,1.3,5616.0,0.11767654291281397,417,4437,0.82252
2037-02-25,Instagram,18-25,West India,Desktop,Text,9,61918,2,0.07611499435157128,4712,1.3,6125.6,0.09355139460521121,361,4438,0.82248
2037-02-26,Google,36-50,South India,Desktop,Text,11,13188,2,0.028328245277890973,373,0.9,335.7,0.1304503150486079,39,4439,0.82244
2037-02-27,Instagram,18-25,South India,Mobile,Image,19,11669,2,0.04927358540407175,574,1.3,746.2,0.09541014935006073,44,4440,0.8224
2037-02-28,Instagram,26-35,South India,Mobile,Video,12,12443,2,0.05544654300112407,689,1.3,895.7,0.07494059597718515,41,4441,0.82236
2037-03-01,Google,36-50,West India,Mobile,Video,20,20629,3,0.08693733603360727,1793,0.9,1613.7,0.0824174840687308,120,4442,0.8223199999999999
2037-03-02,Google,18-25,South India,Mobile,Image,15,27954,3,0.06534170920199596,1826,0.9,1643.4,0.18345970035112702,274,4443,0.82228
2037-03-03,Google,36-50,North India,Mobile,Video,21,8235,3,0.08497894648085091,699,0.9,629.1,0.06736323986239998,38,4444,0.82224
2037-03-04,Instagram,18-25,South India,Mobile,Text,20,76450,3,0.12581649115919946,9618,1.3,12503.4,0.15606219408467048,1234,4445,0.8222
2037-03-05,Google,26-35,North India,Desktop,Image,0,51313,3,0.06113266898581962,3136,0.9,2822.4,0.07290767397536742,187,4446,0.82216
2037-03-06,Instagram,18-25,North India,Mobile,Video,21,43849,3,0.12693536125450633,5565,1.3,7234.5,0.16926071474074453,773,4447,0.82212
2037-03-07,Google,36-50,North India,Mobile,Image,8,52192,3,0.029929291612674356,1562,0.9,1405.8,0.13295898704148085,170,4448,0.82208
2037-03-08,Instagram,18-25,North India,Desktop,Video,15,95083,3,0.04185791013134259,3979,1.3,5172.7,0.06741060227766307,220,4449,0.82204
2037-03-09,Google,36-50,West India,Desktop,Image,18,12593,3,0.06599653641077624,831,0.9,747.9,0.14654297932091198,99,4450,0.822
2037-03-10,Instagram,26-35,North India,Mobile,Video,14,41928,3,0.08400478018290418,3522,1.3,4578.6,0.12872441530865453,372,4451,0.82196
2037-03-11,Instagram,18-25,South India,Desktop,Image,17,28885,3,0.08260397407852636,2386,1.3,3101.8,0.16819323200602357,329,4452,0.82192
2037-03-12,Instagram,36-50,North India,Mobile,Image,21,55801,3,0.07912347941721047,4415,1.3,5739.5,0.1640298269728586,595,4453,0.8218799999999999
2037-03-13,Instagram,36-50,South India,Desktop,Image,11,10291,3,0.039871806947984104,410,1.3,533.0,0.055091193143385966,18,4454,0.82184
2037-03-14,Google,36-50,West India,Mobile,Image,13,45978,3,0.045771944129097686,2104,0.9,1893.6000000000001,0.14378627610927955,248,4455,0.8218
2037-03-15,Instagram,18-25,North India,Mobile,Image,2,57470,3,0.04582417479405142,2633,1.3,3422.9,0.05715533017843317,123,4456,0.82176
2037-03-16,Google,18-25,South India,Desktop,Text,3,65107,3,0.029054091518175895,1891,0.9,1701.9,0.09569429395739981,147,4457,0.82172
2037-03-17,Google,18-25,West India,Mobile,Image,5,70668,3,0.07341029464600371,5187,0.9,4668.3,0.0459524899282045,195,4458,0.82168
2037-03-18,Google,26-35,West India,Mobile,Image,15,98219,3,0.06396901082186515,6282,0.9,5653.8,0.09461114695253467,488,4459,0.8216399999999999
2037-03-19,Google,36-50,South India,Mobile,Image,12,1844,3,0.05074917745775744,93,0.9,83.7,0.07708871146965122,5,4460,0.8216
2037-03-20,Google,36-50,North India,Mobile,Video,11,55929,3,0.07650329759057556,4278,0.9,3850.2000000000003,0.14781775960328727,519,4461,0.82156
2037-03-21,Instagram,26-35,West India,Desktop,Image,21,32869,3,0.11721284756771715,3852,1.3,5007.6,0.12288980886479563,388,4462,0.82152
2037-03-22,Google,26-35,South India,Mobile,Text,11,98052,3,0.07537003076239633,7390,0.9,6651.0,0.15536358377954185,943,4463,0.82148
2037-03-23,Instagram,18-25,North India,Mobile,Image,1,35411,3,0.04293628243319172,1520,1.3,1976.0,0.13542634016468413,168,4464,0.82144
2037-03-24,Google,18-25,West India,Mobile,Video,12,60677,3,0.06976862446177119,4233,0.9,3809.7000000000003,0.18486286325613538,642,4465,0.8214
2037-03-25,Google,18-25,South India,Mobile,Video,2,35031,3,0.05888852664309476,2062,0.9,1855.8,0.0768793501646108,129,4466,0.82136
2037-03-26,Google,18-25,West India,Mobile,Image,12,36702,3,0.06635175802984687,2435,0.9,2191.5,0.04827578337140262,96,4467,0.82132
2037-03-27,Instagram,18-25,West India,Mobile,Image,1,23523,3,0.043857358859793596,1031,1.3,1340.3,0.19330939710611653,163,4468,0.82128
2037-03-28,Instagram,18-25,South India,Desktop,Image,18,99519,3,0.10953412451217809,10900,1.3,14170.0,0.12073929000132669,1080,4469,0.82124
2037-03-29,Instagram,26-35,West India,Mobile,Image,8,5776,3,0.03652202122330227,210,1.3,273.0,0.1048260527766294,18,4470,0.8211999999999999
2037-03-30,Instagram,26-35,South India,Mobile,Video,19,62001,3,0.0966138310136419,5990,1.3,7787.0,0.06519732285221028,320,4471,0.82116
2037-03-31,Google,26-35,North India,Mobile,Image,0,19724,3,0.042455914067744474,837,0.9,753.3000000000001,0.05919665094364863,40,4472,0.82112
2037-04-01,Google,36-50,South India,Mobile,Video,12,57858,4,0.07750801362761056,4484,0.9,4035.6,0.27191949817591105,1000,4473,0.82108
2037-04-02,Instagram,36-50,North India,Mobile,Video,1,15100,4,0.0796816943849759,1203,1.3,1563.9,0.18779672703400296,184,4474,0.82104
2037-04-03,Google,18-25,West India,Desktop,Text,14,43467,4,0.05060260759612392,2199,0.9,1979.1000000000001,0.0992354806789315,178,4475,0.821
2037-04-04,Google,26-35,South India,Desktop,Video,18,52242,4,0.07981127111289382,4169,0.9,3752.1,0.26393840127382406,903,4476,0.82096
2037-04-05,Google,36-50,South India,Mobile,Image,15,61722,4,0.08140212645289638,5024,0.9,4521.6,0.16181219754381324,666,4477,0.82092
2037-04-06,Instagram,36-50,South India,Mobile,Image,10,80468,4,0.041651107122421226,3351,1.3,4356.3,0.19074729537859797,524,4478,0.82088
2037-04-07,Instagram,26-35,South India,Desktop,Image,14,22718,4,0.04640669628076002,1054,1.3,1370.2,0.13255959944370987,114,4479,0.82084
2037-04-08,Google,36-50,North India,Mobile,Image,5,47014,4,0.03471720162463102,1632,0.9,1468.8,0.11447187937086424,152,4480,0.8208
2037-04-09,Google,36-50,North India,Mobile,Text,13,20640,4,0.08372287909885402,1728,0.9,1555.2,0.04803242880063441,68,4481,0.8207599999999999
2037-04-10,Instagram,26-35,West India,Desktop,Text,5,61312,4,0.10731231663198157,6579,1.3,8552.7,0.14561138283742697,785,4482,0.82072
2037-04-11,Instagram,36-50,West India,Desktop,Text,18,20560,4,0.11003932447896157,2262,1.3,2940.6,0.05495396521414676,101,4483,0.82068
2037-04-12,Google,26-35,West India,Mobile,Text,4,7380,4,0.07292066102507781,538,0.9,484.2,0.1499373830389068,65,4484,0.82064
2037-04-13,Instagram,36-50,West India,Mobile,Video,10,48756,4,0.0643337249794233,3136,1.3,4076.8,0.09607699051706413,247,4485,0.8206
2037-04-14,Google,26-35,South India,Mobile,Text,3,95365,4,0.05311160093874021,5064,0.9,4557.6,0.08373644789371326,347,4486,0.82056
2037-04-15,Google,36-50,North India,Mobile,Video,8,30579,4,0.052484821218298255,1604,0.9,1443.6000000000001,0.23051424599346426,302,4487,0.82052
2037-04-16,Instagram,36-50,North India,Desktop,Image,8,96736,4,0.04357732996498073,4215,1.3,5479.5,0.12086219925123817,417,4488,0.82048
2037-04-17,Instagram,26-35,North India,Mobile,Video,16,86265,4,0.1163444223468795,10036,1.3,13046.800000000001,0.07870644861874368,647,4489,0.82044
2037-04-18,Google,36-50,North India,Mobile,Video,7,29537,4,0.05611819334374892,1657,0.9,1491.3,0.2280612183639912,309,4490,0.8204
2037-04-19,Instagram,26-35,West India,Mobile,Text,14,90661,4,0.07416641190711917,6724,1.3,8741.2,0.10540229434478006,580,4491,0.82036
2037-04-20,Instagram,26-35,South India,Mobile,Image,8,6655,4,0.10368767815313414,690,1.3,897.0,0.07692588553368103,43,4492,0.8203199999999999
2037-04-21,Instagram,36-50,North India,Mobile,Image,4,60451,4,0.12695171597285612,7674,1.3,9976.2,0.10797534625655657,679,4493,0.82028
2037-04-22,Instagram,18-25,South India,Desktop,Text,3,68984,4,0.03389554611966588,2338,1.3,3039.4,0.13745183907013547,263,4494,0.82024
2037-04-23,Instagram,36-50,South India,Mobile,Video,19,80721,4,0.07643397334587661,6169,1.3,8019.700000000001,0.1437129683983569,726,4495,0.8202
2037-04-24,Google,18-25,South India,Mobile,Text,17,18211,4,0.04777815567040139,870,0.9,783.0,0.19007321575595104,135,4496,0.82016
2037-04-25,Google,18-25,South India,Mobile,Video,8,23280,4,0.06623668981288076,1541,0.9,1386.9,0.12316508474653982,155,4497,0.82012
2037-04-26,Google,36-50,North India,Desktop,Text,20,34971,4,0.02679193638527069,936,0.9,842.4,0.06261247587334626,47,4498,0.82008
2037-04-27,Google,18-25,North India,Mobile,Text,2,7798,4,0.02921364030212084,227,0.9,204.3,0.06873423594435062,12,4499,0.82004
2037-04-28,Instagram,26-35,North India,Mobile,Image,21,18228,4,0.10323609066560181,1881,1.3,2445.3,0.058966491477279746,90,4500,0.82
2037-04-29,Google,26-35,West India,Mobile,Image,8,36739,4,0.08502138819912185,3123,0.9,2810.7000000000003,0.12398575053868356,317,4501,0.81996
2037-04-30,Google,18-25,North India,Mobile,Image,8,49720,4,0.08284076653533144,4118,0.9,3706.2000000000003,0.18578209490476086,627,4502,0.81992
2037-05-01,Google,26-35,West India,Desktop,Text,20,95845,5,0.03067984492978025,2940,0.9,2646.0,0.07033541305196844,168,4503,0.8198799999999999
2037-05-02,Google,36-50,West India,Mobile,Image,23,71280,5,0.07211783989257876,5140,0.9,4626.0,0.07616726658922898,320,4504,0.81984
2037-05-03,Google,26-35,West India,Desktop,Image,3,41503,5,0.04933359902930718,2047,0.9,1842.3,0.15723385299464532,263,4505,0.8198
2037-05-04,Instagram,18-25,North India,Desktop,Text,20,15548,5,0.036591286789216124,568,1.3,738.4,0.06689271840646674,30,4506,0.81976
2037-05-05,Google,36-50,North India,Desktop,Image,6,70066,5,0.03168185403318367,2219,0.9,1997.1000000000001,0.10142663328081793,184,4507,0.81972
2037-05-06,Instagram,26-35,North India,Mobile,Video,6,38853,5,0.08251715926820435,3206,1.3,4167.8,0.05058560027609709,132,4508,0.81968
2037-05-07,Instagram,36-50,West India,Mobile,Image,22,75531,5,0.055138540578201244,4164,1.3,5413.2,0.08019004479754249,272,4509,0.8196399999999999
2037-05-08,Google,18-25,West India,Mobile,Video,7,25703,5,0.054706603908721604,1406,0.9,1265.4,0.06993407497005054,80,4510,0.8196
2037-05-09,Google,26-35,South India,Mobile,Image,20,26527,5,0.04998103461509688,1325,0.9,1192.5,0.060300301243765606,64,4511,0.81956
2037-05-10,Google,36-50,West India,Desktop,Text,0,97966,5,0.054495649695823246,5338,0.9,4804.2,0.08533867051903461,372,4512,0.81952
2037-05-11,Instagram,36-50,West India,Desktop,Text,8,66555,5,0.04948059583872823,3293,1.3,4280.900000000001,0.06700255439953429,180,4513,0.81948
2037-05-12,Instagram,26-35,North India,Mobile,Image,22,61982,5,0.07854625659010596,4868,1.3,6328.400000000001,0.06013741962528955,239,4514,0.81944
2037-05-13,Google,36-50,South India,Mobile,Video,11,51933,5,0.035363855681718195,1836,0.9,1652.4,0.1473224779459484,221,4515,0.8194
2037-05-14,Google,36-50,South India,Mobile,Image,5,62178,5,0.04651206059773108,2892,0.9,2602.8,0.16474277337346047,390,4516,0.81936
2037-05-15,Instagram,18-25,South India,Mobile,Text,12,61475,5,0.10952468456162331,6733,1.3,8752.9,0.13359306272905933,736,4517,0.81932
2037-05-16,Google,18-25,North India,Desktop,Image,4,46730,5,0.04983657975943261,2328,0.9,2095.2000000000003,0.07135147000688778,136,4518,0.81928
2037-05-17,Google,18-25,South India,Mobile,Text,20,24241,5,0.08127836228628643,1970,0.9,1773.0,0.07184432527123456,115,4519,0.81924
2037-05-18,Instagram,18-25,South India,Mobile,Video,18,73832,5,0.04859662216759921,3587,1.3,4663.1,0.18805545527499046,552,4520,0.8191999999999999
2037-05-19,Instagram,18-25,North India,Mobile,Video,0,82869,5,0.10649527944678681,8825,1.3,11472.5,0.13452409683509034,972,4521,0.81916
2037-05-20,Instagram,18-25,South India,Desktop,Text,21,42516,5,0.09741946249648593,4141,1.3,5383.3,0.13458231914664684,456,4522,0.81912
2037-05-21,Instagram,26-35,West India,Mobile,Video,23,19628,5,0.09778863535275781,1919,1.3,2494.7000000000003,0.04822938129294401,75,4523,0.81908
2037-05-22,Instagram,18-25,West India,Desktop,Text,17,20367,5,0.051684527341732116,1052,1.3,1367.6000000000001,0.04436943626357409,37,4524,0.81904
2037-05-23,Google,36-50,West India,Desktop,Text,7,12755,5,0.022707308612544705,289,0.9,260.1,0.12943443769042443,30,4525,0.819
2037-05-24,Instagram,26-35,West India,Mobile,Text,23,54751,5,0.04221395683478007,2311,1.3,3004.3,0.13528313610233045,255,4526,0.81896
2037-05-25,Instagram,36-50,West India,Mobile,Image,7,88286,5,0.10521621974620429,9289,1.3,12075.7,0.08808162495384989,669,4527,0.81892
2037-05-26,Instagram,18-25,West India,Mobile,Video,14,14025,5,0.10562904597153149,1481,1.3,1925.3,0.20900025630482322,253,4528,0.81888
2037-05-27,Google,18-25,West India,Mobile,Image,18,5887,5,0.07505828505282723,441,0.9,396.90000000000003,0.08221972056700375,29,4529,0.81884
2037-05-28,Google,36-50,West India,Desktop,Image,9,61675,5,0.03957006682455443,2440,0.9,2196.0,0.16463965362596586,328,4530,0.8188
2037-05-29,Google,36-50,West India,Mobile,Video,23,80194,5,0.027159922412930193,2178,0.9,1960.2,0.11884712626428197,211,4531,0.8187599999999999
2037-05-30,Google,36-50,North India,Mobile,Image,15,50348,5,0.055598025448435326,2799,0.9,2519.1,0.11272055156966831,257,4532,0.81872
2037-05-31,Google,26-35,North India,Mobile,Text,10,71762,5,0.0424712888668098,3047,0.9,2742.3,0.10502193004793604,261,4533,0.81868
2037-06-01,Instagram,18-25,West India,Mobile,Image,11,70524,6,0.059848581481555245,4220,1.3,5486.0,0.05570340093498457,192,4534,0.81864
2037-06-02,Instagram,36-50,North India,Mobile,Text,15,55884,6,0.05395135362989705,3015,1.3,3919.5,0.03467067179200365,85,4535,0.8186
2037-06-03,Google,18-25,North India,Mobile,Video,15,22663,6,0.024675902098153093,559,0.9,503.1,0.10803145958167758,49,4536,0.81856
2037-06-04,Instagram,36-50,West India,Mobile,Image,19,85389,6,0.10705926966454632,9141,1.3,11883.300000000001,0.05932741761530152,443,4537,0.81852
2037-06-05,Google,18-25,West India,Mobile,Video,2,19014,6,0.061621230957009554,1171,0.9,1053.9,0.13320983710994735,126,4538,0.81848
2037-06-06,Google,26-35,North India,Mobile,Text,8,15239,6,0.029286271791442733,446,0.9,401.40000000000003,0.07940501127993878,28,4539,0.81844
2037-06-07,Google,18-25,West India,Mobile,Image,7,37046,6,0.04436324728699419,1643,0.9,1478.7,0.05423898384589812,72,4540,0.8184
2037-06-08,Google,36-50,West India,Mobile,Text,9,19422,6,0.059732040806676164,1160,0.9,1044.0,0.10756699955713457,101,4541,0.81836
2037-06-09,Google,18-25,West India,Desktop,Text,12,22816,6,0.017976102057874657,410,0.9,369.0,0.03461693586485069,11,4542,0.8183199999999999
2037-06-10,Google,26-35,West India,Mobile,Text,17,28055,6,0.022413671846087953,628,0.9,565.2,0.04658763281909829,23,4543,0.81828
2037-06-11,Google,26-35,North India,Mobile,Video,12,55173,6,0.056268655494629505,3104,0.9,2793.6,0.14947889916446938,378,4544,0.81824
2037-06-12,Instagram,18-25,South India,Mobile,Video,12,7470,6,0.03541403081839638,264,1.3,343.2,0.14283029749770987,30,4545,0.8182
2037-06-13,Google,36-50,North India,Mobile,Video,14,89997,6,0.06509667809995547,5858,0.9,5272.2,0.08606667658100917,412,4546,0.81816
2037-06-14,Instagram,26-35,South India,Mobile,Image,12,46534,6,0.0487160243822445,2266,1.3,2945.8,0.06817000891612399,125,4547,0.81812
2037-06-15,Instagram,26-35,South India,Desktop,Text,15,71297,6,0.059864965129252684,4268,1.3,5548.400000000001,0.1154011932722003,402,4548,0.81808
2037-06-16,Instagram,18-25,South India,Mobile,Video,7,22603,6,0.08865496773980858,2003,1.3,2603.9,0.08625455050685245,140,4549,0.81804
2037-06-17,Instagram,26-35,North India,Mobile,Text,18,61522,6,0.0803132055236371,4941,1.3,6423.3,0.1364297684370814,551,4550,0.818
2037-06-18,Google,26-35,North India,Mobile,Video,9,57153,6,0.054391842290021954,3108,0.9,2797.2000000000003,0.17512496730409338,444,4551,0.81796
2037-06-19,Google,36-50,North India,Mobile,Text,11,22996,6,0.038002642625841306,873,0.9,785.7,0.044878433415533305,31,4552,0.81792
2037-06-20,Instagram,36-50,North India,Mobile,Video,13,40978,6,0.033312625532856334,1365,1.3,1774.5,0.1735847115935513,193,4553,0.8178799999999999
2037-06-21,Google,36-50,North India,Mobile,Video,5,99878,6,0.0607670078833813,6069,0.9,5462.1,0.09563538656256565,474,4554,0.81784
2037-06-22,Instagram,18-25,South India,Desktop,Video,20,76449,6,0.032973798906082936,2520,1.3,3276.0,0.13618120835637307,280,4555,0.8178
2037-06-23,Instagram,26-35,North India,Mobile,Video,23,42978,6,0.09870934453536102,4242,1.3,5514.6,0.06497501963100186,224,4556,0.81776
2037-06-24,Instagram,18-25,South India,Mobile,Text,8,41564,6,0.0748179263396068,3109,1.3,4041.7000000000003,0.05027505106749968,127,4557,0.81772
2037-06-25,Instagram,26-35,North India,Desktop,Video,6,30999,6,0.04679472470163005,1450,1.3,1885.0,0.17454604351436337,206,4558,0.81768
2037-06-26,Instagram,26-35,North India,Desktop,Video,5,32748,6,0.02815852838291224,922,1.3,1198.6000000000001,0.1388257777855294,103,4559,0.8176399999999999
2037-06-27,Instagram,26-35,West India,Desktop,Video,21,62402,6,0.060476604221406646,3773,1.3,4904.900000000001,0.11908957719867799,367,4560,0.8176
2037-06-28,Google,36-50,South India,Mobile,Text,0,33331,6,0.04110516181634413,1370,0.9,1233.0,0.04002715635932603,44,4561,0.81756
2037-06-29,Instagram,18-25,North India,Mobile,Video,20,45380,6,0.12275109259673674,5570,1.3,7241.0,0.18310787650575924,833,4562,0.81752
2037-06-30,Google,18-25,North India,Desktop,Text,13,58743,6,0.027176734343583024,1596,0.9,1436.4,0.07107593537347652,92,4563,0.81748
2037-07-01,Google,26-35,North India,Mobile,Image,23,54842,7,0.04535464151767384,2487,0.9,2238.3,0.09341433968941636,189,4564,0.8174399999999999
2037-07-02,Instagram,18-25,West India,Mobile,Text,5,65618,7,0.052893536364117415,3470,1.3,4511.0,0.06848733399755316,193,4565,0.8174
2037-07-03,Google,36-50,South India,Desktop,Image,11,91228,7,0.04956411845657318,4521,0.9,4068.9,0.1812586630636886,669,4566,0.81736
2037-07-04,Google,18-25,North India,Mobile,Video,16,8986,7,0.05158171928272926,463,0.9,416.7,0.10059572908736984,37,4567,0.81732
2037-07-05,Google,26-35,North India,Desktop,Video,4,79682,7,0.05500337077319597,4382,0.9,3943.8,0.07341018953426658,262,4568,0.81728
2037-07-06,Instagram,36-50,North India,Desktop,Text,10,43810,7,0.04015533855253515,1759,1.3,2286.7000000000003,0.08888799088620845,127,4569,0.81724
2037-07-07,Google,36-50,West India,Desktop,Video,4,87888,7,0.023764527538221624,2088,0.9,1879.2,0.1792907667634281,305,4570,0.8171999999999999
2037-07-08,Instagram,26-35,North India,Mobile,Video,11,61044,7,0.07881322795892204,4811,1.3,6254.3,0.10486562082462819,411,4571,0.81716
2037-07-09,Google,18-25,South India,Mobile,Text,2,77509,7,0.07126067511791014,5523,0.9,4970.7,0.12275284010251732,553,4572,0.81712
2037-07-10,Instagram,26-35,South India,Desktop,Video,23,53633,7,0.06783759526635773,3638,1.3,4729.400000000001,0.10902065121422641,323,4573,0.81708
2037-07-11,Instagram,18-25,South India,Desktop,Image,8,19501,7,0.048897313280353766,953,1.3,1238.9,0.15484339573537176,120,4574,0.81704
2037-07-12,Google,18-25,South India,Mobile,Image,5,21866,7,0.029170027412568494,637,0.9,573.3000000000001,0.1469834765318466,75,4575,0.817
2037-07-13,Google,36-50,North India,Mobile,Video,21,19390,7,0.08570603518526317,1661,0.9,1494.9,0.1542484663070485,209,4576,0.81696
2037-07-14,Google,26-35,West India,Desktop,Video,1,42256,7,0.028381525081916856,1199,0.9,1079.1000000000001,0.1565124839557962,152,4577,0.81692
2037-07-15,Instagram,36-50,West India,Mobile,Image,1,40528,7,0.09478605501680268,3841,1.3,4993.3,0.06188372664672576,193,4578,0.81688
2037-07-16,Instagram,26-35,West India,Mobile,Video,21,28712,7,0.10990176961655954,3155,1.3,4101.5,0.1971824854253846,508,4579,0.81684
2037-07-17,Instagram,26-35,North India,Mobile,Image,11,6694,7,0.05283989376641923,353,1.3,458.90000000000003,0.11590511348982549,32,4580,0.8168
2037-07-18,Google,36-50,West India,Mobile,Text,7,56214,7,0.060141493077514666,3380,0.9,3042.0,0.07950406014254312,218,4581,0.8167599999999999
2037-07-19,Instagram,26-35,South India,Desktop,Image,1,85999,7,0.061924270799773785,5325,1.3,6922.5,0.07053963594627778,306,4582,0.81672
2037-07-20,Instagram,26-35,North India,Mobile,Video,8,22662,7,0.10646925721801548,2412,1.3,3135.6,0.1706595435583377,335,4583,0.81668
2037-07-21,Instagram,18-25,West India,Mobile,Video,15,1010,7,0.10062850627012364,101,1.3,131.3,0.13352011329557165,10,4584,0.81664
2037-07-22,Instagram,26-35,South India,Mobile,Image,14,38648,7,0.04122819963278434,1593,1.3,2070.9,0.06668313448427936,86,4585,0.8166
2037-07-23,Google,26-35,South India,Mobile,Image,13,28515,7,0.047909063663918804,1366,0.9,1229.4,0.18589881178271442,206,4586,0.81656
2037-07-24,Google,36-50,North India,Mobile,Video,19,77382,7,0.08932105380538276,6911,0.9,6219.900000000001,0.06253075595623016,352,4587,0.81652
2037-07-25,Instagram,36-50,North India,Desktop,Video,3,48258,7,0.06561994954922612,3166,1.3,4115.8,0.12926570279208083,333,4588,0.81648
2037-07-26,Instagram,26-35,West India,Mobile,Video,3,61530,7,0.05643272016382019,3472,1.3,4513.6,0.1505776746607532,426,4589,0.81644
2037-07-27,Instagram,18-25,West India,Mobile,Text,10,29026,7,0.07625614746593153,2213,1.3,2876.9,0.15287916682251362,275,4590,0.8164
2037-07-28,Google,18-25,West India,Mobile,Text,20,17982,7,0.07007912144024303,1260,0.9,1134.0,0.05076896946173829,51,4591,0.81636
2037-07-29,Google,36-50,North India,Mobile,Image,23,18207,7,0.06254364623519497,1138,0.9,1024.2,0.11960350623539945,111,4592,0.8163199999999999
2037-07-30,Google,26-35,West India,Mobile,Image,17,58028,7,0.0626173293413145,3633,0.9,3269.7000000000003,0.10674021122711005,315,4593,0.81628
2037-07-31,Google,26-35,West India,Mobile,Text,4,38985,7,0.02808706051925037,1094,0.9,984.6,0.06459663554077187,57,4594,0.81624
2037-08-01,Instagram,18-25,South India,Mobile,Text,1,40854,8,0.04740340293366513,1936,1.3,2516.8,0.1607353112340934,253,4595,0.8162
2037-08-02,Instagram,18-25,South India,Mobile,Image,14,78842,8,0.09796262282314272,7723,1.3,10039.9,0.16578992719151758,1044,4596,0.81616
2037-08-03,Google,18-25,South India,Mobile,Text,10,66848,8,0.03354511092147746,2242,0.9,2017.8,0.13911686417730895,253,4597,0.81612
2037-08-04,Google,36-50,West India,Desktop,Image,23,73207,8,0.045650586462192035,3341,0.9,3006.9,0.16588604634510085,452,4598,0.81608
2037-08-05,Google,26-35,North India,Desktop,Video,16,24084,8,0.02753320834952251,663,0.9,596.7,0.16131703238728448,86,4599,0.81604
2037-08-06,Google,36-50,South India,Mobile,Image,15,36260,8,0.049942117107026326,1810,0.9,1629.0,0.12203787698882224,179,4600,0.816
2037-08-07,Instagram,26-35,North India,Mobile,Text,14,43905,8,0.08624187232483072,3786,1.3,4921.8,0.07656320189250566,235,4601,0.81596
2037-08-08,Instagram,36-50,West India,Desktop,Text,22,17614,8,0.059609615782574996,1049,1.3,1363.7,0.11779188970864889,100,4602,0.81592
2037-08-09,Google,26-35,West India,Mobile,Text,2,53892,8,0.038063279787592295,2051,0.9,1845.9,0.10573460452746124,176,4603,0.8158799999999999
2037-08-10,Instagram,18-25,South India,Desktop,Image,19,11864,8,0.058538164777052926,694,1.3,902.2,0.12760297740979143,71,4604,0.81584
2037-08-11,Instagram,18-25,North India,Mobile,Text,14,49114,8,0.09565642332119156,4698,1.3,6107.400000000001,0.09889291083524084,378,4605,0.8158
2037-08-12,Instagram,18-25,South India,Mobile,Image,23,16224,8,0.09339705595992144,1515,1.3,1969.5,0.1449235292633918,178,4606,0.81576
2037-08-13,Google,36-50,West India,Desktop,Video,18,48462,8,0.061313469564792875,2971,0.9,2673.9,0.21074230437226563,510,4607,0.81572
2037-08-14,Instagram,18-25,North India,Mobile,Video,12,1043,8,0.0845465945611188,88,1.3,114.4,0.1658040266305924,11,4608,0.81568
2037-08-15,Google,26-35,South India,Mobile,Text,15,41300,8,0.05651902230328335,2334,0.9,2100.6,0.060495038907329116,115,4609,0.81564
2037-08-16,Google,36-50,West India,Desktop,Image,22,25476,8,0.058220519884983085,1483,0.9,1334.7,0.10534762890119298,127,4610,0.8156
2037-08-17,Google,26-35,South India,Desktop,Image,11,28500,8,0.054093917077953524,1541,0.9,1386.9,0.14844921809359743,185,4611,0.81556
2037-08-18,Google,36-50,North India,Mobile,Text,16,94805,8,0.06860299464203125,6503,0.9,5852.7,0.05215767725343568,276,4612,0.81552
2037-08-19,Google,26-35,North India,Mobile,Image,15,57430,8,0.030726604890691317,1764,0.9,1587.6000000000001,0.1620499731642082,232,4613,0.81548
2037-08-20,Google,26-35,North India,Mobile,Text,8,20841,8,0.029604341861490125,616,0.9,554.4,0.041007709545251736,20,4614,0.8154399999999999
2037-08-21,Google,36-50,North India,Desktop,Text,5,61293,8,0.0456646955915974,2798,0.9,2518.2000000000003,0.10137165179168532,230,4615,0.8154
2037-08-22,Instagram,36-50,North India,Desktop,Video,18,39152,8,0.09562761888320308,3744,1.3,4867.2,0.20135928135724315,613,4616,0.81536
2037-08-23,Instagram,18-25,South India,Desktop,Text,22,97467,8,0.06089709162854348,5935,1.3,7715.5,0.1326779595886802,641,4617,0.81532
2037-08-24,Google,18-25,South India,Desktop,Image,12,6615,8,0.04166312425079008,275,0.9,247.5,0.14829775884465368,32,4618,0.81528
2037-08-25,Instagram,26-35,South India,Mobile,Text,20,94497,8,0.09723532355274137,9188,1.3,11944.4,0.1679623309099218,1257,4619,0.81524
2037-08-26,Instagram,26-35,South India,Desktop,Video,23,99049,8,0.07528510599717389,7456,1.3,9692.800000000001,0.19912416470431482,1209,4620,0.8151999999999999
2037-08-27,Instagram,26-35,West India,Desktop,Video,7,88426,8,0.045653323934812556,4036,1.3,5246.8,0.21100929656692205,693,4621,0.81516
2037-08-28,Google,36-50,West India,Desktop,Image,11,27870,8,0.021545446317001424,600,0.9,540.0,0.13784491168080146,66,4622,0.81512
2037-08-29,Instagram,36-50,South India,Mobile,Text,8,53790,8,0.038835854828111215,2088,1.3,2714.4,0.12450855355161489,211,4623,0.81508
2037-08-30,Instagram,18-25,West India,Desktop,Image,21,46876,8,0.05972398616063415,2799,1.3,3638.7000000000003,0.14675944689551684,334,4624,0.81504
2037-08-31,Instagram,26-35,West India,Mobile,Image,3,45327,8,0.06950811716187373,3150,1.3,4095.0,0.06642556045491194,170,4625,0.815
2037-09-01,Google,18-25,North India,Mobile,Text,12,44302,9,0.07172793825201139,3177,0.9,2859.3,0.12339399334768213,319,4626,0.81496
2037-09-02,Google,36-50,South India,Mobile,Video,1,91282,9,0.02310795656150983,2109,0.9,1898.1000000000001,0.23208193278044928,398,4627,0.81492
2037-09-03,Instagram,36-50,West India,Mobile,Image,2,30836,9,0.0679348840145407,2094,1.3,2722.2000000000003,0.1256300584658826,214,4628,0.81488
2037-09-04,Google,36-50,West India,Mobile,Image,4,10831,9,0.03109300581043032,336,0.9,302.40000000000003,0.041729748019088485,11,4629,0.81484
2037-09-05,Google,18-25,South India,Desktop,Video,23,34384,9,0.04621568092135021,1589,0.9,1430.1000000000001,0.06612267401293614,85,4630,0.8148
2037-09-06,Google,36-50,North India,Mobile,Text,17,99543,9,0.05178547773224959,5154,0.9,4638.6,0.05883365148784932,246,4631,0.8147599999999999
2037-09-07,Instagram,26-35,South India,Mobile,Text,20,40222,9,0.06995106318094299,2813,1.3,3656.9,0.10168468411344359,233,4632,0.81472
2037-09-08,Instagram,18-25,North India,Mobile,Text,13,95605,9,0.08458419774935964,8086,1.3,10511.800000000001,0.07907509581251837,520,4633,0.81468
2037-09-09,Google,36-50,West India,Desktop,Video,1,43816,9,0.03847255428652645,1685,0.9,1516.5,0.21250761609056634,291,4634,0.81464
2037-09-10,Instagram,18-25,North India,Mobile,Image,14,42882,9,0.04484368493047179,1922,1.3,2498.6,0.16376315813066833,255,4635,0.8146
2037-09-11,Google,18-25,North India,Mobile,Video,7,55039,9,0.06399231438663018,3522,0.9,3169.8,0.10827850934653004,310,4636,0.81456
2037-09-12,Instagram,36-50,South India,Mobile,Image,15,64346,9,0.08449362695367606,5436,1.3,7066.8,0.16632473780863305,736,4637,0.81452
2037-09-13,Instagram,36-50,West India,Mobile,Image,2,52056,9,0.09119471287531417,4747,1.3,6171.1,0.12909086882274337,498,4638,0.81448
2037-09-14,Instagram,18-25,South India,Desktop,Text,23,18196,9,0.07623195770463143,1387,1.3,1803.1000000000001,0.06922646040890211,78,4639,0.81444
2037-09-15,Instagram,18-25,South India,Desktop,Text,19,5999,9,0.08178736467324235,490,1.3,637.0,0.15929110279857486,63,4640,0.8144
2037-09-16,Google,36-50,West India,Desktop,Text,19,25026,9,0.04191238288150085,1048,0.9,943.2,0.06488259078005022,54,4641,0.81436
2037-09-17,Instagram,26-35,South India,Mobile,Video,22,2730,9,0.09927188344909646,271,1.3,352.3,0.2136394594658757,46,4642,0.8143199999999999
2037-09-18,Google,18-25,South India,Mobile,Text,4,59175,9,0.06727466583630186,3980,0.9,3582.0,0.12086717155329095,391,4643,0.81428
2037-09-19,Instagram,18-25,North India,Mobile,Video,3,69960,9,0.04899761380339511,3427,1.3,4455.1,0.1447318866057105,403,4644,0.81424
2037-09-20,Instagram,26-35,South India,Mobile,Text,22,63834,9,0.12530386815546646,7998,1.3,10397.4,0.1471478680530707,957,4645,0.8142
2037-09-21,Instagram,36-50,West India,Mobile,Text,11,39830,9,0.10400716567946426,4142,1.3,5384.6,0.09282291442291418,312,4646,0.81416
2037-09-22,Google,36-50,South India,Mobile,Text,18,96252,9,0.030534994451050092,2939,0.9,2645.1,0.14910664998557444,356,4647,0.81412
2037-09-23,Instagram,26-35,North India,Mobile,Video,14,97762,9,0.05818263509520968,5688,1.3,7394.400000000001,0.13341646243812863,617,4648,0.81408
2037-09-24,Google,36-50,South India,Desktop,Image,12,68743,9,0.023463551383790505,1612,0.9,1450.8,0.19563577067961785,256,4649,0.81404
2037-09-25,Google,36-50,South India,Desktop,Video,4,79567,9,0.05161532664611324,4106,0.9,3695.4,0.17475507399267293,583,4650,0.814
2037-09-26,Instagram,18-25,South India,Mobile,Video,11,29008,9,0.07266385013964897,2107,1.3,2739.1,0.1219263942450634,208,4651,0.81396
2037-09-27,Google,18-25,North India,Mobile,Video,18,96020,9,0.02960179334361824,2842,0.9,2557.8,0.16743289078169332,386,4652,0.81392
2037-09-28,Instagram,18-25,West India,Desktop,Image,1,69904,9,0.028870528490364568,2018,1.3,2623.4,0.11138562199453025,182,4653,0.8138799999999999
2037-09-29,Google,26-35,West India,Mobile,Video,6,88391,9,0.06826986368102488,6034,0.9,5430.6,0.18341219973550446,900,4654,0.81384
2037-09-30,Google,36-50,North India,Desktop,Text,22,68763,9,0.04163228368237481,2862,0.9,2575.8,0.126522954488555,294,4655,0.8138
2037-10-01,Instagram,36-50,North India,Mobile,Image,4,49522,10,0.10527993416408261,5213,1.3,6776.900000000001,0.12004945444328596,508,4656,0.81376
2037-10-02,Google,18-25,South India,Desktop,Video,19,66124,10,0.048124736264476435,3182,0.9,2863.8,0.21398042118227073,553,4657,0.81372
2037-10-03,Google,18-25,West India,Desktop,Video,10,31322,10,0.046481965598253794,1455,0.9,1309.5,0.11577574004021271,136,4658,0.81368
2037-10-04,Instagram,26-35,North India,Mobile,Image,17,13817,10,0.0457432538884179,632,1.3,821.6,0.0456311425100667,22,4659,0.81364
2037-10-05,Google,36-50,West India,Mobile,Video,17,47474,10,0.07140036823977924,3389,0.9,3050.1,0.15932489347697862,438,4660,0.8136
2037-10-06,Instagram,26-35,South India,Mobile,Image,6,48130,10,0.03686637702307901,1774,1.3,2306.2000000000003,0.16172557815936905,232,4661,0.81356
2037-10-07,Google,36-50,North India,Desktop,Text,9,14226,10,0.036778806726969114,523,0.9,470.7,0.04053021114519449,17,4662,0.81352
2037-10-08,Instagram,26-35,West India,Mobile,Video,22,32157,10,0.08116736297097679,2610,1.3,3393.0,0.17751283663587655,376,4663,0.81348
2037-10-09,Instagram,18-25,West India,Mobile,Video,19,87300,10,0.09254629743426991,8079,1.3,10502.7,0.15537916468337906,1020,4664,0.8134399999999999
2037-10-10,Instagram,26-35,South India,Mobile,Text,13,84740,10,0.10841017435293678,9186,1.3,11941.800000000001,0.05263823207311798,392,4665,0.8134
2037-10-11,Google,26-35,North India,Desktop,Video,19,1188,10,0.06783425647981901,80,0.9,72.0,0.1317744453267107,8,4666,0.81336
2037-10-12,Instagram,18-25,West India,Desktop,Video,19,96933,10,0.05558728764203537,5388,1.3,7004.400000000001,0.06626867354029632,290,4667,0.81332
2037-10-13,Instagram,36-50,South India,Mobile,Image,10,10414,10,0.04459655378356627,464,1.3,603.2,0.0935292874580044,34,4668,0.81328
2037-10-14,Instagram,36-50,West India,Mobile,Video,1,7746,10,0.044057956494636,341,1.3,443.3,0.18306946760840784,50,4669,0.81324
2037-10-15,Google,18-25,South India,Mobile,Text,12,15331,10,0.035904256230187,550,0.9,495.0,0.05059328424863318,21,4670,0.8131999999999999
2037-10-16,Instagram,26-35,West India,Mobile,Video,12,77790,10,0.09069056329775473,7054,1.3,9170.2,0.1251771522654791,717,4671,0.81316
2037-10-17,Instagram,26-35,West India,Mobile,Image,8,76753,10,0.07646360967344554,5868,1.3,7628.400000000001,0.1247998202916051,595,4672,0.81312
2037-10-18,Google,26-35,South India,Mobile,Text,16,82119,10,0.0729404985826532,5989,0.9,5390.1,0.16051294853046927,781,4673,0.81308
2037-10-19,Google,36-50,North India,Desktop,Text,14,38380,10,0.026943400858033942,1034,0.9,930.6,0.1156478622955788,96,4674,0.81304
2037-10-20,Instagram,26-35,South India,Mobile,Text,23,35318,10,0.07881858755915211,2783,1.3,3617.9,0.05562745503395354,125,4675,0.813
2037-10-21,Google,36-50,North India,Desktop,Text,21,16800,10,0.05740220218220356,964,0.9,867.6,0.14183058766010104,110,4676,0.81296
2037-10-22,Instagram,26-35,West India,Mobile,Image,22,96748,10,0.06553578156944788,6340,1.3,8242.0,0.10691406976663265,550,4677,0.81292
2037-10-23,Instagram,18-25,West India,Mobile,Image,20,28492,10,0.07621849940316146,2171,1.3,2822.3,0.0917604343996252,161,4678,0.81288
2037-10-24,Instagram,18-25,South India,Mobile,Image,21,99128,10,0.09420284438538275,9338,1.3,12139.4,0.06382152585879759,483,4679,0.81284
2037-10-25,Google,36-50,South India,Mobile,Image,21,6233,10,0.08018360934935778,499,0.9,449.1,0.18775626777528148,75,4680,0.8128
2037-10-26,Google,36-50,North India,Mobile,Video,15,23019,10,0.03163271756096609,728,0.9,655.2,0.13915846728018558,82,4681,0.8127599999999999
2037-10-27,Instagram,18-25,North India,Desktop,Image,9,12447,10,0.033997035038016606,423,1.3,549.9,0.1694023409055668,57,4682,0.81272
2037-10-28,Google,18-25,North India,Mobile,Video,19,80572,10,0.037329303579220124,3007,0.9,2706.3,0.07334899369586753,178,4683,0.81268
2037-10-29,Instagram,26-35,South India,Mobile,Text,11,11998,10,0.049557717076265266,594,1.3,772.2,0.10884987722798373,52,4684,0.81264
2037-10-30,Google,18-25,West India,Desktop,Video,4,33801,10,0.0494035578538984,1669,0.9,1502.1000000000001,0.0664608812107782,89,4685,0.8126
2037-10-31,Google,36-50,South India,Mobile,Video,19,25871,10,0.038583298124503014,998,0.9,898.2,0.14968617279766808,121,4686,0.81256
2037-11-01,Google,18-25,West India,Mobile,Video,16,28076,11,0.06373142487975367,1789,0.9,1610.1000000000001,0.19748502641390542,286,4687,0.81252
2037-11-02,Google,36-50,South India,Mobile,Image,9,94688,11,0.06572714378903077,6223,0.9,5600.7,0.06083541120594429,307,4688,0.81248
2037-11-03,Instagram,36-50,South India,Desktop,Image,5,2429,11,0.04168559167252217,101,1.3,131.3,0.08552591634608983,6,4689,0.81244
2037-11-04,Google,26-35,North India,Desktop,Text,20,11381,11,0.026282897851061415,299,0.9,269.1,0.10944553617494825,25,4690,0.8124
2037-11-05,Google,26-35,West India,Mobile,Image,19,2987,11,0.059454183774400794,177,0.9,159.3,0.050680185051203155,6,4691,0.81236
2037-11-06,Google,26-35,South India,Mobile,Video,5,95855,11,0.070962018081256,6802,0.9,6121.8,0.13669641404289049,754,4692,0.8123199999999999
2037-11-07,Google,26-35,South India,Desktop,Image,11,89191,11,0.056128099546322065,5006,0.9,4505.400000000001,0.09529149066543745,387,4693,0.81228
2037-11-08,Google,18-25,West India,Desktop,Image,20,20266,11,0.027922452651014517,565,0.9,508.5,0.15734074712696502,71,4694,0.81224
2037-11-09,Instagram,26-35,South India,Mobile,Video,18,60053,11,0.06373739946268395,3827,1.3,4975.1,0.06186924352787459,191,4695,0.8122
2037-11-10,Google,18-25,West India,Desktop,Text,1,78425,11,0.02987771379243156,2343,0.9,2108.7000000000003,0.13674406066150863,259,4696,0.81216
2037-11-11,Google,26-35,North India,Mobile,Image,12,49477,11,0.04121651473626724,2039,0.9,1835.1000000000001,0.13158306081384666,217,4697,0.81212
2037-11-12,Google,26-35,North India,Mobile,Text,21,2547,11,0.03623731604276067,92,0.9,82.8,0.06589738916319321,4,4698,0.81208
2037-11-13,Instagram,36-50,West India,Mobile,Video,19,50614,11,0.042036092399091285,2127,1.3,2765.1,0.08122511379490696,139,4699,0.81204
2037-11-14,Google,18-25,North India,Mobile,Image,10,56859,11,0.0569602608475824,3238,0.9,2914.2000000000003,0.16437345294141506,431,4700,0.812
2037-11-15,Google,36-50,West India,Mobile,Text,14,55457,11,0.04983430430648094,2763,0.9,2486.7000000000003,0.09991505001372482,224,4701,0.81196
2037-11-16,Instagram,26-35,South India,Desktop,Text,12,99817,11,0.03908546990350579,3901,1.3,5071.3,0.08253139092509523,260,4702,0.81192
2037-11-17,Instagram,18-25,South India,Mobile,Video,2,80086,11,0.0657754685109597,5267,1.3,6847.1,0.06101777981993226,260,4703,0.8118799999999999
2037-11-18,Google,26-35,West India,Mobile,Image,13,6174,11,0.03649494592971174,225,0.9,202.5,0.06320979506843476,11,4704,0.81184
2037-11-19,Google,36-50,South India,Mobile,Text,7,21187,11,0.0526590917389258,1115,0.9,1003.5,0.11569980047168203,104,4705,0.8118
2037-11-20,Instagram,18-25,North India,Desktop,Text,8,62031,11,0.03387184795642839,2101,1.3,2731.3,0.09030703992438874,153,4706,0.81176
2037-11-21,Google,36-50,South India,Desktop,Text,14,4938,11,0.04413557523350075,217,0.9,195.3,0.13657116425764468,23,4707,0.81172
2037-11-22,Instagram,26-35,South India,Mobile,Text,22,61833,11,0.10791144686714745,6672,1.3,8673.6,0.14668023831077,793,4708,0.81168
2037-11-23,Instagram,26-35,West India,Mobile,Text,17,2471,11,0.037377034376525904,92,1.3,119.60000000000001,0.08126380151558578,5,4709,0.81164
2037-11-24,Google,26-35,North India,Mobile,Text,7,58155,11,0.038910517414492994,2262,0.9,2035.8,0.04371012698417777,79,4710,0.8116
2037-11-25,Google,18-25,South India,Mobile,Text,10,17721,11,0.07139478459305418,1265,0.9,1138.5,0.14101124559335404,144,4711,0.81156
2037-11-26,Google,36-50,South India,Mobile,Text,4,73587,11,0.05423208710866041,3990,0.9,3591.0,0.10988457913315028,355,4712,0.81152
2037-11-27,Instagram,36-50,West India,Mobile,Text,14,65305,11,0.08725927333639555,5698,1.3,7407.400000000001,0.150595234724237,696,4713,0.81148
2037-11-28,Google,26-35,West India,Desktop,Text,14,8444,11,0.03648617941385554,308,0.9,277.2,0.12876564002932137,31,4714,0.8114399999999999
2037-11-29,Google,36-50,North India,Mobile,Image,6,94193,11,0.07583997296645485,7143,0.9,6428.7,0.08176667197427664,473,4715,0.8114
2037-11-30,Instagram,18-25,South India,Mobile,Video,20,96335,11,0.07479144351423962,7205,1.3,9366.5,0.1319849770683496,770,4716,0.81136
2037-12-01,Instagram,26-35,West India,Mobile,Video,17,68928,12,0.08914369912653408,6144,1.3,7987.200000000001,0.08757676354094862,436,4717,0.81132
2037-12-02,Google,26-35,West India,Mobile,Video,11,16729,12,0.038797169591403134,649,0.9,584.1,0.13401574750201975,69,4718,0.81128
2037-12-03,Instagram,26-35,West India,Mobile,Text,11,34744,12,0.033449156629910375,1162,1.3,1510.6000000000001,0.11857627024075182,111,4719,0.81124
2037-12-04,Google,18-25,North India,Mobile,Video,3,55130,12,0.06781811282045913,3738,0.9,3364.2000000000003,0.14335320605813448,433,4720,0.8112
2037-12-05,Google,26-35,West India,Desktop,Text,10,96245,12,0.05231616870915719,5035,0.9,4531.5,0.07470793206531438,304,4721,0.81116
2037-12-06,Google,26-35,North India,Mobile,Image,20,37836,12,0.08056151623200804,3048,0.9,2743.2000000000003,0.14749888772752393,364,4722,0.81112
2037-12-07,Google,26-35,North India,Mobile,Video,5,76431,12,0.03848319924270867,2941,0.9,2646.9,0.06236737756931971,148,4723,0.81108
2037-12-08,Google,26-35,South India,Mobile,Image,20,18255,12,0.07284166728966406,1329,0.9,1196.1000000000001,0.06595342272171706,70,4724,0.81104
2037-12-09,Google,36-50,South India,Desktop,Image,9,69945,12,0.027896528148685425,1951,0.9,1755.9,0.10624057328308116,167,4725,0.8109999999999999
2037-12-10,Instagram,26-35,North India,Mobile,Text,14,13744,12,0.051187671581361775,703,1.3,913.9,0.11168860661281424,63,4726,0.81096
2037-12-11,Instagram,18-25,South India,Desktop,Video,0,68085,12,0.03759191873769785,2559,1.3,3326.7000000000003,0.18108551331237457,375,4727,0.81092
2037-12-12,Instagram,26-35,South India,Mobile,Image,16,81621,12,0.07100221628526653,5795,1.3,7533.5,0.10044461017831911,471,4728,0.81088
2037-12-13,Google,26-35,West India,Mobile,Video,2,45467,12,0.07610093356151487,3460,0.9,3114.0,0.16503012794746344,462,4729,0.81084
2037-12-14,Google,36-50,South India,Desktop,Image,10,21845,12,0.03532660627066861,771,0.9,693.9,0.053330209388920545,33,4730,0.8108
2037-12-15,Google,26-35,North India,Mobile,Image,17,81272,12,0.07462801538442089,6065,0.9,5458.5,0.07657291932670642,376,4731,0.8107599999999999
2037-12-16,Instagram,36-50,South India,Mobile,Text,9,36389,12,0.04595352818380135,1672,1.3,2173.6,0.12821492670758128,173,4732,0.81072
2037-12-17,Instagram,18-25,West India,Mobile,Video,20,3529,12,0.0911972296652934,321,1.3,417.3,0.07891895537503874,20,4733,0.81068
2037-12-18,Google,36-50,North India,Desktop,Text,8,44117,12,0.031626432143088634,1395,0.9,1255.5,0.05634709483418601,63,4734,0.81064
2037-12-19,Google,26-35,South India,Mobile,Text,6,57314,12,0.06739019877000076,3862,0.9,3475.8,0.048772934818567426,152,4735,0.8106
2037-12-20,Google,18-25,North India,Mobile,Text,10,27932,12,0.06758371105041178,1887,0.9,1698.3,0.07350344837501112,111,4736,0.81056
2037-12-21,Google,26-35,South India,Mobile,Text,7,9351,12,0.04493112427119313,420,0.9,378.0,0.14538297579364637,49,4737,0.81052
2037-12-22,Google,36-50,West India,Mobile,Text,1,77536,12,0.06200112280691881,4807,0.9,4326.3,0.13352673573490353,519,4738,0.81048
2037-12-23,Instagram,18-25,South India,Mobile,Image,4,43959,12,0.07049685889005489,3098,1.3,4027.4,0.17680383005132852,443,4739,0.81044
2037-12-24,Instagram,18-25,North India,Mobile,Video,8,23949,12,0.03795157547913467,908,1.3,1180.4,0.05145796310642549,37,4740,0.8104
2037-12-25,Google,36-50,North India,Mobile,Video,0,28569,12,0.0766804586195244,2190,0.9,1971.0,0.20416079745950197,362,4741,0.81036
2037-12-26,Google,36-50,North India,Mobile,Text,16,57108,12,0.036437297257026144,2080,0.9,1872.0,0.08912359206382509,149,4742,0.8103199999999999
2037-12-27,Instagram,18-25,South India,Mobile,Video,9,20318,12,0.03725692325046208,756,1.3,982.8000000000001,0.2140799552053047,130,4743,0.81028
2037-12-28,Google,18-25,South India,Mobile,Image,7,19695,12,0.04289328808086099,844,0.9,759.6,0.18338765374491345,124,4744,0.81024
2037-12-29,Google,36-50,South India,Mobile,Text,17,81704,12,0.05216043600066768,4261,0.9,3834.9,0.10474781960283527,361,4745,0.8102
2037-12-30,Google,26-35,West India,Desktop,Image,9,38096,12,0.05733662761334981,2184,0.9,1965.6000000000001,0.04715256514221973,82,4746,0.81016
2037-12-31,Google,18-25,West India,Desktop,Image,8,87248,12,0.03364091412500947,2935,0.9,2641.5,0.12364576729798141,293,4747,0.81012
2038-01-01,Google,36-50,West India,Mobile,Text,3,86036,1,0.025981356617768004,2235,0.9,2011.5,0.0737571210678016,132,4748,0.81008
2038-01-02,Instagram,26-35,North India,Desktop,Image,1,4747,1,0.07109633940114488,337,1.3,438.1,0.06549996744373594,17,4749,0.81004
2038-01-03,Google,18-25,North India,Desktop,Text,18,65400,1,0.05157134218097468,3372,0.9,3034.8,0.052931740112238154,144,4750,0.81
2038-01-04,Google,18-25,North India,Mobile,Image,9,89744,1,0.04671705209281368,4192,0.9,3772.8,0.11238214234423707,381,4751,0.80996
2038-01-05,Instagram,36-50,North India,Mobile,Video,16,5430,1,0.10373595829669205,563,1.3,731.9,0.06227418082068796,28,4752,0.80992
2038-01-06,Google,26-35,North India,Mobile,Video,2,85371,1,0.027106900243752154,2314,0.9,2082.6,0.17673447083953575,330,4753,0.8098799999999999
2038-01-07,Instagram,18-25,South India,Desktop,Video,20,29927,1,0.045719357285417955,1368,1.3,1778.4,0.0948038112416986,104,4754,0.80984
2038-01-08,Instagram,26-35,North India,Mobile,Text,18,61411,1,0.11289412276669902,6932,1.3,9011.6,0.09439733062866977,529,4755,0.8098
2038-01-09,Google,26-35,South India,Mobile,Image,18,9963,1,0.0535768812902508,533,0.9,479.7,0.0633208720883956,26,4756,0.80976
2038-01-10,Instagram,18-25,West India,Mobile,Image,21,87961,1,0.059116174847575566,5199,1.3,6758.7,0.16034808750716922,674,4757,0.80972
2038-01-11,Google,26-35,West India,Desktop,Video,18,84031,1,0.026030459897800968,2187,0.9,1968.3,0.16427068005665324,290,4758,0.80968
2038-01-12,Instagram,18-25,West India,Mobile,Video,18,45271,1,0.09643853786382602,4365,1.3,5674.5,0.08269567539932864,291,4759,0.80964
2038-01-13,Google,26-35,West India,Desktop,Text,14,79134,1,0.018508762390211524,1464,0.9,1317.6000000000001,0.11917315005922936,140,4760,0.8096
2038-01-14,Instagram,18-25,West India,Desktop,Text,17,10786,1,0.07663760041211558,826,1.3,1073.8,0.04386511589053132,29,4761,0.80956
2038-01-15,Instagram,36-50,North India,Mobile,Image,16,77457,1,0.08389206094228109,6498,1.3,8447.4,0.1407048186333751,739,4762,0.80952
2038-01-16,Google,18-25,North India,Mobile,Text,9,43241,1,0.07518096222082392,3250,0.9,2925.0,0.08773370329143217,230,4763,0.80948
2038-01-17,Google,18-25,North India,Mobile,Text,23,96789,1,0.03896506956799576,3771,0.9,3393.9,0.045886763408827455,140,4764,0.8094399999999999
2038-01-18,Instagram,18-25,West India,Desktop,Text,13,86505,1,0.04142520373379621,3583,1.3,4657.900000000001,0.09950691256700787,288,4765,0.8094
2038-01-19,Instagram,26-35,West India,Desktop,Video,18,90521,1,0.10146557419818603,9184,1.3,11939.2,0.08174553919616928,607,4766,0.80936
2038-01-20,Google,36-50,South India,Desktop,Video,22,48232,1,0.03883360043477842,1873,0.9,1685.7,0.1771283915261245,267,4767,0.80932
2038-01-21,Instagram,26-35,North India,Mobile,Image,17,12020,1,0.08894372255548078,1069,1.3,1389.7,0.13224640829058998,114,4768,0.80928
2038-01-22,Google,26-35,West India,Mobile,Text,10,36141,1,0.07019137454988905,2536,0.9,2282.4,0.12453996638557045,254,4769,0.80924
2038-01-23,Google,18-25,West India,Mobile,Video,10,30461,1,0.022606984356457027,688,0.9,619.2,0.19833824365586716,110,4770,0.8092
2038-01-24,Google,26-35,West India,Mobile,Text,11,15352,1,0.05800638957087605,890,0.9,801.0,0.11193780384979833,80,4771,0.80916
2038-01-25,Google,18-25,South India,Desktop,Image,7,56994,1,0.048873972595454195,2785,0.9,2506.5,0.11973244312293653,269,4772,0.80912
2038-01-26,Instagram,36-50,West India,Mobile,Text,15,16344,1,0.03858096406747567,630,1.3,819.0,0.13565285071544422,68,4773,0.80908
2038-01-27,Google,26-35,South India,Mobile,Image,23,55250,1,0.042371955849739275,2341,0.9,2106.9,0.182575987521134,345,4774,0.80904
2038-01-28,Instagram,26-35,South India,Mobile,Image,7,79661,1,0.0789264419284178,6287,1.3,8173.1,0.1643900203514956,835,4775,0.8089999999999999
2038-01-29,Google,26-35,North India,Mobile,Video,23,20202,1,0.05063195882482013,1022,0.9,919.8000000000001,0.19601153869466714,161,4776,0.80896
2038-01-30,Google,18-25,West India,Mobile,Text,13,43232,1,0.04661556265181146,2015,0.9,1813.5,0.15055263940033092,245,4777,0.80892
2038-01-31,Google,18-25,South India,Mobile,Video,22,67245,1,0.07865427672986781,5289,0.9,4760.1,0.09924241371622541,423,4778,0.80888
2038-02-01,Google,26-35,West India,Desktop,Text,17,7992,2,0.05867889485559933,468,0.9,421.2,0.055859674226280326,21,4779,0.80884
2038-02-02,Google,26-35,North India,Mobile,Text,23,27354,2,0.02676894152000365,732,0.9,658.8000000000001,0.08301336648881037,48,4780,0.8088
2038-02-03,Google,36-50,North India,Mobile,Image,20,79769,2,0.08227424559082798,6562,0.9,5905.8,0.17059125392483743,905,4781,0.8087599999999999
2038-02-04,Instagram,36-50,South India,Mobile,Image,21,5590,2,0.10058493225015391,562,1.3,730.6,0.057624896171935475,25,4782,0.80872
2038-02-05,Google,36-50,North India,Desktop,Text,3,95242,2,0.05958611452189609,5675,0.9,5107.5,0.11279092222687308,517,4783,0.80868
2038-02-06,Google,36-50,North India,Mobile,Video,16,14718,2,0.06403704223681628,942,0.9,847.8000000000001,0.1813933692645455,137,4784,0.80864
2038-02-07,Google,36-50,North India,Desktop,Image,12,89007,2,0.051393715240683514,4574,0.9,4116.6,0.17052753677303537,629,4785,0.8086
2038-02-08,Instagram,18-25,West India,Mobile,Image,4,14105,2,0.10165742781900021,1433,1.3,1862.9,0.12675974604148513,146,4786,0.80856
2038-02-09,Instagram,36-50,West India,Mobile,Text,2,6081,2,0.07739971891076014,470,1.3,611.0,0.07923123901873387,29,4787,0.80852
2038-02-10,Google,36-50,South India,Mobile,Text,8,93254,2,0.041332786759482716,3854,0.9,3468.6,0.059194036272433886,184,4788,0.80848
2038-02-11,Google,26-35,South India,Mobile,Image,19,60967,2,0.029114045176747892,1774,0.9,1596.6000000000001,0.19519135866066634,279,4789,0.80844
2038-02-12,Google,18-25,North India,Desktop,Video,17,21384,2,0.03658406895479331,782,0.9,703.8000000000001,0.1931028392082947,122,4790,0.8084
2038-02-13,Instagram,36-50,North India,Mobile,Image,19,71081,2,0.04807857564058611,3417,1.3,4442.1,0.1450010036302726,400,4791,0.80836
2038-02-14,Google,36-50,South India,Mobile,Text,18,6339,2,0.055569043307256365,352,0.9,316.8,0.16094010503739753,45,4792,0.8083199999999999
2038-02-15,Google,36-50,North India,Mobile,Image,18,16353,2,0.07642873190516296,1249,0.9,1124.1000000000001,0.04609363616398173,46,4793,0.80828
2038-02-16,Google,26-35,South India,Desktop,Text,20,60487,2,0.049108109053206735,2970,0.9,2673.0,0.12006241334144274,287,4794,0.80824
2038-02-17,Google,26-35,West India,Desktop,Image,15,27376,2,0.03147422166571284,861,0.9,774.9,0.07847148151039242,54,4795,0.8082
2038-02-18,Google,26-35,North India,Mobile,Text,0,94564,2,0.0331601789284443,3135,0.9,2821.5,0.11885018287053817,300,4796,0.80816
2038-02-19,Instagram,36-50,North India,Mobile,Text,4,85636,2,0.04223787612682366,3617,1.3,4702.1,0.04312076439399995,125,4797,0.80812
2038-02-20,Google,26-35,North India,Desktop,Video,23,5302,2,0.019611155327127084,103,0.9,92.7,0.08689170701292064,6,4798,0.80808
2038-02-21,Instagram,36-50,West India,Desktop,Text,14,2809,2,0.04698607267654338,131,1.3,170.3,0.1351799933077184,13,4799,0.80804
2038-02-22,Google,18-25,West India,Mobile,Image,11,95453,2,0.025774105322054344,2460,0.9,2214.0,0.14492257047613505,287,4800,0.808
2038-02-23,Google,36-50,North India,Mobile,Text,0,6830,2,0.07023525892574395,479,0.9,431.1,0.14444809015474472,55,4801,0.80796
2038-02-24,Instagram,26-35,South India,Desktop,Image,13,19381,2,0.03666870510286003,710,1.3,923.0,0.14317346680346246,81,4802,0.80792
2038-02-25,Google,18-25,West India,Mobile,Video,17,49637,2,0.05753236296116429,2855,0.9,2569.5,0.09891663573285449,227,4803,0.8078799999999999
2038-02-26,Instagram,36-50,North India,Mobile,Image,17,68666,2,0.07835645252459118,5380,1.3,6994.0,0.11086851142356798,481,4804,0.80784
2038-02-27,Google,18-25,North India,Desktop,Video,5,5412,2,0.028161948442479552,152,0.9,136.8,0.19625703860102595,23,4805,0.8078
2038-02-28,Google,18-25,West India,Mobile,Video,0,77420,2,0.06093478870453736,4717,0.9,4245.3,0.15749627886984452,599,4806,0.80776
2038-03-01,Instagram,18-25,South India,Desktop,Text,16,61520,3,0.04780901803637543,2941,1.3,3823.3,0.1680670263091381,399,4807,0.80772
2038-03-02,Google,36-50,North India,Mobile,Video,17,56665,3,0.031622046609414894,1791,0.9,1611.9,0.054178024379972184,78,4808,0.80768
2038-03-03,Instagram,26-35,South India,Desktop,Image,14,90668,3,0.03487192020824778,3161,1.3,4109.3,0.11100193536539715,282,4809,0.80764
2038-03-04,Google,36-50,South India,Mobile,Video,11,47775,3,0.08146783508144773,3892,0.9,3502.8,0.24820924962806254,780,4810,0.8076
2038-03-05,Instagram,26-35,West India,Desktop,Video,12,48733,3,0.0463629483185745,2259,1.3,2936.7000000000003,0.060060718411403584,109,4811,0.80756
2038-03-06,Google,36-50,North India,Mobile,Text,19,23707,3,0.030915367649187113,732,0.9,658.8000000000001,0.10008286357544482,58,4812,0.80752
2038-03-07,Google,36-50,North India,Mobile,Image,1,31478,3,0.028058814074977956,883,0.9,794.7,0.09249726866899868,65,4813,0.80748
2038-03-08,Instagram,36-50,South India,Mobile,Video,3,7745,3,0.08059868802325638,624,1.3,811.2,0.1894403874500556,95,4814,0.8074399999999999
2038-03-09,Instagram,26-35,West India,Desktop,Text,2,38970,3,0.09413489472774324,3668,1.3,4768.400000000001,0.05863496288418979,173,4815,0.8074
2038-03-10,Instagram,36-50,West India,Mobile,Text,18,12882,3,0.05949849164784206,766,1.3,995.8000000000001,0.12291701338852436,75,4816,0.80736
2038-03-11,Instagram,18-25,West India,Mobile,Image,7,78300,3,0.04640280173178428,3633,1.3,4722.900000000001,0.19674359585941445,576,4817,0.80732
2038-03-12,Instagram,36-50,South India,Mobile,Text,11,91101,3,0.06356155316544518,5790,1.3,7527.0,0.08018485986047182,374,4818,0.80728
2038-03-13,Google,18-25,South India,Mobile,Video,11,70979,3,0.04427926364083816,3142,0.9,2827.8,0.15187907288824679,385,4819,0.80724
2038-03-14,Google,26-35,North India,Mobile,Text,9,14583,3,0.04682508504777916,682,0.9,613.8000000000001,0.039223245810398516,20,4820,0.8072
2038-03-15,Google,26-35,West India,Desktop,Image,0,42290,3,0.03271877502735418,1383,0.9,1244.7,0.11084350325348741,123,4821,0.80716
2038-03-16,Google,36-50,South India,Mobile,Image,4,54857,3,0.028002903718922237,1536,0.9,1382.4,0.11717512346851436,144,4822,0.80712
2038-03-17,Google,36-50,West India,Mobile,Text,19,76672,3,0.08647816349874378,6630,0.9,5967.0,0.11132017458337867,595,4823,0.80708
2038-03-18,Google,36-50,South India,Desktop,Video,10,87759,3,0.05040193082907772,4423,0.9,3980.7000000000003,0.11027631999755523,393,4824,0.80704
2038-03-19,Google,18-25,North India,Mobile,Text,8,21342,3,0.0746954249880601,1594,0.9,1434.6000000000001,0.07639978070721501,97,4825,0.8069999999999999
2038-03-20,Instagram,26-35,West India,Mobile,Image,13,54816,3,0.0648312365767874,3553,1.3,4618.900000000001,0.13792409006696071,395,4826,0.80696
2038-03-21,Google,18-25,South India,Mobile,Text,2,76412,3,0.08379169166585877,6402,0.9,5761.8,0.17195129596451827,887,4827,0.80692
2038-03-22,Google,18-25,West India,Mobile,Text,4,59314,3,0.08243275701897862,4889,0.9,4400.1,0.0681874377477681,268,4828,0.80688
2038-03-23,Google,36-50,South India,Mobile,Video,23,1746,3,0.04064290096934081,70,0.9,63.0,0.19579370428121423,10,4829,0.80684
2038-03-24,Instagram,36-50,South India,Mobile,Text,20,25330,3,0.12614373182883573,3195,1.3,4153.5,0.11657397308560064,300,4830,0.8068
2038-03-25,Instagram,18-25,South India,Desktop,Video,8,80588,3,0.07784221915185184,6273,1.3,8154.900000000001,0.07934495059409089,400,4831,0.80676
2038-03-26,Instagram,18-25,West India,Mobile,Text,17,43344,3,0.041196947456052915,1785,1.3,2320.5,0.111415214840381,159,4832,0.80672
2038-03-27,Google,36-50,South India,Mobile,Text,5,99112,3,0.07929729774253355,7859,0.9,7073.1,0.14320126034203348,907,4833,0.80668
2038-03-28,Google,36-50,North India,Desktop,Video,20,29606,3,0.06252644971597386,1851,0.9,1665.9,0.15518945340282997,231,4834,0.80664
2038-03-29,Google,18-25,West India,Mobile,Video,6,97537,3,0.05294481910324903,5164,0.9,4647.6,0.07209574677118875,300,4835,0.8066
2038-03-30,Google,36-50,North India,Desktop,Image,15,55473,3,0.03849375170790531,2135,0.9,1921.5,0.166819141145595,287,4836,0.8065599999999999
2038-03-31,Google,36-50,North India,Mobile,Video,7,10210,3,0.04956030235951986,506,0.9,455.40000000000003,0.057358591311928234,23,4837,0.80652
2038-04-01,Google,18-25,West India,Mobile,Text,22,81615,4,0.09903208796374152,8082,0.9,7273.8,0.07450146906322434,485,4838,0.80648
2038-04-02,Google,18-25,South India,Mobile,Image,9,28154,4,0.09108058367808805,2564,0.9,2307.6,0.1665831486951671,344,4839,0.80644
2038-04-03,Instagram,26-35,North India,Mobile,Video,4,29687,4,0.10056336490321116,2985,1.3,3880.5,0.09647378233209072,231,4840,0.8064
2038-04-04,Instagram,18-25,West India,Mobile,Video,10,73684,4,0.07424634712488067,5470,1.3,7111.0,0.07812262611677327,344,4841,0.80636
2038-04-05,Google,36-50,South India,Mobile,Image,20,79391,4,0.07286827458723187,5785,0.9,5206.5,0.14740249549356288,686,4842,0.8063199999999999
2038-04-06,Google,18-25,West India,Mobile,Text,12,95052,4,0.05122539013997132,4869,0.9,4382.1,0.14396730953814832,564,4843,0.80628
2038-04-07,Google,18-25,West India,Mobile,Text,19,16473,4,0.099124854287673,1632,0.9,1468.8,0.09945583294423525,130,4844,0.80624
2038-04-08,Google,18-25,West India,Mobile,Image,1,52176,4,0.06439903911506478,3360,0.9,3024.0,0.1653414543880184,447,4845,0.8062
2038-04-09,Instagram,26-35,South India,Mobile,Text,13,65579,4,0.11046928724772469,7244,1.3,9417.2,0.18007155911555645,1051,4846,0.80616
2038-04-10,Google,26-35,North India,Mobile,Video,8,31285,4,0.05571086653024862,1742,0.9,1567.8,0.238348732653595,334,4847,0.80612
2038-04-11,Instagram,36-50,North India,Mobile,Text,9,89093,4,0.125802504099183,11208,1.3,14570.4,0.07040471494114608,635,4848,0.80608
2038-04-12,Google,26-35,West India,Mobile,Video,9,43502,4,0.054785650109263374,2383,0.9,2144.7000000000003,0.1796408003783006,344,4849,0.80604
2038-04-13,Instagram,18-25,West India,Mobile,Text,9,15219,4,0.08624496647460811,1312,1.3,1705.6000000000001,0.0789096046647138,83,4850,0.806
2038-04-14,Google,26-35,South India,Mobile,Video,18,52863,4,0.040543732644380194,2143,0.9,1928.7,0.25649489028132616,442,4851,0.80596
2038-04-15,Instagram,18-25,West India,Mobile,Image,10,45006,4,0.11975239769409625,5389,1.3,7005.7,0.1975683618380125,857,4852,0.80592
2038-04-16,Google,26-35,West India,Mobile,Video,10,57170,4,0.07154851290816494,4090,0.9,3681.0,0.12254764148605103,403,4853,0.8058799999999999
2038-04-17,Instagram,26-35,West India,Desktop,Text,2,59798,4,0.06113314278206401,3655,1.3,4751.5,0.13295501557525094,390,4854,0.80584
2038-04-18,Google,26-35,North India,Mobile,Video,18,40965,4,0.0921155714738587,3773,0.9,3395.7000000000003,0.22472758651304856,682,4855,0.8058
2038-04-19,Google,18-25,West India,Mobile,Text,23,35470,4,0.08867324541753087,3145,0.9,2830.5,0.11339432682867856,286,4856,0.80576
2038-04-20,Instagram,26-35,North India,Desktop,Text,21,65147,4,0.0722664806188249,4707,1.3,6119.1,0.13649904748184635,517,4857,0.80572
2038-04-21,Instagram,18-25,South India,Desktop,Video,0,40984,4,0.03454201718306706,1415,1.3,1839.5,0.24095771652100045,273,4858,0.80568
2038-04-22,Instagram,18-25,South India,Desktop,Text,11,46380,4,0.09181672262142751,4258,1.3,5535.400000000001,0.181837438765463,623,4859,0.80564
2038-04-23,Instagram,36-50,North India,Mobile,Image,14,72860,4,0.12916638220613585,9411,1.3,12234.300000000001,0.12782713080952757,968,4860,0.8056
2038-04-24,Instagram,26-35,North India,Mobile,Text,13,86793,4,0.11070425339072629,9608,1.3,12490.4,0.166527894646864,1288,4861,0.80556
2038-04-25,Google,36-50,North India,Desktop,Image,2,74849,4,0.06783525006070862,5077,0.9,4569.3,0.14598093625509845,596,4862,0.80552
2038-04-26,Google,36-50,North India,Desktop,Image,19,48227,4,0.07139172320328904,3443,0.9,3098.7000000000003,0.06981571892087615,193,4863,0.80548
2038-04-27,Google,18-25,West India,Mobile,Text,12,92588,4,0.06223886491475846,5762,0.9,5185.8,0.12825882474653652,595,4864,0.8054399999999999
2038-04-28,Instagram,26-35,North India,Mobile,Image,17,25603,4,0.08991389109777298,2302,1.3,2992.6,0.09323642556365186,172,4865,0.8054
2038-04-29,Google,18-25,North India,Desktop,Image,15,88298,4,0.05012610554132844,4426,0.9,3983.4,0.10498482070113017,373,4866,0.80536
2038-04-30,Google,18-25,North India,Mobile,Video,5,19508,4,0.0905274157477556,1766,0.9,1589.4,0.2096327759479456,297,4867,0.80532
2038-05-01,Instagram,26-35,West India,Mobile,Image,9,83351,5,0.0337773927567974,2815,1.3,3659.5,0.17626864561903138,399,4868,0.80528
2038-05-02,Instagram,18-25,West India,Mobile,Image,16,5974,5,0.039272371040679814,234,1.3,304.2,0.16177955262221486,29,4869,0.80524
2038-05-03,Google,26-35,West India,Mobile,Image,16,21161,5,0.050453094277505266,1067,0.9,960.3000000000001,0.08561250643227976,73,4870,0.8052
2038-05-04,Google,26-35,South India,Mobile,Image,7,30730,5,0.04024952016632478,1236,0.9,1112.4,0.1138634568760696,112,4871,0.80516
2038-05-05,Google,18-25,West India,Mobile,Image,3,79259,5,0.023073275188576832,1828,0.9,1645.2,0.177689684537892,260,4872,0.80512
2038-05-06,Google,18-25,North India,Desktop,Text,14,82009,5,0.019954351096187393,1636,0.9,1472.4,0.1367051662751376,179,4873,0.80508
2038-05-07,Google,36-50,West India,Mobile,Image,0,2085,5,0.023663085883934468,49,0.9,44.1,0.1767728523151088,6,4874,0.80504
2038-05-08,Instagram,18-25,West India,Mobile,Text,6,89115,5,0.06263622525993973,5581,1.3,7255.3,0.08551718071976357,383,4875,0.8049999999999999
2038-05-09,Instagram,26-35,North India,Desktop,Text,9,89179,5,0.06062728673929189,5406,1.3,7027.8,0.12280367765551262,533,4876,0.80496
2038-05-10,Instagram,36-50,West India,Mobile,Text,6,93206,5,0.056421451633920594,5258,1.3,6835.400000000001,0.13767485362357917,581,4877,0.80492
2038-05-11,Google,26-35,South India,Mobile,Video,0,19869,5,0.04862824931019551,966,0.9,869.4,0.06097986747681658,46,4878,0.80488
2038-05-12,Instagram,36-50,West India,Mobile,Video,16,16771,5,0.09049288997103493,1517,1.3,1972.1000000000001,0.09270274424351681,112,4879,0.80484
2038-05-13,Google,18-25,South India,Mobile,Text,11,42060,5,0.07259855720067881,3053,0.9,2747.7000000000003,0.15304804749198242,375,4880,0.8048
2038-05-14,Google,18-25,South India,Mobile,Video,16,76882,5,0.026044300242010772,2002,0.9,1801.8,0.12463961155188312,200,4881,0.80476
2038-05-15,Instagram,18-25,South India,Mobile,Image,14,22462,5,0.09805899892238648,2202,1.3,2862.6,0.08690780008354865,153,4882,0.80472
2038-05-16,Google,26-35,North India,Desktop,Text,23,20432,5,0.027737560725345403,566,0.9,509.40000000000003,0.06312777329030408,28,4883,0.80468
2038-05-17,Google,36-50,West India,Desktop,Text,15,14174,5,0.061656921418717495,873,0.9,785.7,0.07867319188040496,54,4884,0.80464
2038-05-18,Instagram,26-35,South India,Mobile,Text,22,83719,5,0.12998080780696974,10881,1.3,14145.300000000001,0.06933473307601422,606,4885,0.8046
2038-05-19,Google,36-50,South India,Mobile,Video,13,30697,5,0.05786070102620667,1776,0.9,1598.4,0.053421540123805,75,4886,0.8045599999999999
2038-05-20,Instagram,18-25,West India,Mobile,Video,2,53974,5,0.0334839154828964,1807,1.3,2349.1,0.0769959847687283,111,4887,0.80452
2038-05-21,Google,26-35,North India,Mobile,Video,18,6611,5,0.06678038077257328,441,0.9,396.90000000000003,0.18645897872283004,65,4888,0.80448
2038-05-22,Instagram,18-25,North India,Mobile,Image,11,23393,5,0.058942782933387276,1378,1.3,1791.4,0.04806126344509105,53,4889,0.80444
2038-05-23,Google,26-35,South India,Desktop,Video,18,92407,5,0.0221599890337845,2047,0.9,1842.3,0.12912277701440833,212,4890,0.8044
2038-05-24,Google,18-25,North India,Mobile,Text,17,6263,5,0.02388256338499372,149,0.9,134.1,0.08390595191341592,9,4891,0.80436
2038-05-25,Instagram,26-35,West India,Mobile,Video,13,22954,5,0.0673654328859522,1546,1.3,2009.8000000000002,0.17872986591712145,221,4892,0.8043199999999999
2038-05-26,Google,26-35,North India,Mobile,Video,19,12996,5,0.05659876892292582,735,0.9,661.5,0.08591336040769408,50,4893,0.80428
2038-05-27,Google,36-50,West India,Mobile,Video,22,11805,5,0.08816395667881262,1040,0.9,936.0,0.10001982044407914,83,4894,0.80424
2038-05-28,Google,18-25,South India,Desktop,Video,8,75643,5,0.05084539275675009,3846,0.9,3461.4,0.05543819701697277,171,4895,0.8042
2038-05-29,Google,36-50,West India,Desktop,Text,2,77003,5,0.03478357385853234,2678,0.9,2410.2000000000003,0.14143684318669247,303,4896,0.80416
2038-05-30,Google,36-50,South India,Mobile,Video,22,22024,5,0.03635557230746297,800,0.9,720.0,0.17949092238683373,114,4897,0.80412
2038-05-31,Google,18-25,West India,Mobile,Text,11,42607,5,0.07579834531776165,3229,0.9,2906.1,0.06527870122258929,168,4898,0.80408
2038-06-01,Instagram,26-35,West India,Desktop,Video,19,85215,6,0.10181943196515766,8676,1.3,11278.800000000001,0.18724738548320385,1305,4899,0.80404
2038-06-02,Google,36-50,North India,Desktop,Image,16,78806,6,0.02532324564900337,1995,0.9,1795.5,0.047039569422277515,74,4900,0.804
2038-06-03,Google,18-25,West India,Desktop,Image,4,84351,6,0.04624066490760043,3900,0.9,3510.0,0.08699662210798553,272,4901,0.80396
2038-06-04,Google,26-35,South India,Mobile,Text,7,88092,6,0.025709534638635154,2264,0.9,2037.6000000000001,0.10561617142393456,192,4902,0.80392
2038-06-05,Google,36-50,West India,Mobile,Text,18,80423,6,0.079505937439708,6394,0.9,5754.6,0.08944809415352598,459,4903,0.8038799999999999
2038-06-06,Instagram,36-50,South India,Mobile,Image,3,90461,6,0.054076309586180746,4891,1.3,6358.3,0.13761297427747674,540,4904,0.80384
2038-06-07,Google,36-50,South India,Mobile,Image,14,13324,6,0.03324115522071359,442,0.9,397.8,0.08533815471966215,29,4905,0.8038
2038-06-08,Instagram,26-35,West India,Desktop,Video,18,1723,6,0.059706449563249116,102,1.3,132.6,0.16655149743884223,12,4906,0.80376
2038-06-09,Google,36-50,North India,Mobile,Image,14,59323,6,0.026322882080384587,1561,0.9,1404.9,0.08732812514997637,109,4907,0.80372
2038-06-10,Instagram,26-35,West India,Mobile,Text,13,74811,6,0.035444743467952226,2651,1.3,3446.3,0.04646484774699068,98,4908,0.80368
2038-06-11,Google,36-50,West India,Mobile,Text,15,14405,6,0.05679521718372824,818,0.9,736.2,0.11600238368855066,75,4909,0.80364
2038-06-12,Instagram,18-25,North India,Desktop,Image,23,2365,6,0.05009258004527243,118,1.3,153.4,0.15132399568889623,13,4910,0.8036
2038-06-13,Instagram,36-50,South India,Mobile,Text,9,58893,6,0.06993551614004302,4118,1.3,5353.400000000001,0.08084800589885215,266,4911,0.80356
2038-06-14,Google,18-25,West India,Mobile,Video,23,47427,6,0.0398923426788847,1891,0.9,1701.9,0.13970859068200447,212,4912,0.80352
2038-06-15,Google,18-25,North India,Mobile,Video,13,28338,6,0.05001828687320853,1417,0.9,1275.3,0.1476079549462043,167,4913,0.80348
2038-06-16,Google,18-25,North India,Mobile,Image,19,70389,6,0.08324453746665005,5859,0.9,5273.1,0.14116299703277468,664,4914,0.8034399999999999
2038-06-17,Instagram,26-35,South India,Mobile,Text,10,5682,6,0.0801344585949448,455,1.3,591.5,0.06015148259892643,21,4915,0.8034
2038-06-18,Google,18-25,North India,Mobile,Image,1,72496,6,0.03408812828171946,2471,0.9,2223.9,0.10811676563452492,214,4916,0.80336
2038-06-19,Google,36-50,South India,Desktop,Text,18,25727,6,0.04716108294027521,1213,0.9,1091.7,0.12759789036325525,123,4917,0.80332
2038-06-20,Instagram,26-35,West India,Mobile,Text,2,25073,6,0.06765960791419577,1696,1.3,2204.8,0.054811213936052997,73,4918,0.80328
2038-06-21,Google,18-25,North India,Mobile,Text,3,88077,6,0.03457994096500802,3045,0.9,2740.5,0.08142832886002617,198,4919,0.80324
2038-06-22,Instagram,26-35,West India,Desktop,Video,10,20882,6,0.0545617703195595,1139,1.3,1480.7,0.11971218931962681,109,4920,0.8032
2038-06-23,Instagram,26-35,North India,Desktop,Text,12,49232,6,0.08246165862573888,4059,1.3,5276.7,0.12082858208714031,393,4921,0.80316
2038-06-24,Instagram,26-35,North India,Mobile,Video,17,60556,6,0.1004302636385364,6081,1.3,7905.3,0.16117519643656572,787,4922,0.80312
2038-06-25,Instagram,36-50,West India,Mobile,Text,17,53137,6,0.09818042861502731,5217,1.3,6782.1,0.058519290296606276,244,4923,0.80308
2038-06-26,Google,18-25,North India,Mobile,Image,18,46054,6,0.036810507022567024,1695,0.9,1525.5,0.0655335701917372,89,4924,0.80304
2038-06-27,Google,26-35,West India,Mobile,Video,11,68103,6,0.049514347431123054,3372,0.9,3034.8,0.16104731905277303,436,4925,0.8029999999999999
2038-06-28,Google,26-35,West India,Desktop,Video,0,25787,6,0.04429754755066722,1142,0.9,1027.8,0.16364215203120638,149,4926,0.80296
2038-06-29,Google,26-35,South India,Desktop,Video,23,89589,6,0.038075893174167,3411,0.9,3069.9,0.08156766159843498,223,4927,0.80292
2038-06-30,Instagram,18-25,West India,Mobile,Image,5,63181,6,0.08658750754659669,5470,1.3,7111.0,0.09268699192169678,406,4928,0.80288
2038-07-01,Instagram,26-35,South India,Mobile,Video,2,27755,7,0.06816280477928711,1891,1.3,2458.3,0.20540245536246596,311,4929,0.80284
2038-07-02,Google,26-35,West India,Mobile,Image,16,94335,7,0.06814929974542247,6428,0.9,5785.2,0.05111889153961429,263,4930,0.8028
2038-07-03,Google,36-50,North India,Mobile,Text,2,37959,7,0.056937444023980245,2161,0.9,1944.9,0.07456878032288045,129,4931,0.80276
2038-07-04,Instagram,18-25,West India,Mobile,Text,0,76254,7,0.0791845418990951,6038,1.3,7849.400000000001,0.11070038280065983,536,4932,0.80272
2038-07-05,Google,36-50,North India,Mobile,Image,2,90076,7,0.026100384191669868,2351,0.9,2115.9,0.14055454336086784,264,4933,0.80268
2038-07-06,Google,18-25,South India,Mobile,Video,3,91633,7,0.03858821494959634,3535,0.9,3181.5,0.17341117787115837,492,4934,0.80264
2038-07-07,Google,18-25,North India,Mobile,Video,5,89437,7,0.02403445615177307,2149,0.9,1934.1000000000001,0.1090443153733132,187,4935,0.8026
2038-07-08,Instagram,18-25,West India,Mobile,Image,6,95058,7,0.10613476102610195,10088,1.3,13114.4,0.1788731535424704,1447,4936,0.8025599999999999
2038-07-09,Instagram,36-50,North India,Mobile,Text,22,38903,7,0.0639946873583007,2489,1.3,3235.7000000000003,0.03699523311943449,73,4937,0.80252
2038-07-10,Instagram,36-50,South India,Mobile,Image,7,60046,7,0.0913699097032305,5486,1.3,7131.8,0.12019240286293353,528,4938,0.80248
2038-07-11,Instagram,36-50,North India,Desktop,Video,12,40519,7,0.06764388103506438,2740,1.3,3562.0,0.12700478054764613,278,4939,0.80244
2038-07-12,Google,36-50,North India,Mobile,Video,3,12672,7,0.028055142487353912,355,0.9,319.5,0.0838706713377474,23,4940,0.8024
2038-07-13,Google,26-35,West India,Mobile,Video,5,8174,7,0.06129528624318184,501,0.9,450.90000000000003,0.14186284532178794,56,4941,0.80236
2038-07-14,Instagram,26-35,West India,Mobile,Video,10,19103,7,0.10573255191228129,2019,1.3,2624.7000000000003,0.0849696444049201,137,4942,0.80232
2038-07-15,Google,26-35,North India,Mobile,Text,0,9061,7,0.02535089847227767,229,0.9,206.1,0.08242773410453706,14,4943,0.80228
2038-07-16,Instagram,18-25,South India,Mobile,Text,7,86934,7,0.04236256778373223,3682,1.3,4786.6,0.09390092642794261,276,4944,0.80224
2038-07-17,Instagram,26-35,North India,Mobile,Text,21,99162,7,0.10249603140296681,10163,1.3,13211.9,0.11970148237259826,975,4945,0.8022
2038-07-18,Instagram,18-25,South India,Mobile,Video,1,14265,7,0.042922921759714176,612,1.3,795.6,0.22699098049966396,110,4946,0.80216
2038-07-19,Instagram,36-50,South India,Mobile,Video,7,40040,7,0.05784597509350336,2316,1.3,3010.8,0.09028543401947764,167,4947,0.8021199999999999
2038-07-20,Instagram,18-25,South India,Mobile,Video,19,96008,7,0.06066772458786189,5824,1.3,7571.2,0.23603239349900257,1102,4948,0.80208
2038-07-21,Instagram,18-25,North India,Mobile,Image,8,18993,7,0.07449794832957794,1414,1.3,1838.2,0.16306208918971699,184,4949,0.80204
2038-07-22,Google,26-35,South India,Desktop,Video,3,59219,7,0.01830763846168951,1084,0.9,975.6,0.07361831139027043,63,4950,0.802
2038-07-23,Google,36-50,North India,Mobile,Text,16,73250,7,0.06371121869442053,4666,0.9,4199.400000000001,0.1354429803309449,506,4951,0.80196
2038-07-24,Google,36-50,South India,Mobile,Text,6,96303,7,0.030517469340592535,2938,0.9,2644.2000000000003,0.11130325099125893,262,4952,0.80192
2038-07-25,Instagram,26-35,South India,Mobile,Text,9,38877,7,0.0690738547737358,2685,1.3,3490.5,0.15245539373737776,327,4953,0.8018799999999999
2038-07-26,Google,36-50,North India,Mobile,Image,4,85368,7,0.0546039927832615,4661,0.9,4194.900000000001,0.16376948382316053,611,4954,0.80184
2038-07-27,Instagram,36-50,West India,Mobile,Text,9,79285,7,0.10124994741212351,8027,1.3,10435.1,0.13620995709420816,876,4955,0.8018
2038-07-28,Google,36-50,West India,Mobile,Image,11,82424,7,0.033980343576968955,2800,0.9,2520.0,0.09640286214551703,215,4956,0.80176
2038-07-29,Instagram,26-35,North India,Desktop,Image,20,17020,7,0.08606814484739578,1464,1.3,1903.2,0.12268897273145044,143,4957,0.80172
2038-07-30,Google,36-50,North India,Mobile,Image,19,35821,7,0.04871544005119948,1745,0.9,1570.5,0.09981445243319091,139,4958,0.80168
2038-07-31,Instagram,18-25,West India,Mobile,Video,5,74299,7,0.0762192907661832,5663,1.3,7361.900000000001,0.10956324931450005,497,4959,0.80164
2038-08-01,Google,18-25,West India,Mobile,Video,0,47000,8,0.06597316256280036,3100,0.9,2790.0,0.09011927113655953,223,4960,0.8016
2038-08-02,Google,36-50,West India,Mobile,Text,2,33851,8,0.06559308295306543,2220,0.9,1998.0,0.0865394437874524,153,4961,0.80156
2038-08-03,Google,26-35,North India,Mobile,Text,6,17025,8,0.06038927421906845,1028,0.9,925.2,0.12341512614988245,100,4962,0.80152
2038-08-04,Instagram,26-35,South India,Desktop,Image,10,92551,8,0.06283207932224333,5815,1.3,7559.5,0.17397949504269494,810,4963,0.80148
2038-08-05,Google,26-35,North India,Mobile,Video,23,16431,8,0.0329648380367843,541,0.9,486.90000000000003,0.19849768084640895,85,4964,0.8014399999999999
2038-08-06,Google,36-50,West India,Desktop,Text,11,85588,8,0.02597586698479564,2223,0.9,2000.7,0.06858338164087646,121,4965,0.8014
2038-08-07,Instagram,36-50,South India,Mobile,Text,8,44179,8,0.057401636476484066,2535,1.3,3295.5,0.12253703345738613,248,4966,0.80136
2038-08-08,Instagram,18-25,North India,Desktop,Video,0,42658,8,0.07201367304211398,3071,1.3,3992.3,0.15632712012272884,384,4967,0.80132
2038-08-09,Instagram,26-35,West India,Desktop,Image,3,31992,8,0.06172018666481297,1974,1.3,2566.2000000000003,0.06678652676465494,104,4968,0.80128
2038-08-10,Google,18-25,North India,Desktop,Text,1,46585,8,0.05147784669237955,2398,0.9,2158.2000000000003,0.07377600025607106,141,4969,0.80124
2038-08-11,Google,18-25,South India,Desktop,Text,1,66191,8,0.03581695616824566,2370,0.9,2133.0,0.08220142254622137,155,4970,0.8012
2038-08-12,Instagram,26-35,West India,Mobile,Video,16,57401,8,0.10112685834088168,5804,1.3,7545.2,0.21363287911636153,992,4971,0.80116
2038-08-13,Google,36-50,North India,Mobile,Video,20,43058,8,0.07124417531796125,3067,0.9,2760.3,0.1985572186742023,487,4972,0.80112
2038-08-14,Instagram,36-50,South India,Mobile,Image,1,73108,8,0.09554955514680155,6985,1.3,9080.5,0.17055225657612377,954,4973,0.80108
2038-08-15,Google,18-25,South India,Mobile,Image,3,57779,8,0.022703850596947805,1311,0.9,1179.9,0.11681673711552074,122,4974,0.80104
2038-08-16,Google,18-25,North India,Desktop,Text,10,36662,8,0.043314845228898516,1588,0.9,1429.2,0.062153318551949145,78,4975,0.8009999999999999
2038-08-17,Google,18-25,South India,Mobile,Image,18,37185,8,0.05738073609823921,2133,0.9,1919.7,0.18505849334302285,315,4976,0.80096
2038-08-18,Google,18-25,West India,Mobile,Text,23,83168,8,0.036277780359001,3017,0.9,2715.3,0.06589718864807113,158,4977,0.80092
2038-08-19,Google,26-35,South India,Mobile,Text,12,8810,8,0.030856571191596054,271,0.9,243.9,0.10572234107698988,22,4978,0.80088
2038-08-20,Google,18-25,North India,Desktop,Video,21,79210,8,0.031754014809719955,2515,0.9,2263.5,0.0847135746032195,170,4979,0.80084
2038-08-21,Instagram,18-25,West India,Desktop,Text,20,52042,8,0.07274937209131008,3786,1.3,4921.8,0.14957968922235917,453,4980,0.8008
2038-08-22,Google,36-50,South India,Mobile,Video,17,74416,8,0.05149073237789909,3831,0.9,3447.9,0.06051754518187605,184,4981,0.80076
2038-08-23,Instagram,36-50,South India,Mobile,Text,18,79186,8,0.11741978527654938,9298,1.3,12087.4,0.06022239120776598,447,4982,0.80072
2038-08-24,Instagram,36-50,West India,Mobile,Text,23,35883,8,0.036899726995905865,1324,1.3,1721.2,0.12504085946958993,132,4983,0.80068
2038-08-25,Instagram,26-35,West India,Mobile,Text,14,40349,8,0.06280724227905536,2534,1.3,3294.2000000000003,0.05202198912709028,104,4984,0.80064
2038-08-26,Google,26-35,South India,Mobile,Image,11,53215,8,0.05033102576361055,2678,0.9,2410.2000000000003,0.19481982972504427,417,4985,0.8006
2038-08-27,Instagram,36-50,West India,Mobile,Image,10,39419,8,0.06416037265547962,2529,1.3,3287.7000000000003,0.0849893240731216,171,4986,0.8005599999999999
2038-08-28,Instagram,36-50,North India,Mobile,Video,22,68342,8,0.04256883053982503,2909,1.3,3781.7000000000003,0.19221592714529243,447,4987,0.80052
2038-08-29,Instagram,18-25,South India,Mobile,Text,0,65806,8,0.08312266137101217,5469,1.3,7109.7,0.12409222963340157,542,4988,0.80048
2038-08-30,Instagram,18-25,North India,Mobile,Video,15,25871,8,0.06313789968210551,1633,1.3,2122.9,0.14680515128413285,191,4989,0.80044
2038-08-31,Instagram,26-35,South India,Desktop,Video,12,52846,8,0.028210167103229294,1490,1.3,1937.0,0.22196082855044555,264,4990,0.8004
2038-09-01,Instagram,26-35,North India,Desktop,Text,5,49991,9,0.03774265817016159,1886,1.3,2451.8,0.09032622851112561,136,4991,0.80036
2038-09-02,Google,18-25,North India,Mobile,Image,22,48136,9,0.037759132124223764,1817,0.9,1635.3,0.091303478108105,132,4992,0.80032
2038-09-03,Instagram,36-50,West India,Desktop,Image,5,72029,9,0.05916879781634125,4261,1.3,5539.3,0.07046718575683053,240,4993,0.80028
2038-09-04,Google,18-25,South India,Mobile,Video,9,33548,9,0.022013641303966266,738,0.9,664.2,0.07951028874552744,46,4994,0.80024
2038-09-05,Instagram,26-35,West India,Mobile,Image,1,5650,9,0.06082219997680005,343,1.3,445.90000000000003,0.1508476340257517,40,4995,0.8002
2038-09-06,Google,26-35,West India,Mobile,Text,2,58278,9,0.06415016341158614,3738,0.9,3364.2000000000003,0.04922466071308287,147,4996,0.80016
2038-09-07,Google,18-25,South India,Desktop,Text,5,45835,9,0.05828617871950669,2671,0.9,2403.9,0.08897689758858392,189,4997,0.8001199999999999
2038-09-08,Instagram,18-25,North India,Mobile,Image,15,17225,9,0.09424679951663938,1623,1.3,2109.9,0.09242583833940102,120,4998,0.80008
2038-09-09,Instagram,18-25,South India,Mobile,Image,5,46360,9,0.08652137948121749,4011,1.3,5214.3,0.14633290426631873,468,4999,0.80004
